actor_id,name
1,"""Riley"" Lakdhar Dridi"
2,'Najite Dede
3,2 Chainz
4,2Mex
5,4Minute
6,50 Cent
7,9m88
8,A Boogie Wit tha Hoodie
9,A. Murat Özgen
10,A.C. Peterson
11,A.D. Miles
12,A.J. Cook
13,A.J. Johnson
14,A.J. LoCascio
15,A.K. Hangal
16,A.R. Rahman
17,A.S. Sasi Kumar
18,AC Lim
19,AFRA
20,AJ Bowen
21,AJ Michalka
22,AJ Rivera
23,ARAH
24,Aabhas Yadav
25,Aachal Munjal
26,Aadarsh Balakrishna
27,Aadhi
28,Aadhya Anand
29,Aadil Khan
30,Aaditi Pohankar
31,Aaditya Pratap Singh
32,Aadukalam Naren
33,Aadya Bedi
34,Aahana Kumra
35,Aakarshan Singh
36,Aakash Dabhade
37,Aakash Dahiya
38,Aakash Pandey
39,Aakshath Das
40,Aamina Sheikh
41,Aamir Ahmed
42,Aamir Bashir
43,Aamir Khan
44,Aamir Qureshi
45,Aanand Kale
46,Aanchal Munjal
47,Aarav Khanna
48,Aarif Rahman
49,Aarjav Trivedi
50,Aarna Sharma
51,Aarohi Patel
52,Aaron Abrams
53,Aaron Altaras
54,Aaron Ashmore
55,Aaron Blakely
56,Aaron Burns
57,Aaron Carpenter
58,Aaron Chen
59,Aaron Chow
60,Aaron D. Spears
61,Aaron Dismuke
62,Aaron Douglas
63,Aaron Eckhart
64,Aaron Eisenberg
65,Aaron Farb
66,Aaron Glenane
67,Aaron Guy
68,Aaron Hale
69,Aaron Hernandez
70,Aaron Hilmer
71,Aaron Himelstein
72,Aaron Jakubenko
73,Aaron Jeffery
74,Aaron Keogh
75,Aaron Kwok
76,Aaron L. McGrath
77,Aaron Marsden
78,Aaron Marshall
79,Aaron McCusker
80,Aaron Merke
81,Aaron Michael Drozin
82,Aaron Moorhead
83,Aaron Moten
84,Aaron Munoz
85,Aaron Paul
86,Aaron Pearl
87,Aaron Pedersen
88,Aaron Pruner
89,Aaron Stanford
90,Aaron Staton
91,Aaron Taylor-Johnson
92,Aaron Tveit
93,Aaron Washington
94,Aaron Wolff
95,Aaron Yan
96,Aaron Yoo
97,Aarti Chhabria
98,Aarti Mann
99,Aarti Patel
100,Aarubala
101,Aarushi Sharma
102,Aarya Dave
103,Aarya DharmChand Kumar
104,Aaryan Menon
105,Aaryansh Malviya
106,Aarón Díaz
107,Aasha Pawar
108,Aashay Kulkarni
109,Aashi Rawal
110,Aashif Sheikh
111,Aashish Chaudhary
112,Aashish Kulkarni
113,Aasif Mandvi
114,Aayam Mehta
115,Aayan Boradia
116,Abayomi Alvin
117,Abba Ali Zaky
118,Abbas
119,Abbey Lee
120,Abbi Jacobson
121,Abbie Cornish
122,Abboudy Mallah
123,Abby Bergman
124,Abby Donnelly
125,Abby Miller
126,Abby Quinn
127,Abby Rakic-Platt
128,Abby Ryder Fortson
129,Abby Trott
130,Abdalah Mishrif
131,Abdalla Mahmoud
132,Abdel Aziz El Mountassir
133,Abdel Aziz Khalil
134,Abdel Ghani Benizza
135,Abdel Ghani Nagdi
136,Abdel Imam Abdullah
137,Abdel Moneim Amayri
138,Abdel Moneim Madbouly
139,Abdel Nasser Maraqbi
140,Abdel-Wareth Asar
141,Abdelaziz N'Mila
142,Abdelghani Kitab
143,Abdelghany Kamar
144,Abdelilah Wahbi
145,Abdellah Bensaid
146,Abdellah Didane
147,Abdi Sidow Farah
148,Abdillah Assoumani
149,Abdo Chahine
150,Abdramane Diakité
151,Abdul Khoza
152,Abdul Mohsen Alnimer
153,Abdul Qadir
154,Abdulateif Saud
155,Abdulaziz Al-mesallam
156,Abdulaziz Almuzaini
157,Abdulaziz Alshehri
158,Abdulaziz El Nassar
159,Abdulhussain Abdulredah
160,Abdulla Al-khudr
161,Abdulla Bu Shehri
162,Abdullah Al Hamiri
163,Abdullah Al Yousef
164,Abdullah Al-Ramsi
165,Abdullah Al-Turkumani
166,Abdullah Al-bloshi
167,Abdullah Bahman
168,Abdullah Bin Heider
169,Abdullah Ibrahim
170,Abdullah Jan
171,Abdullah Moshref
172,Abdullrahman Al Gohani
173,Abdulmajeed Al-Ruhaidi
174,Abdulmohsen Al-Qaffas
175,Abdulmohsen Alnemr
176,Abdul’ Usman Zada
177,Abdur Arsyad
178,Abdur Rehman
179,Abdurrahman Arif
180,Abe Clifford-Barr
181,Abe Goldfarb
182,Abe Vigoda
183,Abeer Abrar
184,Abeer Ahmad
185,Abeer Alotaibi
186,Abeer Mansour
187,Abeer Mohammed
188,Abel Ayala
189,Abel Ferrara
190,Abel Folk
191,Abel Franco
192,Abel McSurely Bradshaw
193,Abel Tesfaye
194,Abella Bala
195,Abella Wyss
196,Abena Ayivor
197,Abhay Deol
198,Abhay Kulkarni
199,Abhay Mahajan
200,Abhicha Thanachanun
201,Abhijit Kelkar
202,Abhijit Sinha
203,Abhimanyu Dassani
204,Abhimanyu Singh
205,Abhinav Gomatam
206,Abhinav Sharma
207,Abhinav Shukla
208,Abhishek Bachchan
209,Abhishek Banerjee
210,Abhishek D Shah
211,Abhishek Duhan
212,Abhishek H.N.
213,Abhishek Kale
214,Abhishek Krishnan
215,Abhishek Rawat
216,Abhishek Saha
217,Abi Brittle
218,Abi Tucker
219,Abigail Adriano
220,Abigail Breslin
221,Abigail Cowen
222,Abigail Cruttenden
223,Abigail Jain
224,Abigail Oliver
225,Abigail Pniowsky
226,Abigail Spencer
227,Abigail Vibat
228,Abimana Aryasatya
229,Abir Chatterjee
230,Abir Goswami
231,Abishek K.S.
232,Aboudou Sacko
233,Abraham Attah
234,Abraham Benrubi
235,Abraham Lim
236,Abraham Rodríguez
237,Abril Michel
238,Abril Schreiber
239,Abril Zamora
240,Abstract Rude
241,Abu Valayamkulam
242,Abubakar Maina
243,Abubakar Salum
244,Abuli Mamaji
245,Abun Sungkar
246,Ace Bhatti
247,Ace Harney
248,Acha Septriasa
249,Achala Sachdev
250,Achint Kaur
251,Achintya Bose
252,Achita Pramoj Na Ayudhya
253,Achita Sikamana
254,Achyut Potdar
255,Achyuth Kumar
256,Aci Resti
257,Acushla-Tara Kupe
258,Ada Ameh
259,Ada Carrasco
260,Ada Choi
261,Ada Nicodemou
262,Ada Ofoegbu
263,Ada Pan
264,Adaar Malik
265,Adah Sharma
266,Adain Bradley
267,Adair Curtis
268,Adalgisa Manfrida
269,Adam Andrianopolous
270,Adam Arkin
271,Adam Baldwin
272,Adam Barrett
273,Adam Bartley
274,Adam Beach
275,Adam Bessa
276,Adam Bobik
277,Adam Boyer
278,Adam Brody
279,Adam Busch
280,Adam Butcher
281,Adam Campbell
282,Adam Chan
283,Adam Chernick
284,Adam Collins
285,Adam Conover
286,Adam Cooper
287,Adam Copeland
288,Adam Crew
289,Adam Croasdell
290,Adam David Thompson
291,Adam DeVine
292,Adam Deacon
293,Adam Demos
294,Adam Devine
295,Adam DiMarco
296,Adam Driver
297,Adam Eskilden
298,Adam Faraizl
299,Adam Ferrara
300,Adam Garba
301,Adam Garcia
302,Adam Gardiner
303,Adam Gazzola
304,Adam Gibbs
305,Adam Godley
306,Adam Goldberg
307,Adam Gradowski
308,Adam Graf Turczyk
309,Adam Greaves-Neal
310,Adam Greydon Reid
311,Adam Gussow
312,Adam Herschman
313,Adam Hicks
314,Adam Hochstetter
315,Adam Horovitz
316,Adam Hurtig
317,Adam Jagwani
318,Adam James
319,Adam Jezierski
320,Adam Lambert
321,Adam Lazarre-White
322,Adam LeFevre
323,Adam Levine
324,Adam Levy
325,Adam Long
326,Adam Longworth
327,Adam Lustick
328,Adam Mayfield
329,Adam Morjany
330,Adam Moussamih
331,Adam Nagaitis
332,Adam Nawojczyk
333,Adam Nee
334,Adam Neill
335,Adam Nourou
336,Adam Pak
337,Adam Pally
338,Adam Pascal
339,Adam Powell
340,Adam Pålsson
341,Adam Rayner
342,Adam Rose
343,Adam Rothenberg
344,Adam Sandler
345,Adam Scott
346,Adam Scott Miller
347,Adam Shapiro
348,Adam Silver
349,Adam Storke
350,Adam T. Perkins
351,Adam Taylor
352,Adam Tomei
353,Adam Tsekhman
354,Adam Tuominen
355,Adam West
356,Adam Wietrzyński
357,Adam Wilson
358,Adam Woronowicz
359,Adam Wylie
360,Adama Niane
361,Adamo Dionisi
362,Adan Canto
363,Adan Martín Rocha
364,Adan Otero
365,Adario Strange
366,Adarsh
367,Adarsh Gourav
368,Adarsh Kurne
369,Addison Holley
370,Addison Rae
371,Addison Riecke
372,Addison Timlin
373,Additi Gupta
374,Ade Adepitan
375,Ade Laoye
376,Ade Otukoya
377,Adea Lennox
378,Adebayo Salami
379,Adebayo Thomas
380,Adebimpe Akintunde
381,Adebukola
382,Adebukola Oladipupo
383,Adeel Akhtar
384,Adeel Hashmi
385,Adeel Hussain
386,Adel Bencherif
387,Adel Emam
388,Adel Imam
389,Adel Karam
390,Adel Redwan
391,Adelaida Buscato
392,Adelaide Clemens
393,Adelaide Hirasaki
394,Adelaide Kane
395,Adelfa Calvo
396,Adeline Chetail
397,Adeline Flaun
398,Adeline Rudolph
399,Ademola Adedoyin
400,Ademola Amoo
401,Aden Young
402,Adeniyi Johnson
403,Adeolu Adefarasin
404,Adesh Bhardwaj
405,Adesua Etomi
406,Adetokumboh M'Cormack
407,Adetomiwa Edun
408,Adewale Akinnuoye-Agbaje
409,Adhir Kalyan
410,Adhisty Zara
411,Adhitya Alkatiri
412,Adhvik Mahajan
413,Adi Khalefa
414,Adi Kvetner
415,Adi Lev
416,Adib Alkhalidey
417,Adibah Noor
418,Adil Dehbi
419,Adil Hussain
420,Adina Porter
421,Adinath Kothare
422,Adinia Wirasti
423,Adipati Dolken
424,Adisa Anderson
425,Adithya Menon
426,Aditi Arya
427,Aditi Balan
428,Aditi Keskar
429,Aditi Mittal
430,Aditi Rao Hydari
431,Aditi Sharma
432,Aditi Vasudev
433,Aditya Bhattacharya
434,Aditya Hitkari
435,Aditya Jain
436,Aditya Kumar
437,Aditya Lakhia
438,Aditya Modak
439,Aditya Narayan
440,Aditya Pancholi
441,Aditya Raaj
442,Aditya Raj Sharma
443,Aditya Roy Kapoor
444,Aditya Roy Kapur
445,Aditya Seal
446,Aditya Sharma
447,Aditya Srivastava
448,Adjetey Anang
449,Adjis Doaibu
450,Adjoa Andoh
451,Adlu Fahrezy
452,Adnan Dirani
453,Adnan Haskovic
454,Adnan Jaffar
455,Adnan Malik
456,Adnan Shah
457,Adnan Siddiqui
458,Adolfo Fernández
459,Adonijah Owiriwa
460,Adoor Ajayan
461,Adora Dei
462,Adreea Diac
463,Adria Arjona
464,Adrian Alandy
465,Adrian Alonso
466,Adrian Bouchet
467,Adrian Bower
468,Adrian Dunbar
469,Adrian Edmondson
470,Adrian Glynn McMorran
471,Adrian Grenier
472,Adrian Grösser
473,Adrian Hall
474,Adrian Holmes
475,Adrian Hough
476,Adrian Julius Tillmann
477,Adrian Knight Jesly
478,Adrian Ladron
479,Adrian Lester
480,Adrian Lukis
481,Adrian Majewski
482,Adrian Martinez
483,Adrian Moore
484,Adrian Murray
485,Adrian Pang
486,Adrian Pasdar
487,Adrian Petriw
488,Adrian Scarborough
489,Adrian Schiller
490,Adrian Titieni
491,Adriana Altaras
492,Adriana Arango
493,Adriana Barraza
494,Adriana Botina
495,Adriana DeMeo
496,Adriana Llabrés
497,Adriana Ozores
498,Adriana Paz
499,Adriana Silva
500,Adriana Torrebejano
501,Adriana Ugarte
502,Adriane Daff
503,Adriane Lenox
504,Adrianna Biedrzyńska
505,Adrianna Chlebicka
506,Adrianna Di Liello
507,Adrianna Edwards
508,Adrianna So
509,Adrianne Palicki
510,Adriano Garib
511,Adriano Qalbi
512,Adriano Tardiolo
513,Adriano Zendejas
514,Adriano Zumbo
515,Adrien Barazzone
516,Adrien Brody
517,Adrienne Bailon
518,Adrienne Barbeau
519,Adrienne C. Moore
520,Adrienne Corri
521,Adrienne Iapalucci
522,Adrienne Pickering
523,Adrienne Rose White
524,Adrienne Shaw
525,Adrià Salazar
526,Adrián Carvajal
527,Adrián Ladrón
528,Adrián Lastra
529,Adrián Núñez
530,Adrián Pino
531,Adrián Salzedo
532,Adrián Stoppelman
533,Adrián Suar
534,Adrián Uribe
535,Adrián Yospe
536,Adul Charoenrasameekiat
537,Adunni Ade
538,Advah Soudack
539,Adwa Fahad
540,Ady An
541,Ady Putra
542,Ady Sky
543,Adám Fekete
544,Adèle Exarchopoulos
545,Adèle Haenel
546,Adèle Wismes
547,Ae Sasikarn Aphichartworasilp
548,Ae-yeon Jeong
549,Aenie Wong
550,Aenne Schwarz
551,Aeril Zafrel
552,Afaf Rashad
553,Afalean Lu
554,Afdhal Yusman
555,Afdlin Shauki
556,Afeez Oyetoro
557,Afemo Omilami
558,Affif Ben Badra
559,Affion Crockett
560,Afi Ekulona
561,Afi Okaidja
562,Afieq Syazwan
563,Afonso Padilha
564,Afra Saraçoğlu
565,Aftab Khan
566,Aftab Shivdasani
567,Aga Muhlach
568,Agam Darshi
569,Agata Kulesza
570,Agathe Bonitzer
571,Aggeliki Papoulia
572,Aggy K. Adams
573,Agha
574,Aghniny Haque
575,Agnello Dias
576,Agnes Kittelsen
577,Agnes Moorehead
578,Agnes Wang
579,Agnese Graziani
580,Agni Scott
581,Agnieszka Dygant
582,Agnieszka Grochowska
583,Agnieszka Żulewska
584,Agniya Kuznetsova
585,Agnès Llobet
586,Agot Isidro
587,Agus Kuncoro Adi
588,Agustina Cabo
589,Agustina Mindlin
590,Agustina Palma
591,Agustín Aristarán
592,Agustín Bernal
593,Agustín Jiménez
594,Agustín Silva
595,Agyness Deyn
596,Ah-in Yoo
597,Ah-sung Ko
598,Ahaji Issa Bello
599,Ahan Nirban
600,Ahd
601,Ahlaam Muhammed
602,Ahlam Al-Gritly
603,Ahmad Abu Sal'oum
604,Ahmad Alhamsho
605,Ahmad Aljasmii
606,Ahmad El Ghanem
607,Ahmad Faloks
608,Ahmad Iswazir
609,Ahmad Khamis Ali
610,Ahmad Mazhar
611,Ahmad Mehrez
612,Ahmad Mounir
613,Ahmad Rizq
614,Ahmad Thaher
615,Ahmad Wafiq
616,Ahmad Zaki
617,Ahmed Abdelhafiz
618,Ahmed Adel
619,Ahmed Al Zein
620,Ahmed Ali Khan
621,Ahmed Amin
622,Ahmed Awni
623,Ahmed Azmy
624,Ahmed Bedir
625,Ahmed Benaissa
626,Ahmed Boulane
627,Ahmed Dash
628,Ahmed Dawood
629,Ahmed Eid
630,Ahmed El Fishawy
631,Ahmed El Hozeem
632,Ahmed El Mohammdi
633,Ahmed El Sakka
634,Ahmed El Sobky
635,Ahmed Ezz
636,Ahmed Fahmi
637,Ahmed Fathy
638,Ahmed Fouad Selim
639,Ahmed Gamal Saeed
640,Ahmed Hassan
641,Ahmed Hatem
642,Ahmed Helmy
643,Ahmed Kamal
644,Ahmed Khan
645,Ahmed Malek
646,Ahmed Mekky
647,Ahmed Ramah
648,Ahmed Ramzy
649,Ahmed Rateb
650,Ahmed Rizk
651,Ahmed Saddam
652,Ahmed Saeed Abdel-Ghany
653,Ahmed Safwat
654,Ahmed Saif
655,Ahmed Salah Al-Saadany
656,Ahmed Salah Hosny
657,Ahmed Saleh
658,Ahmed Seyam
659,Ahmed Sultan
660,Ahmed Sylla
661,Ahmed Yarziz
662,Ahmed Yerima
663,Ahmed Zaher
664,Ahmed Zaki
665,Ahmed el-Sakka
666,Ahmet Gülhan
667,Ahmet Kural
668,Ahmet Mümtaz Taylan
669,Ahmet Olgun Sünear
670,Ahmet Pinar
671,Ahmet Saraçoğlu
672,Ahmet Talay
673,Ahmet Tansu Taşanlar
674,Ahmet Uz
675,Ahn Bo-hyun
676,Ahn Eun-jin
677,Ahn Hyo-min
678,Ahn Hyo-seop
679,Ahn Jae-hong
680,Ahn Jae-hyeon
681,Ahn Jae-wook
682,Ahn Jang-hyuk
683,Ahn Kil-kang
684,Ahn Nae-sang
685,Ahn Se-ha
686,Ahn Seok-hwan
687,Ahn Sung-kee
688,Ahn Tae-hwan
689,Ahna Capri
690,Ahna O'Reilly
691,Ahney Her
692,Ahron Villena
693,Ahsaas Channa
694,Ahsan Khan
695,Ahu Türkpençe
696,Ai Kakuma
697,Ai Kayano
698,Ai Maeda
699,Ai Nonaka
700,Ai Satou
701,Ai Tominaga
702,Ai Weiwei
703,Ai Yoshikawa
704,Ai-Ai de las Alas
705,Aia Kruse
706,Aida
707,Aida Cabiyeva
708,Aida Elkashef
709,Aida López
710,Aida Nurmala
711,Aida Reyad
712,Aida Rodriguez
713,Aida Sabra
714,Aida Turturro
715,Aidan Cook
716,Aidan Dee
717,Aidan Gallagher
718,Aidan Gillen
719,Aidan Langford
720,Aidan Quinn
721,Aidan Shipley
722,Aidan Wojtak-Hissong
723,Aiden Akpan
724,Aiden Hung
725,Aiden Lovekamp
726,Aiden Moodie
727,Aidy Bryant
728,Aiemzy
729,Aiko Melendez
730,Aileen Mythen
731,Aileen Tan
732,Ailen Sit
733,Ailsa Marshall
734,Aimee Carrero
735,Aimee Garcia
736,Aimee Saras
737,Aimee Teegarden
738,Aimee-Ffion Edwards
739,Aimée Sayah
740,Aina Clotet
741,Aino Jawo
742,Ainsley Harriott
743,Ainy Jaffri
744,Aisha Al Suwaidi
745,Aisha Tyler
746,Aishan Jawaid Malik
747,Aishwarya
748,Aishwarya Ghaydar
749,Aishwarya Lekshmi
750,Aishwarya Rai Bachchan
751,Aishwarya Rajesh
752,Aisling Bea
753,Aisling Loftus
754,Aislinn Derbez
755,Aissa Maiga
756,Aissatou Diop
757,Ait Youssef Youssef
758,Aitana Sánchez-Gijón
759,Aitor Luna
760,Aitor Urtzelai
761,Aixa Villagrán
762,Aja Evans
763,Aja Naomi King
764,Ajab Gul
765,Ajanae Stephenson
766,Ajay Devgn
767,Ajay Friese
768,Ajay Ghosh
769,Ajay Mehta
770,Ajay Mishra
771,Ajay Nagrath
772,Ajay Naidu
773,Ajay Raj
774,Ajay Ratnam
775,Ajay Shankar
776,Ajay Singhal
777,Ajayi Akorede
778,Ajeba Aldosary
779,Ajinkya Bhosale
780,Ajinkya Deo
781,Ajiona Alexus
782,Ajit
783,Ajit Vachani
784,Ajoke Silva
785,Ajuawak Kapashesit
786,Ak Akarat
787,Akaash Singh
788,Akah Nnani
789,Akalyadevi B.
790,Akanksha Puri
791,Akanksha Thakur
792,Akansha Ranjan Kapoor
793,Akara Amarttayakul
794,Akarat Nimitchai
795,Akari Kito
796,Akarin Akaranitimaytharatt
797,Akarsh Khurana
798,Akash Gopal
799,Akash Khurana
800,Akash Thosar
801,Akashdeep Sabir
802,Akbar Khan
803,Akemi Kanda
804,Akemi Okamura
805,Akeno Watanabe
806,Akhilendra Mishra
807,Akhilesh Kumar
808,Akhmad Zulhoir Mardia
809,Aki Avni
810,Aki Hano
811,Aki Kanada
812,Aki Toyosaki
813,Aki Yashiro
814,Akihiro Blanco
815,Akihisa Shiono
816,Akiko Iwase
817,Akim Mogaji
818,Akin Lewis
819,Akin Omotoso
820,Akina Abe
821,Akio Otsuka
822,Akio Suyama
823,Akira
824,Akira Akbar
825,Akira Emoto
826,Akira Ishida
827,Akira Kamiya
828,Akira Madden
829,Akira Nakao
830,Akira Sekine
831,Akira Yamamoto
832,Akit Tay
833,Akito Kiriyama
834,Akiva Schaffer
835,Akiya Henry
836,Akiyoshi Nakao
837,Akofa Edjeani Asiedu
838,Akon
839,Akosua Busia
840,Akram Hosny
841,Aksel Bonfil
842,Aksel Hennie
843,Aksel Ustun
844,Aksha Pardhasany
845,Akshat Verma
846,Akshay Kumar
847,Akshay Oberoi
848,Akshay Pendse
849,Akshay Sachdev
850,Akshay Tanksale
851,Akshaye Khanna
852,Al Kooper
853,Al Mukadam
854,Al Pacino
855,Al Roker
856,Al Sharpton
857,Al Shearer
858,Al Tantay
859,Al Thompson
860,Al Vicente
861,Al Weaver
862,Al Whiting
863,AlBloushi Mayed
864,AlMulla AbdulRahman
865,Ala Riani
866,Ala' Hanani
867,Alaa Hammoud
868,Alaa Morsy
869,Alaa Seif
870,Alaa Shakir
871,Alaa Zenhom
872,Alaa Zinhom
873,Alain Blazquez
874,Alain Françon
875,Alain Frei
876,Alain Hernández
877,Alain Moussi
878,Alain Prost
879,Alain Saadeh
880,Alain Uy
881,Alaina Huffman
882,Alam Khan
883,Alan Aisenberg
884,Alan Alda
885,Alan Arkin
886,Alan Bates
887,Alan Blumenfeld
888,Alan C. Lim
889,Alan Cumming
890,Alan Dale
891,Alan David Lee
892,Alan Devlin
893,Alan Hopgood
894,Alan Kuo
895,Alan Lee
896,Alan Mandell
897,Alan Marriott
898,Alan McGee
899,Alan Napier
900,Alan Ng
901,Alan Oppenheimer
902,Alan Palmer
903,Alan Powell
904,Alan Rickman
905,Alan Ritchson
906,Alan Rocha
907,Alan Ruck
908,Alan Sabbagh
909,Alan Saldaña
910,Alan Tan
911,Alan Tern
912,Alan Thicke
913,Alan Titchmarsh
914,Alan Trinca
915,Alan Tudyk
916,Alan Van Sprang
917,Alan Wilder
918,Alan Young
919,Alana Haim
920,Alana Husband
921,Alana Tyler-Tomkins
922,Alanah Gilbert
923,Alankrita Sahai
924,Alanna Masterson
925,Alanna Ubach
926,Alannah Ong
927,Alano Miller
928,Alanoud Sajini
929,Alanta Potjes
930,Alastair Forbes
931,Alastair Mackenzie
932,Alba August
933,Alba Baptista
934,Alba Flores
935,Alba Galocha
936,Alba Gaïa Kraghede Bellugi
937,Alba Ribas
938,Alba Rohrwacher
939,Alban Ivanov
940,Alban Lenoir
941,Albano Jerónimo
942,Albee Huang
943,Albert Baró
944,Albert Brooks
945,Albert Evans
946,Albert Halim
947,Albert Hall
948,Albert Hammond Jr.
949,Albert Kong
950,Albert Mora
951,Albert Pujols
952,Albert Pérez
953,Albert Ribalta
954,Albert Rudbeck Lindhardt
955,Alberta Watson
956,Alberto Ajaka
957,Alberto Ammann
958,Alberto Cardeño
959,Alberto Collado
960,Alberto Di Stasio
961,Alberto Escobal
962,Alberto Estrella
963,Alberto Guerra
964,Alberto Jiménez
965,Alberto Jo Lee
966,Alberto López
967,Alberto Mateo
968,Alberto Saavedra
969,Alberto San Juan
970,Alberto Sordi
971,Alberto Velasco
972,Albie Casiño
973,Albin Grenholm
974,Albrecht Schuch
975,Albrecht Weimer
976,Aldan Shaikh
977,Alden Ehrenreich
978,Alden Richards
979,Alden Tab
980,Aldis Hodge
981,Aldo Escalante
982,Aldo Gallardo
983,Aldo Tansani
984,Aldovina Chiziane
985,Aldís Amah Hamilton
986,Alec Baldwin
987,Alec Guinness
988,Alec Mapa
989,Alec Secareanu
990,Alec Wilson
991,Aleck Bovick
992,Alejandra Ambrosi
993,Alejandra Flechner
994,Alejandra García
995,Alejandra Herrera
996,Alejandra Howard
997,Alejandra Onieva
998,Alejandra Procuna
999,Alejandra Reynoso
1000,Alejandra Sandoval
1001,Alejandra Urdiaín
1002,Alejandra Yañez
1003,Alejandra Yañez Reynoso
1004,Alejandro Agresti
1005,Alejandro Aguilar
1006,Alejandro Awada
1007,Alejandro Buitrago
1008,Alejandro Calva
1009,Alejandro Camacho
1010,Alejandro Castiglioni
1011,Alejandro Durán
1012,Alejandro Flores
1013,Alejandro Goic
1014,Alejandro Gutiérrez
1015,Alejandro Martínez
1016,Alejandro Nones
1017,Alejandro Oliva
1018,Alejandro Otero
1019,Alejandro Paker
1020,Alejandro Patiño
1021,Alejandro Peña Arenzana
1022,Alejandro Pous
1023,Alejandro Puente
1024,Alejandro Riaño
1025,Alejandro Rodríguez
1026,Alejandro Ruiz
1027,Alejandro Saab
1028,Alejandro Sanz
1029,Alejandro Sieveking
1030,Alejandro Speitzer
1031,Alejandro Suárez
1032,Alejandro Trejo
1033,Alejandro Urdapilleta
1034,Alejandro Vera
1035,Alejandro Villeli
1036,Alejandro de Hoyos Parera
1037,Alejandro Ávila
1038,Aleks Paunovic
1039,Aleksa Palladino
1040,Aleksandar Cvetković
1041,Aleksandar Jovanovic
1042,Aleksandar Seksan
1043,Aleksander Bardini
1044,Aleksander Bednarz
1045,Aleksandr Baluev
1046,Aleksandr Dyachenko
1047,Aleksandr Kuznetsov
1048,Aleksandr Pikalov
1049,Aleksandr Robak
1050,Aleksandr Seteykin
1051,Aleksandr Ustyugov
1052,Aleksandra Grabowska
1053,Aleksandra Pisula
1054,Aleksandra Popławska
1055,Aleksandra Skraba
1056,Aleksei Archer
1057,Aleksey Gorbunov
1058,Aleksey Guskov
1059,Aleksey Serebryakov
1060,Aleksey Vesyolkin
1061,Aleksey Zorin
1062,Alen Liverić
1063,Alencier Ley Lopez
1064,Alenne Menget
1065,Alese Johnson
1066,Alesha Hariz
1067,Alessandra Denegri
1068,Alessandra Mastronardi
1069,Alessandra Negrini
1070,Alessandra Oriti Niosi
1071,Alessandra Rosaldo
1072,Alessandra Torresani
1073,Alessandra de Rossi
1074,Alessandro Averone
1075,Alessandro Bisegna
1076,Alessandro Borghi
1077,Alessandro Cimadamore
1078,Alessandro Giallocosta
1079,Alessandro Juliani
1080,Alessandro Nivola
1081,Alessandro Sperduti
1082,Alessandro Tedeschi
1083,Alessia Cara
1084,Alessia Giuliani
1085,Alessio Boni
1086,Alessio Gallo
1087,Alessio Praticò
1088,Alessio Scalzotto
1089,Alessio Valentini
1090,Aletheia Burney
1091,Alex Abbad
1092,Alex Aiono
1093,Alex Alembe
1094,Alex Arsenault
1095,Alex Asogwa
1096,Alex Babic
1097,Alex Barima
1098,Alex Barnett
1099,Alex Beaton
1100,Alex Biglane
1101,Alex Borstein
1102,Alex Brendemühl
1103,Alex Calleja
1104,Alex Calloway
1105,Alex Carroll
1106,Alex Cazares
1107,Alex Cohen
1108,Alex Cox
1109,Alex Călin
1110,Alex D. Linz
1111,Alex Datcher
1112,Alex Diaz
1113,Alex Dimitriades
1114,Alex Dobrenko
1115,Alex Ekubo
1116,Alex Essoe
1117,Alex Estevez
1118,Alex Etel
1119,Alex Feldman
1120,Alex Fernández
1121,Alex Ferris
1122,Alex Fisher
1123,Alex Fitzalan
1124,Alex Fong
1125,Alex Frnka
1126,Alex Gonzaga
1127,Alex Gonzalez
1128,Alex Goode
1129,Alex Harries
1130,Alex Hassell
1131,Alex Haydon
1132,Alex Heartman
1133,Alex Hibbert
1134,Alex House
1135,Alex Hurt
1136,Alex Jayne Go
1137,Alex Jennings
1138,Alex Kaluzhsky
1139,Alex Karpovsky
1140,Alex Kelly
1141,Alex Kendrick
1142,Alex Kingston
1143,Alex Ko
1144,Alex Lam
1145,Alex Lange
1146,Alex Lawther
1147,Alex Lifeson
1148,Alex Lora
1149,Alex Lutz
1150,Alex MacNicoll
1151,Alex Mallari Jr.
1152,Alex Marty
1153,Alex McArthur
1154,Alex Medina
1155,Alex Meraz
1156,Alex Moffat
1157,Alex Moore
1158,Alex Morgan
1159,Alex Murphy
1160,Alex Neustaedter
1161,Alex Norton
1162,Alex O'Dogherty
1163,Alex Ozerov
1164,Alex Papps
1165,Alex Pettyfer
1166,Alex Price
1167,Alex Reid
1168,Alex Rennie
1169,Alex Rich
1170,Alex Roe
1171,Alex Russell
1172,Alex Saxon
1173,Alex Shaffer
1174,Alex Sharp
1175,Alex Sirvent
1176,Alex Sparrow
1177,Alex Starke
1178,Alex Trebek
1179,Alex Usifo
1180,Alex Veadov
1181,Alex Vincent
1182,Alex Wagner
1183,Alex Wolff
1184,Alex Zahara
1185,Alex Zaichkowski
1186,Alexa Adeosun
1187,Alexa Alemanni
1188,Alexa Chung
1189,Alexa Davalos
1190,Alexa Ilacad
1191,Alexa Kahn
1192,Alexa Mansour
1193,Alexa Martin
1194,Alexa Nisenson
1195,Alexa Pano
1196,Alexa PenaVega
1197,Alexa Torrington
1198,Alexander Armstrong
1199,Alexander Arnold
1200,Alexander Bello
1201,Alexander Brouwer
1202,Alexander Calvert
1203,Alexander Chan
1204,Alexander Conti
1205,Alexander Crowther
1206,Alexander Doré
1207,Alexander Dreymon
1208,Alexander Dyachenko
1209,Alexander Eling
1210,Alexander Fehling
1211,Alexander Gil
1212,Alexander Gould
1213,Alexander Grant
1214,Alexander Hodge
1215,Alexander Holtmann
1216,Alexander Koch
1217,Alexander Lloyd
1218,Alexander Ludwig
1219,Alexander Martin
1220,Alexander Morton
1221,Alexander Oblasov
1222,Alexander Peleg
1223,Alexander Petrov
1224,Alexander Scheer
1225,Alexander Siddig
1226,Alexander Skarsgård
1227,Alexander Strobele
1228,Alexander Tsekalo
1229,Alexander Vlahos
1230,Alexander Wraith
1231,Alexander Yatsenko
1232,Alexander Zwart
1233,Alexandra Ayo
1234,Alexandra Beaton
1235,Alexandra Borbély
1236,Alexandra Breckenridge
1237,Alexandra Brunning
1238,Alexandra Carter
1239,Alexandra Daddario
1240,Alexandra De La Mora
1241,Alexandra Dinu
1242,Alexandra Duah
1243,Alexandra Harris
1244,Alexandra Jiménez
1245,Alexandra Kahwaji
1246,Alexandra Maria Lara
1247,Alexandra Neil
1248,Alexandra Neldel
1249,Alexandra Newick
1250,Alexandra Peters
1251,Alexandra Pfeifer
1252,Alexandra Pomales
1253,Alexandra Richter
1254,Alexandra Roach
1255,Alexandra Shipp
1256,Alexandra Ursulyak
1257,Alexandra Vandernoot
1258,Alexandre Cioletti
1259,Alexandre Goyette
1260,Alexandre Harough
1261,Alexandre Rodrigues
1262,Alexandre Schreiber
1263,Alexandre Willaume
1264,Alexandria Deberry
1265,Alexandria Lee
1266,Alexandria Ocasio-Cortez
1267,Alexei Maklakov
1268,Alexey Tritenko
1269,Alexia Dox
1270,Alexia Fast
1271,Alexia Garcia
1272,Alexia Landeau
1273,Alexia Rasmussen
1274,Alexia Twister
1275,Alexis Ayala
1276,Alexis Bledel
1277,Alexis Clagett
1278,Alexis Cruz
1279,Alexis G. Zall
1280,Alexis Jones
1281,Alexis Loret
1282,Alexis Louder
1283,Alexis Michalik
1284,Alexis Sánchez
1285,Alexis Tomassian
1286,Alexis Viera
1287,Alexis Whelan
1288,Alexis de Anda
1289,Alexx Ekubo
1290,Alexx O'Nell
1291,Alexxis Lemire
1292,Alexz Johnson
1293,Aleyda Gallardo
1294,Aleyse Shannon
1295,Aleza Shadan
1296,Alfoniso Lopez
1297,Alfonso Agra
1298,Alfonso Bassave
1299,Alfonso Cuarón
1300,Alfonso Freeman
1301,Alfonso Herrera
1302,Alfonso Sánchez
1303,Alfonso Torregrosa
1304,Alfonso Tort
1305,Alfre Woodard
1306,Alfred Cheung
1307,Alfred Enoch
1308,Alfred Lutter
1309,Alfred Molina
1310,Alfred Munyua
1311,Alfred Ryder
1312,Alfred Thomas II
1313,Alfredo Castro
1314,Alfredo Cerrone
1315,Alfredo Rollo
1316,Algee Smith
1317,Alhaji Fadika
1318,Alhamadi Hamad
1319,Ali A
1320,Ali Afshar
1321,Ali Ahn
1322,Ali Al Shehhi
1323,Ali Al Tayeb
1324,Ali Al-Hamdaan
1325,Ali Al-Husseini
1326,Ali Al-Jabri
1327,Ali Almarzouqi
1328,Ali Alsharif
1329,Ali Alshehabi
1330,Ali Asghar
1331,Ali Atay
1332,Ali Azmat
1333,Ali Azour
1334,Ali Badshah
1335,Ali Bastian
1336,Ali Bee
1337,Ali Cook
1338,Ali El Aziz
1339,Ali El Sherif
1340,Ali Erkazan
1341,Ali Fazal
1342,Ali Fikry
1343,Ali Hafiz
1344,Ali Haji
1345,Ali Hassan
1346,Ali Hassanein
1347,Ali Hillis
1348,Ali Kazmi
1349,Ali Labidi
1350,Ali Larter
1351,Ali Liebert
1352,Ali Lohan
1353,Ali Maerouf Amer
1354,Ali Marhyar
1355,Ali Marsh
1356,Ali Matar
1357,Ali Mawji
1358,Ali Milner
1359,Ali Mir
1360,Ali Nuhu
1361,Ali Rabee
1362,Ali Rehman Khan
1363,Ali Reza
1364,Ali Rizvi
1365,Ali Sheikh
1366,Ali Skovbye
1367,Ali Suliman
1368,Ali Sunal
1369,Ali Sürmeli
1370,Ali Tataryn
1371,Ali Wong
1372,Ali Yoğurtçuoğlu
1373,Ali Yörenç
1374,Ali Zafar
1375,Ali Çelik
1376,Ali-Asghar Shahbazi
1377,Alia Almannai
1378,Alia Bhatt
1379,Alia Nemry
1380,Alia Shawkat
1381,Aliaa Al-Husseini
1382,Alibaba Akporobome
1383,Alican Yücesoy
1384,Alice Belaïdi
1385,Alice Bellagamba
1386,Alice Bocchi
1387,Alice Braga
1388,Alice Cooper
1389,Alice Dinnean
1390,Alice Drummond
1391,Alice Dwyer
1392,Alice Englert
1393,Alice Eve
1394,Alice Greczyn
1395,Alice Harding
1396,Alice Isaaz
1397,Alice Ko
1398,Alice Krige
1399,Alice Lee
1400,Alice Li
1401,Alice Lowe
1402,Alice Orr-Ewing
1403,Alice Pagani
1404,Alice Patten
1405,Alice Pol
1406,Alice Révérend
1407,Alice Taglioni
1408,Alice Valverde
1409,Alice Ziolkoski
1410,Alice de Broqueville
1411,Alice de Lencquesaing
1412,Alicia Ann Edogamhe
1413,Alicia Banit
1414,Alicia Borrachero
1415,Alicia Calaway
1416,Alicia Chojnowski
1417,Alicia Coppola
1418,Alicia Fernández
1419,Alicia Gardiner
1420,Alicia James
1421,Alicia Jaziz
1422,Alicia Keys
1423,Alicia Leigh Willis
1424,Alicia Quiñonez
1425,Alicia Rubio
1426,Alicia Sandoval
1427,Alicia Sanz
1428,Alicia Silverstone
1429,Alicia Sánchez
1430,Alicia Vikander
1431,Alicia Witt
1432,Alicia von Rittberg
1433,Alicyn Packard
1434,Alida Baldari Calabria
1435,Alie Ward
1436,Alien Huang
1437,Aliette Opheim
1438,Alif Satar
1439,Alin Florea
1440,Alina Berzunteanu
1441,Alina Boz
1442,Alina Cheng
1443,Alina Chivulescu
1444,Alina Foley
1445,Alina Kukushkina
1446,Alina Lozano
1447,Alina Stiegler
1448,Aline Borges
1449,Aline Küppenheim
1450,Aliocha Schneider
1451,Alisa Kunkwaeng
1452,Alisa Lozovskaya
1453,Alisdair Simpson
1454,Alisha Bailey
1455,Alisha Boe
1456,Alisha Khan
1457,Alisha Wainwright
1458,Alison Akin Clark
1459,Alison Becker
1460,Alison Bell
1461,Alison Brie
1462,Alison Chand
1463,Alison Doody
1464,Alison Fernandez
1465,Alison Lohman
1466,Alison MacInnis
1467,Alison Mandel
1468,Alison Pill
1469,Alison Retzloff
1470,Alison Thornton
1471,Alison Wandzura
1472,Alissa Latow
1473,Alisson Santiago
1474,Alistair Abell
1475,Alistair McGowan
1476,Alistair Petrie
1477,Aliton Graça
1478,Alix Macey
1479,Alix Poisson
1480,Alix Wilton Regan
1481,Aliyar
1482,Aliza Vellani
1483,Alián Devetac
1484,Aljin Abella
1485,Alka Amin
1486,Alka Badola Kaushal
1487,Alka Chawla
1488,Alki David
1489,Alkoya Brunson
1490,Alla Tumanian
1491,Allan Corduner
1492,Allan Graf
1493,Allan Hawco
1494,Allan Hyde
1495,Allan Kournikova
1496,Allan Lima
1497,Allan Miller
1498,Allan Mustafa
1499,Allan Paule
1500,Allan Toh
1501,Allauddin Khan
1502,Allegra Clark
1503,Allegra Masters
1504,Allen Chen
1505,Allen Collins
1506,Allen Covert
1507,Allen Danziger
1508,Allen Dizon
1509,Allen Fiuzat
1510,Allen Ginsberg
1511,Allen Iverson
1512,Allen Leech
1513,Allen Maldonado
1514,Allen Shubhro
1515,Allende Blanco
1516,Allene Quincy
1517,Alli Neumann
1518,Alli Willow
1519,Allie Bertram
1520,Allie Gallerani
1521,Allie Grant
1522,Allie Ji
1523,Allie MacDonald
1524,Allison Hossack
1525,Allison Janney
1526,Allison Lin
1527,Allison McAtee
1528,Allison Miller
1529,Allison Munn
1530,Allison Paige
1531,Allison Strong
1532,Allison Warnyca
1533,Allison Williams
1534,Allu Arjun
1535,Ally Ioannides
1536,Ally Sheedy
1537,Alma Arnal
1538,Alma Jodorowsky
1539,Alma Martínez
1540,Alma Matrecito
1541,Alma Moreno
1542,Alma Terzic
1543,Almila Bagriacik
1544,Almira Muhlach
1545,Alok Chaturvedi
1546,Alok Gagdekar
1547,Alok Nath
1548,Alok Rajwade
1549,Alon Aboutboul
1550,Alon Williams
1551,Alona Tal
1552,Alondra Hidalgo
1553,Along Eyzendy
1554,Alonzo Muhlach
1555,Alora Sasam
1556,Alosian Vivancos
1557,Aloysius Pang
1558,Alper Kul
1559,Alper Saldıran
1560,Alperen Efe Esmer
1561,Alpha Oumar Barry
1562,Alphonso Mcauley
1563,Alphonso Romero Jones II
1564,Altagracia Guzman
1565,Altan Erkekli
1566,Althogali Saif
1567,Alun Armstrong
1568,Alva Rogers
1569,Alvaro Armand Ugon
1570,Alvin Abayomi
1571,Alvin Anson
1572,Alvin Sanders
1573,Alvin Wong
1574,Alwara Höfels
1575,Alwyn Uytingco
1576,Aly Eltayeb
1577,Aly Ibrahim
1578,Aly Michalka
1579,Alycia  Pascual-Peña
1580,Alycia Debnam-Carey
1581,Alycia Delmore
1582,Alycia Purrott
1583,Alyona Chekhova
1584,Alysha Deslorieux
1585,Alyshia Ochse
1586,Alyson Kiperman
1587,Alyson Leigh Rosenfeld
1588,Alyson Standen
1589,Alyson Stoner
1590,Alyssa Baker
1591,Alyssa Chia
1592,Alyssa Diaz
1593,Alyssa Goss
1594,Alyssa Lynch
1595,Alyssa Milano
1596,Alyssa Sutherland
1597,Alyssya Swales
1598,Alyvia Alyn Lind
1599,Alyy Khan
1600,Alzaabi Matar
1601,Alê Abreu
1602,Am Rashed
1603,Ama K. Abebrese
1604,Ama Qamata
1605,Amadeus Serafini
1606,Amadou Mbow
1607,Amaechi Muonagor
1608,Amaia Aberasturi
1609,Amaia Salamanca
1610,Amaka Iruobe
1611,Amaka Mgbor
1612,Amaka Obiechie
1613,Amal Anbari
1614,Amal Assaf
1615,Amal Mohammed
1616,Amal Unnithan
1617,Amala
1618,Amala Paul
1619,Amalia Vitale
1620,Amalia Williamson
1621,Amalia Yoo
1622,Aman Attar
1623,Aman Dhaliwal
1624,Aman Hundal
1625,Aman Sutdhar
1626,Aman Uppal
1627,Aman Verma
1628,Amanda Abbington
1629,Amanda Afolabi
1630,Amanda Allan
1631,Amanda Arcuri
1632,Amanda Brugel
1633,Amanda Bynes
1634,Amanda C. Miller
1635,Amanda Campana
1636,Amanda Cerny
1637,Amanda Chou
1638,Amanda Chu
1639,Amanda Clayton
1640,Amanda Crew
1641,Amanda Céline Miller
1642,Amanda Detmer
1643,Amanda Ebeye
1644,Amanda Foreman
1645,Amanda Gorman
1646,Amanda Hale
1647,Amanda Hariz
1648,Amanda Holt
1649,Amanda Kimmel
1650,Amanda Lawrence
1651,Amanda Leighton
1652,Amanda Lindh
1653,Amanda Müller
1654,Amanda Nara
1655,Amanda Ooms
1656,Amanda Orestes
1657,Amanda Palmer
1658,Amanda Peet
1659,Amanda Plummer
1660,Amanda Righetti
1661,Amanda Root
1662,Amanda Schull
1663,Amanda Seyfried
1664,Amanda Sohrabi
1665,Amanda Tapping
1666,Amanda Wyss
1667,Amanda Zhou
1668,Amandla Stenberg
1669,Amane Okayama
1670,Amar
1671,Amara La Negra
1672,Amaraja Patil
1673,Amardeep Jha
1674,Amari Avery
1675,Amari McCoy
1676,Amarildo Kola
1677,Amarin Nitipon
1678,Amarjeet Amle
1679,Amarr M. Wooten
1680,Amaryllis Fox
1681,Amaury Nolasco
1682,Amb. Rachel Bakam
1683,Ambarish Deshpande
1684,Amber An
1685,Amber Armstrong
1686,Amber Barretto
1687,Amber Beattie
1688,Amber Brkich
1689,Amber Chardae Robinson
1690,Amber Chia
1691,Amber Cosich
1692,Amber Frank
1693,Amber Heard
1694,Amber Kuo
1695,Amber Marshall
1696,Amber May
1697,Amber Midthunder
1698,Amber Riley
1699,Amber Rose
1700,Amber Rose Revah
1701,Amber Smith
1702,Amber Stevens West
1703,Amber Tamblyn
1704,Amber Valletta
1705,Ambika Mohan
1706,Ambrish Saxena
1707,Ambrose Hsu
1708,Ambrose Hui
1709,Ambujakshi
1710,Ambyr Childers
1711,Amed Bozan
1712,Ameena Khalil
1713,Ameer Khlawe
1714,Ameerah Falzon-Ojo
1715,Ameesha Patel
1716,Amel Bouchoucha
1717,Amel Carla
1718,Amelia Curtis
1719,Amelia Eve
1720,Amelia Haberman
1721,Amelia Sheeler
1722,Amelia Warner
1723,Amelie Bea Smith
1724,Amelie Fonlupt
1725,Amer Chadha-Patel
1726,America Ferrara
1727,America Ferrera
1728,America Young
1729,Amerul Affendi
1730,Amey Wagh
1731,Ameya Hunaswadkar
1732,Amgad Elsharqawy
1733,Ami Koshimizu
1734,Ami Tomite
1735,Amiah Miller
1736,Amiel Cayo
1737,Amila Terzimehic
1738,Amin Bensalem
1739,Amin El Gamal
1740,Amin Hajee
1741,Amin Joseph
1742,Amina Kane
1743,Amina Khalil
1744,Amina Merai
1745,Aminaa Alfakharani
1746,Aminah Tjendrakasih
1747,Amir Arison
1748,Amir Bageria
1749,Amir Bashir
1750,Amir El Kacem
1751,Amir El-Masry
1752,Amir O'Neil
1753,Amir Raza Hussain
1754,Amir Salah
1755,Amir Talai
1756,Amir Tessler
1757,Amir Wilson
1758,Amira Casar
1759,Amirah Vann
1760,Amit Behl
1761,Amit Deondi
1762,Amit Kumar
1763,Amit Kumar Tiwari
1764,Amit Pachori
1765,Amit Rahav
1766,Amit Sadh
1767,Amit Shah
1768,Amit Sial
1769,Amit Tandon
1770,Amit Varma
1771,Amita Khopkar
1772,Amita Pathak
1773,Amita Suman
1774,Amitabh Bachchan
1775,Amitabh Srivastava
1776,Amitabha Bhattacharjee
1777,Amith Chakalakkal
1778,Amitosh Nagpal
1779,Amjad Khan
1780,Aml Ameen
1781,Amma
1782,Ammar Alfian
1783,Ammar Rahma
1784,Ammo 'Too Sweet'
1785,Ammy Virk
1786,Amna Ilyas
1787,Amol Deshmukh
1788,Amol Mhatre
1789,Amol Palekar
1790,Amol Parashar
1791,Amole Gupte
1792,Amornrit Sriphung
1793,Amos Tamam
1794,Amparo Grisales
1795,Amparo Moreno
1796,Amparo Noguera
1797,Amr Abdel Guelil
1798,Amr Abdel-Geleel
1799,Amr El Kady
1800,Amr Saad
1801,Amr Sakr
1802,Amr Youssef
1803,Amrinder Gill
1804,Amrish Puri
1805,Amrit Arora
1806,Amrit Maghera
1807,Amrit Pal
1808,Amrita Acharia
1809,Amrita Arora
1810,Amrita Bagchi
1811,Amrita Chattopadhyay
1812,Amrita Prakash
1813,Amrita Puri
1814,Amrita Raichand
1815,Amrita Rao
1816,Amrita Singh
1817,Amritha Aiyer
1818,Amruta Khanvilkar
1819,Amruta Patki
1820,Amruta Subhash
1821,Amrutha Karagada
1822,Amrutha Naik
1823,Amund Hellum Noraker
1824,Amy Acker
1825,Amy Adams
1826,Amy Aitken
1827,Amy Amika Klinprathum
1828,Amy Beckwith
1829,Amy Birnbaum
1830,Amy Brenneman
1831,Amy Carlson
1832,Amy Cheng
1833,Amy Ferguson
1834,Amy Forsyth
1835,Amy Grant
1836,Amy Green
1837,Amy Griffiths
1838,Amy Handley
1839,Amy Hargreaves
1840,Amy Hill
1841,Amy Huberman
1842,Amy Irving
1843,Amy Jackson
1844,Amy Jo Johnson
1845,Amy Johnston
1846,Amy Landecker
1847,Amy Madigan
1848,Amy Maghera
1849,Amy Manson
1850,Amy Margolis
1851,Amy Matysio
1852,Amy Miller
1853,Amy Morton
1854,Amy Okuda
1855,Amy Parrish
1856,Amy Pemberton
1857,Amy Pietz
1858,Amy Poehler
1859,Amy Robinson
1860,Amy Ruffle
1861,Amy Ryan
1862,Amy Sanders
1863,Amy Saville
1864,Amy Schumer
1865,Amy Sedaris
1866,Amy Seimetz
1867,Amy Siriya
1868,Amy Smart
1869,Amy Stryker
1870,Amy Sturdivant
1871,Amy Tan
1872,Amy Tsang
1873,Amy Winehouse
1874,Amy Yip
1875,Amy van der Weerden
1876,Amybeth McNulty
1877,Amyra Dastur
1878,Amyra Rosli
1879,Amyza Aznan
1880,Amélia Bittencourt
1881,Amélia Lacquemant
1882,An Nae-sang
1883,An Seo Hyun
1884,An Seok-hwan
1885,An Woo-yeon
1886,An-Li Bogan
1887,Ana Abad-Santos
1888,Ana Begic
1889,Ana Bertha Espín
1890,Ana Blanco de Córdova
1891,Ana Brenda Contreras
1892,Ana Caetano
1893,Ana Capri
1894,Ana Cecilia Natteri
1895,Ana Cecília Costa
1896,Ana Celentano
1897,Ana Chalentano
1898,Ana Claudia Talancón
1899,Ana Cristina Botero
1900,Ana Druzhynina
1901,Ana Fernández
1902,Ana Gasteyer
1903,Ana Gil de Melo Nascimento
1904,Ana Girardot
1905,Ana Golja
1906,Ana González Bello
1907,Ana Hartmann
1908,Ana Julia Yeyé
1909,Ana Katz
1910,Ana Layevska
1911,Ana Lucia Dominguez
1912,Ana Lucía Domínguez
1913,Ana López
1914,Ana López Mercado
1915,Ana Maria Orozco
1916,Ana Martín
1917,Ana María Arango
1918,Ana María Ayala
1919,Ana María Cuéllar
1920,Ana María Estupiñán
1921,Ana María Henríquez
1922,Ana Ortiz
1923,Ana Polvorosa
1924,Ana Radu
1925,Ana Rujas
1926,Ana Santos
1927,Ana Scotney
1928,Ana Serradilla
1929,Ana Sofía Durán
1930,Ana Sophia Heger
1931,Ana Torrent
1932,Ana Ularu
1933,Ana Valeria Becerril
1934,Ana Villagrasa
1935,Ana Wagener
1936,Ana Wills
1937,Ana Wolfermann
1938,Ana de Armas
1939,Ana de la Reguera
1940,Ana-María Sánchez
1941,Anabel Ferreira
1942,Anabela Teixeira
1943,Anabelle Acosta
1944,Anagha LK
1945,Anahit Setian
1946,Anahit Simonyan
1947,Anahí
1948,Anahí de Cárdenas
1949,Anairis Quiñones
1950,Anaitha Nair
1951,Anajosé Aldrete
1952,Analeigh Tipton
1953,Analú Prestes
1954,Anamaria Marinca
1955,Anamay Verma
1956,Anamaya Varma
1957,Anamaya Verma
1958,Anand
1959,Anand Abhyankar
1960,Anand Balraj
1961,Anand Deverakonda
1962,Anand Goradia
1963,Anand Ingale
1964,Anand Ingle
1965,Anand Kumar
1966,Anand Rajaram
1967,Anand Sami
1968,Anand Sampath
1969,Anand Tiwari
1970,Ananda Badudu
1971,Ananda Everingham
1972,Anandhi
1973,Anandhu
1974,Anandito Dwis
1975,Anang Desai
1976,Anangsha Biswas
1977,Anant Jog
1978,Anant Mahadevan
1979,Anant Nag
1980,Anant Raina
1981,Ananth Narayan Mahadevan
1982,Anantharam Karthik
1983,Ananya Bhat
1984,Ananya Chatterjee
1985,Ananya Kashyap
1986,Ananya Khare
1987,Ananya Melkote
1988,Ananya Nagalla
1989,Anarkali Marikar
1990,Anas Elbaz
1991,Anastasia Bampos
1992,Anastasia Baranova
1993,Anastasia Chocholatá
1994,Anastasia Dymitrow
1995,Anastasia Hille
1996,Anastasia Phillips
1997,Anastasios Soulis
1998,Anastasiya Makeeva
1999,Anatole Taubman
2000,Anaïs Thomas
2001,Anchasa Mongkhonsama
2002,Anchuleeon Buagaew
2003,Ande Cunningham
2004,Anders Baasmo
2005,Anders Baasmo Christiansen
2006,Anders Danielsen Lie
2007,Anders Holm
2008,Anders Hove
2009,Anders Juul
2010,Anders Lidin Hansen
2011,Anders W. Berthelsen
2012,Andersen Gabrych
2013,Anderson Ballesteros
2014,Anderson Cooper
2015,Anderson Silva
2016,Andi Matichak
2017,Andi Viola
2018,Andie Chen
2019,Andie MacDowell
2020,Andien
2021,Andile Gumbi
2022,Andoni Agirregomezkorta
2023,Andoni Gracia
2024,Andonis Anthony
2025,Andovi da Lopez
2026,Andra Day
2027,Andra Fuller
2028,Andre Braugher
2029,Andre Garcia
2030,Andre Hyland
2031,Andre Jacobs
2032,Andre Kim
2033,Andre Robinson
2034,Andre Royo
2035,Andre Squire
2036,Andrea Aboagye
2037,Andrea Arcangeli
2038,Andrea Avery
2039,Andrea Bang
2040,Andrea Barber
2041,Andrea Beltrão
2042,Andrea Brooks
2043,Andrea Carballo
2044,Andrea Carvajal
2045,Andrea Chaparro
2046,Andrea Cortes
2047,Andrea De Oliveira
2048,Andrea Del Rosario
2049,Andrea Duro
2050,Andrea Engelsmann Persson
2051,Andrea Falzone
2052,Andrea Frankle
2053,Andrea Frigerio
2054,Andrea Garrote
2055,Andrea Germani
2056,Andrea Grano
2057,Andrea Guzmán
2058,Andrea Gómez
2059,Andrea Jeremiah
2060,Andrea Kwan
2061,Andrea Lattanzi
2062,Andrea Leigh
2063,Andrea Libman
2064,Andrea Londo
2065,Andrea Lynn Green
2066,Andrea López
2067,Andrea Mandalis
2068,Andrea Martin
2069,Andrea Martí
2070,Andrea Menard
2071,Andrea Moor
2072,Andrea Navedo
2073,Andrea Newton
2074,Andrea Noceti
2075,Andrea Osvárt
2076,Andrea Pennacchi
2077,Andrea Quattrocchi
2078,Andrea Riseborough
2079,Andrea Roncato
2080,Andrea Ros
2081,Andrea Roth
2082,Andrea Runge
2083,Andrea Savage
2084,Andrea Stefancikova
2085,Andrea Sutton
2086,Andrea Tariang
2087,Andrea Tenuta
2088,Andrea Velasco
2089,Andrea-Marie Alphonse
2090,Andreas Apergis
2091,Andreas Döhler
2092,Andreas Kundler
2093,Andreas Lust
2094,Andreas Pietschmann
2095,Andreas Segeritz
2096,Andree Bernard
2097,Andree Vermeulen
2098,Andreea Vasile
2099,Andrei Gavril
2100,Andrei Indreies
2101,Andrei Selaru
2102,Andrene Ward-Hammond
2103,Andreo Kamau
2104,Andres Gil
2105,Andres Joseph
2106,Andres Williams
2107,Andreu Lacondeguy
2108,Andreuw Parinussa
2109,Andrew Airlie
2110,Andrew Astor
2111,Andrew Bachelor
2112,Andrew Bowen
2113,Andrew Brooke
2114,Andrew Buchan
2115,Andrew Buckland
2116,Andrew Bushell
2117,Andrew Coghlan
2118,Andrew Collins
2119,Andrew Cownden
2120,Andrew Craig
2121,Andrew Crawford
2122,Andrew Creer
2123,Andrew Daly
2124,Andrew Diaz
2125,Andrew Dice Clay
2126,Andrew Divoff
2127,Andrew Duncan
2128,Andrew Fiscella
2129,Andrew Foster
2130,Andrew Francis
2131,Andrew Garfield
2132,Andrew Gillies
2133,Andrew Gorman
2134,Andrew Gower
2135,Andrew Grainger
2136,Andrew Günsberg
2137,Andrew Hawley
2138,Andrew Hefler
2139,Andrew Herr
2140,Andrew Hodwitz
2141,Andrew Horton
2142,Andrew Howard
2143,Andrew J. West
2144,Andrew Kishino
2145,Andrew Knowlton
2146,Andrew Koji
2147,Andrew Laing
2148,Andrew Lancel
2149,Andrew Lawrence
2150,Andrew Laws
2151,Andrew Lin
2152,Andrew Lincoln
2153,Andrew Lloyd Webber
2154,Andrew Lopez
2155,Andrew Lua
2156,Andrew M. Gray
2157,Andrew McCarthy
2158,Andrew McFarlane
2159,Andrew McNee
2160,Andrew McPhee
2161,Andrew Neethling
2162,Andrew Orolfo
2163,Andrew Phung
2164,Andrew Pifko
2165,Andrew Rannells
2166,Andrew Reid
2167,Andrew Robertt
2168,Andrew Sabiston
2169,Andrew Sachs
2170,Andrew Schulz
2171,Andrew Scott
2172,Andrew Shaifer
2173,Andrew Shaver
2174,Andrew Shue
2175,Andrew Simpson
2176,Andrew Spooner
2177,Andrew Steel
2178,Andrew Stewart-Jones
2179,Andrew Toth
2180,Andrew W. Walker
2181,Andrew Whipp
2182,Andrew Wilson
2183,Andrey Dementiev
2184,Andrey Gorlenko
2185,Andria Tayeh
2186,Andromeda Godfrey
2187,Andryan Bima
2188,Andrzej Chyra
2189,Andrzej Dobosz
2190,Andrzej Grabowski
2191,Andrzej Konopka
2192,Andrzej Kłak
2193,Andrzej Mellin
2194,Andrzej Mrowiec
2195,Andrzej Seweryn
2196,Andrzej Łapicki
2197,András Faragó
2198,André Bharti
2199,André Chiang
2200,André Christenson
2201,André Dussollier
2202,André Eisermann
2203,André Eriksen
2204,André Gonçalves
2205,André Gordon
2206,André Hennicke
2207,André Holland
2208,André Leon Talley
2209,André Luiz Frambach
2210,André Novais
2211,André Odendaal
2212,André Ramiro
2213,André Sørum
2214,André Wilms
2215,Andrés Almeida
2216,Andrés Baida
2217,Andrés Couturier
2218,Andrés Crespo
2219,Andrés Gertrúdix
2220,Andrés Herrera
2221,Andrés Iniesta
2222,Andrés Palacios
2223,Andrés Pardave
2224,Andrés Parra
2225,Andrés Pazos
2226,Andrés Rebolledo
2227,Andrés Rillón
2228,Andrés Salas
2229,Andrés Sandoval
2230,Andrés Suárez
2231,Andrés Toro
2232,Andrés Velencoso
2233,Andy Abbott
2234,Andy Beckwith
2235,Andy Berman
2236,Andy Buckley
2237,Andy Burrows
2238,Andy Calderwood
2239,Andy Chen
2240,Andy Dick
2241,Andy Favreau
2242,Andy Garcia
2243,Andy Gibbins
2244,Andy Griffith
2245,Andy Hayward
2246,Andy Hull
2247,Andy Kindler
2248,Andy Lau
2249,Andy Liang
2250,Andy Lucas
2251,Andy Mackenzie
2252,Andy McAvin
2253,Andy McPhee
2254,Andy Mientus
2255,Andy Milder
2256,Andy Milonakis
2257,Andy Nyman
2258,Andy Parsons
2259,Andy Pellick
2260,Andy Pessoa
2261,Andy Puddicombe
2262,Andy Richter
2263,Andy Romano
2264,Andy Samberg
2265,Andy Serkis
2266,Andy Walken
2267,Andy Whitfield
2268,Andy Wu
2269,Andy Zou
2270,Ane Dahl Torp
2271,Anee Icha
2272,Aneesh Menon
2273,Aneesha Shah
2274,Aneeta
2275,Aneirin Hughes
2276,Anelis Assumpção
2277,Anemone Valcke
2278,Anette Hoff
2279,Aneurin Barnard
2280,Anga Makubalo
2281,Angad Bedi
2282,Angad Mhaskar
2283,Angel Alkain
2284,Angel Bismark Curiel
2285,Angel Chipagua
2286,Angel Coulby
2287,Angel David
2288,Angel Funto Johnson
2289,Angel Lin
2290,Angel Locsin
2291,Angel Luis Rivera Jr.
2292,Angel Parker
2293,Angel Unigwe
2294,Angela Bartys
2295,Angela Bassett
2296,Angela Bundalovic
2297,Angela Chang
2298,Angela Cremonte
2299,Angela Dippe
2300,Angela Ekeleme
2301,Angela Galuppo
2302,Angela Gibbs
2303,Angela Griffin
2304,Angela Kinsey
2305,Angela Lansbury
2306,Angela Mao
2307,Angela Means
2308,Angela Mulligan
2309,Angela Okorie
2310,Angela Sarafyan
2311,Angela Scott
2312,Angela Sithole
2313,Angela Trimbur
2314,Angela Vint
2315,Angela Winkler
2316,Angela Woods
2317,Angelababy
2318,Angeles Woo
2319,Angeli Nicole Sanoy
2320,Angelia Livie
2321,Angelic Zambrana
2322,Angelica Blandon
2323,Angelica C. Ferro
2324,Angelica Page
2325,Angelica Panganiban
2326,Angelica Ross
2327,Angelina Carballo
2328,Angelina Chen
2329,Angelina Fiordellisi
2330,Angelina Jolie
2331,Angelina Kirsch
2332,Angeline Ball
2333,Angeline Quinto
2334,Angeline Tan
2335,Angeline Yap
2336,Angelines Fernández Abad
2337,Angelique Boyer
2338,Angelique Cabral
2339,Angellie Saño
2340,Angelo Moore
2341,Angelo Restaino
2342,Angelo Spagnoletti
2343,Angelo Tijssens
2344,Angelu De Leon
2345,Angely Gaviria
2346,Angelyna Martinez
2347,Angga Dwimas Sasongko
2348,Angga Yunanda
2349,Anggika Bolsterli
2350,Angie Cepeda
2351,Angie Diaz
2352,Angie Dickinson
2353,Angie Everhart
2354,Angie Ferro
2355,Angie Harmon
2356,Angie Martinez
2357,Angie Saba
2358,Angie Seow
2359,Angira Dhar
2360,Anglie Leung
2361,Angourie Rice
2362,Angus Barnett
2363,Angus MacInnes
2364,Angus Macfadyen
2365,Angus McLaren
2366,Angus Sampson
2367,Angus T. Jones
2368,Angus Whinfield
2369,Angus Wright
2370,Angélica Aragón
2371,Angélica Blandón
2372,Angélica Celaya
2373,Angélica María
2374,Angélica Vale
2375,Angélique Kidjo
2376,Anh Dung
2377,Ani Hovhannisyan
2378,Ani Iyoho
2379,Aniello Arena
2380,Anika Mauer
2381,Anika Noni Rose
2382,Aniket Vishwasrao
2383,Anikie Maguire
2384,Anil Datt
2385,Anil Dhawan
2386,Anil Dutt
2387,Anil Gawas
2388,Anil George
2389,Anil Kapoor
2390,Anil Mange
2391,Anil Nedumangad
2392,Anil Rastogi
2393,Anilú Pardo
2394,Anima Misa
2395,Anindita Bose
2396,Anindya Bandopadhyay
2397,Anindya Banerjee
2398,Anirban Bhattacharya
2399,Aniruddha Dave
2400,Anirudh Agarwal
2401,Anirudh Tanwar
2402,Anisa Butt
2403,Anisa George
2404,Anisa Nyell Johnson
2405,Anisa Rahma
2406,Anish Jethmalani
2407,Anish Kuruvilla
2408,Anish Trivedi
2409,Anisha Ambrose
2410,Anisha Victor
2411,Anita Daniels
2412,Anita Date
2413,Anita Devgan
2414,Anita Hara
2415,Anita Kailey
2416,Anita Kanwal
2417,Anita Kanwar
2418,Anita Kravos
2419,Anita Linda
2420,Anita Lukmance
2421,Anita Meet
2422,Anita Mui
2423,Anita Pauls
2424,Anita Rani
2425,Anita Shabdeesh
2426,Anita Shabdish
2427,Anita Sokołowska
2428,Anita Vulesica
2429,Anita Wall
2430,Anita Yuen
2431,Anitta
2432,Aniu
2433,Anja Kling
2434,Anja Matković
2435,Anjali
2436,Anjali Abrol
2437,Anjali Jathar
2438,Anjali Nair
2439,Anjali Patil
2440,Anjali Rana
2441,Anjan Dutt
2442,Anjan Srivastav
2443,Anjana Keerthi
2444,Anjana Mumtaz
2445,Anjana Sukhani
2446,Anjelah Johnson-Reyes
2447,Anjelica Bette Fellini
2448,Anjelica Huston
2449,Anjelika Washington
2450,Anjori Alagh
2451,Anju Kurian
2452,Anju Mahendru
2453,Anju Suzuki
2454,Anjul Nigam
2455,Anjum Batra
2456,Anjum Rajabali
2457,Anke Engelke
2458,Anke Sun
2459,Ankit Arora
2460,Ankit Gera
2461,Ankit Narang
2462,Ankit Raaj
2463,Ankit Yadav
2464,Ankur Vikal
2465,Ankush Chaudhari
2466,Ankush Choudhary
2467,Ankush Dubey
2468,Anmol Limbu
2469,Anmol Thakeria Dhillon
2470,Ann Cusack
2471,Ann D. Carey
2472,Ann Doran
2473,Ann Dowd
2474,Ann Druyan
2475,Ann Dusenberry
2476,Ann Eleonora Jorgensen
2477,Ann Hsu
2478,Ann Kendrick
2479,Ann Kok
2480,Ann Magnuson
2481,Ann Marie Crouch
2482,Ann Nelson
2483,Ann Njemanze
2484,Ann Petrén
2485,Ann Pirvu
2486,Ann Roth
2487,Ann-Margret
2488,Anna Akana
2489,Anna Alarcón
2490,Anna Azcárate
2491,Anna Baryshnikov
2492,Anna Ben
2493,Anna Björk
2494,Anna Brewster
2495,Anna Camp
2496,Anna Carreiro
2497,Anna Castillo
2498,Anna Cathcart
2499,Anna Chambers
2500,Anna Chancellor
2501,Anna Chipovskaya
2502,Anna Chlumsky
2503,Anna Ciocchetti
2504,Anna Claire Bartlam
2505,Anna Cooke
2506,Anna Cummer
2507,Anna Davel
2508,Anna Deavere Smith
2509,Anna Della Rosa
2510,Anna Demetriou
2511,Anna Diop
2512,Anna Drijver
2513,Anna Faris
2514,Anna Favella
2515,Anna Ferruzzo
2516,Anna Ferzetti
2517,Anna Fialová
2518,Anna Foglietta
2519,Anna Francolini
2520,Anna Friel
2521,Anna Galvin
2522,Anna Gras
2523,Anna Gunn
2524,Anna Gunndís Guðmundsdóttir
2525,Anna Hopkins
2526,Anna Hutchison
2527,Anna Ishii
2528,Anna Jobling
2529,Anna Jullienne
2530,Anna Katarina
2531,Anna Kendrick
2532,Anna Koshmal
2533,Anna Kubik
2534,Anna Levine
2535,Anna Lise Phillips
2536,Anna Louw
2537,Anna Luna
2538,Anna Maguire
2539,Anna Maiche
2540,Anna Manahan
2541,Anna Maria Barbany
2542,Anna Maria Barbera
2543,Anna Maria Horsford
2544,Anna Maria Mühe
2545,Anna Maria de Luca
2546,Anna Massey
2547,Anna Maxwell Martin
2548,Anna Moliner
2549,Anna Mouglalis
2550,Anna Paik
2551,Anna Paquin
2552,Anna Pniowsky
2553,Anna Popplewell
2554,Anna Prochniak
2555,Anna Quayle
2556,Anna Raadsveld
2557,Anna Radwan
2558,Anna Ruiz
2559,Anna Sawai
2560,Anna Shaffer
2561,Anna Silk
2562,Anna Smołowik
2563,Anna Torv
2564,Anna Unterberger
2565,Anna Wintour
2566,Anna Ycobalzeta
2567,Anna-Louise Plowman
2568,Anna-Maria Sieklucka
2569,AnnaLynne McCord
2570,AnnaSophia Robb
2571,Annabel Armour
2572,Annabel Scholey
2573,Annabel Wolfe
2574,Annabella Sciorra
2575,Annabelle Attanasio
2576,Annabelle Belmondo
2577,Annabelle Dexter-Jones
2578,Annabelle Gurwitch
2579,Annabelle Kong
2580,Annabelle Wallis
2581,Annabelle Westenholz-Smith
2582,Annabeth Gish
2583,Annadurai Kannadasan
2584,Annaleigh Ashford
2585,Annalise Basso
2586,Annamaya Verma
2587,Annarah Cymone
2588,Anndi McAfee
2589,Anne Archer
2590,Anne Azoulay
2591,Anne Bancroft
2592,Anne Betancourt
2593,Anne Celestino Mota
2594,Anne Coesens
2595,Anne Collette
2596,Anne Consigny
2597,Anne Cosigny
2598,Anne Curtis
2599,Anne Dudek
2600,Anne Francis
2601,Anne Hathaway
2602,Anne Heche
2603,Anne Lamott
2604,Anne Le Ny
2605,Anne Leighton
2606,Anne Loiret
2607,Anne Pitoniak
2608,Anne Ratte-Polle
2609,Anne Reid
2610,Anne Schäfer
2611,Anne Sofie Espersen
2612,Anne Suarez
2613,Anne Suzuki
2614,Anne Waldman
2615,Anne Watanabe
2616,Anne Whitfield
2617,Anne Winters
2618,Anne Yatco
2619,Anne-Laure Vandeputte
2620,Anne-Marie Duff
2621,Anne-Marie Johnson
2622,Anne-Solenne Hatte
2623,Anne-Sophie Girard
2624,Anneke Kim Sarnau
2625,Anneliese Judge
2626,Annemarie Blanco
2627,Annet Mahendru
2628,Annette Bening
2629,Annette Edoarda
2630,Annette Engelbrecht
2631,Annette Frier
2632,Annette Funicello
2633,Annette O'Toole
2634,Annick Obonsawin
2635,Annie Buckley
2636,Annie Cavalero
2637,Annie Chen
2638,Annie Corley
2639,Annie Gonzalez
2640,Annie Ilonzeh
2641,Annie Jacob
2642,Annie Macaulay Idibia
2643,Annie Murphy
2644,Annie Parisse
2645,Annie Potts
2646,Annie Q.
2647,Annie Sundberg
2648,Annie Tedesco
2649,Annie Thurman
2650,Annie Wood
2651,Annisa Rawles
2652,Annita Sarucha
2653,Annu Kapoor
2654,Anoop Aravindan
2655,Anoop Menon
2656,Anoop Soni
2657,Anoushka
2658,Anri Katsu
2659,Ansel Elgort
2660,Anshikaa Shrivastava
2661,Anshu Sawhney
2662,Anshul Chauhan
2663,Anshumaan Pushkar
2664,Anshuman Jha
2665,Anshuman Joshi
2666,Ansiba
2667,Anson Bagley
2668,Anson Chen
2669,Anson Mount
2670,Anson Paul
2671,Antara Mali
2672,Anthony 'Harries' Caroll
2673,Anthony A. Flamminio
2674,Anthony Alabi
2675,Anthony Anderson
2676,Anthony Andrews
2677,Anthony Asbury
2678,Anthony Azizi
2679,Anthony Barille
2680,Anthony Batarse
2681,Anthony Bolognese
2682,Anthony Boswell
2683,Anthony Bourdain
2684,Anthony Bowling
2685,Anthony Brandon Wong
2686,Anthony Brophy
2687,Anthony Burrows
2688,Anthony Carrigan
2689,Anthony Daniels
2690,Anthony Edwards
2691,Anthony Field
2692,Anthony Forrest
2693,Anthony Gonzalez
2694,Anthony Goss
2695,Anthony Grant
2696,Anthony Hayes
2697,Anthony Head
2698,Anthony Heald
2699,Anthony Higgins
2700,Anthony Hopkins
2701,Anthony Ippolito
2702,Anthony J. Mifsud
2703,Anthony Jacques
2704,Anthony Jennings
2705,Anthony Jensen
2706,Anthony Jeselnik
2707,Anthony Johnson
2708,Anthony Kelly
2709,Anthony LaPaglia
2710,Anthony Laciura
2711,Anthony Lee Medina
2712,Anthony Lemke
2713,Anthony Lister
2714,Anthony Logerfo
2715,Anthony Ma
2716,Anthony Mackie
2717,Anthony Mendez
2718,Anthony Michael Hall
2719,Anthony Monjaro
2720,Anthony Montgomery
2721,Anthony Murphy
2722,Anthony Norman
2723,Anthony Oseyemi
2724,Anthony Padilla
2725,Anthony Phelan
2726,Anthony Quayle
2727,Anthony Quinn
2728,Anthony Quintal
2729,Anthony R. Jones
2730,Anthony Ramos
2731,Anthony Ruivivar
2732,Anthony Salerno
2733,Anthony Sherwood
2734,Anthony Skordi
2735,Anthony Tedesco
2736,Anthony Vaathiyaar
2737,Anthony Welsh
2738,Anthony Wong Chau-Sang
2739,Anthony Wong Chau-sang
2740,Antia Nazarely Reynoso
2741,Antje Traue
2742,Antoine Bizet
2743,Antoine Duléry
2744,Antoine Fuqua
2745,Antoine Gouy
2746,Antoine Monot Jr.
2747,Antoine Reinartz
2748,Antoine Rodriguez
2749,Antoinette Robertson
2750,Antoinette Turk
2751,Anton Bogdanov
2752,Anton Gillis-Adelman
2753,Anton Lesser
2754,Anton Peeples
2755,Anton Shagin
2756,Anton Wichers
2757,Anton Yelchin
2758,Anton von Lucke
2759,Antonella Costa
2760,Antonello Fassari
2761,Antoni Pawlicki
2762,Antoni Porowski
2763,Antonia Buresi
2764,Antonia Campbell-Hughes
2765,Antonia Fotaras
2766,Antonia Gentry
2767,Antonia Malinova
2768,Antonia Prebble
2769,Antonia Ribero
2770,Antonia Thomas
2771,Antonia Truppo
2772,Antonia Zegers
2773,Antonio Aakeel
2774,Antonio Alvarez
2775,Antonio Arochi
2776,Antonio Banderas
2777,Antonio Bell
2778,Antonio Birabent
2779,Antonio Bolívar
2780,Antonio Carriero
2781,Antonio Cifariello
2782,Antonio Dechent
2783,Antonio Durán 'Morris'
2784,Antonio Díaz
2785,Antonio Fargas
2786,Antonio Gaona
2787,Antonio Gasalla
2788,Antonio Gerardi
2789,Antonio Grassi
2790,Antonio Grimau
2791,Antonio Leyba
2792,Antonio López Torres
2793,Antonio Magro
2794,Antonio Marziale
2795,Antonio Medellin
2796,Antonio Miano
2797,Antonio Ortiz
2798,Antonio Pedro Tabet
2799,Antonio Quercia
2800,Antonio Resines
2801,Antonio Reyes
2802,Antonio Sabato Jr.
2803,Antonio Saboia
2804,Antonio Sanint
2805,Antonio Tabet
2806,Antonio Valero
2807,Antonio Valles
2808,Antonio Velázquez
2809,Antonio Zavatteri
2810,Antonio de la Torre
2811,Antonio de la Vega
2812,Antonique Smith
2813,Antony
2814,Antony Del Rio
2815,Antony Varghese
2816,Antti Pääkkönen
2817,Antti Reini
2818,Antwon Tanner
2819,Anu Menon
2820,Anu Sinisalo
2821,Anu Sithara
2822,Anubhav Saha
2823,Anubrata Basu
2824,Anuchit Sapanpong
2825,Anud Singh Dhaka
2826,Anuj Choudhry
2827,Anuj Sachdeva
2828,Anuja Sathe
2829,Anula Navlekar
2830,Anumegha Banerjee
2831,Anup Soni
2832,Anupam Bhattacharya
2833,Anupam Kher
2834,Anupam Shyam
2835,Anupama Kumar
2836,Anupama Parameswaran
2837,Anupriya Goenka
2838,Anuraag Arora
2839,Anuradha Patel
2840,Anurag Arora
2841,Anurag Kashyap
2842,Anuranjan Premji
2843,Anurin Nwunembom
2844,Anuschka Sawhney
2845,Anusha Dhandekar
2846,Anushka Manchanda
2847,Anushka Sharma
2848,Anushka Shetty
2849,Anuskha Sharma
2850,Anusmiritu Sarkar
2851,Anusorn Maneethet
2852,Anvil Laloo
2853,Anwan Glover
2854,Anwar Aljabri
2855,Anwen O'Driscoll
2856,Anwulika Alphonsus
2857,Anya Chalotra
2858,Anya Lawrence
2859,Anya O'Connor
2860,Anya Taylor-Joy
2861,Aoi Morikawa
2862,Aoi Nakamura
2863,Aoi Okuyama
2864,Aoi Yuki
2865,Aon Korakot Tunkaew
2866,Aowyn Grace Peoples
2867,Apapattra Meesang
2868,Apaporn Nakornsawan
2869,Aparajita Adhya
2870,Aparna Bajpai
2871,Aparna Balamurali
2872,Aparna Nancherla
2873,Aparna Sharma
2874,Aparna Upadhyay
2875,Aparshakti Khurana
2876,Apasiri Kittithanon
2877,Apasiri Nitibhon
2878,Aphiradi Phawaphutanon
2879,Apichet Atirattana
2880,Apinya Sakuljaroensuk
2881,Apisit Opasaimlikit
2882,Apittha Khlaiudom
2883,Apiwit Reardon
2884,Apollo Costa
2885,Apollon
2886,Apollonia Pratt
2887,Apolo Anton Ohno
2888,Apoorva Agnihotri
2889,Apoorva Arora
2890,Apoorva Jha
2891,Apoorva Soma
2892,Apple Hong
2893,April Billingsley
2894,April Bloomfield
2895,April Grace
2896,April L. Hernandez
2897,April Lawrence
2898,April Macie
2899,April Parker-Jones
2900,April Scott
2901,Aproko Doctor
2902,Aqi Singgih
2903,Ara Mina
2904,Arab Khalid
2905,Araba Walton
2906,Arabella Field
2907,Arabron Nyyeneque
2908,Araceli Dvoskin
2909,Aracely Arámbula
2910,Arachaporn Pokinpakorn
2911,Aradhana
2912,Aradhana Srivastav
2913,Arafah Rianti
2914,Araloyin Oshunremi
2915,Aramis Knight
2916,Arancha Martí
2917,Arannya Kaur
2918,Arantxa Servín
2919,Arantza Ruiz
2920,Aranya Kaur
2921,Arap Bethke
2922,Aras Bulut İynemli
2923,Arash Buana
2924,Arash Marandi
2925,Arash Mokhtar
2926,Arashi
2927,Arata Furuta
2928,Arata Iura
2929,Arata Sato
2930,Arav Chowdharry
2931,Arawinda Kirana
2932,Araya A. Hargate
2933,Arbaaz Khan
2934,Arbaz Shaikh
2935,Arcelia Ramírez
2936,Archan Trivedi
2937,Archana Kotwal
2938,Archana Padmini
2939,Archana Puran Singh
2940,Archi Adamos
2941,Archie Alemania
2942,Archie Kao
2943,Archie L. Winston
2944,Archie Panjabi
2945,Archie Renaux
2946,Archit Deodhar
2947,Archit Krishna
2948,Archita Sharma
2949,Arci Muñoz
2950,Arda Taşarcan
2951,Ardal O'Hanlon
2952,Ardell Aryana
2953,Arden Belle
2954,Arden Myrin
2955,Ardhito Pramono
2956,Areen Omari
2957,Arelí González
2958,Aretha Franklin
2959,Arfa Abdel Rassoul
2960,Arfi Lamba
2961,Ari Boyland
2962,Ari Brickman
2963,Ari Cohen
2964,Ari Eldjárn
2965,Ari Graynor
2966,Ari Irham
2967,Ari Ozawa
2968,Ari Shaffir
2969,Ari Sihasale
2970,Aria Birch
2971,Aria Ferris
2972,Aria Pandya
2973,Aria Shahghasemi
2974,Ariadna Cabrol
2975,Ariadna Gil
2976,Arian Moayed
2977,Ariana DeBose
2978,Ariana Grande
2979,Ariana Greenblatt
2980,Ariana Guido
2981,Ariana Molkara
2982,Ariana Neal
2983,Ariana Richards
2984,Ariana Saavedra
2985,Ariane Labed
2986,Ariane Pellicer
2987,Arianne Botelho
2988,Arianne Mavis Uera
2989,Aric Ho
2990,Ariclenes Barroso
2991,Arie Kriting
2992,Arie Untung
2993,Arieh Worthalter
2994,Ariel Goldenberg
2995,Ariel Kavoussi
2996,Ariel Levy
2997,Ariel Lin
2998,Ariel López Padilla
2999,Ariel Mortman
3000,Ariel Rivera
3001,Ariel Staltari
3002,Ariel Texido
3003,Ariel Vaysman
3004,Ariel Winter
3005,Arielle Holmes
3006,Arielle Kebbel
3007,Arif Bahlim
3008,Arif Zakaria
3009,Arifin Putra
3010,Arijit Dutt
3011,Arinzé Kene
3012,Ario Bayu
3013,Arisa Shida
3014,Arisa Takami
3015,Arisara Thongborisut
3016,Arisara Wongchalee
3017,Ariyo Wahab
3018,Ariyon Bakare
3019,Arié Elmaleh
3020,Arja Lee
3021,Arjan Bajwa
3022,Arjo Atayde
3023,Arjun
3024,Arjun Chakrabarty
3025,Arjun Das
3026,Arjun Gupta
3027,Arjun Kapoor
3028,Arjun Mathur
3029,Arjun Rampal
3030,Arjuna Bhalla
3031,Arjunan
3032,Arkadiusz Bazak
3033,Arkadiusz Jakubik
3034,Arkady Sharogradsky
3035,Arkanda Saezario Wicaksono
3036,Arkie Kandola
3037,Arkie Reece
3038,Arlen Escarpeta
3039,Arlene Muchlach
3040,Arlene Muhlach
3041,Arlete Bombe
3042,Arlette Torres
3043,Arlinda Di Baio
3044,Arliss Howard
3045,Armaan Haggio
3046,Armaan Ralhan
3047,Arman Dewarti
3048,Arman Kohli
3049,Arman Saribekyan
3050,Armand Assante
3051,Armand Aucamp
3052,Armand Reyes
3053,Armando Gutierrez
3054,Armando Hernández
3055,Armando Riesco
3056,Armando Said
3057,Armando Silva
3058,Armani Jackson
3059,Armeena Rana Khan
3060,Armen Weitzman
3061,Armida Siguion-Reyna
3062,Armie Hammer
3063,Armin Mueller-Stahl
3064,Armin Rohde
3065,Armin Shimerman
3066,Armistead Maupin
3067,Arnali Das
3068,Arnar Jónsson
3069,Arnar Páll Harðarson
3070,Arnaud Valois
3071,Arndís Hrönn Egilsdóttir
3072,Arnel Taci
3073,Arno Greeff
3074,Arno Morales
3075,Arnold Pinnock
3076,Arnold Reyes
3077,Arnold Ridley
3078,Arnold Schwarzenegger
3079,Arnulfo Reyes Sanchez
3080,Aroha Hafez
3081,Aron Warner
3082,Arpasiri Nitipon
3083,Arpit Chaudhary
3084,Arpita Banerjee
3085,Arpita Vora
3086,Arron Villaflor
3087,"Arsenio ""Sonny"" Trinidad"
3088,Arsenio Hall
3089,Arsh Bajwa
3090,Arshad Mahmud
3091,Arshad Warsi
3092,Arsher Ali
3093,Arshima Thapar
3094,Arsinée Khanjian
3095,Arswendi Bening Swara
3096,Art Acuña
3097,Art Evans
3098,Art Hindle
3099,Art Malik
3100,Art Vasil
3101,Art Wolfe
3102,Artem Kretov
3103,Artemis Pebdani
3104,Artemiy Spiridonov
3105,Arthur Angel
3106,Arthur Aspaturian
3107,Arthur Bostrom
3108,Arthur Brooks
3109,Arthur Cartwright
3110,Arthur Darvill
3111,Arthur Holden
3112,Arthur Hughes
3113,Arthur Lowe
3114,Arthur Miller
3115,Arthur Nightingale
3116,Arthur Sanya
3117,Arthur Shawcross
3118,Artie Lange
3119,Artimus Pyle
3120,Artiwara Kongmalai
3121,Artjom Gilz
3122,Artt Butler
3123,Artur Barciś
3124,Artur Beschastny
3125,Artur Busquets
3126,Arturo Barba
3127,Arturo Carmona
3128,Arturo Castro
3129,Arturo Muselli
3130,Arturo Ríos
3131,Arturo Valls
3132,Artus
3133,Arty Casas
3134,Artyom Tkachenko
3135,Aru Krishansh Verma
3136,Arucha Tosawat
3137,Arul Vincent
3138,Aruldass
3139,Arun Aseng
3140,Arun Bali
3141,Arun Chidambaram
3142,Arun Dravid
3143,Arun Joglekar
3144,Arun Kumar
3145,Arun Mukherjee
3146,Arun Mukhopadhyay
3147,Arun Nalawade
3148,Arun Shekar
3149,Arun Shekher
3150,Arun Vijay
3151,Aruna Irani
3152,Arunima Ghosh
3153,Arunima Sinha
3154,Aruno Tahara
3155,Arunoday Singh
3156,Arush Nand
3157,Arushi Sharma
3158,Arushi Talwar
3159,Arvid Sand
3160,Arvind Deshpande
3161,Arvind Goswami
3162,Arvind Swamy
3163,Arvinder Bhatti
3164,Arwa Gouda
3165,Ary França
3166,Arya
3167,Arya Babbar
3168,Arya Banerjee
3169,Arya Darbahani
3170,Arya Saloka
3171,Aryan Preet
3172,Arzetti Bilbina
3173,Arón Piper
3174,Asa Butterfield
3175,Asabe Madaki
3176,Asahi Uchida
3177,Asako Kobayashi
3178,Asal Deen
3179,Asami Sanada
3180,Asami Seto
3181,Asana Alhassan
3182,Asante Blackk
3183,Asante Jones
3184,Aseel Omran
3185,Aseem Sharma
3186,Asenla Jamir
3187,Ash Chandler
3188,Ash Lendzion
3189,Ash Stymest
3190,Asha Bhende
3191,Asha Bromfield
3192,Asha Kenyeri Bermudez
3193,Asha Parekh
3194,Asha Sachdev
3195,Asha Sarath
3196,Ashalata Wabgaonkar
3197,Ashanth K. Shah
3198,Ashanti
3199,Ashay Chitre
3200,Asheesh Kapur
3201,Asher Bishop
3202,Asher Keddie
3203,Asher Ma
3204,Ashima Narwal
3205,Ashiqa Salvan
3206,Ashira Zamita
3207,Ashish Duggal
3208,Ashish Kakkad
3209,Ashish Sharma
3210,Ashish Verma
3211,Ashish Vidyarthi
3212,Ashlee Brian
3213,Ashleigh Aston Moore
3214,Ashleigh Ball
3215,Ashleigh Hairston
3216,Ashleigh LaThrop
3217,Ashleigh Morghan
3218,Ashleigh Murray
3219,Ashleigh Ross
3220,Ashleigh Sumner
3221,Ashley Argota
3222,Ashley Bell
3223,Ashley Benson
3224,Ashley Blaine Featherson
3225,Ashley Boettcher
3226,Ashley Bornancin
3227,Ashley Chin
3228,Ashley Greene
3229,Ashley Holliday Tavares
3230,Ashley Jackson
3231,Ashley Jensen
3232,Ashley Johnson
3233,Ashley Judd
3234,Ashley Laracey
3235,Ashley Liao
3236,Ashley McGuire
3237,Ashley Monique Clark
3238,Ashley Olsen
3239,Ashley Palmer
3240,Ashley Park
3241,Ashley Pereira
3242,Ashley Rickards
3243,Ashley Roberts
3244,Ashley Rogan
3245,Ashley Scott
3246,Ashley Spillers
3247,Ashley Thomas
3248,Ashley Tisdale
3249,Ashley Walters
3250,Ashley Zukerman
3251,Ashlie Atkinson
3252,Ashlyn Drummond
3253,Ashlyn Madden
3254,Ashlyn Pearce
3255,Ashlyn Selich
3256,Ashok Banthia
3257,Ashok Kumar
3258,Ashok Lokhande
3259,Ashok Pathak
3260,Ashok Samarth
3261,Ashok Saraf
3262,Ashok Selvan
3263,Ashok Shinde
3264,Ashok Sonawane
3265,Ashraf Abdel Baqi
3266,Ashraf Farah
3267,Ashraf Hamdy
3268,Ashraf Nagoo
3269,Ashraf Zaki
3270,Ashrut Jain
3271,Ashton Frank
3272,Ashton Holmes
3273,Ashton Kutcher
3274,Ashton Moio
3275,Ashton Sanders
3276,Ashutosh Gaikwad
3277,Ashutosh Gowariker
3278,Ashutosh Kaushik
3279,Ashutosh Rana
3280,Ashvatt
3281,Ashwani Kumar
3282,Ashwanth Ashok Kumar
3283,Ashwath Bhatt
3284,Ashwin Chitale
3285,Ashwin Dhar
3286,Ashwin Kaushal
3287,Ashwin Mushran
3288,Ashwin Shukla
3289,Ashwini Apte
3290,Ashwini Bhave
3291,Ashwini Giri
3292,Ashwini Kalsekar
3293,Ashwyn Mberi
3294,Asia Argento
3295,Asia Mattu
3296,Asia Ortega
3297,Asia Ortega Leiva
3298,Asier Etxeandia
3299,Asier Etxeandía
3300,Asif Ali
3301,Asif Basra
3302,Asif Khan
3303,Asim Chaudhry
3304,Asin
3305,Asit Kumar Sen
3306,Asivak Koostachin
3307,Ask Mossberg Truelsen
3308,Askar Ameer
3309,Aslam Abad
3310,Aslı Bekiroğlu
3311,Aslı Enver
3312,Aslı Turanlı
3313,Aslı İnandık
3314,Aslıhan Malbora
3315,Asma Abbas
3316,Asmaa Abou El Yazeed
3317,Asmaa Abulyazeid
3318,Asmaa Galal
3319,Asmaa Lazrak
3320,Asmara Abigail
3321,Asrani
3322,Asri Bendacha
3323,Asri Handayani
3324,Asri Welas
3325,Assa Sylla
3326,Assaad Bouab
3327,Asser Yassin
3328,Assi Azar
3329,Assi Levy
3330,Assumpta Serna
3331,Assun Planas
3332,Assunta de Rossi
3333,Aston Droomer
3334,Astrea Lucena
3335,Astrid Bergès-Frisbey
3336,Astrid Hadad
3337,Astrid Whettnall
3338,Astro
3339,Asuka Hanamura
3340,Asuka Kurosawa
3341,Asuka Tanii
3342,Asuman Dabak
3343,Asuman Çakır
3344,Aswathy Lal
3345,Aswathy Manoharan
3346,Aswin Kakamanu
3347,Ata Demirer
3348,Atanas Srebrev
3349,Atchareeya Potipipittanakorn
3350,Atharva
3351,Atharva Karve
3352,Atharva Upasni
3353,Atheena Frizzell
3354,Atheer Adel
3355,Athena Karkanis
3356,Athipich Chutiwatkajornchai
3357,Athiya Shetty
3358,Athulya
3359,Atie Krisnawati
3360,Atikah Suhaime
3361,Atilia Boschetti
3362,Atilla Kiliç
3363,Atiqa Odho
3364,Atiqah Hasiholan
3365,Atmaram Bhende
3366,Ato Blankson-Wood
3367,Ato Essandoh
3368,Atom Shukugawa
3369,Atsadaporn Siriwattanakul
3370,Atsuko Tanaka
3371,Atsumi Tanezaki
3372,Atsushi Abe
3373,Atsushi Arai
3374,Atsushi Goto
3375,Atsushi Imaruoka
3376,Atsushi Tamaru
3377,Atsushi Tamura
3378,Attaporn Teemakorn
3379,Atthaphan Poonsawas
3380,Attharut Krongrasri
3381,Atticus Mitchell
3382,Atticus Shaffer
3383,Atul Kale
3384,Atul Khatri
3385,Atul Kulakarni
3386,Atul Kulkarni
3387,Atul Kumar
3388,Atul Mahale
3389,Atul Parchure
3390,Atul Srivastava
3391,Au Cheuk-Man
3392,Aubrey Cleland
3393,Aubrey Dollar
3394,Aubrey Peeples
3395,Aubrey Plaza
3396,Aubri Ibrag
3397,Aude-Laurence Clermont Biver
3398,Audra McDonald
3399,Audrey
3400,Audrey Bonnet
3401,Audrey Fleurot
3402,Audrey Grace Marshall
3403,Audrey Hepburn
3404,Audrey Pirault
3405,Audrey Tautou
3406,Audrey Wasilewski
3407,Audrie Neenan
3408,Audrina Patridge
3409,Audu Paden
3410,Aufa Assagaf
3411,Augie Duke
3412,Augie Fantinus
3413,August Diehl
3414,August Issac Carter
3415,August Melasz
3416,August Nuñez
3417,August Schellenberg
3418,August Wilson
3419,August Wittgenstein
3420,August Zirner
3421,Augustin Valery
3422,Augustine Frizzell
3423,Augusto Brítez
3424,Augusto Madeira
3425,Augusto Schuster
3426,Augustus Prew
3427,Auli'i Cravalho
3428,Aunjanue Ellis
3429,Aura Cristina Geithener
3430,Aura Garrido
3431,Aure Atika
3432,Aurelie Claudel
3433,Auritra Ghosh
3434,Aurora Burghart
3435,Aurora Gil
3436,Aurora Heimbach
3437,Aurora Perrineau
3438,Aurora Ribero
3439,Aurora Yahya
3440,Aurore Clément
3441,Aury Porto
3442,Aurélia Petit
3443,Aurélie Eliam
3444,Aurélie Moeremans
3445,Aurélien Cotentin
3446,Aurélien Recoing
3447,Aurélien Wiik
3448,"Austin ""Chumlee"" Russell"
3449,Austin Abell
3450,Austin Abrams
3451,Austin Amelio
3452,Austin Basis
3453,Austin Butler
3454,Austin Crute
3455,Austin Enabulele
3456,Austin Fryberger
3457,Austin Highsmith
3458,Austin Hébert
3459,Austin McKenzie
3460,Austin North
3461,Austin O'Brien
3462,Austin Obiajunwa
3463,Austin Pendleton
3464,Austin Ramsey
3465,Austin St. John
3466,Austin Stowell
3467,Austin Swift
3468,Autumn Federici
3469,Ava Acres
3470,Ava Briglia
3471,Ava DeMary
3472,Ava DuVernay
3473,Ava Eisenson
3474,Ava Hughes
3475,Ava Kolker
3476,Ava Liu
3477,Ava Michelle
3478,Avan Jogia
3479,Avani Modi
3480,Avantika Akerkar
3481,Avantika Vandanapu
3482,Avery Arendes
3483,Avery Brooks
3484,Avery Whitted
3485,Avi Nash
3486,Avi Shnaidman
3487,Avicii
3488,Avii
3489,Aviis Zhong
3490,Avijit Dutt
3491,Avika Gor
3492,Avin Manshadi
3493,Avinash Raghudevan
3494,Avinash Tiwary
3495,Avishma Lohith
3496,Aviv Buchler
3497,Aviva Baumann
3498,Avraham Aviv Alush
3499,Avril Lavigne
3500,Avrinder Kaur
3501,Avtar Gill
3502,Avu-chan
3503,Avy Randhawa
3504,Awaovieyi Agie
3505,Awat Ratanapintha
3506,Awie
3507,Awkwafina
3508,Awra Briguela
3509,Awwe
3510,Axel Arenas
3511,Axel Matthew
3512,Axel Muñiz
3513,Axel Stein
3514,Axel Werner
3515,Axelle Laffont
3516,Axle McCoy
3517,Aya Asahina
3518,Aya Cash
3519,Aya Endo
3520,Aya Furukawa
3521,Aya Hirano
3522,Aya Hisakawa
3523,Aya Suzaki
3524,Ayah Samaha
3525,Ayahi Takagaki
3526,Ayaka Asai
3527,Ayaka Miyoshi
3528,Ayaka Nanase
3529,Ayaka Saito
3530,Ayaka Suwa
3531,Ayako Kawasumi
3532,Ayako Takamura
3533,Ayako Takeuchi
3534,Ayame Misaki
3535,Ayana Taketatsu
3536,Ayane Sakura
3537,Ayano Kinashi
3538,Ayaz Khan
3539,Ayaz Samoo
3540,Aybars Kartal Özson
3541,Ayberk Atilla
3542,Ayberk Attila
3543,Aybike Turan
3544,Aybüke Pusat
3545,Aycan Koptur
3546,Ayda Aksel
3547,Aydan Taş
3548,Ayden Mayeri
3549,Ayelet Zurer
3550,Ayesha
3551,Ayesha Jhulka
3552,Ayesha Khan
3553,Ayesha Omer
3554,Ayesha Raza Mishra
3555,Ayesha Singh
3556,Ayesha Takia
3557,Ayesha Wolasmal
3558,Ayhan Kavas
3559,Ayhan Taş
3560,Ayisha Issa
3561,Ayisha Siddiqi
3562,Ayize Ma'at
3563,Aylin Kontante
3564,Aylín Mujica
3565,Ayman Kandil
3566,Ayman Mabrouk
3567,Aymee Garcia
3568,Aymen Hamdouchi
3569,Aymeric Jett Montaz
3570,Ayo Adesanya
3571,Ayo Akinwale
3572,Ayo Ayoola Ayolola
3573,Ayo Ewebiyi
3574,Ayo Makun
3575,Ayo Mogaji
3576,Ayo Ogunshina
3577,Ayoola Ayolola
3578,Ayra
3579,Ayrton Senna
3580,Aysegül Günay
3581,Aysha Shahaltough
3582,Aytaç Uşun
3583,Ayten Amer
3584,Ayten Gökçer
3585,Ayten Soykök
3586,Ayten Uncuoglu
3587,Ayten Uncuoğlu
3588,Ayu Azhari
3589,Ayu Dyah Pasha
3590,Ayu Laksmi
3591,Ayub Khan
3592,Ayub Khoso
3593,Ayumi Fujimura
3594,Ayumi Mano
3595,Ayumi Roux
3596,Ayumu Mochizuki
3597,Ayumu Murase
3598,Ayumu Okamura
3599,Ayushita
3600,Ayushmann Khurrana
3601,Ayça Ayşin Turan
3602,Ayça Damgacı
3603,Ayça Eren
3604,Ayça Erturan
3605,Ayça İnci
3606,Ayçe Abana
3607,Ayşegül Akdemir
3608,Ayşen Gruda
3609,Ayşenil Şamlıoğlu
3610,Ayşenur Yazıcı
3611,Azad Jazmin
3612,Azalia Ortiz
3613,Azealia Banks
3614,Azeen Ghorayshi
3615,Azeez Khayoun
3616,Azekah Daniel
3617,Azela Robinson
3618,Azhagamperumal
3619,Azhan Rani
3620,Azhy Robertson
3621,Azim Rizk
3622,Aziz Akazim
3623,Aziz Ansari
3624,Aziz Dyab
3625,Aziza Helmy
3626,Azizah Hanum
3627,Azman Zulkiply
3628,Azul Lombardía
3629,Azumi Asakura
3630,Azura Skye
3631,Azusa Babazono
3632,Azwile Chamane
3633,Azwir Fitrianto
3634,Azzurra Iacone
3635,Açelya Topaloğlu
3636,Aída Morales
3637,Aïcha Ben Ahmed
3638,Aïssa Maïga
3639,Aňa Geislerová
3640,B-Bomb
3641,B-Fine
3642,B-Real
3643,B.B. Verma
3644,B.J. Britt
3645,B.J. Novak
3646,B.J. Ward
3647,B.N. Sharma
3648,B1A4
3649,BD Wong
3650,BIn Gu
3651,BJ Mitchell
3652,BJ Verot
3653,BNK48
3654,BTS
3655,Ba Yu
3656,Baaj Adebule
3657,Baard Owe
3658,Baba Brahmbhatt
3659,Baba Sehgal
3660,Babajide Alimison
3661,Babak Ghassim
3662,Babak Karimi
3663,Babatunde Aiyegbusi
3664,Babe Cabita
3665,Babetida Sadjo
3666,Babou Ceesay
3667,Babou Cham
3668,Babrak Akbari
3669,Babs Olusanmokun
3670,Baburaj
3671,Baby Bátiz
3672,Baby Gazala
3673,Baby Maya
3674,Babyjohn Choi
3675,Bada Oh Deniz
3676,Bade İşçil
3677,Bader Haddad
3678,Badih Abou Chakra
3679,Badjie Mortiz
3680,Badmus Olakunle
3681,Badr Nofal
3682,Badria Tolba
3683,Badriya Tolba
3684,Badriyyah Tulbah
3685,Badrul Islam
3686,Bae Doona
3687,Bae Hae-sun
3688,Bae Jin-hong
3689,Bae Jong-ok
3690,Bae Seong-woo
3691,Bae Soo-bin
3692,Bae Suzy
3693,Bae Yoon-kyung
3694,Baek Hyeon-jin
3695,Baek Hyun-joo
3696,Baek Sung-hyun
3697,Baek Yeong-gwang
3698,Baek Yoon-sik
3699,Bagavathi Perumal
3700,Bahar Şahin
3701,Bahle Mashinini
3702,Bahni Turpin
3703,Bahri Beyat
3704,Bahtiyar Engin
3705,Bai Jinting
3706,Bai Ling
3707,Baik Ji-won
3708,Bailee Madison
3709,Bailey Anne Borders
3710,Bailey Chase
3711,Bailey Gambertoglio
3712,Bailey Noble
3713,Bailey Pelkman
3714,Baim Wong
3715,Bajrangbali Singh
3716,Bakary Diombera
3717,Balachandran Chullikadu
3718,Balaji Manohar
3719,Balinder Johal
3720,Baljinder Darapuri
3721,Baljinder Kaur
3722,Balkaran Wadding
3723,Ball Chernyim
3724,Balthazar Murillo
3725,Balu Varghese
3726,Bam Pakakanya Charoenyos
3727,Bambadjan Bamba
3728,Ban Halaweh
3729,Ban Ma
3730,Banita Lagun
3731,Banita Thakuriya
3732,Banjo Ginga
3733,Banky Wellington
3734,Banu Manioğlu
3735,Bao Wenjing
3736,Bappi Lahiri
3737,Baptiste Gilliéron
3738,Baptiste Lorber
3739,Bar Refaeli
3740,Baraa Alem
3741,Baraka Rahmani
3742,Baran Akbulut
3743,Barbara Babcock
3744,Barbara Cabrita
3745,Barbara Chichiarelli
3746,Barbara Chojecka
3747,Barbara Crampton
3748,Barbara Eve Harris
3749,Barbara Flynn
3750,Barbara Garrick
3751,Barbara Goodson
3752,Barbara Gouskos
3753,Barbara Hershey
3754,Barbara Jefford
3755,Barbara King
3756,Barbara Mamabolo
3757,Barbara Niven
3758,Barbara Nüsse
3759,Barbara Ramella
3760,Barbara Rosenblat
3761,Barbara Sarafian
3762,Barbara Scaff
3763,Barbara Scolaro
3764,Barbara Torres
3765,Barbara Troy
3766,Barbara Tyson
3767,Barbara Weber-Scaff
3768,Barbara Windsor
3769,Barbara Wypych
3770,Barbarao
3771,Barbora Bobulova
3772,Barbora Mudrochova
3773,Barbra Streisand
3774,Barbro Svensson
3775,Barclay Hope
3776,Barkha Singh
3777,Barkhad Abdi
3778,Barnaby Carpenter
3779,Barnie Duncan
3780,Baron Chen
3781,Baron Geisler
3782,Baron Vaughn
3783,Barrett Doss
3784,Barrie Dunn
3785,Barry Aird
3786,Barry Atsma
3787,Barry Bostwick
3788,Barry Brewer
3789,Barry Coe
3790,Barry Corbin
3791,Barry Dennen
3792,Barry G. Bernson
3793,Barry Humphries
3794,Barry Jenkins
3795,Barry John
3796,Barry Keoghan
3797,Barry Levinson
3798,Barry Livingston
3799,Barry Martin
3800,Barry Otto
3801,Barry Pearl
3802,Barry Pepper
3803,Barry Qu
3804,Barry Rothbart
3805,Barry Tubb
3806,Barry Ward
3807,Bart Bordelon
3808,Barton Cowperthwaite
3809,Bartosz Bielenia
3810,Bartu Küçükçağlayan
3811,Bartłomiej Kotschedoff
3812,Bartłomiej Topa
3813,Barun Chanda
3814,Barun Sobti
3815,Barış Arduç
3816,Barış Falay
3817,Barış Kılıç
3818,Barış Yıldız
3819,Bas Rutten
3820,Basak Köklükaya
3821,Bashar Abd Alah
3822,Bashar al-Shatti
3823,Bashir Lone
3824,Basil Eidenbenz
3825,Basil Harris
3826,Basil Joseph
3827,Basma Ahmad
3828,Basma Yasser
3829,Bass Dhem
3830,Bassam Moughneih
3831,Bassel Alzaro
3832,Bassel El Kadi
3833,Bassel Khaiat
3834,Bassel Khayyat
3835,Bassem Moughnie
3836,Bassem Samra
3837,Bassey Okon
3838,Bassima Hamada
3839,Bastian Bintang Simbolon
3840,Bastian Steel
3841,Bastille
3842,Bastián Inostroza
3843,Batekoo
3844,Bathsheba Garnett
3845,Bautista Lena
3846,Bayardo De Murguia
3847,Bayley Corman
3848,Bayoumi Fouad
3849,Bayray McNwizu
3850,Bayron Lebli
3851,Bayu Skak
3852,Bayyumi Fuad
3853,Baz Luhrmann
3854,Başak Köklükaya
3855,Başak Parlak
3856,Bea
3857,Bea Alonzo
3858,Bea Hayden Kuo
3859,Bea Santos
3860,Bea Segura
3861,Beanie Feldstein
3862,Bear Grylls
3863,Beata Nowicka
3864,Beatrice Alda
3865,Beatrice Arnera
3866,Beatrice Chien
3867,Beatrice Fang
3868,Beatrice Grannò
3869,Beatrice Macola
3870,Beatrice Ordeix
3871,Beatrice Rosen
3872,Beatrice Winde
3873,Beatriz Medina
3874,Beatriz Olivares
3875,Beatriz Saw
3876,Beatriz Spelzini
3877,Beattie Edmondson
3878,Beau Bridges
3879,Beau Brooks
3880,Beau DeMayo
3881,Beau Fowler
3882,Beau Garrett
3883,Beau Knapp
3884,Beau Sia
3885,Beauty Gonzalez
3886,Bebe Cave
3887,Bebe Neuwirth
3888,Bebe Rexha
3889,Bebeto Leutually
3890,Beby Tsabina
3891,Becca Gardner
3892,Becca Lish
3893,Becci Gemmell
3894,Beck
3895,Beck Bennett
3896,Becky
3897,Becky Ann Baker
3898,Becky G.
3899,Becky Takang
3900,Bede Skinner
3901,Bedia Ener
3902,Bedir Bedir
3903,Bee Vang
3904,Beena
3905,Beena Kak
3906,Begoña Vargas
3907,Begê Muniz
3908,Begüm Birgören
3909,Begüm Kütük
3910,Begüm Öner
3911,Behi Djanati Atai
3912,Behroze Sabzwari
3913,Bel Powley
3914,Bela B. Felsenheimer
3915,Bela Bose
3916,Bela Padilla
3917,Belen Blanco
3918,Belinda Effah
3919,Belinda Lee
3920,Belinda McClory
3921,Belinda Stewart-Wilson
3922,Belissa Escobedo
3923,Bell Ngasri
3924,Bella Aboulhosn
3925,Bella Band
3926,Bella Dally
3927,Bella Dayne
3928,Bella Nazari
3929,Bella Ramsey
3930,Bella Thorne
3931,Bellamine Abdelmalek
3932,Bellamy Young
3933,Belle Mariano
3934,Belle Shouse
3935,Belçim Bilgin
3936,Belén Chavanne
3937,Belén Cuesta
3938,Belén Fabra
3939,Belén López
3940,Belén Rueda
3941,Belén Soto
3942,Belén Écija
3943,Bembol Roco
3944,Ben Addis
3945,Ben Affleck
3946,Ben Barnes
3947,Ben Batt
3948,Ben Bennett
3949,Ben Bledsoe
3950,Ben Browder
3951,Ben Caplan
3952,Ben Cartwright
3953,Ben Chaplin
3954,Ben Cross
3955,Ben Cura
3956,Ben Daniels
3957,Ben Diskin
3958,Ben Esler
3959,Ben Feldman
3960,Ben Ferencz
3961,Ben Fogle
3962,Ben Foster
3963,Ben Freeman
3964,Ben Gleib
3965,Ben Hardy
3966,Ben Hoffman
3967,Ben Hyland
3968,Ben Johnson
3969,Ben Kingsley
3970,Ben Konigsberg
3971,Ben Lamb
3972,Ben Lawson
3973,Ben Lee
3974,Ben Lloyd-Hughes
3975,Ben McKenzie
3976,Ben Mendelsohn
3977,Ben Miles
3978,Ben Miller
3979,Ben Moor
3980,Ben Munoz
3981,Ben Münchow
3982,Ben Ng
3983,Ben Nwosu
3984,Ben O'Toole
3985,Ben Oxenbould
3986,Ben Platt
3987,Ben Pronsky
3988,Ben Rausch
3989,Ben Robson
3990,Ben Rosenfield
3991,Ben Savage
3992,Ben Schnetzer
3993,Ben Schwartz
3994,Ben Seidman
3995,Ben Shenkman
3996,Ben Small
3997,Ben Spence
3998,Ben Stein
3999,Ben Stiller
4000,Ben Sullivan
4001,Ben Temple
4002,Ben Touitou
4003,Ben Turner
4004,Ben VanderMey
4005,Ben Whishaw
4006,Ben Wong
4007,Ben Wu
4008,Ben York Jones
4009,Benaissa Lamroubal
4010,Bendor Grosvenor
4011,Benedetta Porcaroli
4012,Benedict Cumberbatch
4013,Benedict Samuel
4014,Benedict Wong
4015,Benedikte Hansen
4016,Benicio Del Toro
4017,Benito Martinez
4018,Benjamin A. Onyango
4019,Benjamin Abras
4020,Benjamin Alves
4021,Benjamin Barrett
4022,Benjamin Biolay
4023,Benjamin Bradley
4024,Benjamin Bratt
4025,Benjamin Chan
4026,Benjamin Charles Watson
4027,Benjamin Dickey
4028,Benjamin Evan Ainsworth
4029,Benjamin Flores Jr.
4030,Benjamin Gilani
4031,Benjamin H. Wang
4032,Benjamin Haigh
4033,Benjamin Helstad
4034,Benjamin Israel
4035,Benjamin King
4036,Benjamin Kitter
4037,Benjamin Kyalo
4038,Benjamin Lim
4039,Benjamin Lutzke
4040,Benjamin Nathan-Serio
4041,Benjamin O'Mahony
4042,Benjamin Papac
4043,Benjamin Pascal
4044,Benjamin Pronsky
4045,Benjamin Sadler
4046,Benjamin Shaps
4047,Benjamin Siksou
4048,Benjamin Tranié
4049,Benjamin Walker
4050,Benjamin Yuen
4051,Benjamín Alfonso
4052,Benjamín Amadeo
4053,Benjamín Vicuña
4054,Benjie Randall
4055,Benn Northover
4056,Benno Roßkopf
4057,Benny Emmanuel
4058,Benny Golson
4059,Benny Hill
4060,Benny Safdie
4061,Benny Vadakkan
4062,Benoît Allemane
4063,Benoît Magimel
4064,Benoît Pilot
4065,Benoît Poelvoorde
4066,Benson Jack Anthony
4067,Bensu Soral
4068,Bent Mejding
4069,Bente Fokkens
4070,Bentley Green
4071,Bentley Kalu
4072,Benu Kalsi
4073,Beo Rana Zafar
4074,Beom-su Lee
4075,Beppe Fiorello
4076,Beppe Grillo
4077,Berat Efe Parlar
4078,Berat Yenilmez
4079,Beren Saat
4080,Berg Lee
4081,Berglind Rós Sigurðardóttir
4082,Bergur Ebbi
4083,Bergur Þór Ingólfsson
4084,Berk Hakman
4085,Berkan Şal
4086,Berke Üzrek
4087,Berkley Silverman
4088,Berna Konur
4089,Berna Koraltürk
4090,Bernabé Fernández
4091,Bernadette Hodeib
4092,Bernadette L. Clarke
4093,Bernadette Peters
4094,Bernard Curry
4095,Bernard D. Jones
4096,Bernard Hill
4097,Bernard Palanca
4098,Bernard Shen Jun
4099,Bernard Spear
4100,Bernard Yerlès
4101,Bernat Quintana
4102,Bernd Hölscher
4103,Bernd Siefert
4104,Bernhard Schütz
4105,Bernice Stegers
4106,Bernie Casey
4107,Bernie Mac
4108,Berrak Kuş
4109,Berrak Tüzünataç
4110,Bert Kreischer
4111,Bert Stephan
4112,Berta Castañé
4113,Berta Garcia
4114,Berta Khapava
4115,Berta Vázquez
4116,Bertie Carvel
4117,Berto Romero
4118,Bertrand Cadart
4119,Bertrand Constant
4120,Bertrand Liebert
4121,Bertrand-Xavier Corbi
4122,Bess Armstrong
4123,Bess Meyer
4124,Bessarion Udesiani
4125,Bessart Kallaku
4126,Bessie Carter
4127,Bestemsu Özdemir
4128,Beth Armstrong
4129,Beth Chalmers
4130,Beth Cordingly
4131,Beth Dover
4132,Beth Goulart
4133,Beth Grant
4134,Beth Kennedy
4135,Beth Lacke
4136,Beth Littleford
4137,Beth Riesgraf
4138,Beth Stelling
4139,Bethany Antonia
4140,Bethany Brown
4141,Bethany Hamilton
4142,Betiana Blum
4143,Betsy Baker
4144,Betsy Brandt
4145,Betsy Sodaro
4146,Betsy Turnez
4147,Bettany Hughes
4148,Bette Midler
4149,Bettina Devin
4150,Betty Bellor
4151,Betty Buckley
4152,Betty Chung
4153,Betty Field
4154,Betty Gabriel
4155,Betty Gilpin
4156,Betty Pedrazzi
4157,Betty Ting Pei
4158,Betty White
4159,Beverley Breuer
4160,Beverly Archer
4161,Beverly D'Angelo
4162,Beverly Hills
4163,Beverly Johnson
4164,Beverly Naya
4165,Beverly Osu
4166,Beverly Salviejo
4167,Beverly Todd
4168,Bevin Bru
4169,Bex Taylor-Klaus
4170,Beyoncé Knowles-Carter
4171,Bhagath Baby Manuel
4172,Bhagwan Tiwari
4173,Bhagyashree
4174,Bhagyashree Pandit
4175,Bhakti
4176,Bhakti Shalini
4177,Bhalchandra Kadam
4178,Bhama
4179,Bhanu Uday
4180,Bharani Shankar
4181,Bharat Chawda
4182,Bharat Dabholkar
4183,Bharat Ganeshpure
4184,Bharat Jadhav
4185,Bharat Kapoor
4186,Bharat Kaul
4187,Bharath Seeni
4188,Bharath Srinivasan
4189,Bharati Achrekar
4190,Bharati Patil
4191,Bhargavi Chirmuley
4192,Bharti Aacharekar
4193,Bharti Singh
4194,Bhasaworn Bawronkirati
4195,Bhaskar Jha
4196,Bhaswar Chatterjee
4197,Bhavani Lee
4198,Bhavani Prakash
4199,Bhavani Sre
4200,Bhavika Bhasin
4201,Bhavkhandan Singh Rakhra
4202,Bhavna Chauhan
4203,Bhavna Khatri
4204,Bhed Sinha
4205,Bheki Mkwane
4206,Bhisma Mulia
4207,Bholaraj Sapkota
4208,Bhoomika Chawla
4209,Bhumi Pednekar
4210,Bhumibhat Thavornsiri
4211,Bhupendra Jadawat
4212,Bhupesh Pandya
4213,Bhushan Manjule
4214,Bhushan Vikas
4215,Bhuvan Arora
4216,Bi shonen
4217,Biagio Forestieri
4218,Biagio Izzo
4219,Bian Jiang
4220,Bianca Bai
4221,Bianca Balti
4222,Bianca Brigitte VanDamme
4223,Bianca Byington
4224,Bianca Comparato
4225,Bianca Hello
4226,Bianca Hunter
4227,Bianca Kajlich
4228,Bianca Leigh
4229,Bianca Matthews
4230,Bianca Santos
4231,Bianca Ugo
4232,Biassini Segura
4233,Bibeth Orteza
4234,Bibi Besch
4235,Bican Günalan
4236,Biddy Hodson
4237,Bidemi Kosoko
4238,Bidita Bag
4239,Bidya Sinha Mim
4240,Bie Ruaro
4241,Biel Montoro
4242,Bienvenu Neba
4243,Big Boy
4244,Big Jay Oakerson
4245,Big Sean
4246,Bige Önal
4247,Bigflo & Oli
4248,Bii
4249,Biichi Sato
4250,Bijan Daneshmand
4251,Bijesh Jayarajan
4252,Bijou Thaangjam
4253,Biju Sopanam
4254,Bijukuttan
4255,Bikiya Graham Douglas
4256,Bikram Chatterjee
4257,Bikram Choudhury
4258,Bikram Saluja
4259,Bikramjeet Kanwarpal
4260,Bikramjeet Singh
4261,Bil Azali
4262,Bilal Ashraf
4263,Bilal Hussain
4264,Bilal Wahib
4265,Bilel Chegrani
4266,Bilge Sen
4267,Bilge Şen
4268,Bill Allen
4269,Bill Baldwin
4270,Bill Barretta
4271,Bill Bellamy
4272,Bill Burr
4273,Bill Camp
4274,Bill Clinton
4275,Bill Corbett
4276,Bill Cosby
4277,Bill Courtney
4278,Bill Duke
4279,Bill Fagerbakke
4280,Bill Ferguson
4281,Bill Gates
4282,Bill Goldberg
4283,Bill Hader
4284,Bill Heck
4285,Bill Hicks
4286,Bill Hunter
4287,Bill Irwin
4288,Bill Kurtis
4289,Bill Lader
4290,Bill Lobley
4291,Bill Macy
4292,Bill Maher
4293,Bill Martin Williams
4294,Bill McKinney
4295,Bill Milner
4296,Bill Morey
4297,Bill Moseley
4298,Bill Moyers
4299,Bill Murray
4300,Bill Newton
4301,Bill Nighy
4302,Bill Nunn
4303,Bill Nye
4304,Bill Oberst Jr.
4305,Bill Paterson
4306,Bill Paxton
4307,Bill Pertwee
4308,Bill Pullman
4309,Bill Raymond
4310,Bill Rogers
4311,Bill Romanowski
4312,Bill Sage
4313,Bill Skarsgård
4314,Bill Smitrovich
4315,Bill Tangradi
4316,Bill Thomas
4317,Bill Tung
4318,Bill Vincent
4319,Bill Wise
4320,Billie Blain
4321,Billie Joe Armstrong
4322,Billie Lourde
4323,Billie Merritt
4324,Billie Piper
4325,Billie Whitelaw
4326,Billy Angel
4327,Billy Bob Thompson
4328,Billy Bob Thornton
4329,Billy Boyd
4330,Billy Breed
4331,Billy Brown
4332,Billy Burke
4333,Billy Campbell
4334,Billy Connolly
4335,Billy Cox
4336,Billy Crawford
4337,Billy Crudup
4338,Billy Crystal
4339,Billy Drago
4340,Billy Eichner
4341,Billy Fane
4342,Billy Forester
4343,Billy Gardell
4344,Billy Graham
4345,Billy Green Bush
4346,Billy Howle
4347,Billy James Machin
4348,Billy Kametz
4349,Billy MacLellan
4350,Billy Magnussen
4351,Billy Meade
4352,Billy Porter
4353,Billy Powell
4354,Billy Ray Cyrus
4355,Billy Schneider
4356,Billy Tyler
4357,Billy West
4358,Billy Zane
4359,Bim Adewunmi
4360,Bimbo Ademoye
4361,Bimbo Akintola
4362,Bimbo Manuel
4363,Bimby Aquino-Yap
4364,Bimen Zartar
4365,Bin Shimada
4366,Bindiya Goswami
4367,Bindu
4368,Bing Crosby
4369,Bing Pimental
4370,Bing Pimentel
4371,Bing Yin
4372,Bingkun Cao
4373,Binnu Dhillon
4374,Binnur Kaya
4375,Binny Rinky Benjamin
4376,Binod Pradhan
4377,Bintang Emon
4378,Biodun Stephen
4379,Bipasha Basu
4380,Bipin Gupta
4381,Bir Sakuja
4382,Birand Tunca
4383,Birce Akalay
4384,Birdie Sweeney
4385,Birgitte Hjort Sorensen
4386,Birgitte Hjort Sørensen
4387,Birkan Sokullu
4388,Birna Rún Eiríksdóttir
4389,Birva Pandya
4390,Bishop Stevens
4391,Bisola Aiyeola
4392,Biswajit Chakraborty
4393,Biswanath Basu
4394,Biswapati Sarkar
4395,Bitto Davis
4396,Bjarke Ingels
4397,Bjarne Henriksen
4398,Bjarne Mädel
4399,Bjorn Stewart
4400,Björn Granath
4401,Björn Hlynur Haraldsson
4402,Björn Kjellman
4403,Björn Mosten
4404,Björn Stefánsson
4405,Björn Thors
4406,Bjørn Skagestad
4407,Bjørnar Teigen
4408,Blac Youngsta
4409,Black Deniro
4410,Black Pandi
4411,Blackie Rose
4412,Blackpink
4413,Blaine Kern III
4414,Blair Brown
4415,Blair Fowler
4416,Blair Strang
4417,Blair Underwood
4418,Blaire Brooks
4419,Blaire Chang
4420,Blaise Afonso
4421,Blake Anderson
4422,Blake Burt
4423,Blake Clark
4424,Blake Foster
4425,Blake Gray
4426,Blake Griffin
4427,Blake Harrison
4428,Blake Jenner
4429,Blake Lively
4430,Blake Michael
4431,Blake Scott
4432,Blake Sheldon
4433,Blake Shelton
4434,Blake Shepard
4435,Blake Tuomy-Wilhoit
4436,Blanca Lewin
4437,Blanca Ligia Franco
4438,Blanca Portillo
4439,Blanca Soto
4440,Blanca Suárez
4441,Blanche Baker
4442,Blanche Gardin
4443,Blanche Veisberg
4444,Blanche Williams
4445,Blessing Lung'Aho
4446,Blessing Onolleka
4447,Blessing Onwukwe
4448,Blossom Chukwujekwu
4449,Blu Hunt
4450,Blu Mankuma
4451,Blue Chapman
4452,Blue Lan
4453,Blythe Danner
4454,Bo Burnham
4455,Bo Derek
4456,Bo Gritz
4457,Bo Hopkins
4458,Bo Martyn
4459,Bo Yan
4460,Bo-hyun Ahn
4461,Bo-ra Hwang
4462,Bo-ra Nam
4463,Boaz Konforty
4464,Bob Balaban
4465,Bob Brisbane
4466,Bob Burns
4467,Bob Christo
4468,Bob Clendenin
4469,Bob Cole
4470,Bob Dylan
4471,Bob Frazer
4472,Bob Golding
4473,Bob Gunton
4474,Bob Hoskins
4475,Bob Irvine
4476,Bob Isaacs
4477,Bob Koherr
4478,Bob Martin
4479,Bob Morley
4480,Bob Odenkirk
4481,Bob Papenbrook
4482,Bob Ross
4483,Bob Rubin
4484,Bob Saget
4485,Bob Stephenson
4486,Bob Stoop
4487,Bob Weir
4488,Bob West
4489,Bob van der Palen
4490,Bobb'e J. Thompson
4491,Bobbi Jene Smith
4492,Bobby Andrews
4493,Bobby Berk
4494,Bobby Brown
4495,Bobby Campo
4496,Bobby Cannavale
4497,Bobby Deol
4498,Bobby Dou
4499,Bobby Field
4500,Bobby Hanson
4501,Bobby Lee
4502,Bobby Moynihan
4503,Bobby Naderi
4504,Bobby Robson
4505,Bobby Samuel
4506,Bobby Sandhu
4507,Bobby Schofield
4508,Bobby Simha
4509,Bobby Tonelli
4510,Bobby van Jaarsveld
4511,Bobcat Goldthwait
4512,Bogart Kenny
4513,Bogdan Iancu
4514,Bogdan Nechifor
4515,Bogdan Stypka
4516,Bogden Farcas
4517,Bogusz Bilewski
4518,Bohang Moeko
4519,Boipelo Nokukhanya Tau
4520,Bojana Novakovic
4521,Bok-gi Min
4522,Bokeem Woodbine
4523,Bolaji Amusan
4524,Bolaji Ogunmola
4525,Bolly Lomo
4526,Bolo Yeung
4527,Boloram Das
4528,Boman Irani
4529,Boman Oscarsson
4530,Bomma Sreedhar
4531,Bommie Catherine Han
4532,Bommu Lakshmi
4533,Bongani Dlamin
4534,Bongile Mantsai
4535,Bonnie Hay
4536,Bonnie Hunt
4537,Bonnie Johnson
4538,Bonnie Morgan
4539,Bonnie Somerville
4540,Bonnie Wang
4541,Booboo Stewart
4542,Boonsong Nakphoo
4543,Boori Monty Pryor
4544,Boots Anson-Roa
4545,Bora Akkaş
4546,Bora Cengiz
4547,Boriboon Chanrueng
4548,Boris Abramov
4549,Boris Bokir
4550,Boris Burnell Anderson
4551,Boris Kodjoe
4552,Boris Kutnevich
4553,Boris McGiver
4554,Boris Ruiz
4555,Boris Terral
4556,Boris Van Severen
4557,Borja Luna
4558,Borys Szyc
4559,Boshra
4560,Bosskey
4561,Bosy
4562,Bothaina Kamel
4563,Botho Molohloane
4564,Boubker Ait El Caid
4565,Bouchaib Essamak
4566,Boulet Brothers
4567,Bouli Lanners
4568,Bouthayna Al Raesi
4569,Boutros Ghaly
4570,Bovi Ugboma
4571,Bowie Lam
4572,Bowlegged Lou
4573,Boy Olmi
4574,Boyd Holbrook
4575,Boyz II Men
4576,Brad Beyer
4577,Brad Bird
4578,Brad Davis
4579,Brad Dourif
4580,Brad Fiorenza
4581,Brad Garrett
4582,Brad Grusnick
4583,Brad Hawkins
4584,Brad Hyland
4585,Brad James
4586,Brad Kalilimoku
4587,Brad Leland
4588,Brad Morris
4589,Brad Paisley
4590,Brad Pitt
4591,Brad Potts
4592,Brad Savage
4593,Brad Schmidt
4594,Brad Silverman
4595,Brad Swaile
4596,Brad Venable
4597,Brad William Henke
4598,Brad Williams
4599,Bradley Bissett
4600,Bradley Bundlie
4601,Bradley Cooper
4602,Bradley Gordon
4603,Bradley Hamilton
4604,Bradley James
4605,Bradley Steven Perry
4606,Bradley Stryker
4607,Bradley Venable
4608,Bradley Whitford
4609,Brady Brophy
4610,Brady Corbet
4611,Brady Jenness
4612,Brady Moffatt
4613,Brady Permenter
4614,Brady Reiter
4615,Braeden Fox
4616,Braeden Lemasters
4617,Braedyn Bruner
4618,Braelyn Kelly
4619,Brahim Achabbakhe
4620,Brahm Bhardwaj
4621,Brahmaji
4622,Branden Coles
4623,Brandi Carlile
4624,Brandi Chastain
4625,Brando Eaton
4626,Brando Pacitto
4627,Brandon Auret
4628,Brandon Boyce
4629,Brandon Butler
4630,Brandon Fellows
4631,Brandon Fierro
4632,Brandon Flynn
4633,Brandon Ingram
4634,Brandon Jay McLaren
4635,Brandon Johnson
4636,Brandon Kyle Goodman
4637,Brandon Larracuente
4638,Brandon Lee
4639,Brandon Michael Hall
4640,Brandon Miller
4641,Brandon Molale
4642,Brandon P. Bell
4643,Brandon Perea
4644,Brandon Rosas
4645,Brandon Routh
4646,Brandon Salim
4647,Brandon Scott
4648,Brandon Semenuk
4649,Brandon Sklenar
4650,Brandon Soo Hoo
4651,Brandon T. Jackson
4652,Brandon Thomas Lee
4653,Brandon Vera
4654,Brandon Wardell
4655,Brandon Weaver
4656,Brandon Winckler
4657,Brandy Norwood
4658,Branford Marsalis
4659,Branka Katić
4660,Branscombe Richmond
4661,Bratya Basu
4662,Brave Williams
4663,Brays Efe
4664,Bre-Z
4665,Breanna Yde
4666,Brec Bassinger
4667,Brecken Palmer
4668,Breckin Meyer
4669,Bree Turner
4670,Bree Wasylenko
4671,Breeda Wool
4672,Breffini McKenna
4673,Brely Evans
4674,Brenda Fricker
4675,Brenda Grate
4676,Brenda Song
4677,Brenda Vaccaro
4678,Brenda Wairimu
4679,BrendaSykes
4680,Brendan Coyle
4681,Brendan Donaldson
4682,Brendan Fairclough
4683,Brendan Fehr
4684,Brendan Fletcher
4685,Brendan Fraser
4686,Brendan Gleeson
4687,Brendan King
4688,Brendan McCarthy
4689,Brendan Meyer
4690,Brendan Mullins
4691,Brendan O'Rourke
4692,Brendan Scannell
4693,Brendan Sexton III
4694,Brendan Taylor
4695,Brendee Green
4696,Brendon Daniels
4697,Brendon Mcdonnell
4698,Brendon Sunderland
4699,Brenna Harding
4700,Brenna Sherman
4701,Brennan Clost
4702,Brennan Elliott
4703,Brennan Mejia
4704,Brennan Murray
4705,Brennley Brown
4706,Breno Viola
4707,Brent Anderson
4708,Brent Braunschweig
4709,Brent Briscoe
4710,Brent Chapman
4711,Brent Langdon
4712,Brent Miller
4713,Brent Morin
4714,Brent Pendergrass
4715,Brent Roam
4716,Brent Spiner
4717,Brent Werzner
4718,Brenton Thwaites
4719,Brené Brown
4720,Bresha Webb
4721,Brett Cullen
4722,Brett Dalton
4723,Brett DelBuono
4724,Brett Dier
4725,Brett Donahue
4726,Brett Gelman
4727,Brett Goldstein
4728,Brett Granstaff
4729,Brett Gray
4730,Brett Hull
4731,Brett Kelly
4732,Brett O'Gorman
4733,Brett Paesel
4734,Brett Rice
4735,Brett Weaver
4736,Brett Zimmerman
4737,Bria Vinaite
4738,Brian 'Sene' Marc
4739,Brian Altemus
4740,Brian Anderson
4741,Brian Angels
4742,Brian Anthony Wilson
4743,Brian Atkinson
4744,Brian Austin Green
4745,Brian Baumgartner
4746,Brian Benben
4747,Brian Blessed
4748,Brian Bloom
4749,Brian Bosworth
4750,Brian Caspe
4751,Brian Chan
4752,Brian Cox
4753,Brian Cummings
4754,Brian D Costa
4755,Brian D. Mays
4756,Brian Dcosta
4757,Brian De Palma
4758,Brian Dennehy
4759,Brian Dierker
4760,Brian Dietzen
4761,Brian Dobson
4762,Brian Doe
4763,Brian Drummond
4764,Brian Epstein
4765,Brian Firkus
4766,Brian Foud
4767,Brian George
4768,Brian Geraghty
4769,Brian Gleeson
4770,Brian Haley
4771,Brian Hallisay
4772,Brian Haner
4773,Brian Henson
4774,Brian Hooks
4775,Brian Howe
4776,Brian Huskey
4777,Brian Hutchison
4778,Brian Ireland
4779,Brian J. Smith
4780,Brian Johnson
4781,Brian Jordan Alvarez
4782,Brian Keith Gamble
4783,Brian Kerwin
4784,Brian Klugman
4785,Brian Kurtis
4786,Brian Limond
4787,Brian May
4788,Brian Maya
4789,Brian McCardie
4790,Brian McCook
4791,Brian McGuinness
4792,Brian McKnight
4793,Brian McMonagle
4794,Brian Milligan
4795,Brian Moreno
4796,Brian Muller
4797,Brian Murphy
4798,Brian Neal Clark
4799,Brian O'Halloran
4800,Brian Ogola
4801,Brian Posehn
4802,Brian Presley
4803,Brian Regan
4804,Brian Setzer
4805,Brian Shaw
4806,Brian Steele
4807,Brian Stepanek
4808,Brian Stokes Mitchell
4809,Brian T. Delaney
4810,Brian Thompson
4811,Brian Trueman
4812,Brian Tyree Henry
4813,Brian Unger
4814,Brian Van Holt
4815,Brian White
4816,Brian Wiles
4817,Brian Yorkey
4818,Brian d'Arcy James
4819,Brian d’Arcy James
4820,Briana Buckmaster
4821,Briana Lane
4822,Briana Shann
4823,Brianna Barnes
4824,Brianna Daguanno
4825,Brianna Hildebrand
4826,Brianna Knickerbocker
4827,Brianna Plantano
4828,Brianna Price
4829,Brianna Reed
4830,Brianne Davis
4831,Brianne Howey
4832,Brianne Moncrief
4833,Brianne Siddall
4834,Brianne Tju
4835,Briar Grace-Smith
4836,Brice Montagne
4837,Brid Brennan
4838,Bridey Elliott
4839,Bridger Palmer
4840,Bridget Armstrong
4841,Bridget Christie
4842,Bridget Everett
4843,Bridget Fonda
4844,Bridget Hoffman
4845,Bridget Kallal
4846,Bridget Moynahan
4847,Bridget Pike
4848,Bridget Regan
4849,Bridget Shighadi
4850,Bridgette Wilson-Sampras
4851,Bridgit Mendler
4852,Bridie Carter
4853,Brie Larson
4854,Briga Heelan
4855,Brigette Lundy-Paine
4856,Briggitte Bozzo
4857,Brighton Sharbino
4858,Brigid Brannagh
4859,Brigitta Cynthia
4860,Brigitte Hobmeier
4861,Brigitte Kali Canales
4862,Brigitte Kren
4863,Brigitte Nielsen
4864,Brigitte Poupart
4865,Brigitte Rosset
4866,Brigitte Sy
4867,Brij Gopal
4868,Brijendra Kala
4869,Brijesh Ahuja
4870,Brina Palencia
4871,Brion James
4872,Brit Eaton
4873,Brit Marling
4874,Brit Morgan
4875,Britain Simons
4876,Britne Oldford
4877,Britney Young
4878,Britt Baron
4879,Britt Flatmo
4880,Britt Irvin
4881,Britt Lower
4882,Britt McKillip
4883,Britt Robertson
4884,Britta Phillips
4885,Brittany Allen
4886,Brittany Anne Pirtle
4887,Brittany Bristow
4888,Brittany Cox
4889,Brittany Daniel
4890,Brittany Furlan
4891,Brittany Garms
4892,Brittany Howard
4893,Brittany Lauda
4894,Brittany Perrineau
4895,Brittany Pressley
4896,Brittany Raymond
4897,Brittany Ross
4898,Brittany S. Hall
4899,Brittany Snow
4900,Brittany Wagner
4901,Brittney Karbowski
4902,Brittney Wilson
4903,Broda Shaggi
4904,Broden Kelly
4905,Brodie Smith
4906,Brody Allen
4907,Brody Rose
4908,Bronagh Gallagher
4909,Bronisław Wrocławski
4910,Bronson Pinchot
4911,Bronson Webb
4912,Bront Palarae
4913,Bronte Carmichael
4914,Brontis Jodorowsky
4915,Bronwen Mantel
4916,Brook Todd
4917,Brooke Bloom
4918,Brooke Burns
4919,Brooke Clagett
4920,Brooke D'Orsay
4921,Brooke Dillman
4922,Brooke Elliott
4923,Brooke Markham
4924,Brooke Nevin
4925,Brooke Nichole Lee
4926,Brooke Palsson
4927,Brooke Satchwell
4928,Brooke Shields
4929,Brooke Smith
4930,Brooke Timber
4931,Brooke Wexler
4932,Brooke Williams
4933,Brooklyn Beckham
4934,Brooklyn Decker
4935,Brooklyn McLinn
4936,Brooklyn Sudano
4937,Brooklynn Prince
4938,Brooklynn Proulx
4939,Bruce A. Young
4940,Bruce Best
4941,Bruce Blain
4942,Bruce Bundy
4943,Bruce Campbell
4944,Bruce Davis
4945,Bruce Davison
4946,Bruce Dern
4947,Bruce Dinsmore
4948,Bruce Gomlevsky
4949,Bruce Gray
4950,Bruce Greenwood
4951,Bruce He
4952,Bruce Herbelin-Earle
4953,Bruce Hopkins
4954,Bruce Khan
4955,Bruce Lee
4956,Bruce MacVittie
4957,Bruce McGill
4958,Bruce McKinnon
4959,Bruce Payne
4960,Bruce Smith
4961,Bruce Spence
4962,Bruce Springsteen
4963,Bruce Thomas
4964,Bruce Willis
4965,Bruna Abdullah
4966,Bruna Cusí
4967,Bruna González
4968,Bruna Griphao
4969,Bruna Inocencio
4970,Bruna Louise
4971,Bruna Mascarenhas
4972,Brune Martin
4973,Brune Renault
4974,Bruno Bebianno
4975,Bruno Bergonzini
4976,Bruno Bichir
4977,Bruno Campos
4978,Bruno Clairefond
4979,Bruno Díaz
4980,Bruno Ganz
4981,Bruno Garcia
4982,Bruno Gouery
4983,Bruno Gunn
4984,Bruno Guéraçague
4985,Bruno Kirby
4986,Bruno Magne
4987,Bruno Miranda
4988,Bruno Montaleone
4989,Bruno Mullenaerts
4990,Bruno Paviot
4991,Bruno Peixoto
4992,Bruno Ricci
4993,Bruno Salomone
4994,Bruno Sosa
4995,Bruno Todeschini
4996,Bruno Zanin
4997,Brutus Richard
4998,Bryan Batt
4999,Bryan Brown
5000,Bryan Casserly
5001,Bryan Chang
5002,Bryan Chesters
5003,Bryan Cranston
5004,Bryan Domani
5005,Bryan Fogel
5006,Bryan Hibbard
5007,Bryan Jackson
5008,Bryan Larkin
5009,Bryan Leung
5010,Bryan Mordechai Jackson
5011,Bryan Parry
5012,Bryan Ruffo
5013,Bryan Shu-Hao Chang
5014,Bryana Salaz
5015,Bryant Lee
5016,Bryce Dallas Howard
5017,Bryce Durfee
5018,Bryce Groark
5019,Bryce Johnson
5020,Bryce Papenbrook
5021,Bryn McAuley
5022,Brynie Furstenberg
5023,Brynn Clagett
5024,Brynna Drummond
5025,Bryony Hannah
5026,Bryshere Gray
5027,Bryson Baugus
5028,Brytnee Ratledge
5029,Brytni Sarpy
5030,Brían F. O'Byrne
5031,Bsaku Sato
5032,Bshara Atallah
5033,BtoB
5034,Buakaw Banchamek
5035,Bubbles Sabharwal
5036,Bucci Franklin
5037,Bucek
5038,Bucek Depp
5039,Buchi Ojei
5040,Buck Taylor
5041,Bud Cort
5042,Buddy Duress
5043,Buddy Handleson
5044,Buddy Stephens
5045,Buddy Vedder
5046,Buffy Chen
5047,Buhle Samuels
5048,Bukky Ajayi
5049,Bukky Bakray
5050,Bukky Wright
5051,Bukola Oshibowale
5052,Bukunmi Oluwashina
5053,Bul-am Choi
5054,Bumper Robinson
5055,Bun-hay Mean
5056,Bunga Citra Lestari
5057,Bunmi Shogade
5058,Bunny Wailer
5059,Burak Deniz
5060,Burak Satıbol
5061,Burak Tamdoğan
5062,Burak Topaloglu
5063,Burak Yiğit
5064,Burak Çimen
5065,Burcu Altın
5066,Burcu Biricik
5067,Burcu Gönder
5068,Burcu Kara
5069,Burcu Salihoğlu
5070,Burcu Çoban
5071,Burgess Abernethy
5072,Burgess Meredith
5073,Burhanuddin Ohorella
5074,Burjor Patel
5075,Burl Ives
5076,Burn Gorman
5077,Burnie Burns
5078,Burt Grinstead
5079,Burt Reynolds
5080,Burt Young
5081,Burçin Terzioğlu
5082,Bushra
5083,Bushra Ansari
5084,Busta Rhymes
5085,Busy Philipps
5086,Butch Slade
5087,Butsarin Yokpraipan
5088,Buğra Gülsoy
5089,Byeol Kang
5090,Byeon Woo-seok
5091,Byeong-Ki Kim
5092,Byeong-eun Park
5093,Byeong-ok Kim
5094,"Byron ""Squally"" Vinson"
5095,Byron Bowers
5096,Byron Brown
5097,Byron Coll
5098,Byron Mann
5099,Byun Heebong
5100,Byun Yo-han
5101,Byung-ho Son
5102,Byung-hun Lee
5103,Bárbara Goenaga
5104,Bárbara Lennie
5105,Bárbara Lombardo
5106,Bárbara López
5107,Bárbara Maia
5108,Bárbara Mori
5109,Bárbara Santa-Cruz
5110,Bárbara de Regil
5111,Bérengère Krief
5112,Bérénice Bejo
5113,Bérénice Marlohe
5114,Bülent Emin Yarar
5115,Bülent Emrah Parlak
5116,Bülent Çolak
5117,Büşra Pekin
5118,C. Thomas Howell
5119,C.J. Baker
5120,C.J. Perry
5121,C.S. Lee
5122,CCH Pounder
5123,CJ Beckford
5124,CJ Navato
5125,CM Punk
5126,Cab Calloway
5127,Cacai Bautista
5128,Cady Huffman
5129,Caeli
5130,Caesar Wu
5131,Caetlyn Collins
5132,Cahit Gök
5133,Cai Cortez
5134,Cai Gang
5135,Cai Guo-Qiang
5136,Caia Coley
5137,Cailan Laine Punnewaert
5138,Cailey Fleming
5139,Cain Velasquez
5140,Cainan Wiebe
5141,Caio Cabral
5142,Caio Horowicz
5143,Caio Vegatti
5144,Caique Nogueira
5145,Caitlin Carmichael
5146,Caitlin Doughty
5147,Caitlin E.J. Meyer
5148,Caitlin Fitzgerald
5149,Caitlin Gerard
5150,Caitlin Glass
5151,Caitlin Howden
5152,Caitlin Keats
5153,Caitlin Leahy
5154,Caitlin Murphy
5155,Caitlin Stasey
5156,Caitlyn Bairstow
5157,Caitlyn Jenner
5158,Caito Mainier
5159,Caitriona Balfe
5160,Caity Lotz
5161,Cajetan Boy
5162,Cal Barnes
5163,Cal Ripken Jr.
5164,Cal Seville
5165,Cal Wilson
5166,Calabar Chic
5167,Calahan Skogman
5168,Caleb Bendit
5169,Caleb Castille
5170,Caleb Landry Jones
5171,Caleb McLaughlin
5172,Caleb Scott
5173,Caledonia Burr
5174,Caleel Harris
5175,Calista Flockhart
5176,Calista Okoronkwo
5177,Callan Farris
5178,Callan McAuliffe
5179,Callan Mulvey
5180,Callan Potter
5181,Callard Harris
5182,Callie Hernandez
5183,Callie Holley
5184,Callie Hope Haverda
5185,Calliope Taylor
5186,Callum Blue
5187,Callum Keith Rennie
5188,Callum Shoniker
5189,Callum Turner
5190,Calum Gittins
5191,Calum Von Moger
5192,Calum Worthy
5193,Calvin Jeremy
5194,Calvin Ka-Sing Chen
5195,Calvin Ka-Sing Cheng
5196,Calvin Lee
5197,Calvin Roberson
5198,Cam Clarke
5199,Cam Gigandet
5200,Cam'ron
5201,Camaron Engels
5202,Camarón de la Isla
5203,Cameron Boyce
5204,Cameron Britton
5205,Cameron Dallas
5206,Cameron Diaz
5207,Cameron Esposito
5208,Cameron Fuller
5209,Cameron Harlow
5210,Cameron J. Wright
5211,Cameron Jack
5212,Cameron Jebo
5213,Cameron Kennedy
5214,Cameron Mathison
5215,Cameron McCaul
5216,Cameron Mitchell
5217,Cameron Monaghan
5218,Cameron Moulene
5219,Cameron Ocasio
5220,Cameron Palatas
5221,Cameron Rhodes
5222,Cameron Richardson
5223,Cameron Schaefer
5224,Cameron Seely
5225,Cameron Zink
5226,Camila Bossa
5227,Camila Mendes
5228,Camila Morgado
5229,Camila Perez
5230,Camila Selser
5231,Camila Sodi
5232,Camilla Ah Kin
5233,Camilla Beeput
5234,Camilla Belle
5235,Camilla Filippi
5236,Camilla Harden
5237,Camilla Jo-Ann Daries
5238,Camilla Lau
5239,Camilla Luddington
5240,Camille Aguilar
5241,Camille Chalons
5242,Camille Cottin
5243,Camille De La Cruz
5244,Camille Guaty
5245,Camille Hyde
5246,Camille Japy
5247,Camille Keaton
5248,Camille Lellouche
5249,Camille Lou
5250,Camille Mana
5251,Camille Ramsey
5252,Camille Razat
5253,Camille Salameh
5254,Camille Shooshani
5255,Camille Sullivan
5256,Camilo Amores
5257,Camilo Borges
5258,Camilo Carmona
5259,Camilo Jiménez
5260,Camilo Sáenz
5261,Cammy Chiang
5262,Campbell Scott
5263,Camren Bicondova
5264,Camryn Grimes
5265,Camryn Manheim
5266,Camélia Montassere
5267,Can Yılmaz
5268,Canan Ergüder
5269,Canan Özer
5270,Candace Bushnell
5271,Candace Cameron Bure
5272,Candace Nelson
5273,Candela Antón
5274,Candela Peña
5275,Candela Recio
5276,Candela Vetrano
5277,Candi Milo
5278,Candice Bergen
5279,Candice King
5280,Candice Modiselle
5281,Candice Patton
5282,Candido Quembo
5283,Candis Nergaard
5284,Candy Devine
5285,Candy Ice
5286,Candy Tolentino
5287,Caneil Oliver
5288,Caner Alkaya
5289,Caner Arçkan
5290,Caner Cindoruk
5291,Caner Özyurtlu
5292,Cansu Dere
5293,Cansu Gültekin
5294,Cansu Kurgun
5295,Cantika Abigail
5296,Canute Gomes
5297,Cao Bingkun
5298,Caoilinn Springall
5299,Captain Lou Albano
5300,Cara Buono
5301,Cara Horgan
5302,Cara Maria Sorbello
5303,Cara Ricketts
5304,Cara Seymour
5305,Cara Theobold
5306,Caraly Sánchez
5307,Cardi B
5308,Carel Struycken
5309,Caren Pistorius
5310,Caress Bashar
5311,Carey Mulligan
5312,Carey Stinson
5313,Carey Westbrook
5314,Cariba Heine
5315,Carice van Houten
5316,Carin Sprague
5317,Carina Battrick
5318,Carina Lau
5319,Carishma Basday
5320,Carissa Putri
5321,Carl Anthony Payne II
5322,Carl Bland
5323,Carl Gilliard
5324,Carl Gottlieb
5325,Carl Koch
5326,Carl Lee
5327,Carl Lumbly
5328,Carl Malapa
5329,Carl McDowell
5330,Carl Ng
5331,Carl Reiner
5332,Carl Safina
5333,Carl Weathers
5334,Carl Windom Carlito
5335,Carla Adell
5336,Carla Campra
5337,Carla Chambel
5338,Carla Gallo
5339,Carla Gugino
5340,Carla Hall
5341,Carla Jimenez
5342,Carla Juri
5343,Carla Moscatelli
5344,Carla Quevedo
5345,Carla Ribas
5346,Carla Salle
5347,Carla Sehn
5348,Carla Tassara
5349,Carla Tous
5350,Carla Woodcock
5351,Carles Arquimbau
5352,Carling Doubt
5353,Carlito
5354,Carlo Alban
5355,Carlo Aquino
5356,Carlo Brandt
5357,Carlo Calderone
5358,Carlo Costanzia
5359,Carlo D'Ursi
5360,Carlo Rota
5361,Carlo Tarmati
5362,Carlos Agassi
5363,Carlos Alazraqui
5364,Carlos Alcántara
5365,Carlos Alfredo Jr.
5366,Carlos Antunes
5367,Carlos Aragón
5368,Carlos Areces
5369,Carlos Azar
5370,Carlos Ballarta
5371,Carlos Barbosa
5372,Carlos Bardem
5373,Carlos Belloso
5374,Carlos Blanco
5375,Carlos Carlín
5376,Carlos Carrasco
5377,Carlos Castillo
5378,Carlos Chan
5379,Carlos Corona
5380,Carlos Cuevas
5381,Carlos Díaz
5382,Carlos Echavarría
5383,Carlos Enrique Almirante
5384,Carlos Gómez
5385,Carlos Hernan Romo
5386,Carlos Hipólito
5387,Carlos Jacott
5388,Carlos Kaspar
5389,Carlos Lauchu
5390,"Carlos Librado ""Nene"""
5391,Carlos Macías
5392,Carlos Manuel Díaz
5393,Carlos Manuel Vesga
5394,Carlos Mariño
5395,Carlos Maycotte
5396,Carlos Mencia
5397,Carlos Miranda
5398,Carlos Nakasone
5399,Carlos Paca
5400,Carlos Pena
5401,Carlos PenaVega
5402,Carlos Piñeyro
5403,Carlos Ponce
5404,Carlos Portaluppi
5405,Carlos Quintero
5406,Carlos Salazar
5407,Carlos Sanson
5408,Carlos Santana
5409,Carlos Santos
5410,Carlos Takeshi
5411,Carlos Torres
5412,Carlos Valdes
5413,Carlos Valencia
5414,Carlos Velazquez
5415,Carlos Vergara
5416,Carlos Villagrán
5417,Carlos Villarino
5418,Carlos de la Mota
5419,Carlotta Antonelli
5420,Carlson Young
5421,Carly Adams
5422,Carly Rae Jepsen
5423,Carlyn Burchell
5424,Carman Lee
5425,Carme Elias
5426,Carmel Amit
5427,Carmel Johnson
5428,Carmela Barsamian
5429,Carmela Martins
5430,Carmelo Anthony
5431,Carmelo Gómez
5432,Carmen Argenziano
5433,Carmen Aub
5434,Carmen Beato
5435,Carmen Bsaibes
5436,Carmen Ejogo
5437,Carmen Electra
5438,Carmen Ferland
5439,Carmen Flood
5440,Carmen Gutiérrez
5441,Carmen Lebbos
5442,Carmen Machi
5443,Carmen Maura
5444,Carmen Navarro
5445,Carmen Ruiz
5446,Carmen Santamaría
5447,Carmen Soo
5448,Carmen Villalobos
5449,Carmen-Maja Antoni
5450,Carmenza González
5451,Carmi Martin
5452,Carmina Barrios
5453,Carmina Villaroel
5454,Carmina Villarroel
5455,Carmine Battaglia
5456,Carmine Monaco
5457,Caro Angus
5458,Caro Cult
5459,Carol 'Do Do' Cheng
5460,Carol Aebersold
5461,Carol Burnett
5462,Carol Cheng
5463,Carol Cleveland
5464,Carol Hoyt
5465,Carol Kane
5466,Carol King
5467,Carol Loback
5468,Carol McGuigan
5469,Carol Portes
5470,Carol Sutton
5471,Carol van Herwijnen
5472,Carole Baillien
5473,Carole Bouquet
5474,Carole Hajj
5475,Carole Weyers
5476,Carolina Acevedo
5477,Carolina Ardohain
5478,Carolina Bang
5479,Carolina Carlsson
5480,Carolina Castro
5481,Carolina Clemente
5482,Carolina Cuervo
5483,Carolina Dieckmann
5484,Carolina Gaitán
5485,Carolina Guerra
5486,Carolina Gómez
5487,Carolina Lapausa
5488,Carolina Miranda
5489,Carolina Noriega
5490,Carolina Paulsen
5491,Carolina Penadés
5492,Carolina Ramírez
5493,Carolina Sarmiento
5494,Carolina Sepúlveda
5495,Carolina Yuste
5496,Carolina del Carmen Peleritti
5497,Caroline Aaron
5498,Caroline Abras
5499,Caroline Anglade
5500,Caroline Bartleet
5501,Caroline Boulton
5502,Caroline Brazier
5503,Caroline Caliston
5504,Caroline Chan
5505,Caroline Chaniolleau
5506,Caroline Chikezie
5507,Caroline Dhavernas
5508,Caroline Ford
5509,Caroline Goodall
5510,Caroline Hatem
5511,Caroline Hjelt
5512,Caroline Labaki
5513,Caroline Langrishe
5514,Caroline Martin
5515,Caroline Quentin
5516,Caroline Rhea
5517,Caroline de Bruijn
5518,Carolyn Bridget Kennedy
5519,Carolyn Dando
5520,Carolyn Hennesy
5521,Carolyn Lawrence
5522,Carolyn Pickles
5523,Carrie Aizley
5524,Carrie Brownstein
5525,Carrie Coon
5526,Carrie Fisher
5527,Carrie Fleming
5528,Carrie Goldberg
5529,Carrie Harrington
5530,Carrie Keranen
5531,Carrie Lazar
5532,Carrie Ng
5533,Carrie Preston
5534,Carrie Savage
5535,Carrie Underwood
5536,Carrie Wiita
5537,Carrie Wong
5538,Carrie-Anne Moss
5539,Carroll Baker
5540,Carroll Shelby
5541,Carson Allen
5542,Carson Lee Bradshaw
5543,Carson Meyer
5544,Carson Rowland
5545,Carson Storch
5546,Carsten Bjørnlund
5547,Carsten Norgaard
5548,Carter Hastings
5549,Carter Jenkins
5550,Carter Thicke
5551,Carter Treneer
5552,Cary Elwes
5553,Cary Joji Fukunaga
5554,Cary-Hiroyuki Tagawa
5555,Carys Doyle
5556,Cas Anvar
5557,Cas Jansen
5558,Casey Adams
5559,Casey Affleck
5560,Casey Cott
5561,Casey Deidrick
5562,Casey Hendershot
5563,Casey Kasem
5564,Casey Mongillo
5565,Casey Sander
5566,Casey Siemaszko
5567,Casey Simpson
5568,Casey Stoner
5569,Casey Thomas Brown
5570,Casey Wilson
5571,Casimere Jollette
5572,Casper Uncal
5573,Casper Van Dien
5574,Cassandra Ciangherotti
5575,Cassandra Lee
5576,Cassandra Lee Morris
5577,Cassandra Morris
5578,Cassandra Scerbo
5579,Cassandra Sánchez Navarro
5580,Cassi Thomson
5581,Cassidey Fralin
5582,Cassidy Freeman
5583,Cassidy Gifford
5584,Cassidy Naber
5585,Cassie Clare
5586,Cassio Pandolfi
5587,Cassius Romero
5588,Cassius Willis
5589,Casson Chinepoh
5590,"Cast members of the ""To All the Boys"" films dish about the third movie and answer some fan questions"
5591,Castille Landon
5592,Casting a light on the mistreatment of sea mammals
5593,Catalin Morar
5594,Catalina Denis
5595,Catalina Guzmán
5596,Catalina Saavedra
5597,Catalina Salas
5598,Catalina Sandino Moreno
5599,Catarina Spinetta
5600,Cate Blanchett
5601,Cate Fowler
5602,Catelina Sopelana
5603,Caterina Scorsone
5604,Catharine Pilafas
5605,Catherine Barroll
5606,Catherine Bell
5607,Catherine Benguigui
5608,Catherine Chabot
5609,Catherine Cohen
5610,Catherine Corcoran
5611,Catherine Curtin
5612,Catherine Deneuve
5613,Catherine Desplaces
5614,Catherine Disher
5615,Catherine Hicks
5616,Catherine Jacob
5617,Catherine Johnson
5618,Catherine Kamau
5619,Catherine Keener
5620,Catherine Lemieux
5621,Catherine Lough Haggquist
5622,Catherine Marchal
5623,Catherine McClements
5624,Catherine O'Connor
5625,Catherine O'Hara
5626,Catherine Reitman
5627,Catherine Salée
5628,Catherine Scorsese
5629,Catherine Siachoque
5630,Catherine St-Laurent
5631,Catherine Sutherland
5632,Catherine Taber
5633,Catherine Tate
5634,Catherine Tresa
5635,Catherine Vinatier
5636,Catherine Walker
5637,Catherine Winter
5638,Catherine Zeta-Jones
5639,Cathryn Dylan
5640,Cathy Ang
5641,Cathy Baron
5642,Cathy Belton
5643,Cathy Cavadini
5644,Cathy Cliften
5645,Cathy DeBuono
5646,Cathy Downes
5647,Cathy Moriarty
5648,Cathy Rigby
5649,Cathy Tyson
5650,Cathy Vu
5651,Cathy Weseluck
5652,Catrinel Dumitrescu
5653,Cauã Gonçalves
5654,Cavin Soh
5655,Cayden Boyd
5656,Cayetana Cabezas
5657,Cayetana Guillén Cuervo
5658,Cayleb Long
5659,Ceaser Emanuel
5660,Cec Linder
5661,Cecilia Caballero Jeske
5662,Cecilia Choi
5663,Cecilia Dopazo
5664,Cecilia Freire
5665,Cecilia Gómez
5666,Cecilia Navia
5667,Cecilia Noble
5668,Cecilia Rossetto
5669,Cecilia Roth
5670,Cecilia Suárez
5671,Cecilia de los Santos Vargas
5672,Cecily Strong
5673,Cedric Yarbrough
5674,Cedric the Entertainer
5675,Cedrick Juan
5676,Cee Hathaiphat
5677,Celebrity Landlord
5678,Celeste Barber
5679,Celeste Dring
5680,Celeste Henderson
5681,Celeste Ntuli
5682,Celeste Sully
5683,Celeste Thornton
5684,Celestial
5685,Celia Au
5686,Celia Imrie
5687,Celia Ireland
5688,Celia Pacquola
5689,Celia Weston
5690,Celile Toyon Uysal
5691,Celina Jade
5692,Celina Jaitly
5693,Celina Martin
5694,Celina Sinden
5695,Celine Buckens
5696,Celine Loader
5697,Celine Menville
5698,Celine Tran
5699,Celso Alves
5700,Celso Bugallo
5701,Celso Frateschi
5702,Cem Gelinoğlu
5703,Cem Kiliç
5704,Cem Yiğit Üzümoğlu
5705,Cem Yılmaz
5706,Cem Zeynel Kiliç
5707,Cem Özeren
5708,Cemal Farukh
5709,Cemal Hünal
5710,Cemil Özbayer
5711,Cengiz Bozkurt
5712,Cengiz Coşkun
5713,Cengiz Sezici
5714,Ceren Moray
5715,Cerina Vincent
5716,Cesar Garcia
5717,Cesar Gonzalez
5718,Cesar Montano
5719,Cesar Romero
5720,Cesare Bocci
5721,Cesare Danova
5722,Ceyhun Ergin
5723,Cezary Kosiński
5724,Cezary Łukaszewicz
5725,Cezmi Baskın
5726,Cha Cheong-hwa
5727,Cha Eun-woo
5728,Cha Hak-yeon
5729,Cha Hwa-yeon
5730,Cha In-pyo
5731,Cha Moo-jin
5732,Cha Seon-wu
5733,Cha Seoung-won
5734,Cha Seung-won
5735,Cha Soo-yeon
5736,Cha-Lee Yoon
5737,Chabeli Sastre Gonzalez
5738,Chace Crawford
5739,Chacha Huang
5740,Chachchaya Chalemphol
5741,Chad Connell
5742,Chad Donella
5743,Chad Faust
5744,Chad Krowchuk
5745,Chad L. Coleman
5746,Chad Michael Collins
5747,Chad Michael Murray
5748,Chad Smith
5749,Chad Thomas
5750,Chadi Haddad
5751,Chadwick Boseman
5752,Chae Jong-hyeop
5753,Chae Jung-an
5754,Chae Soo-bin
5755,Chae-yeong Lee
5756,Chafurin
5757,Chai Fonacier
5758,Chai Hansen
5759,Chai Romruen
5760,Chai Wei
5761,Chaitanya Sharma
5762,Chaitanya Varad
5763,Chaiwat Thongsaeng
5764,Chaiyapol Pupart
5765,Chal Inoue
5766,Chalad Na Songkhla
5767,Chaleeda Gilbert
5768,Chalet Lizette Brannan
5769,Chaleumpol Tikumpornteerawong
5770,Chali 2na
5771,Chali Pala
5772,Challen Cates
5773,Chan Fong
5774,Chan Pak-cheung
5775,Chan-bi Jung
5776,Chan-hee Kang
5777,Chance Hurstfield
5778,Chance Perdomo
5779,Chance Perez
5780,Chance The Rapper
5781,Chanchal
5782,Chandan Anand
5783,Chandan Prabhakar
5784,Chandan Roy Sanyal
5785,Chandana Koppisetti
5786,Chandini Chowdary
5787,Chandini Sreedharan
5788,Chandini Tamilarasan
5789,Chandler Canterbury
5790,Chandler Riggs
5791,Chandra Liow
5792,Chandra Wilson
5793,Chandrachoor Rai
5794,Chandrachur Singh
5795,Chandramohan
5796,Chandreyee Ghosh
5797,Chanelle Peloso
5798,Chang Chen
5799,Chang Chia-yu
5800,Chang Chieh
5801,Chang Fu-chien
5802,Chang Han
5803,Chang Shu-wei
5804,Chang Sung Kim
5805,Chang Ting-hu
5806,Chang Yao-jen
5807,Chang Zhang-xing
5808,Chang-hwan Ahn
5809,Chang-hwan Kim
5810,Chang-wan Kim
5811,Chang-wook Ji
5812,Chani Martín
5813,Chanicha Boonpanuvichit
5814,Chanintorn Jitpreeda
5815,Channegowda
5816,Channing Tatum
5817,Channon Roe
5818,Chanon Santinatornkul
5819,Chansakorn Kittiwattanakorn
5820,Chansangavej Chayanit
5821,Chansung
5822,Chantal Kreviazuk
5823,Chantal Lauby
5824,Chantavit Dhanasevi
5825,Chantiq Schagerl
5826,Chanté Adams
5827,Chanya McClory
5828,Chanyapuk Numprasop
5829,Chanyeol
5830,Chapman To
5831,Charbel Iskandar
5832,Charbel Ziade
5833,Charebelle Lanlalin
5834,Charissa Thompson
5835,Charity Cervantes
5836,Charity Collins
5837,Charity James
5838,Charlbi Dean
5839,Charlene Amoia
5840,Charlene Choi
5841,Charlene McKenna
5842,"Charles  ""Charly Boy"" Oputa"
5843,Charles Adler
5844,Charles Aidman
5845,Charles Babalola
5846,Charles Baudin
5847,Charles Berling
5848,Charles Bronson
5849,Charles Cooper
5850,Charles Dance
5851,Charles Demers
5852,Charles Esten
5853,Charles Etubiebi
5854,Charles Fathy
5855,Charles Fleischer
5856,Charles Forbes
5857,Charles Gould
5858,Charles Grodin
5859,Charles Hallahan
5860,Charles Ingram
5861,Charles Inojie
5862,Charles Lin
5863,Charles MacGechan
5864,Charles Malik Whitfield
5865,Charles Martin Smith
5866,Charles McDowell
5867,Charles McGregor
5868,Charles Melton
5869,Charles Mesure
5870,Charles Michael Davis
5871,Charles Napier
5872,Charles Nelson Reilly
5873,Charles Robinson
5874,Charles Rocket
5875,Charles S. Dutton
5876,Charles Shaughnessy
5877,Charles Techman
5878,Charles Terrier
5879,Charles Tyner
5880,Charles Ukpong
5881,Charlet Chung
5882,Charley Boorman
5883,Charley Palmer Rothwell
5884,Charli Birdgenau
5885,Charli XCX
5886,Charlie Adler
5887,Charlie Barnett
5888,Charlie Bewley
5889,Charlie Bodin
5890,Charlie Brooks
5891,Charlie Carver
5892,Charlie Chin
5893,Charlie Cho
5894,Charlie Covell
5895,Charlie Cox
5896,Charlie Creed-Miles
5897,Charlie Cunniffe
5898,Charlie DePew
5899,Charlie Dizon
5900,Charlie Farrell
5901,Charlie Garber
5902,Charlie Gillespie
5903,Charlie Hall
5904,Charlie Hannah
5905,Charlie Hardwick
5906,Charlie Heaton
5907,Charlie Hofheimer
5908,Charlie Hunnam
5909,Charlie Kelly
5910,Charlie Korsmo
5911,Charlie Luxton
5912,Charlie McDermott
5913,Charlie Murphy
5914,Charlie O'Connell
5915,Charlie Plummer
5916,Charlie Ruedpokanon
5917,Charlie Saxton
5918,Charlie Sexton
5919,Charlie Sheen
5920,Charlie Shotwell
5921,Charlie Storwick
5922,Charlie Tahan
5923,Charlie Taylor
5924,Charlie Trairat
5925,Charlie Warzel
5926,Charlie Watts
5927,Charlie Weber
5928,Charlie Wernham
5929,Charlize Lin
5930,Charlize Theron
5931,Charlott Madeleine Utzig
5932,Charlotte Alexandra
5933,Charlotte Atkinson
5934,Charlotte Beaumont
5935,Charlotte Best
5936,Charlotte Bradley
5937,Charlotte Brändström
5938,Charlotte Carel
5939,Charlotte Coleman
5940,Charlotte De Bruyne
5941,Charlotte Fich
5942,Charlotte Gabris
5943,Charlotte Gainsbourg
5944,Charlotte Geiger
5945,Charlotte Hamlyn
5946,Charlotte Hegele
5947,Charlotte Hope
5948,Charlotte Jordan
5949,Charlotte Le Bon
5950,Charlotte Lewis
5951,Charlotte Lindsay Marron
5952,Charlotte McKinney
5953,Charlotte Newhouse
5954,Charlotte Rae
5955,Charlotte Rampling
5956,Charlotte Riley
5957,Charlotte Ritchie
5958,Charlotte Roche
5959,Charlotte Salt
5960,Charlotte St-Martin
5961,Charlotte Stewart
5962,Charlotte Sullivan
5963,Charlotte Timmers
5964,Charlotte Tomaszewska
5965,Charlotte Vandermeersch
5966,Charlotte Vega
5967,Charlotte d'Amboise
5968,Charly Hübner
5969,Charlyne Yi
5970,Charmaine Fong
5971,Charmaine Mujeri
5972,Charmaine Sheh
5973,Charmy Kaur
5974,Charo López
5975,Charo Santos
5976,Charu Asopa
5977,Charudatta Bhagwat
5978,Chase Ellison
5979,Chase Joliet
5980,Chase Stokes
5981,Chase Williamson
5982,Chasity Moore
5983,Chasten Harmon
5984,Chasty Ballesteros
5985,Chatchai Plengpanich
5986,Chatchawai Kamonsakpitak
5987,Chatchawit Techarukpong
5988,Chatchaya Suthisuwan
5989,Chatra Baude
5990,Chaunté Wayans
5991,Chavalit Chittanant
5992,Chavis Daniels
5993,Chay Suede
5994,Chaya Singh
5995,Chayanan Manomaisantiphap
5996,Chayanit Chansangavej
5997,Chazz Palminteri
5998,Che Yongli
5999,Chealse Howell
6000,Cheech Marin
6001,Chela del Río
6002,Chelah Horsdal
6003,Chelan Simmons
6004,Chelcie May
6005,Chelcie Ross
6006,Chelle Ramos
6007,Chelo Falcón
6008,Chelsea Clark
6009,Chelsea Edmundson
6010,Chelsea Field
6011,Chelsea Gilligan
6012,Chelsea Handler
6013,Chelsea Hertford
6014,Chelsea Houska
6015,Chelsea Islan
6016,Chelsea Kane
6017,Chelsea Magritte
6018,Chelsea Miller
6019,Chelsea Peretti
6020,Chelsea Rendon
6021,Chelsey Reist
6022,Chelsie Preston Crayford
6023,Chema Ruiz
6024,Chemban Vinod Jose
6025,Chems Dahmani
6026,Chen Bo-zheng
6027,Chen Bohao
6028,Chen Bor Jeng
6029,Chen Bor-jeng
6030,Chen Chi-hsia
6031,Chen Chia-kuei
6032,Chen Chien-chou
6033,Chen Daoming
6034,Chen De-xiu
6035,Chen Hanwei
6036,Chen Hao
6037,Chen Jian
6038,Chen Jinwen
6039,Chen Ke Mei
6040,Chen Kuan Tai
6041,Chen Kuan-tai
6042,Chen Kun
6043,Chen Liping
6044,Chen Pengwanli
6045,Chen Shu-fang
6046,Chen Shucheng
6047,Chen Wan-ting
6048,Chen Wen-shan
6049,Chen Yating
6050,Chen Yen-chun
6051,Chen Yi-wen
6052,Chen Yu
6053,Chen Yu-kuan
6054,Chen Yu-wen
6055,Chen Yumi
6056,Chen Yuqi
6057,Chen Zheyuan
6058,Chen Zhi Hui
6059,Chen Zihan
6060,Chenda Run
6061,Cheng Jen-shuo
6062,Cheng Ko
6063,Cheng Pei-pei
6064,Cheng Taishen
6065,Cheng Yi
6066,Chenthu Mohan
6067,Cheol-min Park
6068,Cheon Ho-jin
6069,Cheong Hae-kyun
6070,Cher
6071,Cherami Leigh
6072,Cheran
6073,Cheri Oteri
6074,Cherie Chung
6075,Cherif Hafez
6076,Chermarn Boonyasak
6077,Cherry Jones
6078,Cherry Leung
6079,Cherry Pie Picache
6080,Chertsak Pratumseesakhon
6081,Cheryl Campbell
6082,Cheryl Chase
6083,Cheryl Hines
6084,Cheryl Ladd
6085,Cheryl Lynn Bruce
6086,Cheryl Yang
6087,Cheska Iñigo
6088,Chester Rushing
6089,Chester Tam
6090,Chetan
6091,Chetan Cheenu
6092,Chetan Chitnis
6093,Chetan Dalvi
6094,Chetan Hansraj
6095,Chetan Pandit
6096,Chetan Sharma
6097,Chethan Dsouza
6098,Cheuk Wan Chi
6099,Cheung Tat-ming
6100,Chevy Chase
6101,Chew Chor Meng
6102,Chew Kin Wah
6103,Chew Kin-Wah
6104,Cheyenne Jackson
6105,Chhaya Kadam
6106,Chi McBride
6107,Chi Mhende
6108,Chi Ming Lau
6109,Chi Pu
6110,Chi Tai
6111,Chi-Ren Choong
6112,Chia Tang
6113,Chia Yung Liu
6114,Chia-Chia Peng
6115,Chia-Hui Liu
6116,Chia-Liang Liu
6117,Chia-ying Lee
6118,Chiaki Kobayashi
6119,Chiaki Kuriyama
6120,Chiaki Omigawa
6121,Chiaki Takahashi
6122,Chiang Ching-yen
6123,Chiara Aurelia
6124,Chiara Francia
6125,Chiara Tantimonaco
6126,Chiara Zanni
6127,Chicago
6128,Chicco Jerikho
6129,Chicco Kurniawan
6130,Chicha Amatayakul
6131,Chico
6132,Chico Benymon
6133,Chidi Ajufo
6134,Chidi Mokeme
6135,Chidinma Ekile
6136,Chidsanupong Sakulnuntipat
6137,Chie Kojiro
6138,Chie Matsuura
6139,Chie Nakamura
6140,Chief Dan George
6141,Chieh-kai Shiou
6142,Chien Sun
6143,Chien-Ming Wang
6144,Chien-lien Wu
6145,Chienna Filomeno
6146,Chigul
6147,Chiho Fujii
6148,Chika Anzai
6149,Chika Chukwu
6150,Chika Fujito
6151,Chika Ike
6152,Chika Lann
6153,Chika Okpala
6154,Chika Okubo
6155,Chika Sakamoto
6156,Chikahiro Kobayashi
6157,Chikako Kaku
6158,Chikao Otsuka
6159,Chiki Fawzi
6160,Chimezie Imo
6161,Chimwemwe Chipidza
6162,Chin Chin Gutierrez
6163,Chin Han
6164,Chin Shih-chieh
6165,Chin Siu Ho
6166,China Anne McClain
6167,China Zorrilla
6168,Chinaradi Anupongphichart
6169,Chinatsu Akasaki
6170,Chinawut Indracusin
6171,Chinaza Uche
6172,Chinedu Ikedieze
6173,Chinenye Nnebe
6174,Ching-He Huang
6175,Ching-Wan Hui
6176,Ching-Ying Lam
6177,Ching-kuan Wang
6178,Chingo Bling
6179,Chinmai Chandranshuh
6180,Chinmay Kambli
6181,Chinmay Mandlekar
6182,Chinmay Patwardhan
6183,Chinmaya Surve
6184,Chinmayee Mandlekar
6185,Chinmayi Sumit
6186,Chinmey Sharma
6187,Chino Darín
6188,Chinonye Chidolue
6189,Chinyere Wilfred
6190,Chio Su-Ping
6191,Chioma Adibe
6192,Chioma Chukwuka Akpotha
6193,Chioma Chukwuka-Akpotha
6194,Chioma Omeruah
6195,Chipo Chung
6196,Chiqui Fernández
6197,Chirag Lobo
6198,Chirag Malhotra
6199,Chiranjit
6200,Chitra Lakshmanan
6201,Chitrangada Chakraborty
6202,Chitrangada Singh
6203,Chitrashi Rawat
6204,Chittaranjan Tripathi
6205,Chittaranjan Tripathy
6206,Chiu Chi-ling
6207,Chiung-Hsuan Hsieh
6208,Chiwa Saito
6209,Chiwendu Onaga
6210,Chiwetalu Agu
6211,Chiwetel Ejiofor
6212,Chloe Bayliss
6213,Chloe Bennet
6214,Chloe Chaidez
6215,Chloe Coleman
6216,Chloe East
6217,Chloe Grace Moretz
6218,Chloe Himmelman
6219,Chloe Levine
6220,Chloe Marsden
6221,Chloe Perrin
6222,Chloe Pirrie
6223,Chloe So
6224,Chloe Webb
6225,Chloe Wepper
6226,Chloé Jouannet
6227,Chloé Lambert
6228,Chloë Grace Moretz
6229,Chloë Sevigny
6230,Cho
6231,Cho Byeong-kyu
6232,Cho Dal-hwan
6233,Cho Dong-hyuk
6234,Cho Eun-ji
6235,Cho Han-cheul
6236,Cho Hee-bong
6237,Cho Hyun-chul
6238,Cho Jin-woong
6239,Cho Jung-seok
6240,Cho Min-soo
6241,Cho Ryun
6242,Cho Seong-ha
6243,Cho Seung-woo
6244,Cho Yu-jung
6245,ChoI Seung-ho
6246,Choe Hana
6247,Choe Jae-ho
6248,Choi Bae-yeong
6249,Choi Bo-bae
6250,Choi Da-in
6251,Choi Dae-chul
6252,Choi Dae-hoon
6253,Choi Duk-mun
6254,Choi Guy-hwa
6255,Choi Hyun-wook
6256,Choi Jae-hyun
6257,Choi Je-heon
6258,Choi Ji-woo
6259,Choi Jin-ho
6260,Choi Jin-hyuk
6261,Choi Jun-young
6262,Choi Jung-woo
6263,Choi Kang-hee
6264,Choi Min
6265,Choi Min-ho
6266,Choi Min-soo
6267,Choi Nak-yoon
6268,Choi Ri
6269,Choi Si-won
6270,Choi Sin-deuk
6271,Choi Soo-young
6272,Choi Sung-eun
6273,Choi Tae-hwan
6274,Choi Won-young
6275,Choi Woo-shik
6276,Choi Yeo-jin
6277,Choi Yeong Min
6278,Choi Yoon-so
6279,Choi Yoon-young
6280,Choi Young-jae
6281,Chokchai Charoensuk
6282,Cholsawas Tiewwanichkul
6283,Chonlakarn Puangnoy
6284,Chonnikan Netjui
6285,Chopper Bernet
6286,Chord Overstreet
6287,Chou Min-fu
6288,Chow Yun Fat
6289,Chris Attoh
6290,Chris Bauer
6291,Chris Beetem
6292,Chris Bell
6293,Chris Bourke
6294,Chris Brazier
6295,Chris Britton
6296,Chris Brochu
6297,Chris Brown
6298,Chris Browning
6299,Chris Burkard
6300,Chris Carmack
6301,Chris Casamassa
6302,Chris Chalk
6303,Chris Chapman
6304,Chris Colfer
6305,Chris Collins
6306,Chris Conner
6307,Chris Conrad
6308,Chris Cooper
6309,Chris Coppola
6310,Chris Couto
6311,Chris Cox
6312,Chris Coy
6313,Chris D'Elia
6314,Chris Diamantopoulos
6315,Chris Distefano
6316,Chris Doubek
6317,Chris Edwards
6318,Chris Egan
6319,Chris Eigeman
6320,Chris Elliott
6321,Chris Ellis
6322,Chris Evans
6323,Chris Farley
6324,Chris Forrest
6325,Chris Galust
6326,Chris Gartin
6327,Chris Gauthier
6328,Chris Gethard
6329,Chris Gibbs
6330,Chris Gibson
6331,Chris Grimes
6332,Chris Hackney
6333,Chris Hardwick
6334,Chris Harrison
6335,Chris Haywood
6336,Chris Hemsworth
6337,Chris Hoch
6338,Chris Iheuwa
6339,Chris Jack
6340,Chris Johnson
6341,Chris Kamau
6342,Chris Kattan
6343,Chris Kendrick
6344,Chris Klein
6345,Chris Lee
6346,Chris Lilley
6347,Chris Lowell
6348,Chris Lyon
6349,Chris Marquette
6350,Chris Massoglia
6351,Chris McGarry
6352,Chris McKenna
6353,Chris Messina
6354,Chris Miller
6355,Chris Mulkey
6356,Chris Norton
6357,Chris Noth
6358,Chris Nuñez
6359,Chris O'Donnell
6360,Chris O'Dowd
6361,Chris O'Neal
6362,Chris Obi
6363,Chris Okagbue
6364,Chris Packham
6365,Chris Pang
6366,Chris Parnell
6367,Chris Penn
6368,Chris Pine
6369,Chris Potter
6370,Chris Pratt
6371,Chris Redd
6372,Chris Reid
6373,Chris Rock
6374,Chris Romano
6375,Chris Sanders
6376,Chris Sarandon
6377,Chris Sembroski
6378,Chris Sharp
6379,Chris Sheffield
6380,Chris Smith
6381,Chris Stafford
6382,Chris Sturgeon
6383,Chris Tardio
6384,Chris Thys
6385,Chris Tong
6386,Chris Tordoff
6387,Chris Tucker
6388,Chris Violette
6389,Chris Walley
6390,Chris Wang
6391,Chris Warner
6392,Chris Webb
6393,Chris Witaske
6394,Chris Wood
6395,Chris Wu
6396,Chris Wylde
6397,Chris Yong
6398,Chris Zois
6399,Chris Zylka
6400,Chris van Tulleken
6401,Chrishell Hartley
6402,Chrissie Chow
6403,Chrissy Metz
6404,Chrissy Teigen
6405,Christa Campbell
6406,Christa Théret
6407,Christabel Jazz Mistri
6408,Christel Das
6409,Christelle Cornil
6410,Christian Bables
6411,Christian Bale
6412,Christian Banas
6413,Christian Berkel
6414,Christian Bouillette
6415,Christian Brassington
6416,Christian Camargo
6417,Christian Chávez
6418,Christian Clemenson
6419,Christian Convery
6420,Christian Cooke
6421,Christian Dal Dosso
6422,Christian De Sica
6423,Christian Delgrosso
6424,Christian Escribà
6425,Christian Friedel
6426,Christian Giroso
6427,Christian Hutcherson
6428,Christian James
6429,Christian Kane
6430,Christian Kuchenbuch
6431,Christian Loho
6432,Christian López
6433,Christian Madsen
6434,Christian Malheiros
6435,Christian McKay
6436,Christian Meier
6437,Christian Morales
6438,Christian Mulas
6439,Christian Navarro
6440,Christian Paul
6441,Christian Potenza
6442,Christian Roberto
6443,Christian Robinson
6444,Christian Rubeck
6445,Christian Serratos
6446,Christian Slater
6447,Christian Steel
6448,Christian Sugiono
6449,Christian Tafdrup
6450,Christian Tappan
6451,Christian Tappán
6452,Christian Thomas Ashdale
6453,Christian Valderrama
6454,Christian Vasquez
6455,Christian Vazquez
6456,Christian Villamil
6457,Christiane Dumont
6458,Christiane Paul
6459,Christiane Seidel
6460,Christiani Pitts
6461,Christie Laing
6462,Christie Peruso
6463,Christien Anholt
6464,Christina Aguilera
6465,Christina Applegate
6466,Christina Brucato
6467,Christina Cole
6468,Christina Cox
6469,Christina Hecke
6470,Christina Hendricks
6471,Christina Jacquelyn Calph
6472,Christina Kirk
6473,Christina Marie Moses
6474,Christina Masterson
6475,Christina Meredith Lewall
6476,Christina Milian
6477,Christina Mok
6478,Christina Moore
6479,Christina Ochoa
6480,Christina Pazsitzky
6481,Christina Pickles
6482,Christina Ricci
6483,Christina Robinson
6484,Christina Rodriguez
6485,Christina Tannous
6486,Christina Vidal
6487,Christine Adams
6488,Christine Allado
6489,Christine Baranski
6490,Christine Bottomley
6491,Christine Cavanaugh
6492,Christine Choueiri
6493,Christine Donlon
6494,Christine Dye
6495,Christine Ebadi
6496,Christine Ebersole
6497,Christine Evangelista
6498,Christine Hakim
6499,Christine Horne
6500,Christine Ko
6501,Christine Lahti
6502,Christine Lakin
6503,Christine Lee
6504,Christine Marie Cabanos
6505,Christine Marzano
6506,Christine McConnell
6507,Christine Meltzer
6508,Christine Taylor
6509,Christine Tesco
6510,Christine Tucci
6511,Christine Woods
6512,Christoffer Nelwan
6513,Christoffer Nordenrot
6514,Christoph Bach
6515,Christoph Bastrup
6516,Christoph Jungmann
6517,Christoph Krutzler
6518,Christoph Maria Herbst
6519,Christoph Niemann
6520,Christoph Sanders
6521,Christoph Waltz
6522,Christophe Guybet
6523,Christophe Kourotchkine
6524,Christophe Lambert
6525,Christophe Lemoine
6526,Christophe Paou
6527,Christophe Reymond
6528,Christopher Abbott
6529,Christopher Atkins
6530,Christopher Backus
6531,Christopher Berry
6532,Christopher Carley
6533,Christopher Castile
6534,Christopher Clarke
6535,Christopher Corey Smith
6536,Christopher Curry
6537,Christopher Dempsey
6538,Christopher Eccleston
6539,Christopher Egan
6540,Christopher Evan Welch
6541,Christopher Farrar
6542,Christopher Fataki
6543,Christopher Fulford
6544,Christopher Gaze
6545,Christopher Godwin
6546,Christopher Goodman
6547,Christopher Gorham
6548,Christopher Gray
6549,Christopher Guest
6550,Christopher Heyerdahl
6551,Christopher Jaciow
6552,Christopher Jacot
6553,Christopher Judge
6554,Christopher Ketchup
6555,Christopher Khayman Lee
6556,Christopher Kirby
6557,Christopher Knights
6558,Christopher Krieg
6559,Christopher Lambert
6560,Christopher Larkin
6561,Christopher Lawford
6562,Christopher Lee
6563,Christopher Lloyd
6564,Christopher Martin
6565,Christopher Masterson
6566,Christopher Matthew Cook
6567,Christopher McDonald
6568,Christopher Meloni
6569,Christopher Meyer
6570,Christopher Mintz-Plasse
6571,Christopher Moynihan
6572,Christopher Murney
6573,Christopher Nolen
6574,Christopher O'Shea
6575,Christopher Plummer
6576,Christopher R. Sabat
6577,Christopher Ragland
6578,Christopher Reid
6579,Christopher Rich
6580,Christopher Rivera
6581,Christopher Rob Bowen
6582,Christopher Roxas
6583,Christopher Russell
6584,Christopher Sciueref
6585,Christopher Sean
6586,Christopher Severio
6587,Christopher Shazar
6588,Christopher Showerman
6589,Christopher Shyer
6590,Christopher Sieber
6591,Christopher Smith
6592,Christopher Sommers
6593,Christopher Stanley
6594,Christopher Stapleton
6595,Christopher Tavarez
6596,Christopher Titus
6597,Christopher Von Uckermann
6598,Christopher Wagelin
6599,Christopher Walken
6600,Christopher Williams
6601,Christopher Wollter
6602,Christy Chung
6603,Christy Summerhays
6604,Christy Yow
6605,Chrystee Pharris
6606,Chrysti Ane
6607,Chu Chung-heng
6608,Chu De-Kang
6609,Chu Sheng-ping
6610,Chua Kah Joo
6611,Chuan-Chen Yeh
6612,Chuang Kai-Hsun
6613,Chucho Fernández
6614,Chuck D.
6615,Chuck Liddell
6616,Chuck Low
6617,Chuck Morgan
6618,Chuck Russell
6619,Chuck Shamata
6620,Chuck Zito
6621,Chudapha Chanthakhet
6622,Chui Tien-you
6623,Chuka Ekweogwu
6624,Chuks Chukwujekwu
6625,Chukwudi Iwuji
6626,Chukwuemeka Okoroafor
6627,Chul-woong Kang
6628,Chumel Torres
6629,Chumphorn Thepphithak
6630,Chun Chau Ha
6631,Chun Ho-jin
6632,Chung Hsin-ling
6633,Chung Ping Geung
6634,Chung Wang
6635,Chung Won-joong
6636,Chung-wai Lee
6637,Chunky Pandey
6638,Chunya Chao
6639,Churni Ganguly
6640,Chutavuth Pattarakampol
6641,Chutimon Chuengcharoensukying
6642,Chutirada Junthit
6643,Chutki
6644,Chuxiao Qu
6645,Chyler Leigh
6646,Chyna Layne
6647,Cian Barry
6648,Ciana Swales
6649,Ciara Alexys
6650,Ciara Bravo
6651,Ciara Hanna
6652,Ciara Janson
6653,Ciara Nadine Brosnan
6654,Ciaran Bermingham
6655,Ciaran McCabe
6656,Ciarán Hinds
6657,Ciarán Owens
6658,Cibi Bhuvana Chandran
6659,Cicely Tyson
6660,Cici Wang
6661,Cida Rolim
6662,Cierra Ramirez
6663,Cigano Satyohamba
6664,Cihan Ercan
6665,Cihat Tamer
6666,Cillian Murphy
6667,Cindy Cheung
6668,Cindy Chu
6669,Cindy Crawford
6670,Cindy Hayden
6671,Cindy Katz
6672,Cindy Lien
6673,Cindy Mahlangu
6674,Cindy Pickett
6675,Cindy Robinson
6676,Cinta Laura Kiehl
6677,Cinthya Carmona
6678,Ciro Herce
6679,Ciro Nacca
6680,Cirroc Lofton
6681,Cissy Houston
6682,Citi Bet Baydi
6683,Citra Prima
6684,Civan Canova
6685,Cj Sykes
6686,Claes Bang
6687,Claes Malmberg
6688,Claire Blackwelder
6689,Claire Bloom
6690,Claire Chitham
6691,Claire Coffee
6692,Claire Corlett
6693,Claire Danes
6694,Claire Forlani
6695,Claire Foy
6696,Claire Geare
6697,Claire Goose
6698,Claire Holt
6699,Claire Jeater
6700,Claire Julien
6701,Claire Keelan
6702,Claire Margaret Corlett
6703,Claire Rushbrook
6704,Claire Selby
6705,Claire Smithies
6706,Claire Tran
6707,Claire van der Boom
6708,Clancy Brown
6709,Clara Alonso
6710,Clara Bernadeth
6711,Clara Crispo
6712,Clara Kushnir
6713,Clara Lago
6714,Clara Lee
6715,Clara Read
6716,Clara Rugaard
6717,Clara Segura
6718,Clara Voda
6719,Clara Wilsey
6720,Clara Wong
6721,Clare Carey
6722,Clare Durant
6723,Clare Grant
6724,Clare Higgins
6725,Clare-Hope Ashitey
6726,Clarence Avant
6727,Clarence Clemons
6728,Clarence Delgado
6729,Clarence John Ryan
6730,Clarence Ryan
6731,Clarissa Müller
6732,Clark Backo
6733,Clark Duke
6734,Clark Gregg
6735,Clark Middleton
6736,Clark Wiesbrock
6737,Clarke Peters
6738,Claude De Demo
6739,Claude Duhamel
6740,Claude Musungayi
6741,Claude Rich
6742,Claudette Maillé
6743,Claudette Wells
6744,Claudia Black
6745,Claudia Canal
6746,Claudia Cardinale
6747,Claudia Celedón
6748,Claudia Chakrapan
6749,Claudia Christian
6750,Claudia Ciesla
6751,Claudia Dammert
6752,Claudia Fernandez
6753,Claudia Ferri
6754,Claudia Geisler-Bading
6755,Claudia Gerini
6756,Claudia Jacob
6757,Claudia Jessie
6758,Claudia Kim
6759,Claudia Lee
6760,Claudia Lennear
6761,Claudia Lobo
6762,Claudia O'Doherty
6763,Claudia Ohana
6764,Claudia Pandolfi
6765,Claudia Pineda
6766,Claudia Placer
6767,Claudia Ramírez
6768,Claudia Riera
6769,Claudia Ríos
6770,Claudia Salas
6771,Claudia Santiago
6772,Claudia Solís
6773,Claudia Sulewski
6774,Claudia Traisac
6775,Claudia Tranchese
6776,Claudia Vega
6777,Claudia Zepeda
6778,Claudie Blakley
6779,Claudine Barretto
6780,Claudine Bertin
6781,Claudine Craig
6782,Claudine Mboligikpelani Nako
6783,Claudine Sosa
6784,Claudio Amendola
6785,Claudio Bisio
6786,Claudio Gioè
6787,Claudio Martínez Bel
6788,Claudio Rissi
6789,Claudio Santamaria
6790,Claudio Tolcachir
6791,Claudio Torres
6792,Clay Gribble
6793,Clayne Crawford
6794,Clayton Adams
6795,Clayton Hoff
6796,Clayton Snyder
6797,Cle Sloan
6798,Clea DuVall
6799,Clea Lewis
6800,Cleber Salgado
6801,Clem Cheung
6802,Clem Ohameze
6803,Clem Tibber
6804,Clemens Schick
6805,Clement Metayer
6806,Clementina Guadarrama
6807,Clementine Laikin
6808,Clemmie Dugdale
6809,Cleo Anthony
6810,Cleo Badcock
6811,Cleo King
6812,Cleo Massey
6813,Cleo Pires
6814,Cleopatra Coleman
6815,Cliff Chamberlain
6816,Cliff Curtis
6817,Cliff De Young
6818,Cliff Parisi
6819,Clifton Collins Jr.
6820,Clifton Powell
6821,Clint Dyer
6822,Clint Eastwood
6823,Clint Glenn Hummel
6824,Clint Howard
6825,Clint James
6826,Clint Jung
6827,Clint Obenchain
6828,Clive Davis
6829,Clive Dunn
6830,Clive Owen
6831,Clive Russell
6832,Clive Standen
6833,Cloris Leachman
6834,Clotilde Courau
6835,Clotilde Hesme
6836,Clotilde Mollet
6837,Clover Nee
6838,Clovis Cornillac
6839,Clovis Fouin
6840,Clu Gulager
6841,Clyde Kusatsu
6842,Cláudia Okuno
6843,Clé Bennett
6844,Clément Olivieri
6845,Clémentine Poidatz
6846,Cobie Smulders
6847,Coby Bird
6848,Coco Celis
6849,Coco Chiarella
6850,Coco Grayson
6851,Coco Jones
6852,Coco Martin
6853,Coco Rebecca Edogamhe
6854,Cocoa Brown
6855,Cody Cameron
6856,Cody Christian
6857,Cody Fern
6858,Cody Hackman
6859,Cody Horn
6860,Cody Kearsley
6861,Cody Longo
6862,Cody McMains
6863,Cody Merridith
6864,Cody Walker
6865,Coen Falke
6866,Cohen Holloway
6867,Colby Donaldson
6868,Colby French
6869,Colby Minifie
6870,Cole Hauser
6871,Cole Howard
6872,Cole Jensen
6873,Cole Sand
6874,Cole Seaver
6875,Cole Sprouse
6876,Coleman Domingo
6877,Colette Kieffer
6878,Colin Branca
6879,Colin Critchley
6880,Colin David Reese
6881,Colin Donnell
6882,Colin Doyle
6883,Colin Edwards
6884,Colin Farrell
6885,Colin Firth
6886,Colin Ford
6887,Colin Fox
6888,Colin Garlick
6889,Colin Hanks
6890,Colin Lane
6891,Colin Lawrence
6892,Colin MacLachlan
6893,Colin McFarlane
6894,Colin Moody
6895,Colin Morgan
6896,Colin Moss
6897,Colin Moy
6898,Colin Murdock
6899,Colin O'Donoghue
6900,Colin Paradine
6901,Colin Quinn
6902,Colin Salmon
6903,Colin Stark
6904,Colin Stinton
6905,Colin Woodell
6906,Coline Beal
6907,Colleen Ballinger
6908,Colleen Camp
6909,Colleen Clinkenbeard
6910,Colleen Foy
6911,Colleen O'Shaughnessey
6912,Colleen Smith
6913,Collette Wolfe
6914,Collin Chou
6915,Collin Kelly-Sordelet
6916,Collin Wilcox Paxton
6917,Collins Pennie
6918,Colm Feore
6919,Colm Meaney
6920,Colman Domingo
6921,Colson Baker
6922,Colt Crawford
6923,Colton Dunn
6924,Colton Haynes
6925,Colton Woodward
6926,Columbus Short
6927,Common
6928,Conan O'Brien
6929,Concha Galán
6930,Concha Velasco
6931,Conchata Ferrell
6932,Conchita Campbell
6933,Condola Rashad
6934,Coney Reyes
6935,Conleth Hill
6936,Connie Booth
6937,Connie Britton
6938,Connie Chung
6939,Connie Ferguson
6940,Connie Nielsen
6941,Connor Jessup
6942,Connor Lawrence
6943,Connor Liang
6944,Connor Paolo
6945,Connor Parnall
6946,Connor Ratliff
6947,Connor Rosen
6948,Connor Swindells
6949,Connor Trinneer
6950,Connor Weil
6951,Connor Williams
6952,Conor MacNeill
6953,Conor McDermottroe
6954,Conor McGregor
6955,Conor Quinlan
6956,Conrad Magwaza
6957,Conrad Pla
6958,Conrad Ricamora
6959,Conrad Vernon
6960,Conroy Chan
6961,Constance Barron
6962,Constance Dollé
6963,Constance Gay
6964,Constance Marie
6965,Constance Nunes
6966,Constance Rousseau
6967,Constance Towers
6968,Constance Wu
6969,Constance Zimmer
6970,Constanza Camelo
6971,Constanza Duque
6972,Constanza Piccoli
6973,Constanza Romero
6974,Consuelo Duval
6975,Consuelo Holzapfel
6976,Consuelo Trujillo
6977,Consuelo Vega
6978,Cooper Barnes
6979,Cooper Daniel Johnson
6980,Cooper Huckabee
6981,Cooper Koch
6982,Cooper Lundeen
6983,Cooper Rowe
6984,Cooper van Grootel
6985,Copter Phumin
6986,Cora Lee Day
6987,Coral Puente
6988,Corbin Bernsen
6989,Corbin Bleu
6990,Corbin Reid
6991,Corbin Timbrook
6992,Cordae
6993,Cordelia Comando
6994,Corentin Fila
6995,Corey Allen
6996,Corey Burton
6997,Corey Feldman
6998,Corey Fogelmanis
6999,Corey Harrison
7000,Corey Hawkins
7001,Corey Hendrix
7002,Corey Johnson
7003,Corey Large
7004,Corey McCormick
7005,Corey Page
7006,Corey Parker Robinson
7007,Corey Stoll
7008,Corey Taylor
7009,Corey Yuen
7010,Corin Nemec
7011,Corin Redgrave
7012,Corinna Harfouch
7013,Corinne Foxx
7014,Corinne Marchand
7015,Corinne Musallari
7016,Corinne Valancogne
7017,Cornel West
7018,Cornelia Agatha
7019,Cornelia Gröschel
7020,Cornelio Sunny
7021,Cornell Royal
7022,Corny Rempel
7023,Corrado Invernizzi
7024,Corri English
7025,Corrine Koslo
7026,Cortez Chappell
7027,Cortney Palm
7028,Cory Bowles
7029,Cory Cassidy
7030,Cory Doran
7031,Cory DuVal
7032,Cory Hardrict
7033,Cory Hart
7034,Cory Hunter
7035,Cory Michael Smith
7036,Cory Monteith
7037,Cory Nichols
7038,Cory Oliver
7039,Cory Peterson
7040,Cosima Shaw
7041,Cosimo Fusco
7042,Cosme Castro
7043,Cosme Flores
7044,Cosmin Nedelcu
7045,Cosmo Jarvis
7046,Cosmos Lin
7047,Costanza Andrade
7048,Costas Mandylor
7049,Cote de Pablo
7050,Cotter Smith
7051,Coty Camacho
7052,Coumba Dieng
7053,Countess Vaughn
7054,Courtenay Taylor
7055,Courteney Cox
7056,Courtney B. Vance
7057,Courtney Dietz
7058,Courtney Eaton
7059,Courtney Halverson
7060,Courtney Henggeler
7061,Courtney Love
7062,Courtney Shaw
7063,Coy Stewart
7064,Cozi Zuehlsdorff
7065,Craig Bartlett
7066,Craig Behenna
7067,Craig Bierko
7068,Craig Conway
7069,Craig Fairbrass
7070,Craig Ferguson
7071,Craig Fogel
7072,Craig Francis
7073,Craig Frank
7074,Craig Gazey
7075,Craig Hall
7076,Craig Horner
7077,Craig Hyde-Smith
7078,Craig Mack
7079,Craig McLachlan
7080,Craig Parker
7081,Craig Parkinson
7082,Craig Roberts
7083,Craig Robinson
7084,Craig Robinson & The Nasty Delicious
7085,Craig Sechler
7086,Craig Sheffer
7087,Craig Stevenson
7088,Craig Stott
7089,Craig T. Nelson
7090,Craig Tracy
7091,Craig Urbani
7092,Cranston Johnson
7093,Cree Cicchino
7094,Cree Summer
7095,Creed Bratton
7096,Cress Williams
7097,Cressida Bonas
7098,Cricket St. John
7099,Crina Semciuc
7100,Criola
7101,Criolo
7102,Cris Acosta
7103,Cris Villanueva
7104,Cris Villonco
7105,Crispin Freeman
7106,Crispin Glover
7107,Cristabel Goddy
7108,Cristela Alonzo
7109,Cristi Puiu
7110,Cristian Bota
7111,Cristiana Capotondi
7112,Cristiano Caccamo
7113,Cristin Milioti
7114,Cristina Banegas
7115,Cristina Cappelli
7116,Cristina Castaño
7117,Cristina Donadio
7118,Cristina Lago
7119,Cristina Michaus
7120,Cristina Milizia
7121,Cristina Morán
7122,Cristina Plazas
7123,Cristina Pucelli
7124,Cristina Rodlo
7125,Cristina Rosato
7126,Cristina Serafini
7127,Cristina Suzanne
7128,Cristina Umaña
7129,Cristina Urgel
7130,Cristina Vee
7131,Cristina Warner
7132,Cristina do Rego
7133,Cristine Prosperi
7134,Cristine Reyes
7135,Cristián Riquelme
7136,Cristián de la Fuente
7137,Cristobal Tapia Montt
7138,Cristos
7139,Cristy Guo
7140,Cristóbal Suárez
7141,Crowd Lu
7142,Cruz Kim
7143,Crystal Balint
7144,Crystal Fox
7145,Crystal Kay
7146,Crystal Lowe
7147,Crystal Reed
7148,Crystal Scales
7149,Crystal Yu
7150,Csongor Szalay
7151,Cuauhtémoc Duque
7152,Cuba Gooding Jr.
7153,Cullen Moss
7154,Cung Le
7155,Curt Hansen
7156,Curtis Harris
7157,Curtis York
7158,Curtiss Cook Jr.
7159,Cush Jumbo
7160,Cut Ashifa
7161,Cut Chemist
7162,Cut Mini Theo
7163,Cydney J. Fam
7164,Cyli Khare
7165,Cylk Cozart
7166,Cymbal Byrd
7167,Cynda Williams
7168,Cyndi Wang
7169,Cynthia Addai-Robinson
7170,Cynthia Capers
7171,Cynthia Dankwa
7172,Cynthia Evans
7173,Cynthia Kaye McWilliams
7174,Cynthia Kirchner
7175,Cynthia Klitbo
7176,Cynthia Koh
7177,Cynthia Martells
7178,Cynthia Nixon
7179,Cynthia Okereke
7180,Cynthia Preston
7181,Cynthia Rose Hall
7182,Cynthia Ruffin
7183,Cynthia Sikes
7184,Cynthia Smith
7185,Cynthia Stevenson
7186,Cynthy Wu
7187,Cyril Chauquet
7188,Cyril Lecomte
7189,Cyril Mendy
7190,Cyril Nri
7191,Cyron Melville
7192,Cyrus McQueen
7193,Cécile De France
7194,Célia Catalifo
7195,Céline Melloul
7196,Céline Ronté
7197,Céline Sallette
7198,César Albarracín
7199,César Bandera
7200,César Bordón
7201,César Cambeiro
7202,César Cardadeiro
7203,César Manjarrez
7204,César Mateo
7205,César Mello
7206,César Mora
7207,César Pezzuoli
7208,César Ramos
7209,César Rodríguez
7210,César Romero
7211,César Troncoso
7212,César Vea
7213,D P Ghani
7214,D'Arcy Carden
7215,D'angelou Osei Kissiedu
7216,D. Narsingh Rao
7217,D. Santosh
7218,D.B. Sweeney
7219,D.B. Woodside
7220,D.C. Douglas
7221,D.C. Young Fly
7222,D.G. Maloney
7223,"D.J. ""Shangela"" Pierce"
7224,D.J. Cotrona
7225,D.L. Hughley
7226,DJ Amorim
7227,DJ Khaled
7228,DJ Law
7229,DJ Premier
7230,DJ Qualls
7231,DJ Ruckus
7232,DJ Scratch
7233,DJ Wati
7234,DMX
7235,Da Brat
7236,Da Peng
7237,Da'Vine Joy Randolph
7238,Da'Vone McDonald
7239,Da-Ye Kim
7240,Da-hae Lee
7241,Da-young Joo
7242,Daad Rizk
7243,Dacre Montgomery
7244,Dada Chan
7245,Daddi Tang
7246,Daddy Showkey
7247,Dady Brieva
7248,Dae-Myung Kim
7249,Daffany Clark
7250,Dag Malmberg
7251,Dagmar Bláhová
7252,Dagmara Dominczyk
7253,Dagny Backer Johnsen
7254,Dagoberto Gama
7255,Dai Hasegawa
7256,Dai Liparoti
7257,Dai Xiangyu
7258,Dai Yunfan
7259,Daichi Watanabe
7260,Daigo
7261,Daiken Okudaira
7262,Daiki Nakamura
7263,Daiki Shigeoka
7264,Daiki Yamashita
7265,Dain Said
7266,Dairon Tallon
7267,Daisuke Hirakawa
7268,Daisuke Kirii
7269,Daisuke Kishio
7270,Daisuke Namikawa
7271,Daisuke Ono
7272,Daisuke Sakaguchi
7273,Daisuke Sakuma
7274,Daisuke Tsuji
7275,Daisy Anderson
7276,Daisy Haggard
7277,Daisy Head
7278,Daisy Irani
7279,Daisy Lewis
7280,Daisy Lightfoot
7281,Daisy McCrackin
7282,Daisy Prescott
7283,Daisy Ridley
7284,Dajana Čuljak
7285,Dakore Akande
7286,Dakota Basseri
7287,Dakota Benjamin Taylor
7288,Dakota Bruton
7289,Dakota Fanning
7290,Dakota Goyo
7291,Dakota Loesch
7292,Dakota Lustick
7293,Daksha Mahendra
7294,Dal-su Oh
7295,Dalal Abdel Aziz
7296,Dalal Abdelaziz
7297,Dale Carley
7298,Dale Dickey
7299,Dale Elliott
7300,Dale Ishimoto
7301,Dalexa Meneses
7302,Dalila Bela
7303,Dalilah Polanco
7304,Dalip Sondhi
7305,Dalip Tahil
7306,Daljeet Singh
7307,Dallas Hart
7308,Dallas Roberts
7309,Dally Daljit
7310,Dalton Vigh
7311,Dalí González
7312,Damaine Radcliff
7313,Daman Singh
7314,Damandeep Singh Baggan
7315,Damayanti Quintanar
7316,Dami Lee
7317,Damian Alexander D'Souza
7318,Damian Chapa
7319,Damian Hardung
7320,Damian Kell
7321,Damian Lau
7322,Damian Lewis
7323,Damian Maffei
7324,Damian Majewski
7325,Damian Nueva Cortes
7326,Damian Woetzel
7327,Damian Young
7328,Damian de Montemas
7329,Damien Bonnard
7330,Damien Chapelle
7331,Damien Echols
7332,Damien Fotiou
7333,Damien Garvey
7334,Damien Laquet
7335,Damien Mander
7336,Damien Molony
7337,Damilola Adegbite
7338,Damilola Ogunsi
7339,Daminee Basu
7340,Daming Chen
7341,Damián Alcázar
7342,Damkerng Thitapiyasak
7343,Damla Sönmez
7344,Damon Guo
7345,Damon Gupton
7346,Damon Herriman
7347,Damon J. Gillespie
7348,Damon Wayans
7349,Damon Wayans Jr.
7350,Damon Younger
7351,Damone Roberts
7352,Damson Idris
7353,Dan Aaron Ramnarong
7354,Dan Ahdoot
7355,Dan Aykroyd
7356,Dan Baily
7357,Dan Bakkedahl
7358,Dan Beirne
7359,Dan Bilzerian
7360,Dan Blasko
7361,Dan Breitman
7362,Dan Bucatinsky
7363,Dan Butler
7364,Dan Byrd
7365,Dan Castellaneta
7366,Dan Chameroy
7367,Dan Chiriac
7368,Dan Condurache
7369,Dan Davies
7370,Dan Donohue
7371,Dan Fogelman
7372,Dan Fogler
7373,Dan Futterman
7374,Dan Godwin
7375,Dan Green
7376,Dan Hedaya
7377,Dan Herzberg
7378,Dan Hong
7379,Dan Joffre
7380,Dan Jones
7381,Dan McCoy
7382,Dan Milano
7383,Dan Mor
7384,Dan Naturman
7385,Dan Patrick
7386,Dan Payne
7387,Dan Petronijevic
7388,Dan Renton Skinner
7389,Dan Schneider
7390,Dan Snow
7391,Dan Soder
7392,Dan Spielman
7393,Dan Stevens
7394,Dan Stulbach
7395,Dan Styles
7396,Dan Sylvester
7397,Dan Wyllie
7398,Dan Ziskie
7399,Dana Abdullilah
7400,Dana Andrews
7401,Dana Ashbrook
7402,Dana Carvey
7403,Dana Davis
7404,Dana DeLorenzo
7405,Dana Dogaru
7406,Dana Fuchs
7407,Dana Gourrier
7408,Dana Hill
7409,Dana Horrox
7410,Dana Ivey
7411,Dana Jabr
7412,Dana Lewis
7413,Dana Mardini
7414,Dana Min Goodman
7415,Dana Snyder
7416,Dana Wheeler-Nicholson
7417,Dana Woods
7418,Danai Gurira
7419,Dandy Barrett
7420,Dane Cook
7421,Dane DeHaan
7422,Dane Martinez
7423,Dani
7424,Dani El Rojo
7425,Dani Kind
7426,Dani Ornellas
7427,Dani Rovira
7428,Dani Schaffel
7429,Dania Gelderblom
7430,Dania Ramirez
7431,Danica Curcic
7432,Danica McKellar
7433,Danica Patrick
7434,Daniel Alcaíno
7435,Daniel Alcaíno Cuevas
7436,Daniel Amerman
7437,Daniel Arenas
7438,Daniel Aráoz
7439,Daniel Bacon
7440,Daniel Bellomy
7441,Daniel Bernhardt
7442,Daniel Bonjour
7443,Daniel Booko
7444,Daniel Breaker
7445,Daniel Brochu
7446,Daniel Brühl
7447,Daniel Candia
7448,Daniel Chamorro
7449,Daniel Cooksley
7450,Daniel Craig
7451,Daniel Currás
7452,Daniel Dae Kim
7453,Daniel Dantas
7454,Daniel Davids
7455,Daniel Day-Lewis
7456,Daniel DeSanto
7457,Daniel Di Biase
7458,Daniel Diemer
7459,Daniel Doheny
7460,Daniel Duval
7461,Daniel Edward Mora
7462,Daniel Effiong
7463,Daniel Eric Gold
7464,Daniel Ewing
7465,Daniel Ezra
7466,Daniel Fanego
7467,Daniel Faraldo
7468,Daniel Feuerriegel
7469,Daniel Filho
7470,Daniel Friedl
7471,Daniel Frikstad
7472,Daniel Furlan
7473,Daniel Fuster
7474,Daniel Gagnon
7475,Daniel Gillies
7476,Daniel Gimenez Cacho
7477,Daniel Giménez Cacho
7478,Daniel Grao
7479,Daniel Guillón
7480,Daniel Haddad
7481,Daniel Hagen
7482,Daniel Haro
7483,Daniel Hendler
7484,Daniel Henshall
7485,Daniel Holguín
7486,Daniel Hopwood
7487,Daniel Horvath
7488,Daniel Huttlestone
7489,Daniel Ibáñez
7490,Daniel Ings
7491,Daniel J. Edwards
7492,Daniel J. Travanti
7493,Daniel J. Watts
7494,Daniel Janks
7495,Daniel Jumillas
7496,Daniel K. Daniel
7497,Daniel Kaluuya
7498,Daniel Kang
7499,Daniel Kash
7500,Daniel Kuzniecka
7501,Daniel Lapaine
7502,Daniel Levy
7503,Daniel Lissing
7504,Daniel Lugo
7505,Daniel Lundh
7506,Daniel MK Cohen
7507,Daniel MacPherson
7508,Daniel Martínez
7509,Daniel Mays
7510,Daniel Middleton
7511,Daniel Moncada
7512,Daniel Muñoz
7513,Daniel Newman
7514,Daniel O'Meara
7515,Daniel O'Shea
7516,Daniel Ogbeide-John
7517,Daniel Ortiz
7518,Daniel Pacheco
7519,Daniel Padilla
7520,Daniel Palmer
7521,Daniel Phai
7522,Daniel R. Hill
7523,Daniel Radcliffe
7524,Daniel Raymont
7525,Daniel Rey
7526,Daniel Rigby
7527,Daniel Rocha
7528,Daniel Rochford
7529,Daniel Roebuck
7530,Daniel Rosado
7531,Daniel Ryan
7532,Daniel Sahyounie
7533,Daniel Sauli
7534,Daniel Schorr
7535,Daniel Sharman
7536,Daniel Sloss
7537,Daniel Sosa
7538,Daniel Southworth
7539,Daniel Stern
7540,Daniel Sträßer
7541,Daniel Sunjata
7542,Daniel Sánchez Arévalo
7543,Daniel Tan
7544,Daniel Torres
7545,Daniel Valdez
7546,Daniel Valenzuela
7547,Daniel Villarreal
7548,Daniel Washington
7549,Daniel Watterson
7550,Daniel Webber
7551,Daniel Weber
7552,Daniel Whyte
7553,Daniel Wu
7554,Daniel Zacapa
7555,Daniel Zolghadri
7556,Daniel Zovatto
7557,Daniel von Bargen
7558,Daniel Čech
7559,Daniela Aita
7560,Daniela Barbosa
7561,Daniela Bascopé
7562,Daniela Bobadilla
7563,Daniela Castro
7564,Daniela Denby-Ashe
7565,Daniela Duspara
7566,Daniela Escobar
7567,Daniela Estrada
7568,Daniela Luque
7569,Daniela Newton
7570,Daniela Norman
7571,Daniela Ramírez
7572,Daniela Rubio
7573,Daniela Sandiford
7574,Daniela Scattolin
7575,Daniela Schmidt
7576,Daniela Sea
7577,Daniela Vega
7578,Daniela Wong
7579,Daniele DaMata
7580,Daniele Mariani
7581,Daniele Pecci
7582,Daniele Pilli
7583,Daniele Vicorito
7584,Daniella Alonso
7585,Daniella Down
7586,Daniella Monet
7587,Daniella Pineda
7588,Daniella Rahme
7589,Daniella Van Graas
7590,Danielle Bird
7591,Danielle Brooks
7592,Danielle Campbell
7593,Danielle Carter
7594,Danielle Chuchran
7595,Danielle Cormack
7596,Danielle Dai
7597,Danielle Galligan
7598,Danielle Haim
7599,Danielle Harold
7600,Danielle Harris
7601,Danielle Lauder
7602,Danielle Macdonald
7603,Danielle Nicole
7604,Danielle Nicolet
7605,Danielle Panabaker
7606,Danielle Rose Russell
7607,Danielle Soibelman
7608,Danielle Vitalis
7609,Danielle Walters
7610,Danielle Winits
7611,Danielle von Zerneck
7612,Daniil Vorobyov
7613,Danika Yarosh
7614,Danila Kozlovsky
7615,Danilo Grangheia
7616,Danilo Kamperidis
7617,Danilo Mesquita
7618,Danilo de Moura
7619,Danish Husain
7620,Danish Hussain
7621,Danish Pandor
7622,Danish Taimoor
7623,Danitza Athanassiadis
7624,Daniyal Yousuf
7625,Dann Florek
7626,Danna García
7627,Danna Paola
7628,Danneel Ackles
7629,Danni Wang
7630,Dannia Salsabila
7631,Danny Aiello
7632,Danny Bonaduce
7633,Danny Boushebel
7634,Danny Bruzzi
7635,Danny Chan
7636,Danny Chan Kwok-kwan
7637,Danny Corbo
7638,Danny De La Paz
7639,Danny DeVito
7640,Danny Denzongpa
7641,Danny Dyer
7642,Danny Fields
7643,Danny Flaherty
7644,Danny Glover
7645,Danny Goldring
7646,Danny Griffin
7647,Danny Hoch
7648,Danny Huston
7649,Danny Jacobs
7650,Danny John-Jules
7651,Danny Kamekona
7652,Danny Katiana
7653,Danny Kaye
7654,Danny Kim
7655,Danny Lee
7656,Danny Mann
7657,Danny Masterson
7658,Danny McBride
7659,Danny Morgan
7660,Danny Nucci
7661,Danny Perea
7662,Danny Pudi
7663,Danny Ramirez
7664,Danny Sapani
7665,Danny Slavin
7666,Danny Tamberelli
7667,Danny Trejo
7668,Danny Vinson
7669,Danny Wan
7670,Danny Wayne
7671,Danny Webb
7672,Danny Wells
7673,Danny Woodburn
7674,Danson Tang
7675,Dante Basco
7676,Dante Brown
7677,Dante Crichlow
7678,Dante Han
7679,Dante Hoagland
7680,Dante Mastropierro
7681,Dante Rivero
7682,Dante Scott
7683,Dante Zee
7684,Danuta Kowalska
7685,Danuta Stenka
7686,Dany Boon
7687,Dany Casco
7688,Dany Verissimo-Petit
7689,Danying Feng
7690,Daphne Nije
7691,Daphne Oseña-Paez
7692,Daphne Rubin-Vega
7693,Daphne Sheldrick
7694,Daphne Wellens
7695,Daphne Zuniga
7696,Dar Salim
7697,Dara Hanfman
7698,Dara Heng
7699,Dara Our
7700,Dara Phang
7701,Dara Singh
7702,Daran Norris
7703,Daraneenuch Pasutanavin
7704,Darby Camp
7705,Darby Stanchfield
7706,Darby Walker
7707,Darci Shaw
7708,Darcy Laurie
7709,Darcy Rose Byrnes
7710,Dareen Albayedh
7711,Dareen Haddad
7712,Daria Midou
7713,Daria Ramirez
7714,Daria Widawska
7715,Darin Brooks
7716,Darin De Paul
7717,Darin Hansen
7718,Darin Olien
7719,Dario Yazbek
7720,Dario Yazbek Bernal
7721,Darius Amarfio-Jefferson
7722,Darius McCrary
7723,Darius Rose
7724,Darius Zaviceanu
7725,Dariusz M. Uczkowski
7726,Darkiel
7727,Darko Peric
7728,Darlanne Fluegel
7729,Darlene Cates
7730,Darlene Love
7731,Darragh Gargan
7732,Darrel Guilbeau
7733,Darrell Britt-Gibson
7734,Darrell Hammond
7735,Darrell Taylor
7736,Darren Barnet
7737,Darren Chen
7738,Darren Chiu
7739,Darren Criss
7740,Darren Dalton
7741,Darren Day
7742,Darren Dunstan
7743,Darren Espanto
7744,Darren Jew
7745,Darren Lim
7746,Darren Mann
7747,Darren Muselet
7748,Darren Pettie
7749,Darren Shahlavi
7750,Darren Wang
7751,Darrin Dewitt Henson
7752,Darryl Cox
7753,Darryl Kurylo
7754,Darryl Quon
7755,Darshan Jariwala
7756,Darshan Kumar
7757,Darshan Machamada
7758,Darshan Pandya
7759,Darshana Rajendran
7760,Darsheel Safary
7761,Dartanian Sloan
7762,Darwin Shaw
7763,Daryl Gilley
7764,Daryl Hannah
7765,Daryl Mitchell
7766,Daryl Sabara
7767,Daryle Lamont Jenkins
7768,Darío Barassi
7769,Darío Grandinetti
7770,Darío T. Pie
7771,Darío Valenzuela
7772,Darío Yazbek
7773,Dascha Polanco
7774,Dash Mihok
7775,Dasha Charusha
7776,Dasha Nekrasova
7777,Dashawn Francis
7778,Dashiell Messitt
7779,Dato Bakhtadze
7780,Dattanna
7781,Dave
7782,Dave 'Foots' Footman
7783,Dave Annable
7784,Dave Attell
7785,Dave B. Mitchell
7786,Dave Bautista
7787,Dave Bridges
7788,Dave Brown
7789,Dave Chappelle
7790,Dave Coulier
7791,Dave East
7792,Dave Engfer
7793,Dave Fennoy
7794,Dave Ferguson
7795,Dave Foley
7796,Dave Franco
7797,Dave Goelz
7798,Dave Grohl
7799,Dave Hendrik
7800,Dave Hunt
7801,Dave Johns
7802,Dave Lamb
7803,Dave Madden
7804,Dave Matthews
7805,Dave Merheje
7806,Dave Navarro
7807,Dave Pender
7808,Dave Pettitt
7809,Dave Sheridan
7810,Dave Van Ronk
7811,Dave West
7812,Dave Wills
7813,Dave schultz
7814,Daveed Diggs
7815,Daveigh Chase
7816,Davenia McFadden
7817,Davey Grant
7818,Davi Santos
7819,David A. Arnold
7820,David A.R. White
7821,David Abraham
7822,David Ajala
7823,David Alan Grier
7824,David Ali Rashed
7825,David Ames
7826,David Anders
7827,David Andrews
7828,David Anzuelo
7829,David Arquette
7830,David Asavanond
7831,David Aston
7832,David Attenborough
7833,David Avery
7834,David Bacon
7835,David Baddiel
7836,David Bailie
7837,David Banner
7838,David Bannerman
7839,David Bark-Jones
7840,David Batra
7841,David Belle
7842,David Benger
7843,David Bennent
7844,David Berni
7845,David Berry
7846,David Blue
7847,David Boat
7848,David Bower
7849,David Bowie
7850,David Bradley
7851,David Brown
7852,David Bueno
7853,David Calder
7854,David Campbell
7855,David Carling
7856,David Carr
7857,David Carradine
7858,David Chang
7859,David Chao
7860,David Chen
7861,David Chiang
7862,David Chiu
7863,David Chocarro
7864,David Chokachi
7865,David Clayton Rogers
7866,David Collins
7867,David Corenswet
7868,David Costabile
7869,David Cowgill
7870,David Crane
7871,David Cronenberg
7872,David Cross
7873,David Cubitt
7874,David Dastmalchian
7875,David Dawson
7876,David DeLuise
7877,David Del Rio
7878,David Dencik
7879,David Denman
7880,David Domoney
7881,David Dorfman
7882,David Duchovny
7883,David Eagleman
7884,David Earl
7885,David Ebert
7886,David Edwards
7887,David Eigenberg
7888,David Elliot
7889,David Elms
7890,David Errigo Jr
7891,David Essex
7892,David Faustino
7893,David Fernandez Jr.
7894,David Field
7895,David Fielding
7896,David Forman
7897,David Foster
7898,David Fridman
7899,David Fukamachi Regnfors
7900,David Fynn
7901,David Gant
7902,David Gasman
7903,David Geffen
7904,David Gerber
7905,David Goldman
7906,David Graham
7907,David Gray
7908,David Gridley
7909,David Gulpilil
7910,David Gunning
7911,David Gyasi
7912,David H. Stevens
7913,David Haig
7914,David Harbour
7915,David Harewood
7916,David Hargreaves
7917,David Hasselhoff
7918,David Haydn-Jones
7919,David Hayman
7920,David Hendrawan
7921,David Herman
7922,David Holt
7923,David Hoole
7924,David Hornsby
7925,David Horton
7926,David Howard Thornton
7927,David Hyde Pierce
7928,David Iacono
7929,David J. Oserwe
7930,David James
7931,David James Elliott
7932,David Jason
7933,David Jensen
7934,David Jones David
7935,David Joyner
7936,David Julian Hirsh
7937,David Kallaway
7938,David Kau
7939,David Kaye
7940,David Keith
7941,David Kelly
7942,David Kibuuka
7943,David Kinch
7944,David Koechner
7945,David Kronawitter
7946,David Kross
7947,David Krumholtz
7948,David La Haye
7949,David Lambert
7950,David Lee
7951,David Lee McInnis
7952,David Lee Mckinney
7953,David Letterman
7954,David Lewis
7955,David Lodge
7956,David Lovgren
7957,David Lynch
7958,David Lyons
7959,David Maldonado
7960,David Mandelbaum
7961,David Marciano
7962,David Masajnik
7963,David Matranga
7964,David Mazouz
7965,David McCallum
7966,David McCracken
7967,David McCullough
7968,David Meadows
7969,David Medel
7970,David Menkin
7971,David Meunier
7972,David Michie
7973,David Milchard
7974,David Morrissey
7975,David Morse
7976,David Murray
7977,David Naughton
7978,David Nichtern
7979,David Niven
7980,David O'Donnell
7981,David O'Hara
7982,David Oakes
7983,David Ogden Stiers
7984,David Ojalvo
7985,David Oliver Nelson
7986,David Omoregie
7987,David Ostrosky
7988,David Oyelowo
7989,David Paetkau
7990,David Pasquesi
7991,David Patrick Kelly
7992,David Paymer
7993,David Pearse
7994,David Pendleton
7995,David Pinard
7996,David Pittu
7997,David Prada
7998,David Proval
7999,David Prowse
8000,David Ramsey
8001,David Richmond-Peck
8002,David Rintoul
8003,David Roach
8004,David Robbins
8005,David Ross Paterson
8006,David Rudman
8007,David Ryall
8008,David Rysdahl
8009,David S. Lee
8010,David Sampliner
8011,David Saracino
8012,David Schaal
8013,David Schneider
8014,David Schofield
8015,David Schwimmer
8016,David Schütter
8017,David Seijo
8018,David Selby
8019,David Selvas
8020,David Shackelford
8021,David Shannon
8022,David Shaughnessy
8023,David Sheridan
8024,David Sherod James
8025,David So
8026,David Solans
8027,David Solomon Raja
8028,David Spade
8029,David St. Louis
8030,David Stakston
8031,David Steen
8032,David Stenstrom
8033,David Strathairn
8034,David Suchet
8035,David Sullivan
8036,David Tennant
8037,David Theune
8038,David Thewlis
8039,David Thornton
8040,David Threlfall
8041,David Tran
8042,David Trejos
8043,David Tse
8044,David Vadim
8045,David Venancio Muro
8046,David Verdaguer
8047,David Vert
8048,David Villada
8049,David Villegas
8050,David W. Thompson
8051,David Wain
8052,David Wald
8053,David Walliams
8054,David Walton
8055,David Warner
8056,David Warshofsky
8057,David Weatherley
8058,David Wenham
8059,David Westhead
8060,David Willis
8061,David Wilmot
8062,David Wilson Barnes
8063,David Yip
8064,David Yost
8065,David Yow
8066,David Zayas
8067,David Zorrilla
8068,David de Lautour
8069,David de Vos
8070,Davide Calgaro
8071,Davide Carrera
8072,Davie-Blue
8073,Davika Hoorne
8074,Davina Karamoy
8075,Davina Leonard
8076,Davina McCall
8077,Davood Ghadami
8078,Davy Kaye
8079,Davyon St. Usaire
8080,Davíð Freyr Þórunnarson
8081,Dawan Owens
8082,Daweerit Chullasapya
8083,Dawid Ogrodnik
8084,Dawn French
8085,Dawn Greenhalgh
8086,Dawn Olivieri
8087,Dawn Thandeka Kang
8088,Dawn Yeoh
8089,Dawn Zulueta
8090,Dawnisha Halfkenny
8091,Dawood Hussain
8092,Dawson Ehlke
8093,Dax Shepard
8094,Day Mesquita
8095,Daya Shankar Pandey
8096,Dayanand Reddy
8097,Dayci Brookshire
8098,Daymond John
8099,Dayo Akinpelu
8100,Dayo Amusa
8101,Dayo Okeniyi
8102,Dayton Sinkia
8103,De Ming Wang
8104,De'Adre Aziza
8105,De'Aundre Bonds
8106,DeAnne Smith
8107,DeJuan Guy
8108,DeRay Davis
8109,DeRon Horton
8110,DeShaun Clarke
8111,DeVaughn Gow
8112,DeWanda Wise
8113,Deah Tandon
8114,Dean Andrews
8115,Dean Cain
8116,Dean Cameron
8117,Dean Choe
8118,Dean Collins
8119,Dean Edwards
8120,Dean Fujioka
8121,Dean Geyer
8122,Dean Gladstone
8123,Dean Goss
8124,Dean Jagger
8125,Dean Jones
8126,Dean Martin
8127,Dean McDermott
8128,Dean Norris
8129,Dean O'Gorman
8130,Dean Petriw
8131,Dean S. Jagger
8132,Dean Stockwell
8133,Dean Tang
8134,Dean Tardioli
8135,Dean Wareham
8136,Dean Wendt
8137,Dean Winters
8138,Dean-Charles Chapman
8139,Deana Carter
8140,Deance Wyatt
8141,Deann Degruijter
8142,Deanna McGovern
8143,Deanne Lauvin
8144,Deb Mukherjee
8145,Deb Ranajan Nag
8146,Debbi Morgan
8147,Debbie Allen
8148,Debbie Goh
8149,Debbie Harry
8150,Debbie Reynolds
8151,Debbie Welsh
8152,Debby Felix
8153,Debby Ryan
8154,Debdut Ghosh
8155,Debi Derryberry
8156,Debi Mazar
8157,Debo Akibe
8158,Debo Andryos
8159,Debo Oguns
8160,Deborah Ann Woll
8161,Deborah Estelle Phillips
8162,Deborah Findlay
8163,Deborah Grall
8164,Deborah Joy Winans
8165,Deborah Kara Unger
8166,Deborah Knox- Hewson
8167,Deborah Mailman
8168,Deborah Rosan
8169,Deborah Rush
8170,Deborah Van Valkenburgh
8171,Debra Jo Rupp
8172,Debra Messing
8173,Debra Monk
8174,Debra Mooney
8175,Debra Wilson
8176,Debra Winger
8177,Debrianna Mansini
8178,Debs Howard
8179,December Ensminger
8180,Declan De Barra
8181,Declan Hannigan
8182,Declan Joyce
8183,Deddy Mahendra Desta
8184,Deddy Sutomo
8185,Dede Satria
8186,Dede Yusuf
8187,Dedi Soetomo
8188,Dedrick Bonner
8189,Dee Bradley Baker
8190,Dee Dee Green
8191,Dee Snider
8192,Dee Wallace
8193,Deedar GIll
8194,Deejay Durano
8195,Deeksha Joshi
8196,Deelia Meriel
8197,Deep Dhillon
8198,Deep Joshi
8199,Deep Mandian
8200,Deep Ng
8201,Deep Raj Rana
8202,Deep Roy
8203,Deep Sidhu
8204,Deepa Sahi
8205,Deepak Chachra
8206,Deepak Chopra
8207,Deepak Damle
8208,Deepak Dobriyal
8209,Deepak Dutta
8210,Deepak Gheewala
8211,Deepak Jha
8212,Deepak Qazir
8213,Deepak Rai Panaje
8214,Deepak Sampat
8215,Deepak Shirke
8216,Deepak Subramanya
8217,Deepak Tijori
8218,Deepak Wadhwa
8219,Deepal Shaw
8220,Deepali Pansare
8221,Deepali Sahay
8222,Deepali Suryakant Badekar
8223,Deepankar De
8224,Deepann
8225,Deepika Amin
8226,Deepika Bhide Bhagwat
8227,Deepika Padukone
8228,Deepjyoti Kalita
8229,Deepshikha
8230,Deepti Gujral
8231,Deepti Lele
8232,Deepti Naval
8233,Deepti Pujari
8234,Defne Halman
8235,Defne Kayalar
8236,Deirdre Lovejoy
8237,Deirdre Mullins
8238,Deirdre O'Connell
8239,Deirdre O'Kane
8240,Dejan Cukic
8241,Dejumo Lewis
8242,Del Close
8243,Del Synnott
8244,Dele Odule
8245,Deleila Piasko
8246,Delfina Chaves
8247,Delfina Guzmán
8248,Delhi Ganesh
8249,Delia Casanova
8250,Delia Mayer
8251,Delia Sheppard
8252,Delimawati
8253,Della Dartyan
8254,Della Reese
8255,Delnaaz Irani
8256,Delnaaz Paul
8257,Delphine Baril
8258,Delphine Théodore
8259,Delroy Brown
8260,Delroy Lindo
8261,Delroy Norman
8262,Delta Burke
8263,Delzad Hiwale
8264,Demba Diaw
8265,Demet Akbağ
8266,Demet Evgar
8267,Demet Taner
8268,Demet Özdemir
8269,Demetri Goritsas
8270,Demetri Martin
8271,Demetrius Grosse
8272,Demetrius Shipp Jr.
8273,Demi Banwo
8274,Demi Lovato
8275,Demi Moore
8276,Demian Aditya
8277,Demián Bichir
8278,Demore Barnes
8279,Demosthenes Chrysan
8280,Dempsey Bryk
8281,Dena Kaplan
8282,Denden
8283,Dendrie Taylor
8284,Deneen Melody
8285,Deneen Tyler
8286,Deng Chao
8287,Deng JiaJia
8288,Deng Lun
8289,Deng Yu-kai
8290,Deng Yuli
8291,Denholm Elliott
8292,Deni Gordon
8293,Denira Wiraguna
8294,Denis Akiyama
8295,Denis Arndt
8296,Denis Dorokhov
8297,Denis Gómez
8298,Denis Lavant
8299,Denis Leary
8300,Denis Moschitto
8301,Denis Murić
8302,Denis Ménochet
8303,Denis O'Hare
8304,Denis Podalydès
8305,Denis Shvedov
8306,Denis Theriault
8307,Denise Boutte
8308,Denise Dal Vera
8309,Denise Dowse
8310,Denise Fraga
8311,Denise Ho
8312,Denise Laurel
8313,Denise Newman
8314,Denise Nickerson
8315,Denise Richards
8316,Denise Rosenthal
8317,Denise Tantucci
8318,Denisse Dibós
8319,Denisse Ojeda
8320,Deniz Arora
8321,Deniz Barut
8322,Deniz Baysal
8323,Deniz Deha Lostar
8324,Deniz Orta
8325,Deniz Özerman
8326,Deniz Şen Hamzaoğlu
8327,Dennenesch Zoudé
8328,Dennis Adhiswara
8329,Dennis Andres
8330,Dennis Bartok
8331,Dennis Chan
8332,Dennis Chew
8333,Dennis Christopher
8334,Dennis Farina
8335,Dennis Gan
8336,Dennis Haskins
8337,Dennis Hayden
8338,Dennis Haysbert
8339,Dennis Herrmann
8340,Dennis Hopper
8341,Dennis Jaffee
8342,Dennis Kyere
8343,Dennis Lebby
8344,Dennis Lindsey
8345,Dennis Miller
8346,Dennis Mojen
8347,Dennis Padilla
8348,Dennis Prescott
8349,Dennis Quaid
8350,Dennis Roady
8351,Dennis Rodman
8352,Dennis Rudge
8353,Dennis Staroselsky
8354,Dennis Storhøi
8355,Dennis Titus
8356,Denny Dillon
8357,Denny Gitong
8358,Denny Huang
8359,Denny Paschall
8360,Denny Sumargo
8361,Denola Grey
8362,Denton Blane Everett
8363,Denver Pyle
8364,Denyce Lawton
8365,Denzel Washington
8366,Denzel Whitaker
8367,Denzil Smith
8368,Deobia Oparei
8369,Deok-jae Jo
8370,Deon Cole
8371,Deon Lotz
8372,Deon Richmond
8373,Der Doksadao
8374,Derek Boone
8375,Derek Cecil
8376,Derek Chang
8377,Derek Davenport
8378,Derek Gaines
8379,Derek Graf
8380,Derek Hough
8381,Derek Jacobi
8382,Derek Judge
8383,Derek Kane
8384,Derek Klena
8385,Derek Lee Nixon
8386,Derek Long
8387,Derek Luke
8388,Derek Lyons
8389,Derek McGrath
8390,Derek Mears
8391,Derek Mio
8392,Derek Muller
8393,Derek Phillips
8394,Derek Ramsay
8395,Derek Richardson
8396,Derek Stephen Prince
8397,Derek Waters
8398,Derek Webster
8399,Derel Isaac
8400,Deric McCabe
8401,Dermot Arrigan
8402,Dermot Crowley
8403,Dermot Magennis
8404,Dermot Mulroney
8405,Derren Brown
8406,Derrick Aduwo
8407,Derrick Baskin
8408,Derrick Carr
8409,Derrick O'Connor
8410,Derron Scott
8411,Derry Drajat
8412,Dervla Kirwan
8413,Derya Alabora
8414,Derya Karadaş
8415,Desalene Jones
8416,Desirae Whitfield
8417,Desiree Akhavan
8418,Desiree Burch
8419,Desiree Densiti
8420,Desiree Ross
8421,Desmin Borges
8422,Desmond Elliot
8423,Desmond Harrington
8424,Desmond Llewelyn
8425,Desmond Richardson
8426,Desmond Sim
8427,Desmond Tan
8428,Despina Caldis
8429,Destina Mawrie
8430,Desus Nice
8431,Detlev Buck
8432,Deto Montenegro
8433,Deuntem Salitul
8434,Dev Gill
8435,Dev Kumar
8436,Dev Patel
8437,Devadarshini Chetan
8438,Devale Ellis
8439,Devan Key
8440,Devansh Doshi
8441,Devdutt Pattanaik
8442,Deven Bhojani
8443,Deven Christian Mack
8444,Deven Verma
8445,Devender Chaudhary
8446,Devendra Chowhan
8447,Devendra Gaikwad
8448,Devery Jacobs
8449,Devi Couzigou
8450,Devid Striesow
8451,Devika Daftardar
8452,Devika Sanjay
8453,Devin Blackmon
8454,Devin Druid
8455,Devin Kelley
8456,Devin Ratray
8457,Devin Özgür Çınar
8458,Devon Aoki
8459,Devon Bostick
8460,Devon Gearhart
8461,Devon Graye
8462,Devon Hales
8463,Devon Sawa
8464,Devon Seron
8465,Devon Song
8466,Devon Terrell
8467,Devon Weigel
8468,Devon Werkheiser
8469,Devrim Yakut
8470,Devyani Cm
8471,Devyani Dagaonkar
8472,Devyani Shorey
8473,Devyn Dalton
8474,Dewi Chien
8475,Dewi Hughes
8476,Dewi Irawan
8477,Dewi Rezer
8478,Dewi Sandra
8479,Dexter Doria
8480,Dexter Fletcher
8481,Deyan Petrov
8482,Deyanira Coronado
8483,Deyemi Okanlawon
8484,Deysha Nelson
8485,Dhanesh Anand
8486,Dhani Jones
8487,Dhanshree Jain
8488,Dhansika
8489,Dhanu Gowda
8490,Dhanush
8491,Dharampal
8492,Dharmajan Bolgatty
8493,Dharmendra
8494,Dharmesh Yelande
8495,Dhay Nasser
8496,Dheer Charan Srivastav
8497,Dheeraj Kumar
8498,Dheeresh Joshi
8499,Dheirya Sonecha
8500,Dhirendra
8501,Dhirendra Tiwari
8502,Dhiru Shah
8503,Dhritiman Chatterjee
8504,Dhruv Ganesh
8505,Dhruv Lohumi
8506,Dhruv Sehgal
8507,Dhruva Padmakumar
8508,Dhu Moraes
8509,Dhumal
8510,Dia Frampton
8511,Dia Mirza
8512,Diaa El Merghany
8513,Diaa El-Merghani
8514,Diaan Lawrenson
8515,Diahann Carroll
8516,Diallo Riddle
8517,Diallo Thompson
8518,Diamand Bou Abboud
8519,Diamond Lyons
8520,Diamond White
8521,Dian Bachar
8522,Dian Nitami
8523,Dian P. Ramlee
8524,Dian Sastrowardoyo
8525,Diana Acevedo
8526,Diana Agostini
8527,Diana Bang
8528,Diana Bovio
8529,Diana Bracho
8530,Diana Chrisman
8531,Diana Condurache
8532,Diana Decker
8533,Diana Egwuatu
8534,Diana Elizabeth Torres
8535,Diana Fernández Pérez
8536,Diana Glenn
8537,Diana Gómez
8538,Diana Hardcastle
8539,Diana Hernández
8540,Diana Hopper
8541,Diana Kaarina
8542,Diana Kent
8543,Diana Lein
8544,Diana Neira
8545,Diana Penty
8546,Diana Raval
8547,Diana Scarwid
8548,Diana Silvers
8549,Diana Szeinblum
8550,Diana Wells
8551,Diana Wiswell
8552,Diandra Agatha
8553,Diane Aractingi
8554,Diane Baker
8555,Diane Ciesla
8556,Diane Craig
8557,Diane Delano
8558,Diane Fleri
8559,Diane Gaidry
8560,Diane Guerrero
8561,Diane Kagan
8562,Diane Keaton
8563,Diane Kruger
8564,Diane Ladd
8565,Diane Lane
8566,Diane Lima
8567,Diane Marie Howard
8568,Diane Morgan
8569,Diane Salinger
8570,Diane Sawyer
8571,Diane Wilson
8572,Diankou Sembene
8573,Dianna Agron
8574,Dianne Wiest
8575,Diarmaid Murtagh
8576,Dibang
8577,Dibyendu Bhattacharya
8578,Dichen Lachman
8579,Dick Strawbridge
8580,Dick Terhune
8581,Dick Van Dyke
8582,Didem İnselel
8583,Didi Conn
8584,Didi Kempot
8585,Didi Petet
8586,Didier Brice
8587,Didier Constant
8588,Didier Lucien
8589,Dido Dela Paz
8590,Diedrich Bader
8591,Diego Acuña
8592,Diego Alonso
8593,Diego Armando Maradona
8594,Diego Boneta
8595,Diego Cadavid
8596,Diego Calva Hernández
8597,Diego Camargo
8598,Diego Capusotto
8599,Diego Casanueva
8600,Diego Cataño
8601,Diego Cremonesi
8602,Diego Eduardo Gomez
8603,Diego Gallardo
8604,Diego Gentile
8605,Diego Iosif Pirvu
8606,Diego Josef
8607,Diego Klattenhoff
8608,Diego Lara
8609,Diego Lombardi
8610,Diego Luna
8611,Diego Martín
8612,Diego Muñoz
8613,Diego Peretti
8614,Diego Ramos
8615,Diego Reinhold
8616,Diego Soldano
8617,Diego Tinoco
8618,Diego Velázquez
8619,Diego Vásquez
8620,Diem Brown
8621,Diesel La Torraca
8622,Dieter Hallervorden
8623,Dieter Jansen
8624,Dieter Nuhr
8625,Dieter Riesle
8626,Digvijay Deshmukh
8627,Digvijay Rohidas
8628,Dijon Talton
8629,Dikmen Gürün
8630,Diksha Sharma
8631,Dilan Çiçek Deniz
8632,Dilawar Sidhu
8633,Dilber Ay
8634,Dileep Raj
8635,Dileep Rao
8636,Dileesh Pothan
8637,Dilip Joglekar
8638,Dilip Joshi
8639,Dilip Kumar
8640,Dilip Prabhavalkar
8641,Dilip Salgaonkar
8642,Dilip Sinha
8643,Dilip Tahil
8644,Diljit Dosanjh
8645,Diljott
8646,Dilkhush
8647,Dillon Cavitt
8648,Dillon Fontana
8649,Dillon Freasier
8650,Dillon Mitra
8651,Dillon Windvogel
8652,Dilnaz Irani
8653,Dilone
8654,Dilraba Dilmurat
8655,Dilshad Vadsaria
8656,Dilşad Şimşek
8657,Dilşah Demir
8658,Dima Al Jundi
8659,Dimas Anggara
8660,Dimas Dinang
8661,Dimas Harya
8662,Dimi Cindyastira
8663,Dimitri Diatchenko
8664,Dimitri Leonidas
8665,Dimitri Oragvelidze
8666,Dimitri Storoge
8667,Dimple Kapadia
8668,Dimple Kaur
8669,Dimples Romana
8670,Dina
8671,Dina Abdullah
8672,Dina Amer
8673,Dina Doronne
8674,Dina El-Sherbiny
8675,Dina Fouad
8676,Dina Merrill
8677,Dina Meyer
8678,Dina Mohsen
8679,Dina Pathak
8680,Dina Talaat
8681,Dinah Manoff
8682,Dinah Shore
8683,Dindi Jane
8684,Dineesh P
8685,Dineo Ranaka
8686,Dinesh
8687,Dinesh Anand
8688,Dinesh Lamba
8689,Dinesh Mehta
8690,Dinesh Panicker
8691,Dinesh Ravi
8692,Dinesh Thakur
8693,Ding Ning
8694,Dingdong Dantes
8695,Dino Andrade
8696,Dino Fetscher
8697,Dino Lee
8698,Dino Morea
8699,Dinora Walcott
8700,Diogo Morgado
8701,Diomid Vinogradov
8702,Dion Córdoba
8703,Dion Graham
8704,Dion Johnstone
8705,Dion Mucciacito
8706,Dion Wiyoko
8707,Diona Elise Burnett
8708,Dionisio Neto
8709,Dionne Monsanto
8710,Dipankar Dey
8711,Dipannita Sharma
8712,Dipti Bhatnagar
8713,Dipti Sati
8714,Dira Abu Zahar
8715,Dirk Bogarde
8716,Dirk Roofthooft
8717,Disa Östrand
8718,Disha
8719,Disha Kapoor
8720,Disha Patani
8721,Disha Thakur
8722,Dishi Duggal
8723,Dita von Teese
8724,Ditte Hansen
8725,Divji Handa
8726,Divya Dutta
8727,Divya Palat
8728,Divya Rana
8729,Divya Seth
8730,Divya Sripada
8731,Divya Unny
8732,Divyadarshini
8733,Divyendu Sharma
8734,Diwakar Pundir
8735,Diya Chalwad
8736,Diya Kittur
8737,Diya Mirza
8738,Diya Sonecha
8739,Dizzy Gillespie
8740,Djamila
8741,Djenar Maesa Ayu
8742,Djibril Pavadé
8743,Djimo
8744,Djimon Hounsou
8745,Djédjé Apali
8746,Dmitri Davidovich
8747,Dmitriy Chebotarev
8748,Dmitriy Nazarov
8749,Dmitry Shevchenko
8750,Do-hyeong Nam
8751,Do-won Kwak
8752,Do-yeon Lee
8753,Dobrina Liubomirova
8754,Dobromir Dymecki
8755,Doc Brown
8756,Dodit Mulyanto
8757,Dodo Denney
8758,Dody Goodman
8759,Doh Kyung-soo
8760,Dohee
8761,Dohn Norwood
8762,Dolly Ahluwalia
8763,Dolly Bindra
8764,Dolly De Leon
8765,Dolly Minhas
8766,Dolly Parton
8767,Dolly Rathebe
8768,Dolly Shahin
8769,Dolly Singh
8770,Dolly Wells
8771,Dolores Fonzi
8772,Dolores Heredia
8773,Dolph Lundgren
8774,Dom DeLuise
8775,Domenick Lombardozzi
8776,Domenico Balsamo
8777,Domhnall Gleeson
8778,Domingo Ambriz
8779,Dominic Allburn
8780,Dominic Bogart
8781,Dominic Boyle
8782,Dominic Burgess
8783,Dominic Catrambone
8784,Dominic Cooper
8785,Dominic Costa
8786,Dominic Deutscher
8787,Dominic Fumusa
8788,Dominic Gomez
8789,Dominic Good
8790,Dominic Ho
8791,Dominic Keating
8792,Dominic Lam
8793,Dominic MacHale
8794,Dominic Mafham
8795,Dominic Monaghan
8796,Dominic Ochoa
8797,Dominic Power
8798,Dominic Purcell
8799,Dominic Rains
8800,Dominic Sherwood
8801,Dominic West
8802,Dominik Warta
8803,Dominique Fishback
8804,Dominique Frot
8805,Dominique Hourani
8806,Dominique Jackson
8807,Dominique McClellan
8808,Dominique McElligott
8809,Dominique Provost-Chalkley
8810,Dominique Reymond
8811,Dominique Saldaña
8812,Dominique Sanda
8813,Dominique Swain
8814,Dominique Tipper
8815,Dominique Van Malder
8816,Dominiquie Vandenberg
8817,Don Cheadle
8818,Don Francks
8819,Don Hale Jr.
8820,Don Hany
8821,Don Harvey
8822,Don James
8823,Don Johnson
8824,Don Knotts
8825,Don Lake
8826,Don Leslie
8827,Don McKellar
8828,Don McManus
8829,Don Messick
8830,Don Michael Paul
8831,Don Reinhart
8832,Don S. Davis
8833,Don Stark
8834,Don Wadsworth
8835,Don Warrington
8836,Donal Logue
8837,Donal MacIntyre
8838,Donald Faison
8839,Donald Glover
8840,Donald Moffat
8841,Donald Reignoux
8842,Donald Rumsfeld
8843,Donald Sumpter
8844,Donald Sutherland
8845,Donald Trump
8846,Donatella Finocchiaro
8847,Donato Placido
8848,Donatus Ekwuazi
8849,Donavon Stinson
8850,Dondre T. Whitfield
8851,Donel Jack'sman
8852,Donene Kistler
8853,Dong Jie
8854,Dong Li
8855,Dong Xiangrong
8856,Dong Yanlei
8857,Dong Zhihua
8858,Dong Zijian
8859,Dong-hae Lee
8860,Dong-ho Kang
8861,Dong-hwi Lee
8862,Dong-hyuk Jang
8863,Dong-il Sung
8864,Dong-seok Ma
8865,Dong-won Gang
8866,Dong-yup Shin
8867,Donghyun Kim
8868,Donia El Masry
8869,Donia Maher
8870,Donia Samir Ghanim
8871,Donita Rose
8872,Donna DuPlantier
8873,Donna Haley
8874,Donna Kimball
8875,Donna Lynne Champlin
8876,Donna Maldonado
8877,Donna Murphy
8878,Donna Rusch
8879,Donna Sorbello
8880,Donnell Rawlings
8881,Donnelly Rhodes
8882,Donnie Kehr
8883,Donnie Wahlberg
8884,Donnie Yen
8885,Donny Alamsyah
8886,Donny Boaz
8887,Donny Damara
8888,Donny Falsetti
8889,Donny Lucas
8890,Donny Roelvink
8891,Donogh Rees
8892,Donovan Patton
8893,Donovan Pietersen
8894,Donovan Scott
8895,Dontrell Bright
8896,Donzaleigh Abernathy
8897,Doon Mackichan
8898,Doona Bae
8899,Dor Yodrak
8900,Dora Dalgıç
8901,Dora Kaskanis
8902,Dorcas Shola Fapson
8903,Dori Sakurada
8904,Doria Achour
8905,Doria Tillier
8906,Dorian Gregory
8907,Dorian Harewood
8908,Dorian Kingi
8909,Dorian Missick
8910,Dorian N'Goumou dit Dosseh
8911,Dorian Popa
8912,Dorien Davies
8913,Dorien Wilson
8914,Doris Younane
8915,Doron Bell
8916,Doron Ben-David
8917,Dorota Kolak
8918,Dorothy Carroll
8919,Dorothy Fahn
8920,Dorothy Gordon
8921,Dorothy Lyman
8922,Dorothy Malone
8923,Dorra Zarrouk
8924,Doru Ana
8925,Dory El Samarany
8926,Dotsie Bausch
8927,Doudou Masta
8928,Doug Allen
8929,Doug Averill
8930,Doug Barron
8931,Doug Cox
8932,Doug Erholtz
8933,Doug Haley
8934,Doug Hutchison
8935,Doug Jones
8936,Doug Lussenhop
8937,Doug Murray
8938,Doug Plaut
8939,Doug Rao
8940,Doug Stone
8941,Doug Toby
8942,Dougie Baldwin
8943,Dougie McConnell
8944,Douglas Booth
8945,Douglas Henshall
8946,Douglas Hodge
8947,Douglas Lim
8948,Douglas Reith
8949,Douglas Silva
8950,Douglas Smith
8951,Douglas Spain
8952,Douglas Tait
8953,Dougray Scott
8954,Doval'e Glickman
8955,Dove Cameron
8956,Doyin Abiola
8957,Doyok Superdj
8958,Dozie Onyiriuka
8959,Doğa Konakoğlu
8960,Doğa Rutkay
8961,Doğaç Yildiz
8962,Doğukan Polat
8963,Dr. Brown
8964,Dr. Christine Moutier
8965,Dr. Dean Ornish
8966,Dr. Dre
8967,Dr. Helen Hsu
8968,Dr. Jeffrey Thompson
8969,Dr. Rajendra Prasad
8970,Dr. Rebecca Hedrick
8971,Dr. Rona Hu
8972,Drag-On
8973,Dragan Bakema
8974,Dragan Despot
8975,Dragan Mićanović
8976,Dragos Bucur
8977,Dragoș Bucur
8978,Drake Bell
8979,Draya Michele
8980,Dre Swain
8981,Drea Castro
8982,Drea de Matteo
8983,Dreama Walker
8984,Dree Hemingway
8985,Drena De Niro
8986,Drew Aaron
8987,Drew Barber
8988,Drew Barrymore
8989,Drew Casson
8990,Drew Davis
8991,Drew Fonteiro
8992,Drew Haytaoglu
8993,Drew Logan
8994,Drew Massey
8995,Drew Nelson
8996,Drew Pinsky
8997,Drew Powell
8998,Drew Ray Tanner
8999,Drew Sheer
9000,Drew Sidora
9001,Drew Starkey
9002,Drew Tanner
9003,Dries Van Noten
9004,Drop Dashi
9005,Dror Keren
9006,Drummond Money-Coutts
9007,Du Jiang
9008,Du-shim Ko
9009,Duan Yihong
9010,Duan Yixuan
9011,Duane Lawrence
9012,Duane Martin
9013,Duane Stephens
9014,Duane Williams
9015,Duangjai Hirunsri
9016,Duangta Toongkamanee
9017,Dub Taylor
9018,Duban Prado
9019,Dubán Prado
9020,Duchess Dukes
9021,Ducu Darie
9022,Dudu Mkhize
9023,Duffy
9024,Dujdao Vadhanapakorn
9025,Duke Akintola
9026,Dul Jaelani
9027,Dulari
9028,Dulce Guerrero
9029,Dulce Maria Solis
9030,Dulce María
9031,Dulce Neri
9032,Dulquer Salmaan
9033,Dulé Hill
9034,Duma Ka Ndlovu
9035,Dumisani Mbebe
9036,Duncan Chow
9037,Duncan Fellows
9038,Duncan Joiner
9039,Duncan Lacroix
9040,Duncan Lai
9041,Duncan Preston
9042,Duncan Trussell
9043,Duncan Wisbey
9044,Durai Ramesh
9045,Durdana Butt
9046,Durga Khote
9047,Durgesh Kumar
9048,Dusan Brown
9049,Dusan Vitanovic
9050,Dushyant Wagh
9051,Dustin Clare
9052,Dustin Demri-Burns
9053,Dustin Diamond
9054,Dustin Harnish
9055,Dustin Hoffman
9056,Dustin Ingram
9057,Dustin McKenzie
9058,Dustin Milligan
9059,Dustin Nguyen
9060,Dustin Ybarra
9061,Dusty Sorg
9062,Dutchess Lattimore
9063,Duygu Yetiş
9064,Dwayne Cameron
9065,Dwayne Hickman
9066,Dwayne Johnson
9067,Dwi Sasono
9068,Dwight Ewell
9069,Dwight Howard
9070,Dwight Schultz
9071,Dwight Yoakam
9072,Dwyane Wade
9073,Dylan Arnold
9074,Dylan Baker
9075,Dylan Carusona
9076,Dylan Cortes
9077,Dylan Duffus
9078,Dylan Edwards
9079,Dylan Everett
9080,Dylan Fuentes
9081,Dylan Gage
9082,Dylan Gelula
9083,Dylan Haegens
9084,Dylan Henry Lau
9085,Dylan Kenin
9086,Dylan Kuo
9087,Dylan Llewellyn
9088,Dylan Magon
9089,Dylan McDermott
9090,Dylan McKiernan
9091,Dylan McTee
9092,Dylan Minnette
9093,Dylan Mooney
9094,Dylan Naden
9095,Dylan O'Brien
9096,Dylan Playfair
9097,Dylan Riley Snyder
9098,Dylan Robert
9099,Dylan Schmid
9100,Dylan Schombing
9101,Dylan Shombing
9102,Dylan Smith
9103,Dylan Sprouse
9104,Dylan Taylor
9105,Dylan Tuomy-Wilhoit
9106,Dylan Vox
9107,Dylan Walsh
9108,Dylan Wang
9109,Dylan Xiong
9110,Dyllan Christopher
9111,Dyllon Burnside
9112,Dèlia Brufau
9113,Déborah François
9114,Déborah Lukumuena
9115,Défano Holwijn
9116,E-40
9117,E. Roger Mitchell
9118,EL
9119,ELSIE
9120,EXID
9121,EXO
9122,Eadie del Rubio
9123,Eamon Brennan
9124,Eamon Farren
9125,Eamonn Walker
9126,Earl Boen
9127,Earl Cameron
9128,Earl Holliman
9129,Earl Oliveros
9130,Earleen Carey
9131,Earnestine Phillips
9132,Earthquake
9133,Ebbe Bassey
9134,Ebele Okaro
9135,Ebenezer Eno
9136,Ebiye Victor
9137,Ebon Moss-Bachrach
9138,Ebony Byrd Wesley
9139,Ebru Akel
9140,Ebru Cündübeyoğlu
9141,Ece Çeşmioğlu
9142,Ececan Gümeci
9143,Ecem Uzun
9144,Echo Kellum
9145,Ed Amatrudo
9146,Ed Begley Jr.
9147,Ed Birch
9148,Ed Brody
9149,Ed Byrne
9150,Ed Gaughan
9151,Ed Gonzalez Moreno
9152,Ed Harris
9153,Ed Helms
9154,Ed Kear
9155,Ed King
9156,Ed Lauter
9157,Ed Marinaro
9158,Ed Nelson
9159,Ed O'Neill
9160,Ed Oxenbould
9161,Ed Sanders
9162,Ed Skrein
9163,Ed Speleers
9164,Ed Stoppard
9165,Ed Westwick
9166,Eda Döğer
9167,Eda Ece
9168,Edda Björgvinsdóttir
9169,Eddie Albert
9170,Eddie Baroo
9171,Eddie Cahill
9172,Eddie Cheung
9173,Eddie Cibrian
9174,Eddie Deezen
9175,Eddie Fisher
9176,Eddie Frierson
9177,Eddie Garcia
9178,Eddie Griffin
9179,Eddie Hall
9180,Eddie Izzard
9181,Eddie J. Fernandez
9182,Eddie Jemison
9183,Eddie Jones
9184,Eddie Kaye Thomas
9185,Eddie Liu
9186,Eddie Marsan
9187,Eddie McClintock
9188,Eddie Murphy
9189,Eddie Peng
9190,Eddie Pepitone
9191,Eddie Perfect
9192,Eddie Redmayne
9193,Eddie Sandifolo
9194,Eddie Shin
9195,Eddie Spears
9196,Eddie Steeples
9197,Eddie Webber
9198,Eddy Ko
9199,Eddy Leduc
9200,Eddy Lee
9201,Eden Duncan-Smith
9202,Eden Grace Redfield
9203,Eden Marryshow
9204,Eden Sher
9205,Edgar Allan Guzman
9206,Edgar Arreola
9207,Edgar Costas
9208,Edgar Garcia
9209,Edgar Ramírez
9210,Edgar Vivar
9211,Edi Gathegi
9212,Edi Patterson
9213,Edie Falco
9214,Edie Martin
9215,Edie McClurg
9216,Edilsy Vargas
9217,Edin Hasanovic
9218,Edin Hasanović
9219,Edison Chen
9220,Edison Song
9221,Edison Wang
9222,Edita Karađole
9223,Edith Bowman
9224,Edith Fields
9225,Edmay Solaiman
9226,Edmilson Filho
9227,Edmond Enaibe
9228,Edmond Haddad
9229,Edmond O'Brien
9230,Edmund Fetting
9231,Edmund Kente
9232,Edmund Kingsley
9233,Edmundo Vargas
9234,Edna Manitowabi
9235,Edoardo Ferrario
9236,Edoardo Leo
9237,Edoardo Rossi
9238,Edouard Baer
9239,Edson Loyo
9240,Edsson Morales
9241,Eduard Buch
9242,Eduard Fernández
9243,Eduardo Blanco
9244,Eduardo Casanova
9245,Eduardo Drummond
9246,Eduardo Franco
9247,Eduardo Galvão
9248,Eduardo Gómez
9249,Eduardo Ibarrola
9250,Eduardo Lloveras
9251,Eduardo Luis
9252,Eduardo López Rojas
9253,Eduardo Moscovis
9254,Eduardo Mossri
9255,Eduardo Negrete
9256,Eduardo Noriega
9257,Eduardo Paxeco
9258,Eduardo Pérez
9259,Eduardo Recabarren
9260,Eduardo Rosa
9261,Eduardo Santamarina
9262,Eduardo Tanús
9263,Eduardo Valdarnini
9264,Eduardo Verástegui
9265,Eduardo Yáñez
9266,Edvin Ryding
9267,Edward
9268,Edward Ashley
9269,Edward Asner
9270,Edward Barber
9271,Edward Bosco
9272,Edward Chen
9273,Edward Coward
9274,Edward Fordham Jr.
9275,Edward Fouad
9276,Edward Fox
9277,Edward Furlong
9278,Edward G. Robinson
9279,Edward Herrmann
9280,Edward Hogg
9281,Edward Holcroft
9282,Edward James Olmos
9283,Edward Kagutuzi
9284,Edward Kelsey
9285,Edward Lawrence Albert
9286,Edward Lee
9287,Edward Moloney
9288,Edward Norton
9289,Edward Olson
9290,Edward Platt
9291,Edwin Goh
9292,Edwin Hodge
9293,Edwin Jerome
9294,Edwin Jonker
9295,Edwin Maya
9296,Edwin Morales
9297,Edwin Neal
9298,Edwin Wright
9299,Edwina Findley Dickerson
9300,Edwina Ritchard
9301,Edy Ganem
9302,Edyta Olszówka
9303,Edén Villavicencio
9304,Eelyn Kok
9305,Eesha Rebba
9306,Efa Iwara
9307,Efe Irele
9308,Efecan Şenolsun
9309,Efek Rumah Kaca
9310,Effie Rey
9311,Efrat Dor
9312,Efren Ramirez
9313,Ege Aydan
9314,Ege Kökenli
9315,Ege Tanman
9316,Egi Fedly
9317,Egidio Mercurio
9318,Ego Mikitas
9319,Ehab Shaaban
9320,Ehan Bhat
9321,Ehlo Huang
9322,Ehren Kassam
9323,Ehsan Khan
9324,Eiichiro Tokumoto
9325,Eijaz Khan
9326,Eiji Hanawa
9327,Eike Duarte
9328,Eike Weinreich
9329,Eiko Koike
9330,Eiko Masuyama
9331,Eiko Yamada
9332,Eileen April Boylan
9333,Eileen Atkins
9334,Eileen Davies
9335,Eileen Galindo
9336,Eileen Grubba
9337,Eileen Heckart
9338,Eileen Li
9339,Eileen Moreno
9340,Eileen Nicholas
9341,Eileen Page
9342,Eileen Stevens
9343,Eileen Yañez
9344,Eileen Yáñez
9345,Eilif Hellum Noraker
9346,Einat Sarouf
9347,Eirik Risholm Velle
9348,Eisa Diab
9349,Eisaya Hosuwan
9350,Eita Okuno
9351,Eivaut Rischen
9352,Eivind Sander
9353,Eiza Gonzalez
9354,Eiza González
9355,Ejay Falcon
9356,Ejke Blomberg
9357,Eka Darville
9358,Ekapol Deebunmee
9359,Ekaterina Kisten
9360,Ekavali Khanna
9361,Ekawat Niratvorapanya
9362,Ekin Cheng
9363,Ekkachai Srivichai
9364,Eklavyey Kashyap
9365,Eko Fresh
9366,Ekta Kaul
9367,Eku Edewor
9368,El Dasa
9369,El DeBarge
9370,El Hussein Abd
9371,El Mahmoudi M'Barek
9372,El Negro Álvarez
9373,El Polaco
9374,Ela Velden
9375,Elaine Bilstad
9376,Elaine Hendrix
9377,Elaine Jin
9378,Elaine Stritch
9379,Elaine Tan
9380,Elaine Welteroth
9381,Elaiza Ikeda
9382,Elan Garfias
9383,Elana Dunkelman
9384,Elana Krausz
9385,Elanne Kong
9386,Elarica Johnson
9387,Eldar Kalimulin
9388,Eldar Skar
9389,Elden Henson
9390,Eleanor Bennett
9391,Eleanor Matsuura
9392,Eleanor Rocha
9393,Eleanor Tomlinson
9394,Elen Rhys
9395,Elena Anaya
9396,Elena Bellei
9397,Elena Cotta
9398,Elena Cánepa
9399,Elena Irureta
9400,Elena Kampouris
9401,Elena Kazan
9402,Elena Lyadova
9403,Elena Mandalis
9404,Elena Poniatowska
9405,Elena Purea
9406,Elena Shulman
9407,Elena Solovieva
9408,Elena del Rubio
9409,Elena del Río
9410,Eleonora Gaggero
9411,Eleonora Wexler
9412,Eleonore Weisgerber
9413,Elfriede Schüsseleder
9414,Elhadj Gaye
9415,Elham Abbas
9416,Elham Al Fadalah
9417,Eli Brown
9418,Eli Fucile
9419,Eli Gabay
9420,Eli Iranzo
9421,Eli Morse
9422,Eli Roth
9423,Eli Shi
9424,Eliane Giardini
9425,Elianis Garrido
9426,Elias Gergi
9427,Elias Harger
9428,Elias Holmen Sørensen
9429,Elias Koteas
9430,Elias Toufexis
9431,Elicia MacKenzie
9432,Elie Adabachi
9433,Elie Mitri
9434,Elie Samouhi
9435,Elif Nur Kerkük
9436,Elif İnci
9437,Eligio Meléndez
9438,Elijah Canlas
9439,Elijah Kelley
9440,Elijah Stevenson
9441,Elijah Wood
9442,Elimu Nelson
9443,Elin Petersdottir
9444,Elinet Louicius
9445,Elio Germano
9446,Eliot Salt
9447,Elisa Carricajo
9448,Elisa Donovan
9449,Elisa Lasowski
9450,Elisa Matilla
9451,Elisa Pinheiro
9452,Elisa Schnebelie
9453,Elisa Volpatto
9454,Elisa Zulueta
9455,Elisabet Casanovas
9456,Elisabeth Easther
9457,Elisabeth Hesemans
9458,Elisabeth Lund
9459,Elisabeth Moss
9460,Elisabeth Rosen
9461,Elisabeth Röhm
9462,Elisabeth Shue
9463,Elisabetta Coraini
9464,Elisabetta De Palo
9465,Elise Loehnen
9466,Elise Neal
9467,Elise Schaap
9468,Eliseo Mancilla De La Cruz
9469,Elisha Applebaum
9470,Elisha Cook Jr.
9471,Elisha Cuthbert
9472,Elissa Dowling
9473,Elisse Joson
9474,Elit İşcan
9475,Elitsa Bako
9476,Eliza Bennett
9477,Eliza Coupe
9478,Eliza Dushku
9479,Eliza Ong
9480,Eliza Pryor
9481,Eliza Scanlen
9482,Eliza Taylor
9483,Elizabeth Alda
9484,Elizabeth Alderfer
9485,Elizabeth Ashley
9486,Elizabeth Banks
9487,Elizabeth Becka
9488,Elizabeth Berkley
9489,Elizabeth Bogush
9490,Elizabeth Bower
9491,Elizabeth Cappuccino
9492,Elizabeth Counsell
9493,Elizabeth Cullen
9494,Elizabeth Daily
9495,Elizabeth Debicki
9496,Elizabeth Franz
9497,Elizabeth Gillies
9498,Elizabeth Hanna
9499,Elizabeth Hawthorne
9500,Elizabeth Henstridge
9501,Elizabeth Ho
9502,Elizabeth Hoffman
9503,Elizabeth Hurley
9504,Elizabeth Irving
9505,Elizabeth Lail
9506,Elizabeth Lauren Hoffman
9507,Elizabeth Lavender
9508,Elizabeth Ludlow
9509,Elizabeth Marvel
9510,Elizabeth Masucci
9511,Elizabeth McGovern
9512,Elizabeth McLaughlin
9513,Elizabeth Norment
9514,Elizabeth Olsen
9515,Elizabeth Perkins
9516,Elizabeth Peña
9517,Elizabeth Reaser
9518,Elizabeth Rodriguez
9519,Elizabeth Smith
9520,Elizabeth Taylor
9521,Elizabeth Thompson
9522,Elizabeth Tulloch
9523,Elizabeth Yozamp
9524,Elizaveta Maximová
9525,Elize Cawood
9526,Elke Boucher-Depew
9527,Elkin Díaz
9528,Elko Weaver
9529,Ella Anderson
9530,Ella Ballentine
9531,Ella Becroft
9532,Ella Betts
9533,Ella Edwards
9534,Ella Fitzgerald
9535,Ella Galt
9536,Ella Gross
9537,Ella Hunt
9538,Ella Jazz
9539,Ella Jonas Farlinger
9540,Ella Joy Ballesteros
9541,Ella Kenion
9542,Ella Purnell
9543,Ella Rappich
9544,Ella Rumpf
9545,Ella Smith
9546,Ella Wahlestedt
9547,Ella-Rae Smith
9548,Ellar Coltrane
9549,Ellay Khule
9550,Elle Fanning
9551,Elle LaMont
9552,Elle Macpherson
9553,Elle-Máijá Tailfeathers
9554,Ellen Barkin
9555,Ellen Bendu
9556,Ellen Birgitte Winther
9557,Ellen Burstyn
9558,Ellen DeGeneres
9559,Ellen Dorrit Petersen
9560,Ellen Hillingsø
9561,Ellen Hollman
9562,Ellen Holly
9563,Ellen Kennedy
9564,Ellen Page
9565,Ellen Pompeo
9566,Ellen Sandweiss
9567,Ellen Tamaki
9568,Ellen Wong
9569,Ellen Wroe
9570,Ellery Sprayberry
9571,Elli Avram
9572,Elli Thor Magnusson
9573,Ellia English
9574,Ellie Bamber
9575,Ellie Duckles
9576,Ellie Grainger
9577,Ellie Harvie
9578,Ellie James
9579,Ellie Kemper
9580,Ellie King
9581,Ellie Reed
9582,Ellie Taylor
9583,Ellie White
9584,Elliot Barnes-Worrell
9585,Elliot Cowan
9586,Elliot Gleave
9587,Elliot Korte
9588,Elliot Levey
9589,Elliot Page
9590,Elliot Sanchez
9591,Elliott Gould
9592,Ellise Chappell
9593,Elly
9594,Elly Condron
9595,Elma Mbadiwe
9596,Elma Stefania Agustsdottir
9597,Elmano Sancho
9598,Elmar Wepper
9599,Elnaaz Norouzi
9600,Elodie Yung
9601,Eloi Costa
9602,Eloisa Cianni
9603,Eloise Lovell Anderson
9604,Eloise Smyth
9605,Elora Espano
9606,Eloy Azorín
9607,Elozonam Ogbolu
9608,Elpidia Carrillo
9609,Elsa Agemalm Reiland
9610,Elsa Bergström Terent
9611,Elsa Biedermann
9612,Elsa Dorfman
9613,Elsa Pataky
9614,Elsa Poblete
9615,Elsa Zylberstein
9616,Elsa Öhrn
9617,Elshahat Mabrouk
9618,Elsie Bennett
9619,Elsie Fisher
9620,Elten Ting
9621,Elton Walker
9622,Elva Josephson
9623,Elvin Ng
9624,Elvina Ibru
9625,Elvira Camarrone
9626,Elvira Devinamira
9627,Elvira Monsell
9628,Elvira Mínguez
9629,Elvira Onetto
9630,Elvire Emanuelle
9631,Elvis Chin
9632,Elvis Fuentes
9633,Elvis Nolasco
9634,Elvy Yost
9635,Ely Henry
9636,Elya Baskin
9637,Elya Miera Ismail
9638,Elyas M'Barek
9639,Elyes Aguis
9640,Elyes Gabel
9641,Elyfer Torres
9642,Elyse Maloway
9643,Elysia Markou
9644,Elysia Rotaru
9645,Elçin Atamgüç
9646,Elçin Sangu
9647,Ema Horvath
9648,Emad Al Youssef
9649,Emad Ghoniem
9650,Eman El-Assy
9651,Eman El-Sayed
9652,Emanuela Rei
9653,Emanuele Linfatti
9654,Emanuele Vicorito
9655,Emayatzy Corinealdi
9656,Embeth Davidtz
9657,Emeka Nwagbaraocha
9658,Emelie Hanif
9659,Emem Inwang
9660,Ememobong Nkana
9661,Emerald Fennell
9662,Emerald MacDonald
9663,Emeril Lagasse
9664,Emery Kelly
9665,Emi Motoi
9666,Emi Shimokura
9667,Emi Shinohara
9668,Emi Takei
9669,Emicida
9670,Emika Grant Emma
9671,Emil Almén
9672,Emil Hirai-Garuba
9673,Emil Kusumo
9674,Emil Poulsen
9675,Emile Hirsch
9676,Emilia Burns
9677,Emilia Clarke
9678,Emilia Claudeville
9679,Emilia Drago
9680,Emilia Fox
9681,Emilia Jones
9682,Emilia McCarthy
9683,Emilia Noguera
9684,Emilia Schüle
9685,Emilian Oprea
9686,Emiliano Becerríl
9687,Emiliano Pernia
9688,Emiliano Rodríguez
9689,Emiliano Zurita
9690,Emilie Cocquerel
9691,Emilie Gavois-Kahn
9692,Emilie Jonsson
9693,Emilie Marié
9694,Emilie Neumeister
9695,Emilie Ullerup
9696,Emilie de Preissac
9697,Emilie de Ravin
9698,Emilie-Claire Barlow
9699,Emilija Baranac
9700,Emilio Beltrán Ulrich
9701,Emilio Buale
9702,Emilio Cuaik
9703,Emilio Disi
9704,Emilio Echevarría
9705,Emilio Estevez
9706,Emilio Gavira
9707,Emilio Guerrero
9708,Emilio Gutiérrez Caba
9709,Emilio Mazur
9710,Emilio Moutaoukkil
9711,Emilio Palacios
9712,Emilio Rivera
9713,Emilio Sakraya
9714,Emilio Savinni
9715,Emilio Vodanovich
9716,Emilram Cossío
9717,Emily Alatalo
9718,Emily Alyn Lind
9719,Emily Axford
9720,Emily Bader
9721,Emily Baldoni
9722,Emily Barclay
9723,Emily Bauer
9724,Emily Beecham
9725,Emily Bett Rickards
9726,Emily Blunt
9727,Emily Browning
9728,Emily Calandrelli
9729,Emily Callandrelli
9730,Emily Chang
9731,Emily Coates
9732,Emily Corcoran
9733,Emily Cox
9734,Emily Hampshire
9735,Emily Head
9736,Emily Jackson
9737,Emily Jordan
9738,Emily Kinney
9739,Emily Lim
9740,Emily Meade
9741,Emily Morris
9742,Emily Mortimer
9743,Emily Neves
9744,Emily Osment
9745,Emily Ratajkowski
9746,Emily Rios
9747,Emily Robinson
9748,Emily Rose
9749,Emily Rudd
9750,Emily Spivey
9751,Emily Swallow
9752,Emily Sweet
9753,Emily Taaffe
9754,Emily Tennant
9755,Emily Tremaine
9756,Emily Tsai
9757,Emily VanCamp
9758,Emily Watson
9759,Emily Wickersham
9760,Emily Woo Zeller
9761,Emilyn Johnson-Ekpo
9762,Emin Olcay
9763,Emir Ali Doğrul
9764,Emir Benderlioğlu
9765,Emir Kusturica
9766,Emir Mahira
9767,Emir Özbek Yıldız
9768,Emiri Kato
9769,Emjay Anthony
9770,Emma Appleton
9771,Emma Bading
9772,Emma Bell
9773,Emma Bellomy
9774,Emma Bones
9775,Emma Booth
9776,Emma Clifford
9777,Emma D'Arcy
9778,Emma Dumont
9779,Emma Fenton
9780,Emma Galvin
9781,Emma Gilmour
9782,Emma Graves
9783,Emma Greenwell
9784,Emma Gregory
9785,Emma Holzer
9786,Emma Howard
9787,Emma Jayne Maas
9788,Emma Jones
9789,Emma Kennedy
9790,Emma Kenney
9791,Emma Lahana
9792,Emma Mackey
9793,Emma Myles
9794,Emma Pierson
9795,Emma Rayne Lyle
9796,Emma Rigby
9797,Emma Roberts
9798,Emma Roche
9799,Emma Sloan Jacobs
9800,Emma Spetalen Magnusson
9801,Emma Stone
9802,Emma Suárez
9803,Emma Tate
9804,Emma Thompson
9805,Emma Thornett
9806,Emma Tremblay
9807,Emma Watkins
9808,Emma Watson
9809,Emmaline Henry
9810,"Emmanuel ""King Kong"" Nii Adom Quaye"
9811,Emmanuel Castis
9812,Emmanuel Edunjobi
9813,Emmanuel Emelu
9814,Emmanuel Esparza
9815,Emmanuel Essien
9816,Emmanuel Ikubese
9817,Emmanuel Imani
9818,Emmanuel Kabongo
9819,Emmanuel Khairallah
9820,Emmanuel Morales
9821,Emmanuel Nii Adom Quaye
9822,Emmanuel Orenday
9823,Emmanuel Rosset
9824,Emmanuel Salinger
9825,Emmanuel Xuereb
9826,Emmanuella
9827,Emmanuelle Araújo
9828,Emmanuelle Chriqui
9829,Emmanuelle Devos
9830,Emmanuelle Seigner
9831,Emmeline Kellie
9832,Emmett Kelly
9833,Emmett Scanlan
9834,Emmie Lichtenberg
9835,Emmy Laybourne
9836,Emmy Perry
9837,Emmy Rossum
9838,Emory Cohen
9839,Empoy Marquez
9840,Empress Schuck
9841,Emraan Hashmi
9842,Emrah Erdogru
9843,Emrah Girgin
9844,Emrah Kaman
9845,Emre Canpolat
9846,Emre Karayel
9847,Emre Kınay
9848,Emre Kıvılcım
9849,Emre Kızılırmak
9850,Emun Elliott
9851,Emy Lévy
9852,Emy Samir Ghanim
9853,Emyri Crutchfield
9854,Emílio de Mello
9855,Enaam Al-Gritly
9856,Enaam Salousa
9857,Enado Odigie
9858,Enchong Dee
9859,Endhita
9860,Ene Oloja
9861,Eneko Sagardoy
9862,Enes Mazak
9863,Engin Akyürek
9864,Engin Altan Düzyatan
9865,Engin Günaydın
9866,Engin Öztürk
9867,Enhe Feng
9868,Enhle Mbali
9869,Enhle Mlotshwa
9870,Enid Graham
9871,Enid-Raye Adams
9872,Eniola Ajao
9873,Eniola Badmus
9874,Enissa Amani
9875,Ennio Fantastichini
9876,Enno Cheng
9877,Enoch Frost
9878,Enon Kawatani
9879,Enric Auquer
9880,Enric Benavent
9881,Enrico Colantoni
9882,Enrico Macias
9883,Enrico Oetiker
9884,Enrique Arce
9885,Enrique Bunbury
9886,Enrique Carriazo
9887,Enrique Diaz
9888,Enrique Gil
9889,Enrique Guzmán
9890,Enrique Medina
9891,Enrique Montaño
9892,Enrique Murciano
9893,Enrique Pinti
9894,Enrique Rocha
9895,Enrique San Francisco
9896,Enrique Villén
9897,Enshon Lamare
9898,Enspirit
9899,Entesar Alsharah
9900,Entessar
9901,Entsar
9902,Enuka Okuma
9903,Enver Gjokaj
9904,Enyima Nwigwe
9905,Enyinna Nwigwe
9906,Enzo Barone
9907,Enzo Cilenti
9908,Enzo Marcos
9909,Enzo Ovideo
9910,Enzo Romani
9911,Eoghan Thomas Murphy
9912,Eoin Macken
9913,Eoin O'Brien
9914,Epy Kusnandar
9915,Erasmo Carlos
9916,Eray Ertüren
9917,Eray Eserol
9918,Ercan Yazgan
9919,Erdal Beşikçioğlu
9920,Erdal Tosun
9921,Erdal Özyağcılar
9922,Erdem Yener
9923,Erdogan Aydin
9924,Erek Lin
9925,Eren Ören
9926,Erez Tal
9927,Ergin Bal
9928,Ergun Taş
9929,Eri Kamataki
9930,Eri Kitamura
9931,Eri Murakawa
9932,Eri Ozaki
9933,Eri Sendai
9934,Eri Tanaka
9935,Eri Tokunaga
9936,Eri Watanabe
9937,Eriakha Edgar
9938,Eric Anderson
9939,Eric André
9940,Eric Balfour
9941,Eric Bana
9942,Eric Bauza
9943,Eric Bell Jr.
9944,Eric Bogosian
9945,Eric Cantona
9946,Eric Cheng
9947,Eric Christian Olsen
9948,Eric Clapton
9949,Eric DaRe
9950,Eric Dane
9951,Eric Didie
9952,Eric Dirnes
9953,Eric Duguil
9954,Eric Edelstein
9955,Eric Etebari
9956,Eric Godon
9957,Eric Graise
9958,Eric Heister
9959,Eric Hicks
9960,Eric Idle
9961,Eric Jacobson
9962,Eric Jungmann
9963,Eric Keenleyside
9964,Eric Kofi-Abrefa
9965,Eric Kot
9966,Eric Kwok
9967,Eric Ladin
9968,Eric Lampaert
9969,Eric Lange
9970,Eric Lutes
9971,Eric McCormack
9972,Eric Mendenhall
9973,Eric Meyers
9974,Eric Moon
9975,Eric Moreau
9976,Eric Nelsen
9977,Eric Nenninger
9978,Eric Nguyen
9979,Eric Obinna
9980,Eric Osborne
9981,Eric Peter-Kaiser
9982,Eric Peterson
9983,Eric Podnar
9984,Eric Roberts
9985,Eric Santos
9986,Eric Savin
9987,Eric Schweig
9988,Eric Stanton Betts
9989,Eric Stoltz
9990,Eric Stonestreet
9991,Eric Stuart
9992,Eric Suen Yiu-wai
9993,Eric Tsang
9994,Eric Wareheim
9995,Eric Winter
9996,Erica Ash
9997,Erica Carroll
9998,Erica Duke
9999,Erica Durance
10000,Erica Hubbard
10001,Erica Lindbeck
10002,Erica Luttrell
10003,Erica Malunguinho
10004,Erica McDermott
10005,Erica Mendez
10006,Erica Nlewedim
10007,Erica Peeples
10008,Erica Piccininni
10009,Erica Schroeder
10010,Erica Tremblay
10011,Erica Wessels
10012,Erica Yohn
10013,Erich Bergen
10014,Erick Avari
10015,Erick Chavarria
10016,Erick Estrada
10017,Erick Sermon
10018,Erik Griffin
10019,Erik Hayser
10020,Erik Johansson
10021,Erik Knudsen
10022,Erik LaRay Harvey
10023,Erik Madsen
10024,Erik Palladino
10025,Erik Per Sullivan
10026,Erik Stocklin
10027,Erik Thompson
10028,Erika Alexander
10029,Erika Christensen
10030,Erika Eleniak
10031,Erika Ervin
10032,Erika Fong
10033,Erika Harlacher
10034,Erika Hau
10035,Erika Linder
10036,Erika Mori
10037,Erika Sainte
10038,Erika Woods
10039,Erin Allin O'Reilly
10040,Erin Cahill
10041,Erin Daniels
10042,Erin Darke
10043,Erin Davie
10044,Erin Elizabeth Burns
10045,Erin Fitzgerald
10046,Erin Karpluk
10047,Erin Kelly
10048,Erin Krakow
10049,Erin Mathews
10050,Erin Matthews
10051,Erin Moriarty
10052,Erin Mullally
10053,Erin Ocampo
10054,Erin Richards
10055,Erin Sanders
10056,Erin Way
10057,Erinn Hayes
10058,Erinn Westbrook
10059,Eriq Ebouaney
10060,Eriska Rein
10061,Erkan Can
10062,Erkan Kolçak Köstendil
10063,Erlend Rødal Vikhagen
10064,Erlinda Villalobos
10065,Erly Ashy
10066,Erma Fatima
10067,Erman Okay
10068,Ermelinde Simo Sakah Jing
10069,Ernani Moraes
10070,Ernanto Kusuma
10071,Ernanto Kusumo
10072,Ernest Borgnine
10073,Ernest Chong
10074,Ernest Mingione
10075,Ernest Ndhlovu
10076,Ernest Prakasa
10077,Ernest R. Dickerson
10078,Ernesto Alterio
10079,Ernesto Benjumea
10080,Ernesto Campos
10081,Ernesto Gómez Cruz
10082,Ernesto Sevilla
10083,Ernie Hudson
10084,Ernie Joseph
10085,Ernie Lively
10086,Ernie Reyes Jr.
10087,Ernst Stötzner
10088,Erode Mahesh
10089,Erol Demiröz
10090,Erol Gedik
10091,Erom Cordeiro
10092,Errol Morris
10093,Erroll Shand
10094,Ersa Mayori
10095,Ersin Arıcı
10096,Ersin Korkut
10097,Erto Pantoja
10098,Ertunç Tuncer
10099,Ervin Bejleri
10100,Ervin Nagy
10101,Erwin Leder
10102,Erwin Steinhauer
10103,Eryk Lubos
10104,Eréndira Ibarra
10105,Es Devlin
10106,Esai Morales
10107,Esakki Barath
10108,Esat Polat Güler
10109,Esben Smed
10110,Esben Smed Jensen
10111,Escalante Lundy
10112,Ese Lami George
10113,Eser Yenenler
10114,Esha Amlani
10115,Esha Deol
10116,Esha Gupta
10117,Esin Eden
10118,Eskil Tonnesen
10119,Eskindir Tesfay
10120,Esma Abouzahra
10121,Esmeralda Pimentel
10122,Eso Okolocha DIke
10123,Esodie Geiger
10124,Esom
10125,Esperanza Elipe
10126,Esra Bezen Bilgin
10127,Esra Bilgiç
10128,Esra Kizildogan
10129,Essence Atkins
10130,Essie Davis
10131,Essined Aponte
10132,Este Haim
10133,Esteban Ahn
10134,Esteban Caicedo
10135,Esteban Lamothe
10136,Esteban Rojas
10137,Esteban Soberanes
10138,Esteban Ávila
10139,Estefanía de los Santos
10140,Estelle Harris
10141,Estelle Hennard
10142,Estelle Parsons
10143,Ester Expósito
10144,Ester Kočičková
10145,Estevam Nabote
10146,Estevez Gillespie
10147,Esther
10148,Esther Acebo
10149,Esther Anil
10150,Esther Chen
10151,Esther Coles
10152,Esther Goh
10153,Esther Gohourou
10154,Esther Howard
10155,Esther Liu
10156,Esther Rolle
10157,Esther Smith
10158,Esther Supreeleela
10159,Esther Tinman
10160,Esther Wu
10161,Esther Yang
10162,Esther Yeh
10163,Esther Zynn
10164,Esti Quesada
10165,Estrella Solís
10166,Ethan Botwick
10167,Ethan Cohn
10168,Ethan Cutkosky
10169,Ethan Embry
10170,Ethan Finlan
10171,Ethan Hawke
10172,Ethan Herisse
10173,Ethan Juan
10174,Ethan Lawrence
10175,Ethan Murray
10176,Ethan Nell
10177,Ethan Peck
10178,Ethan Phillips
10179,Ethan Stiefel
10180,Ethan Suplee
10181,Ethan Tavares
10182,Ethan Yang
10183,Ethan Zohn
10184,Etienne Bobenrieth
10185,Etienne Chicot
10186,Etim Effiong
10187,Etinosa Idemudia
10188,Etsuko Kozakura
10189,Eucharia Anunobi
10190,Eudald Font
10191,Eugen Bauder
10192,Eugen Knecht
10193,Eugen Sandow
10194,Eugene Cernan
10195,Eugene Clark
10196,Eugene Domingo
10197,Eugene Jensen
10198,Eugene Khumbanyiwa
10199,Eugene Lee
10200,Eugene Levy
10201,Eugene Lipinski
10202,Eugene Simon
10203,Eugene Zimbudzi
10204,Eugenia Fragos
10205,Eugenia Horecka
10206,Eugenia Suárez
10207,Eugenia Yuan
10208,Eugenie Liu
10209,Eugenie Scott
10210,Eugenio Derbez
10211,Eugenio Siller
10212,Eui-sung Kim
10213,Eun-Hyung Jo
10214,Eun-ah Go
10215,Eun-bin Park
10216,Eun-ji Jo
10217,Eun-kyung Shim
10218,Eun-mi Go
10219,Eun-seo Son
10220,Eun-soo Kwon
10221,Eun-sook Sunwoo
10222,Eun-woo Lee
10223,Eunice Lin
10224,Euridice Axen
10225,Eva Ariel Binder
10226,Eva Bella
10227,Eva Day
10228,Eva De Dominici
10229,Eva Dedova
10230,Eva Fernández
10231,Eva Gabor
10232,Eva Gerr
10233,Eva Grados
10234,Eva Green
10235,Eva Hauge
10236,Eva Lallier
10237,Eva Link
10238,Eva Llorach
10239,Eva Loebau
10240,Eva Longoria
10241,Eva Marcille
10242,Eva Marie Saint
10243,Eva Meckbach
10244,Eva Mendes
10245,Eva Swan
10246,Eva Verena Müller
10247,Evaezi Ogoro
10248,Evan Agos
10249,Evan Bird
10250,Evan Boymel
10251,Evan Brinkman
10252,Evan Byarushengo
10253,Evan Castelloe
10254,Evan Clark
10255,Evan Dando
10256,Evan Deverian
10257,Evan Ellingson
10258,Evan Handler
10259,Evan Helmuth
10260,Evan Jones
10261,Evan Jonigkeit
10262,Evan Kishiyama
10263,Evan Lefeuvre
10264,Evan Michael Lee
10265,Evan Milton
10266,Evan Peters
10267,Evan Rachel Wood
10268,Evan Roderick
10269,Evan Roe
10270,Evan Rosado
10271,Evan Smith
10272,Evan Smolin
10273,Evan Spiridellis
10274,Evan Todd
10275,Evan Williams
10276,Evangelina Sosa
10277,Evangeline Lilly
10278,Evans Evans
10279,Evans Johnson
10280,Evany Rosen
10281,Eve
10282,Eve Ai
10283,Eve Arden
10284,Eve Best
10285,Eve D'Souza
10286,Eve Hewson
10287,Eve Mauro
10288,Eve Myles
10289,Eve Perry
10290,Eve Plumb
10291,Eve Ponsonby
10292,Eve Sigall
10293,Eve Torres
10294,Evelin Dobos
10295,Evelin Hagoel
10296,Evelina Fernandez
10297,Evelyn Castro
10298,Evelyn Edwards
10299,Evelyn Lewis Prieto
10300,Evelyn Sharma
10301,Evelyn Zheng Yu-tong
10302,Evelyne Brochu
10303,Evelyne Grandjean
10304,Even Pedersen
10305,Ever Mainard
10306,Everardo Arzate
10307,Everest Moe
10308,Everett McGill
10309,Everly Carganilla
10310,Evgeniy Koshevoy
10311,Evgeniy Sidikhin
10312,Evgeniy Stychkin
10313,Evgeniya Dmitrieva
10314,Evie Wray
10315,Ewa Błaszczyk
10316,Ewa Dałkowska
10317,Ewa Fröling
10318,Ewa Kasprzyk
10319,Ewa Krzyżewska
10320,Ewa Skibińska
10321,Ewan McGregor
10322,Ewen Bremner
10323,Ewen Leslie
10324,Eyad Ayman Kaifi
10325,Eyad Nassar
10326,Eyal Shikratzi
10327,Eye Warapairin Laphatsanitirot
10328,Eyebe Beniamin
10329,Eyrio Okura
10330,Ezequiel Campa
10331,Ezequiel Cipols
10332,Ezgi Eyüboğlu
10333,Ezgi Mola
10334,Ezra Buzzington
10335,Ezra James Colbert
10336,Ezra Menas
10337,Ezra Miller
10338,Ezra Weisz
10339,Ezzat Abou Aouf
10340,Ezzat El Alaili
10341,Ezzat El Alaily
10342,F. Murray Abraham
10343,Fa Zeng Li
10344,Fabian Adeoye Lojede
10345,Fabian Bodet
10346,Fabian Buch
10347,Fabian Busch
10348,Fabian Hinrichs
10349,Fabian Lojege
10350,Fabian Svegaard Tapia
10351,Fabiana Cantilo
10352,Fabiana Medina
10353,Fabiana Udenio
10354,Fabianne Therese
10355,Fabien Ducommun
10356,Fabien Yang
10357,Fabienne Piolini-Castle
10358,Fabio Alberti
10359,Fabio Aste
10360,Fabio Balsamo
10361,Fabio Capello
10362,Fabio Chamorro
10363,Fabio Grangeon
10364,Fabio Restrepo
10365,Fabio Rubiano
10366,Fabio de Caro
10367,Fabiola Alarcón
10368,Fabiola Guajardo
10369,Fabiola Posada
10370,Fabiula Nascimento
10371,Fabián Arenillas
10372,Fabián Forte
10373,Fabián López
10374,Fabián Merlo
10375,Fabián Ríos
10376,Fabián Vena
10377,Fabrice Luchini
10378,Fabricio Werdum
10379,Fabrizio Bentivoglio
10380,Fabrizio Copano
10381,Fabrizio Gifuni
10382,Fabrizio Guido
10383,Fabrizio Rongione
10384,Fabrizio Sabatucci
10385,Fabrizio Santini
10386,Fabrício Boliveira
10387,Facundo Aquinos
10388,Fadee Andrawos
10389,Fadi Abi Samra
10390,Fadi Rifaai
10391,Fadia Abdel Ghany
10392,Fadily Camara
10393,Fadlan Hazim
10394,Fadzli Daniel Ali
10395,Fafá de Belém
10396,Fahad Albutairi
10397,Fahad Basim
10398,Fahad Ghazoli
10399,Fahadh Faasil
10400,Fahreddin Manafov
10401,Fahri Yardim
10402,Fahriye Evcen
10403,Faiez Affandi
10404,Faiq Asim
10405,Fair Xing
10406,Fairuza Balk
10407,Faisal Al Dokhei
10408,Faisal Al Omairi
10409,Faisal Qureshi
10410,Faith Fidel
10411,Faith Seci
10412,Faith Wladyka
10413,Faithia Williams
10414,Faiza Mahnur
10415,Faizan Khawaja
10416,Faizon Love
10417,Fakkah Fuzz
10418,Falz
10419,Falz The Bahd Guy
10420,Fame Chawin Likitjareonpong
10421,Famke Janssen
10422,Fan Bingbing
10423,Fan Chen-fei
10424,Fan Chu-Mei
10425,Fan Jinwei
10426,Fan Kuang-yao
10427,Fan Linfeng
10428,Fan Qianhui
10429,Fan Wei
10430,Fana Mokoena
10431,Fanesa Kayla
10432,Fang Wenqiang
10433,Fania Espinosa
10434,Fann Wong
10435,Fanny Ardant
10436,Fanny Bernth
10437,Fanny Bloc
10438,Fanny Leander Bornedal
10439,Fanny Maurin
10440,Fanny Sidney
10441,Fanny Tovar
10442,Fanny Valette
10443,Faraaz Servaia
10444,Faradina Mufti
10445,Farah ElSaraf
10446,Farah Hamed
10447,Farah Shaer
10448,Farah Zeynep Abdullah
10449,Fardeen Khan
10450,Fares Landoulsi
10451,Fargass Assandé
10452,Farhan
10453,Farhan Akhtar
10454,Farhan Rasyid
10455,Farid Azad Khan
10456,Farid Shawqy
10457,Farida Al-Gready
10458,Farida Jalal
10459,Faris Fadjar Munggaran
10460,Faris Khalid
10461,Farooq Shaikh
10462,Farouk El Fishawy
10463,Farrah Fawcett
10464,Farrah Kader
10465,Farrand Thompson
10466,Farrukh Jaffar
10467,Fary
10468,Faryal
10469,Farzana Dua Elahe
10470,Fasha Sandha
10471,Fat Joe
10472,Fatema Almansoori
10473,Faten Hamama
10474,Fathia Balogun
10475,Fathia Youssouf
10476,Fathimah Az Zahra
10477,Fathy Abdel Wahab
10478,Fathy Abdel Wehab
10479,Fatih Artman
10480,Fatih Unru
10481,Fatih Şahin
10482,Fatima Al Safi
10483,Fatima Al-Banawi
10484,Fatima Ansari
10485,Fatima Jabbe
10486,Fatima Sana Shaikh
10487,Fatma Al Tabbakh
10488,Fatma Hassan
10489,Fatma Murat
10490,Fatma Nasser
10491,Fatmah Adel
10492,Fatou-Elise Ba
10493,Fatym Layachi
10494,Fausto Molina
10495,Fauzi Nawawi
10496,Fawad Khan
10497,Fay Masterson
10498,Fay Ripley
10499,Faycal Attougui
10500,Faye Dunaway
10501,Faye Kusairi
10502,Faye Marsay
10503,Faye Mata
10504,Fayez Al-Malki
10505,Fayez Kazak
10506,Fayssal Bazzi
10507,Fede Pérez
10508,Federica Corti
10509,Federica Fracassi
10510,Federica Torchetti
10511,Federico D'Elía
10512,Federico Finocchiaro
10513,Federico Luppi
10514,Federico Pedroni
10515,Federico Rivera
10516,Federico Russo
10517,Federico Tocci
10518,Fedi Nuril
10519,Fedor Fedotov
10520,Fedor Teyml
10521,Fehmi Karaarslan
10522,Feihu Sun
10523,Fekky
10524,Fele Martínez
10525,Felecia Angelle
10526,Felice Orlandi
10527,Felicia Chin
10528,Felicia Day
10529,Felicia Mercado
10530,Felicitas Woll
10531,Felicity Ashton
10532,Felicity Huffman
10533,Felicity Jones
10534,Felicity Price
10535,Felipe Abib
10536,Felipe Avello
10537,Felipe Bernedette
10538,Felipe Calero
10539,Felipe Castanhari
10540,Felipe De Jesus Hernández
10541,Felipe Esparza
10542,Felipe García Vélez
10543,Felipe Izquierdo
10544,Felipe Neto
10545,Felipe Titto
10546,Felipe Tututi
10547,Felipe Zilse
10548,Felix Auer
10549,Felix Cameron
10550,Felix Ceesay
10551,Felix Engström
10552,Felix Kramer
10553,Felix Laikin
10554,Felix Lobrecht
10555,Felix Lok
10556,Felix Mallard
10557,Felix Maria Zeppenfeld
10558,Felix Medina
10559,Felix Roco
10560,Felix Ryan
10561,Felix Sandman
10562,Felix Starck
10563,Felix Williamson
10564,Femi Adebayo
10565,Femi Brach
10566,Femi Branch
10567,Femi Durojaiye
10568,Femi Jacobs
10569,Femi Oyeniran
10570,Fenda Drame
10571,Fenessa Pineda
10572,Feng Ku
10573,Feng Kuan
10574,Feng Lu
10575,Feng Shaofeng
10576,Feng Yuanzheng
10577,Fenna Ramos
10578,Ferdi Akarnur
10579,Ferdi Sancar
10580,Ferdinand Kingsley
10581,Ferdinando Valencia
10582,Ferdoos Mohammed
10583,Ferenc Lengyel
10584,Fergus Craig
10585,Ferhan Şensoy
10586,Feridun Erol
10587,Ferit Aktuğ
10588,Fermí Reixach
10589,Fernanda Andrade
10590,Fernanda Bullara
10591,Fernanda Castillo
10592,Fernanda Concon
10593,Fernanda Michelle Torres
10594,Fernanda Paes Leme
10595,Fernanda Urrejola
10596,Fernanda Vasconcellos
10597,Fernanda Vianna
10598,Fernando Alarcón
10599,Fernando Argosino
10600,Fernando Arévalo
10601,Fernando Barona
10602,Fernando Becerril
10603,Fernando Bonilla
10604,Fernando Campo
10605,Fernando Cayo
10606,Fernando Chien
10607,Fernando Esteso
10608,Fernando Estrada
10609,Fernando Guallar
10610,Fernando Larrañaga
10611,Fernando Luján
10612,Fernando Memije
10613,Fernando Mendonça
10614,Fernando Ramos
10615,Fernando Sanjiao
10616,Fernando Sarfati
10617,Fernando Sarfatti
10618,Fernando Solórzano
10619,Fernando Surya
10620,Fernando Álvarez Rebeil
10621,Fernán Mirás
10622,Fero Walandouw
10623,Feroz Khan
10624,Feroze Khan
10625,Ferran Rañé
10626,Feryal Youssef
10627,Fevzi Gökçe
10628,Feyyaz Duman
10629,Fezile Makhanya
10630,Fezile Mpela
10631,Fezrul Khan
10632,Fiammetta Cicogna
10633,Fico Fachriza
10634,Fifi Abdo
10635,Fifi Box
10636,Fify Azmi
10637,Fify El Sebaay
10638,Figaro Tseng
10639,Figs Jackman
10640,Fikret Kuşkan
10641,Filipe Bragança
10642,Filippo Gili
10643,Filippo Nigro
10644,Filippo Scotti
10645,Filippo Timi
10646,Fillip Gorenshtein
10647,Fily Keita
10648,Fimie Don
10649,Fina Rius
10650,Fina Strazza
10651,Finbar Lynch
10652,Finesse Mitchell
10653,Finley Jacobsen
10654,Finn Carr
10655,Finn Carter
10656,Finn Jones
10657,Finn Little
10658,Finn Reiter
10659,Finn Roberts
10660,Finn Scicluna-O'Prey
10661,Finn Wittrock
10662,Finn Wolfhard
10663,Finnegan Oldfield
10664,Finnlay Berger
10665,Finola Hughes
10666,Fiona Bruce
10667,Fiona Dourif
10668,Fiona Fu
10669,Fiona Fullerton
10670,Fiona Hardingham
10671,Fiona Palomo
10672,Fiona Ramsey
10673,Fiona Reid
10674,Fiona Scott
10675,Fiona Shaw
10676,Fiona Vroom
10677,Fionn O'Shea
10678,Fionn Walton
10679,Fionn Whitehead
10680,Fionna Hewitt-Twamley
10681,Fionnula Flanagan
10682,Fiorella Faltoyano
10683,Fiorenza Tessari
10684,Firass Dirani
10685,Firat Doğruloğlu
10686,Firat Çelik
10687,Firmine Richard
10688,Firrina Sinatrya
10689,Fish Liew
10690,Fisiwe Kubeka
10691,Fitria Rasyidi
10692,Fizz Fairuz
10693,Flame Monroe
10694,Flaminia Cinque
10695,Flavia Bechara
10696,Flavia Hojda
10697,Flavia Pavanelli
10698,Flavio Medina
10699,Flavio Mendoza
10700,Flavio Parenti
10701,Flavor Flav
10702,Flea
10703,Flemming Enevold
10704,Fleur Beaupert
10705,Fleur Delahunty
10706,Fleur Fitoussi
10707,Fleur Geffrier
10708,Flex Alexander
10709,Flonja Kodheli
10710,Flor Eduarda Gurrola
10711,Flora Canto
10712,Flora Chiedo
10713,Flora Diaz
10714,Flora Ndula Obassi
10715,Flore Bonaventura
10716,Florence Bellamy
10717,Florence Hall
10718,Florence Hunt
10719,Florence Kasumba
10720,Florence Longpré
10721,Florence Pernel
10722,Florence Pugh
10723,Florence Thomassin
10724,Florencia Benítez
10725,Florencia Lozano
10726,Florencia Peña
10727,Florencia Raggi
10728,Florencia Torrente
10729,Florent Lacger
10730,Florian Beaujean
10731,Florian Lukas
10732,Florian Stetter
10733,Florian Teichtmeister
10734,Floriana Lima
10735,Florin Opritescu
10736,Florinda Meza García
10737,Florrie Wilkinson
10738,"Floyd ""Red Crow"" Westerman"
10739,Flula Borg
10740,Flynn Allen
10741,Flynn Curry
10742,Flávia Garrafa
10743,Flávio Tolezani
10744,Foaz Al -Shatti
10745,Fockeline Ouwerkerk
10746,Focus Jirakul
10747,Foed Amara
10748,Fola Evans-Akingbola
10749,Folake Olowofoyeku
10750,Folarin Agunbiade
10751,Folusho Durojaiye
10752,Font García
10753,Forbes KB
10754,Ford Kiernan
10755,Forest Whitaker
10756,Forrest Fyre
10757,Forrest Goodluck
10758,Fortunato Cerlino
10759,Fortune Feimster
10760,Fotinì Peluso
10761,Fouad El-Mohandes
10762,Fouad Yammine
10763,Four Sakolrat Wornurai
10764,Fourtwnty
10765,Fox Messitt
10766,Fozzie Bear
10767,Fran Drescher
10768,Fran Jaye
10769,Fran Kranz
10770,Fran Lebowitz
10771,Fran Ryan
10772,Franca Valeri
10773,Frances Barber
10774,Frances Bavier
10775,Frances Conroy
10776,Frances Duca
10777,Frances Fisher
10778,Frances McDormand
10779,Frances Millar
10780,Frances O'Connor
10781,Frances Sholto-Douglas
10782,Frances Tophill
10783,Frances Wu
10784,Frances de la Tour
10785,Francesc Garrido
10786,Francesc Orella
10787,Francesca Cavallin
10788,Francesca Piñón
10789,Francesca Reale
10790,Francesca Smith
10791,Francesca Stavrakopoulou
10792,Francesca Van Keekan
10793,Francesco Acquaroli
10794,Francesco Bruni
10795,Francesco Carril
10796,Francesco De Carlo
10797,Francesco Facchinetti
10798,Francesco Migliore
10799,Francesco Pannofino
10800,Francesco Quinn
10801,Francesco Russo
10802,Francesco Salvi
10803,Francesco Scianna
10804,Francis Chun-Yu Ng
10805,Francis Collins
10806,Francis Duru
10807,Francis Ford Coppola
10808,Francis Guinan
10809,Francis Manapul
10810,Francis Ng
10811,Francis Odega
10812,Francis Onwochei
10813,Francis Ressort
10814,Francis Weddey
10815,Francis X. McCarthy
10816,Francisca Imboden
10817,Francisca Lozano
10818,Francisco Avendaño
10819,Francisco Bolívar
10820,Francisco Denis
10821,Francisco Gaspar
10822,Francisco Javier Rueda
10823,Franciszek Pieczka
10824,Franck Dubosc
10825,Franck Sasonoff
10826,Franco Escamilla
10827,Franco Fantasia
10828,Franco Lo Presti
10829,Franco Masini
10830,Franco Nero
10831,Franco Ravera
10832,Franco Tirri
10833,Frank Addela
10834,Frank Adonis
10835,Frank Conniff
10836,Frank Donga
10837,Frank Dorsin
10838,Frank Elstner
10839,Frank Feys
10840,Frank Finlay
10841,Frank Grillo
10842,Frank Hoyt Taylor
10843,Frank John Hughes
10844,Frank Lammers
10845,Frank Langella
10846,Frank McRae
10847,Frank Mosley
10848,Frank O'Sullivan
10849,Frank Oz
10850,Frank Ramirez
10851,Frank Rossi
10852,Frank Samson
10853,Frank Schorpion
10854,Frank Senger
10855,Frank Sinatra
10856,Frank Sivero
10857,Frank Todaro
10858,Frank Vincent
10859,Frank Welker
10860,Frank Whaley
10861,Frank Williams
10862,Frank Wolff
10863,Franka Potente
10864,Frankie Avalon
10865,Frankie Chi-Hung Ng
10866,Frankie Cordero
10867,Frankie Faison
10868,Frankie Hervey
10869,Frankie Hinton
10870,Frankie Muniz
10871,Frankie Shaw
10872,Franklin Graham
10873,Frantz Turner
10874,Franz Drameh
10875,Franziska Wulf
10876,François Arnaud
10877,François Bellefeuille
10878,François Bredon
10879,François Briault
10880,François Chattot
10881,François Chau
10882,François Civil
10883,François Cluzet
10884,François Damiens
10885,François Petit
10886,François-David Cardonnel
10887,François-Xavier Demaison
10888,Françoise Lebrun
10889,Françoise Yip
10890,Fraser Aitcheson
10891,Fraser Ayres
10892,Fred Armisen
10893,Fred Durst
10894,Fred Ewanuick
10895,Fred Hechinger
10896,Fred Henderson
10897,Fred Melamed
10898,Fred Pomerleau
10899,Fred Savage
10900,Fred Stoller
10901,Fred Tatasciore
10902,Fred Testot
10903,Fred Thompson
10904,Fred Tolliver Jr
10905,Fred Ward
10906,Fred Willard
10907,Fred Williamson
10908,Freddie Benedict
10909,Freddie Fox
10910,Freddie Gaminara
10911,Freddie Highmore
10912,Freddie Spencer
10913,Freddie Stroma
10914,Freddie Thorp
10915,Freddie Webb
10916,Freddy Beltrán
10917,Freddy Carter
10918,Freddy Daruwala
10919,Freddy Miyares
10920,Freddy Rodríguez
10921,Frederic Linkemann
10922,Frederick Koehler
10923,Frederick Lau
10924,Frederick Lee
10925,Frederick Schmidt
10926,Frederick Weller
10927,Frederikke Dahl Hansen
10928,Frederique Van Der Wal
10929,Fredric Lehne
10930,Fredrik Hallgren
10931,Fredrik Quiñones
10932,Freedom Martin
10933,Freema Agyeman
10934,Freeway Rick Ross
10935,Freida Pinto
10936,Freja Riemann
10937,French Tickner
10938,Freya Adams
10939,Freya Allan
10940,Freya Mavor
10941,Freya Tingley
10942,Frida Argento
10943,Frida-Lovisa Hamann
10944,Fridtjov Såheim
10945,Frieda Barnhard
10946,Friederike Becht
10947,Friedrich von Thun
10948,Fritzi Haberlandt
10949,Frode Winther
10950,Fryda Wolff
10951,Frédéric Anscombre
10952,Frédéric Meaux
10953,Frédéric Pierrot
10954,Frédérique Bel
10955,Fu Dalong
10956,Fu Lei
10957,Fu Meng-po
10958,Fu Miao
10959,Fujiko Takimoto
10960,Fuju Kamio
10961,Fuka Koshiba
10962,Fuko Saito
10963,Fukushi Ochiai
10964,Fulu Mugovhani
10965,Fumi Hirano
10966,Fumi Nikaido
10967,Fumihiko Tachiki
10968,Fumihiro Okabayashi
10969,Fumika Baba
10970,Fumiko Orikasa
10971,Fumino Kimura
10972,Fuminori Komatsu
10973,Fumio Demura
10974,Fumiyo Kohinata
10975,Funda Eryiğit
10976,Fung Hak-On
10977,Fungai Majaya
10978,Funke Akindele
10979,Funky Tu
10980,Funlola Aofiyebi
10981,Funmi Eko
10982,Furkan Bayraktar
10983,Fuyumi Shiraishi
10984,Fynn Kliemann
10985,Fyodor Lavrov
10986,Fyvush Finkel
10987,Fábio Assunção
10988,Fábio Beltrão
10989,Fábio Lago
10990,Fábio Lucindo
10991,Fábio Porchat
10992,Fábio de Luca
10993,Fátima Molina
10994,Félix Antequera
10995,Félix Gómez
10996,Félix Maritaud
10997,Füsun Demirel
10998,Fırat Tanış
10999,G-Eazy
11000,G. Hannelius
11001,G. M. Sundhar
11002,G. Marimuthu
11003,G.E.M.
11004,G.K. Bowes
11005,G.V. Prakash Kumar
11006,Gabbriette Bechtel
11007,Gabby Clarke
11008,Gabby Concepcion
11009,Gabby Padilla
11010,Gabe Khouth
11011,Gabe Liedman
11012,Gabe White
11013,Gabe York
11014,Gabino Rodríguez
11015,Gabourey Sidibe
11016,Gabrella Sellus
11017,Gabriel Afolayan
11018,Gabriel Almaer
11019,Gabriel Basso
11020,Gabriel Bateman
11021,Gabriel Braga Nunes
11022,Gabriel Byrne
11023,Gabriel Canella
11024,Gabriel Casanova
11025,Gabriel Casseus
11026,Gabriel Chavarria
11027,Gabriel Darku
11028,Gabriel Goity
11029,Gabriel Iglesias
11030,Gabriel Lan
11031,Gabriel Lima
11032,Gabriel Luna
11033,Gabriel Macht
11034,Gabriel Malki
11035,Gabriel Mann
11036,Gabriel Martins
11037,Gabriel Nuncio
11038,Gabriel Porras
11039,Gabriel Santana
11040,Gabriel Santoyo
11041,Gabriel Sloyer
11042,Gabriel Spahiu
11043,Gabriel Sunday
11044,Gabriel Tigerman
11045,Gabriel Totoro
11046,Gabriel Weinstein
11047,Gabriel Williams
11048,Gabriel Yammine
11049,Gabriela Araujo
11050,Gabriela Freire
11051,Gabriela Hernandez
11052,Gabriela Maria Schmeide
11053,Gabriela Muskała
11054,Gabriela Nunes
11055,Gabriela Rivero
11056,Gabriela Roel
11057,Gabriela Toscano
11058,Gabriela Zamora
11059,Gabriela de la Garza
11060,Gabriele Bertaccini
11061,Gabriele Ferzetti
11062,Gabriele Fiore
11063,Gabriella Graves
11064,Gabriella Jordan
11065,Gabriella Wright
11066,Gabrielle Bourne
11067,Gabrielle Dennis
11068,Gabrielle Hamilton
11069,Gabrielle Miller
11070,Gabrielle Reece
11071,Gabrielle Rose
11072,Gabrielle Ruiz
11073,Gabrielle Ryan
11074,Gabrielle Stone
11075,Gabrielle Susanne Solheim Leithaug
11076,Gabrielle Trudel
11077,Gabrielle Union
11078,Gaby Espino
11079,Gaby Hoffmann
11080,Gaby Llanas
11081,Gacha Plienwithi
11082,Gad Elmaleh
11083,Gading Marten
11084,Gael García Bernal
11085,Gaetano Aronica
11086,Gaetano Fernandez
11087,Gagan Arora
11088,Gagan Kokri
11089,Gagan Malik
11090,Gagandeep Singh
11091,Gage Golightly
11092,Gage Munroe
11093,Gaia Bermani Amaral
11094,Gaia Weiss
11095,Gail Mabalane
11096,Gail O'Grady
11097,Gaius Charles
11098,Gaja Masciale
11099,Gajanan Jagirdar
11100,Gajraj Rao
11101,Gaku Hamada
11102,Gal Gadot
11103,Gal Toren
11104,Gala Gordon
11105,Galatea Ranzi
11106,Gallen Lo
11107,Gamaharitz
11108,Gamaliel
11109,Gambit Saifullah
11110,Game
11111,Gameel Barsoum
11112,Gamelihle Bovana
11113,Gamon Kaai
11114,Gamze Süner Atay
11115,Gana Bayarsaikhan
11116,Gandhi Wasuwitchayagit
11117,Ganesan Kaliamoorthy
11118,Ganesh Acharya
11119,Ganesh Divekar
11120,Ganesh Diweker
11121,Ganesh Venkatraman
11122,Ganesh Yadav
11123,Gang Dong-won
11124,Ganindra Bimo
11125,Gano Grills
11126,Ganthida Chaang
11127,Gao Hanyu
11128,Gao Ming-xiao
11129,Gao Yuanyuan
11130,Gao Yuer
11131,Gao Yunxiang
11132,Gara Takashima
11133,Garance Marillier
11134,Garazi Urkola
11135,Garcelle Beauvais
11136,Garcia
11137,Gard B. Eidsvold
11138,Gardner Baldwin
11139,Gardo Versoza
11140,Gareth David-Lloyd
11141,Gareth Meagher
11142,Gareth Yuen
11143,Garett Buehler
11144,Garfield Wilson
11145,Gargeyi
11146,Gargi Datar
11147,Gargi Roychowdhury
11148,Gargi Shitole
11149,Garion Dowds
11150,Garland Scott
11151,Garland Whitt
11152,Garret Dillahunt
11153,Garrett Clayton
11154,Garrett Hedlund
11155,Garrett Morris
11156,Garrett Ryan
11157,Garrett Wang
11158,Garrick Hagon
11159,Garrison Keillor
11160,Garry Chalk
11161,Garry James
11162,Garry Marshall
11163,Garry McDonald
11164,Garry Nation
11165,Garry Sandhu
11166,Garry Shandling
11167,Garth Brooks
11168,Garvin Cross
11169,Gary Anthony Sturgis
11170,Gary Anthony Williams
11171,Gary Basaraba
11172,Gary Busey
11173,Gary Cockrell
11174,Gary Cole
11175,Gary Daniels
11176,Gary Dourdan
11177,Gary Estrada
11178,Gary Farmer
11179,Gary Grubbs
11180,Gary Hershberger
11181,Gary Jones
11182,Gary Lewis
11183,Gary Lightbody
11184,Gary Lineker
11185,Gary Morgan
11186,Gary Oldman
11187,Gary Owen
11188,Gary Player
11189,Gary Rossington
11190,Gary Sinise
11191,Gary Stevens
11192,Gary Sturm
11193,Gary Sweet
11194,Gary Tang
11195,Gary Valentine
11196,Gary Weeks
11197,Gary Werntz
11198,Gary Wilmes
11199,Gashmeer Mahajani
11200,Gaspard Boesch
11201,Gaspard Gévin-Hié
11202,Gaspard Schlatter
11203,Gaspard Ulliel
11204,Gastón Pauls
11205,Gastón Ricaud
11206,Gastón Salgado
11207,Gaten Matarazzo
11208,Gates McFadden
11209,Gatlin Green
11210,Gauhar Khan
11211,Gaurav Chakrabarty
11212,Gaurav Chanana
11213,Gaurav Dwivedi
11214,Gaurav Kothari
11215,Gaurav Narayanan
11216,Gaurav Pandey
11217,Gaurav Paswala
11218,Gaurav Rana
11219,Gaurav Sharma
11220,Gauri Chakraborty
11221,Gauri Karnik
11222,Gaurika Bhatt
11223,Gaurish Gawade
11224,Gautam Bhimani
11225,Gautam Gulati
11226,Gautam Kapoor
11227,Gautam Karthik
11228,Gautam Kurup
11229,Gautam Rode
11230,Gautam Sarkar
11231,Gautami
11232,Gautami Kapoor
11233,Gautham Menon
11234,Gautham Vasudev Menon
11235,Gautmik
11236,Gavie Chahal
11237,Gavin Brocker
11238,Gavin Leatherwood
11239,Gavin Lewis
11240,Gavin McCulley
11241,Gavin Mitchell
11242,Gavin Peter
11243,Gay Talese
11244,Gayathri Arun
11245,Gayathri Krishna
11246,Gayathrie
11247,Gayatri Joshi
11248,Gayle Rankin
11249,Gazala Amin
11250,Gaël Kamilindi
11251,Gbemi Akinlade
11252,Gbenga Akinnagbe
11253,Gbenga Titiloye
11254,Gbenro Ajibade
11255,Gbubemi Ejeye
11256,Ge Wang
11257,Gede Robi
11258,Gedeon Burkhard
11259,Geena Davis
11260,Geert Van Rampelberg
11261,Geeta Basra
11262,Geeta Bisht
11263,Geeta Sudan
11264,Geetanjali Kulkarni
11265,Geetanjali Thapa
11266,Geetika Tyagi
11267,Geetika Vidya Ohlyan
11268,Geleen Eugenio
11269,Gelli de Belen
11270,Gelu Colceag
11271,Gemini Ganesan
11272,Gemma Arterton
11273,Gemma Chan
11274,Gemma Chua-Tran
11275,Gemma Forsyth
11276,Gemma Harvey
11277,Gemma Jones
11278,Gemma Ward
11279,Gemma Whelan
11280,Gen Hoshino
11281,Gene Bervoets
11282,Gene Hackman
11283,Gene Simmons
11284,Gene Wilder
11285,Genelia D'Souza
11286,Genelia D'souza
11287,Genelle Williams
11288,Genesis Rodriguez
11289,Genevieve Aitken
11290,Genevieve Gorder
11291,Genevieve Hegney
11292,Genevieve Kang
11293,Genevieve Lemon
11294,Genevieve Nnaji
11295,Genevieve O'Reilly
11296,Geneviève Doang
11297,Genezio de Barros
11298,Geng Bowen
11299,Geng Le
11300,Geng Wayo Assawarungruang
11301,Gengher Gatti
11302,Genki Muro
11303,Genna Amr
11304,Gennaro Filippone
11305,Genneya Walton
11306,Geno Segers
11307,Genoveva Umeh
11308,Geoff Bell
11309,Geoff Dolan
11310,Geoff Hughes
11311,Geoff Lazer Ramsey
11312,Geoff McGivern
11313,Geoff Morrell
11314,Geoff Pierson
11315,Geoff Stults
11316,Geoff Wong
11317,Geoffrey Arend
11318,Geoffrey Bateman
11319,Geoffrey Jones
11320,Geoffrey McGivern
11321,Geoffrey Palmer
11322,Geoffrey Rush
11323,Geoffrey Weeks
11324,Georg Friedrich
11325,George Basil
11326,George Black
11327,George Blagden
11328,George Bush Sr.
11329,George Buza
11330,George C. Wolfe
11331,George Carlin
11332,George Chakiris
11333,George Chang
11334,George Cheung
11335,George Chiang
11336,George Clooney
11337,George Costigan
11338,George Dzundza
11339,George Faughnan
11340,George Georgiou
11341,George Hamilton
11342,George Harris
11343,George Harrison
11344,George Harrison Xanthis
11345,George Hu
11346,George Kennedy
11347,George Keywood
11348,George Konner
11349,George Lam
11350,George Lopez
11351,George MacKay
11352,George McGavin
11353,George Memmoli
11354,George Newbern
11355,George Ngandu
11356,George Plimpton
11357,George Remes
11358,George Russo
11359,George Sample III
11360,George Sargeant
11361,George Segal
11362,George Shevtsov
11363,George Sidhum
11364,George Slebi
11365,George Stroumboulopoulos
11366,George Takei
11367,George W. Bush
11368,George Wallace
11369,George Watkins
11370,George Wendt
11371,George Young
11372,Georges Boukhalil
11373,Georges Corraface
11374,Georges Diab
11375,Georges Hayeck
11376,Georges Khabbaz
11377,Georges St-Pierre
11378,Georgette Timoney
11379,Georgia Bradley
11380,Georgia Craig
11381,Georgia Engel
11382,Georgia King
11383,Georgia Rock
11384,Georgia Somary
11385,Georgia-May Davis
11386,Georgie Flores
11387,Georgie Fuller
11388,Georgie Glen
11389,Georgie Kidder
11390,Georgie Smith
11391,Georgina Amorós
11392,Georgina Bevan
11393,Georgina Campbell
11394,Georgina Castro
11395,Georgina Cates
11396,Georgina Sadler
11397,Georgina Yankelevich
11398,Gerald Anderson
11399,Gerald Madrid
11400,Gerald McRaney
11401,Gerald R. Molen
11402,Gerald Tyler
11403,Gerald Urquhart
11404,Gerald W. Jones III
11405,Gerald Webb
11406,Geraldine Brophy
11407,Geraldine Chaplin
11408,Geraldine Cole
11409,Geraldine Hughes
11410,Geraldine James
11411,Geraldine Keams
11412,Geraldine Neary
11413,Geraldine Somerville
11414,Geraldine Viswanathan
11415,Geraldine Zivic
11416,Gerard Butler
11417,Gerard Kearns
11418,Gerard Monaco
11419,Gerard O'Dwyer
11420,Gerard Plunkett
11421,Gerardo Murguía
11422,Gerardo Navarro
11423,Gerardo Romano
11424,Gerardo Taracena
11425,Gerasimos Skiadaresis
11426,Germaine De Leon
11427,Germán Bracco
11428,Germán Jaramillo
11429,Germán Palacios
11430,Germán Quintero
11431,Germán de Silva
11432,Gerry Bamman
11433,Gerry Becker
11434,Gerry Bednob
11435,Gerry Dee
11436,Gerry Skilton
11437,Gerry Sundquist
11438,Gershwyn Eustache Jnr
11439,Gerson Da Cunha
11440,Gert Fröbe
11441,Gerónimo Pizzanelli
11442,Gesya Shandy
11443,Gethin Anthony
11444,Getmore Sithole
11445,Geummi
11446,Ghada Adel
11447,Ghadah Abdulrazeq
11448,Ghadeer Zayid
11449,Ghana Ali
11450,Ghanem Al-Saleh
11451,Ghanim Alzerlli
11452,Ghanshyam Shukla
11453,Ghassan Chemali
11454,Ghassan Massoud
11455,Ghassan Mattar
11456,Ghazi Alkinani
11457,Gheorghe Ifrim
11458,Ghida Nouri
11459,Ghita Nørby
11460,Ghorour
11461,Gi Alparone
11462,Gi-du Kim
11463,Gia Carides
11464,Gia Mantegna
11465,Gia Re
11466,Gia Scala
11467,Giacomo Colavito
11468,Giacomo Ferrara
11469,Giacomo Rosselli
11470,Giada Gagliardi
11471,Gian Franco Rodriguez
11472,Giancarlo Esposito
11473,Giancarlo Giannini
11474,Giancarlo Ruiz
11475,Giancarlo Vidrio
11476,Giandomenico Cupaiuolo
11477,Gianluca Broccatelli
11478,Gianluca Colucci (Fru)
11479,Gianluca Gallucci
11480,Gianmarco Vettori
11481,Gianna Aragon
11482,Gianna Jun
11483,Gianni Cavina
11484,Gianni Parisi
11485,Gick Grewal
11486,Gideon Adlon
11487,Gideon Okeke
11488,Gift Ngoepe
11489,Gig Morton
11490,Gigi De Lana
11491,Gigi Rice
11492,Gigi Saul Guerrero
11493,Gijs Blom
11494,Gijs Scholten van Aschat
11495,Giju John
11496,Gil Alexandre
11497,Gil Bellows
11498,Gil Birmingham
11499,Gil Coelho
11500,Gil Darnell
11501,Gil Frank
11502,Gil Gex
11503,Gil Ozeri
11504,Gilad Kahana
11505,Gilbert Glenn Brown
11506,Gilbert Gottfried
11507,Gilbert Melki
11508,Gilbert Montoya
11509,Gilbert Pohan
11510,Gilbert Saldivar
11511,Gilberto Barraza
11512,Giles Matthey
11513,Giles Panton
11514,Giles Yeo
11515,Gilles Chabrier
11516,Gilles Cohen
11517,Gilles Geary
11518,Gilles Lellouche
11519,Gilles Marini
11520,Gilles Renaud
11521,Gillian Anderson
11522,Gillian Chung
11523,Gillian Jacobs
11524,Gillian Jones
11525,Gillian MacGregor
11526,Gillian Vicencio
11527,Gillian Vigman
11528,Gillian White
11529,Gillian Zinser
11530,Gillray Coutinho
11531,Gilly Gilchrist
11532,Gily Itskovitch
11533,Gim Chae-eun
11534,Gim Chae-ha
11535,Gim Yeong-seon
11536,Gim Young-eun
11537,Gina Carano
11538,Gina Castel
11539,Gina DeCesare
11540,Gina Gershon
11541,Gina Hecht
11542,Gina Holden
11543,Gina Lim
11544,Gina McKee
11545,Gina Pareño
11546,Gina Piersanti
11547,Gina Riley
11548,Gina Rodriguez
11549,Gina Yashere
11550,Gine Cornelia Pedersen
11551,Ginger Daniels
11552,Ginger Gonzaga
11553,Ginger Minj
11554,Gingle Wang
11555,Ginifer King
11556,Ginnifer Goodwin
11557,Ginny Schreiber
11558,Gino
11559,Gino Anthony Pesi
11560,Gino Cafarelli
11561,Gino Vento
11562,Ginuwine
11563,Ginés García Millán
11564,Gio Alvarez
11565,Giobanna Alparone
11566,Giordano De Plano
11567,Giordano Formenti
11568,Giorgi Khurtsilava
11569,Giorgi Tabidze
11570,Giorgia Boni
11571,Giorgia Whigham
11572,Giorgino Abraham
11573,Giorgio Belli
11574,Giorgio Colangeli
11575,Giorgio Locatelli
11576,Giorgio Marchesi
11577,Giorgio Tirabassi
11578,Giovana Cordeiro
11579,Giovanna Alparone
11580,Giovanna Ewbank
11581,Giovanna Grigio
11582,Giovanna Lancellotti
11583,Giovanna Zacarías
11584,Giovanni Arce
11585,Giovanni Buselli
11586,Giovanni Guidelli
11587,Giovanni Maini
11588,Giovanni Pacciarelli
11589,Giovanni Ribisi
11590,Gippy Grewal
11591,Girija Oak
11592,Girish Karnad
11593,Girish Kulkarni
11594,Girish Oak
11595,Girja Shankar
11596,Gisa Flake
11597,Gisela Madrigal
11598,Gisela Ponce de León
11599,Giselle Audirac
11600,Giselle Boueiz
11601,Giselle Calderón
11602,Giselle Fernandez
11603,Giselle Nieto
11604,Giselle Toengi
11605,Gisselle Kuri
11606,Gisèle Casadesus
11607,Gita Siddharth
11608,Gitanjali Dang
11609,Gitta Schweighöfer
11610,Gitte Witt
11611,Giulia Charm
11612,Giulia Cragnotti
11613,Giulia Dichiaro
11614,Giulia Gayoso
11615,Giulia Gorietti
11616,Giulia Michelini
11617,Giulia Schiavo
11618,Giulia de Souza Merigo
11619,Giuliana Baker
11620,Giulio Brizzi
11621,Giulio Lopes
11622,Giulio Parengkuan
11623,Giulio Pranno
11624,Giullian Yao Gioiello
11625,Giuseppe Dave Seke
11626,Giuseppe Fragapane
11627,Giuseppe Gamba
11628,Giuseppe Maggio
11629,Given Stuurman
11630,Giwar Xatar Hajabi
11631,Gizem Erdogan
11632,Gizem Tuğral
11633,Gkay
11634,Gladys Cooper
11635,Glaiza De Castro
11636,Glauber Amaral
11637,Glen Campbell
11638,Glen Grant
11639,Glen Keane
11640,Glen Powell
11641,Glenn Close
11642,Glenn Ennis
11643,Glenn Fleshler
11644,Glenn Fredly
11645,Glenn Howerton
11646,Glenn Kohan
11647,Glenn McMillan
11648,Glenn Morshower
11649,Glenn Paradis
11650,Glenn Plummer
11651,Glenn Robbins
11652,Glenn Wein
11653,Glenne Headly
11654,Gloria Allred
11655,Gloria Anozie-Young
11656,Gloria Carovana
11657,Gloria Carrá
11658,Gloria Diaz
11659,Gloria Estefan
11660,Gloria Foster
11661,Gloria Garayua
11662,Gloria Garcia
11663,Gloria Groove
11664,Gloria Gómez
11665,Gloria Muñoz
11666,Gloria Münchmeyer
11667,Gloria Reuben
11668,Gloria Sevilla
11669,Gloria Toba
11670,Glynis Johns
11671,Glynn Turman
11672,Gnanasambandam
11673,Go A-ra
11674,Go Ara
11675,Go Ayano
11676,Go Bo-gyeol
11677,Go Choi
11678,Go Du-sim
11679,Go Eun Han
11680,Go Inoue
11681,Go Joon-hee
11682,Go Won-hee
11683,Go Yoon
11684,Go Youn-jung
11685,Goapele
11686,Godeliv Van den Brandt
11687,Godfrey Gao
11688,Godfrey Quigley
11689,Goga Kapoor
11690,Goh Wee Ping
11691,Gohar Rasheed
11692,Goizalde Núñez
11693,Goize Blanco
11694,Gok Wan
11695,Goki Maeda
11696,Gokul
11697,Gokulan
11698,Gold Ikponmwosa
11699,Golda Rosheuvel
11700,Golden Brooks
11701,Goldie Hawn
11702,Goldy Notay
11703,Golf Pichaya Nitipaisankul
11704,Golo Euler
11705,Gonca Vuslateri
11706,Gong Beibi
11707,Gong Jun
11708,Gong Jung-hwan
11709,Gong Li
11710,Gong Min-jeung
11711,Gong Myoung
11712,Gong Rui
11713,Gong Seung-yeon
11714,Gong Shih
11715,Gong Yi Teng
11716,Gong Yoo
11717,Gontse Ntshegang
11718,Gonzalo Delgado
11719,Gonzalo Garcia Vivanco
11720,Gonzalo García Vivanco
11721,Gonzalo Menendez
11722,Gonzalo Ruiz
11723,Gonzalo VIzán
11724,Gonzalo Villalobos
11725,Gonzalo Vivanco
11726,Gonzalo de Castro
11727,Gonzo
11728,Goo Jin
11729,Gook-hwan Jeon
11730,Gopal Bidari
11731,Gopal Dutt
11732,Gopal Dutt Tiwari
11733,Gopal K. Singh
11734,Gopalan
11735,Gopalkrishna Deshpande
11736,Goran Hajdukovic
11737,Goran Kostic
11738,Goran Markovic
11739,Goran Visnjic
11740,Gord Downie
11741,Gord Sinclair
11742,Gordon Brown
11743,Gordon Buchanan
11744,Gordon Jackson
11745,Gordon Liu
11746,Gordon MacDonald
11747,Gordon Pinsent
11748,Gordon Tootoosis
11749,Gorka Aguinagalde
11750,Gorka Otxoa
11751,Gornpop Janjaroen
11752,Goro Inagaki
11753,Goro Kishitani
11754,Goro Naya
11755,Got7
11756,Gottfried John
11757,Gotzon Sánchez
11758,Gouchy Boy
11759,Goutam Ghose
11760,Goutham Shashidhar
11761,Goven Cheishvili
11762,Govind Namdeo
11763,Govinda
11764,Goyo Jiménez
11765,Grace Antony
11766,Grace Beedie
11767,Grace Dove
11768,Grace Gummer
11769,Grace Hallows
11770,Grace Helbig
11771,Grace Jones
11772,Grace Kaufman
11773,Grace Lynn Kung
11774,Grace Park
11775,Grace Passô
11776,Grace Van Dien
11777,Grace Van Patten
11778,Grace Woodward
11779,Grace Zabriskie
11780,Gracen Daly
11781,Gracia Olayo
11782,Gracie Whitton
11783,Graciela Iturbide
11784,Graciela Tenenbaum
11785,Gracy Singh
11786,Gracy Soudi
11787,Gracyn Shinyei
11788,Grady McGahan
11789,Graeme Duffy
11790,Graham Agassiz
11791,Graham Beckel
11792,Graham Chapman
11793,Graham Greene
11794,Graham Hamilton
11795,Graham McTavish
11796,Graham Norton
11797,Graham Outerbridge
11798,Graham Phillips
11799,Graham Rogers
11800,Graham Verchere
11801,Graham Wagner
11802,Graham Wardle
11803,Gralen Bryant Banks
11804,Grand Master John U. Kim
11805,Grandmaster Caz
11806,Grant Bowler
11807,Grant Campbell
11808,Grant Cramer
11809,Grant George
11810,Grant Goodman
11811,Grant Gustin
11812,Grant Harvey
11813,Grant Heslov
11814,Grant Imahara
11815,Grant Kilburn
11816,Grant Korgan
11817,Grant Masters
11818,Grant McFarland
11819,Grant Morrison
11820,Grant O'Rourke
11821,Grant Piro
11822,Grant Show
11823,Gratitude Dai
11824,Gray Powell
11825,Grażyna Staniszewska
11826,Grażyna Szapołowska
11827,Greer Grammer
11828,Greeshma Sridhar
11829,Greet Verstraete
11830,Greeva Kansara
11831,Greg Ayres
11832,Greg Bryk
11833,Greg Chun
11834,Greg Cipes
11835,Greg Davies
11836,Greg Eagles
11837,Greg Ellwand
11838,Greg Finley
11839,Greg Germann
11840,Greg Grunberg
11841,Greg Han
11842,Greg Harris
11843,Greg Hemphill
11844,Greg Hsu
11845,Greg Kinnear
11846,Greg Korin
11847,Greg Kriek
11848,Greg Lawson
11849,Greg Lewis
11850,Greg McHugh
11851,Greg Perrow
11852,Greg Proops
11853,Greg Serano
11854,Greg Vaughan
11855,Greg Wasylyszn
11856,Greg Wise
11857,Gregg Berger
11858,Gregg Braden
11859,Gregg Bullock
11860,Gregg Chillin
11861,Gregg Henry
11862,Gregg Spiridellis
11863,Gregg Sulkin
11864,Gregg Weiner
11865,Grego Rossello
11866,Gregorio Duvivier
11867,Gregorio Pernía
11868,Gregory Abbey
11869,Gregory Alan Williams
11870,Gregory Diaz IV
11871,Gregory Jbara
11872,Gregory Kasyan
11873,Gregory Ojefua
11874,Gregory Peck
11875,Gregory Smith
11876,Gregory Snegoff
11877,Gregory Wong
11878,Gregório Duvivier
11879,Greta Fernández
11880,Greta Gerwig
11881,Greta Gregory
11882,Greta Jameson
11883,Greta Lee
11884,Greta Onieogou
11885,Greta Quispe
11886,Greta Scacchi
11887,Greta Scarano
11888,Greta Van Susteren
11889,Gretchen Mol
11890,Gretchen Palmer
11891,Gretchen Smith
11892,Greteli Fincham
11893,Grettell Valdez
11894,Grey Damon
11895,Grey DeLisle
11896,Grey Griffin
11897,Greyston Holt
11898,Griffin Dunne
11899,Griffin Gluck
11900,Griffin McIntyre
11901,Griffin Murray-Johnston
11902,Griffin Newman
11903,Griffin Powell-Arcand
11904,Griffin Puatu
11905,Griffin Robert Faulkner
11906,Grigoriy Dobrygin
11907,Grigory Rodchenkov
11908,Gringe
11909,Gritte Agatha
11910,Grizz Chapman
11911,Groupz Chutharut Anusin
11912,Grzegorz Damięcki
11913,Grégoire Colin
11914,Grégoire Isvarine
11915,Grégoire Oestermann
11916,Grégory Gadebois
11917,Grégory Montel
11918,Gu Jiangshan
11919,Gu Youming
11920,Guan Xiaotong
11921,Gucci Mane
11922,Gudrun Ritter
11923,Guggu Gill
11924,Gugu Mbatha-Raw
11925,Gugu Nxumalo
11926,Guilherme Briggs
11927,Guilherme Fontes
11928,Guilherme Piva
11929,Guilherme Prates
11930,Guilherme Weber
11931,Guilherme Winter
11932,Guillaume Bats
11933,Guillaume Canet
11934,Guillaume Cyr
11935,Guillaume Duhesme
11936,Guillaume Gallienne
11937,Guillaume Gouix
11938,Guillaume Kerbush
11939,Guillaume Labbé
11940,Guillaume Laurin
11941,Guillaume Marquet
11942,Guillaume Patry
11943,Guillermo Arribas
11944,Guillermo Blanco
11945,Guillermo Dorantes
11946,Guillermo Díaz
11947,Guillermo Fernandez
11948,Guillermo Francella
11949,Guillermo Furiase
11950,Guillermo Gil
11951,Guillermo Guiz
11952,Guillermo Iván
11953,Guillermo Olarte
11954,Guillermo Pfening
11955,Guillermo Quintanilla
11956,Guillermo Toledo
11957,Guillermo del Toro
11958,Guinevere Turner
11959,Guiomar Puerta
11960,Gul Panag
11961,Gulfam Khan
11962,Gulliver McGrath
11963,Gulnaaz Ansari
11964,Gulsara Panyam
11965,Gulshan Bawra
11966,Gulshan Devaiah
11967,Gulshan Grover
11968,Gulshan Saggi
11969,Gulzar Chahal
11970,Guna Babu
11971,Gunawan Sudrajat
11972,Gunjan Bakshi
11973,Gunn Junhavat
11974,Gunn Svasti Na Ayudhya
11975,Gunnar Anderson
11976,Gunnar Hansen
11977,Gunnar Helgason
11978,Gunnar Sizemore
11979,Guo Jiahao
11980,Guo Liang
11981,Guo Tao
11982,Guo Ya-zhen
11983,Guo Yue
11984,Gupse Özay
11985,Gurdas Maan
11986,Gurdip Kohli
11987,Gurfateh Pirzada
11988,Guri Alfi
11989,Gurinder Makna
11990,Gurinder Rai
11991,Gurjit Singh
11992,Gurmeet Sajan
11993,Gurnam Bhullar
11994,Gurpreet Ghuggi
11995,Gurpreet Grewal
11996,Gurpreet Guggi
11997,Gurpreet Kaur Bhangu
11998,Guru Shambu
11999,Guru Singh
12000,Guru Somasundaram
12001,Gururaj Manepalli
12002,Gurveer Singh
12003,Gurvinder Brar
12004,Gus Birney
12005,Gus Mercurio
12006,Gustaf Skarsgård
12007,Gustav Dyekjaer Giese
12008,Gustave Kervern
12009,Gustavo Angarita Jr.
12010,Gustavo Becerra
12011,Gustavo Egelhaaf
12012,Gustavo Ganem
12013,Gustavo Garzón
12014,Gustavo Machado
12015,Gustavo Salmerón
12016,Gustavo Sorola
12017,Gustavo Sánchez Parra
12018,Gustavo Vaz
12019,Gustine Fudickar
12020,Gutemberg Brito
12021,Gutto Szuster
12022,Guus Bullen
12023,Guy Amir
12024,Guy Boyd
12025,Guy Burnet
12026,Guy Carleton
12027,Guy Ecker
12028,Guy Loel
12029,Guy Martin
12030,Guy Pearce
12031,Guy Torry
12032,Guz Khan
12033,Guðrún Eyfjörð
12034,Gwang Jang
12035,Gwen Zamora
12036,Gwendoline Christie
12037,Gwendoline Yeo
12038,Gwendolyn Gourvenec
12039,Gwyneth Jones
12040,Gwyneth Paltrow
12041,Gwyneth Powell
12042,Gwynyth Walsh
12043,Gyanendra Tripathi
12044,Gyeon Seo
12045,Gys de Villiers
12046,Gyu-su Jeong
12047,Géraldine Bazán
12048,Géraldine Frippiat
12049,Géraldine Pailhas
12050,Gérard Darmon
12051,Gérard Depardieu
12052,Gérard Ismaël
12053,Gérard Lanvin
12054,Gérard Meylan
12055,Gérard Rudolf
12056,Gérard Surugue
12057,Géza Morcsányi
12058,Gísli Örn Garðarsson
12059,Gökhan Atalay
12060,Göktuğ Yıldırım
12061,Gökçe Bahadır
12062,Gökçe Özyol
12063,Görkem Mertsöz
12064,Götz Otto
12065,Götz Schubert
12066,Gözde Cığacı
12067,Gözde Türkpençe
12068,Gül Arıcı
12069,Gülenay Kalkan
12070,Güler Ökten
12071,Gülhan Tekin
12072,Gülse Birsel
12073,Gülsüm Alkan
12074,Gülçin Kültür Şahin
12075,Gülçin Santırcıoğlu
12076,Gümeç Alpay Aslan
12077,Güneş Hayat
12078,Gürgen Öz
12079,Gürkan Uygun
12080,Güven Hokna
12081,Güven Kıraç
12082,H. Jon Benjamin
12083,H.D. Quinn
12084,H.E.R.
12085,H.G. Dattatreya
12086,Ha Hee-ra
12087,Ha Ji-won
12088,Ha Yu
12089,Ha-Nui Lee
12090,Ha-na Jung
12091,Ha-neul Kang
12092,Ha-seong Park
12093,Ha-yeon Kim
12094,Haaz Sleiman
12095,Habib Ghuloom
12096,Habib Hammoud
12097,Habiba Zock-Sock
12098,Habibullah Panezai
12099,Hache-P
12100,Hachem Hicham
12101,Hadar Ratzon Rotem
12102,Hadas Jade Sakori
12103,Hadeel Sittu
12104,Hadi Bou Ayash
12105,Hadi El-Gayyar
12106,Hadi Subiyanto
12107,Hadijah Shahab
12108,Hadley Robinson
12109,Hady
12110,Hae-Jin Park
12111,Hae-in Jung
12112,Hae-seong Kwon
12113,Hae-soo Park
12114,Hafeez Mikhail
12115,Hafeez Oyetoro
12116,Hafidz Roshdi
12117,Hafis Ayetoro
12118,Hafiz Ibrahim
12119,Hafizul Kamal
12120,Hafreez Adam
12121,Hafsia Herzi
12122,Hafþór Júlíus Björnsson
12123,Hagob De Jerejian
12124,Hai Qing
12125,Hai Yitian
12126,Hai Yu
12127,Haifa Hussien
12128,Haifa Wehbe
12129,Haifaa Adel
12130,Hailee Steinfeld
12131,Hailey Baldwin
12132,Hailey McCann
12133,Hailie Sahar
12134,Haillie Sumney
12135,Haim Znati
12136,Hairul Azreen
12137,Haitham Omari
12138,Hajira Yamin
12139,Hajra Romessa
12140,Hajrah Khan
12141,Hak Jin
12142,Hakan Akın
12143,Hakan Boyav
12144,Hakan Eke
12145,Hakan Gerçek
12146,Hakan Hatipoğlu
12147,Hakan Karsak
12148,Hakan Kurtaş
12149,Hakan Salınmış
12150,Hakan Ummak
12151,Hakeem Kae-Kazim
12152,Hakim
12153,Hakim Faris
12154,Hakim Jemili
12155,Hakou Benosmane
12156,Hal Holbrook
12157,Hal Landon Jr.
12158,Hal Linden
12159,Hal Scardino
12160,Hal Smith
12161,Hal Williams
12162,Hala
12163,Hala Fakher
12164,Hala Finley
12165,Hala Sarhan
12166,Hala Sedki
12167,Halalisani Bradley Cebekhulu
12168,Haldun Boysan
12169,Hale Appleman
12170,Haleem Aljabri
12171,Haley Bennett
12172,Haley Joel Osment
12173,Haley Lu Richardson
12174,Haley Ramm
12175,Haley Reinhart
12176,Haley Tju
12177,Haley Webb
12178,Halil Sezai Paracıkoğlu
12179,Halima Karaouane
12180,Halima Yusuf
12181,Halina Buyno-Łoza
12182,Halit Ergenç
12183,Halit Özgür Sarı
12184,Halldóra Geirharðsdóttir
12185,Halle Berry
12186,Halley Feiffer
12187,Hallie Burt
12188,Hallie Grace Bradley
12189,Hallvard Holmen
12190,Halston Sage
12191,Haluk Bilginer
12192,Hamad Ashkanani
12193,Hamada Helal
12194,Hamdi Al Wazir
12195,Hamdi Kahraman
12196,Hamdi el Sakhawy
12197,Hamdy Ahmed
12198,Hamdy Al-Merghany
12199,Hamdy Gheith
12200,Hamdy Heykal
12201,Hameed Sheikh
12202,Hamid Djavadan
12203,Hamidreza Djavdan
12204,Hamilton Dias
12205,Hamish Daud
12206,Hamish Kyd
12207,Hamish Linklater
12208,Hamisha Daryani Ahuja
12209,Hammou Graïa
12210,Hampton Yount
12211,Hamza Abbasi
12212,Hamza Haq
12213,Hamza Nasrallah
12214,Hamza Yazıcı
12215,Hamzat Sherifdeen
12216,Hamzeh Okab
12217,Han Chae-young
12218,Han Chengyu
12219,Han Ga-rim
12220,Han Geng
12221,Han Groo
12222,Han Hye-jin
12223,Han Hyo-joo
12224,Han Hyun-min
12225,Han Ji-eun
12226,Han Ji-min
12227,Han Ji-wan
12228,Han Jin-hee
12229,Han Ju-yeong
12230,Han Min
12231,Han Mo
12232,Han Ning
12233,Han Pengyi
12234,Han Qing
12235,Han So-hee
12236,Han Ye-ri
12237,Han-yong Jeong
12238,Hana Burnett
12239,Hana El Zahed
12240,Hana Laszlo
12241,Hana Mae Lee
12242,Hana Shiha
12243,Hana Sugisaki
12244,Hanadi Al-Kandari
12245,Hanan Motawie
12246,Hanan Savyon
12247,Hanan Turk
12248,Hanane Hajj Ali
12249,Hande Dane
12250,Hande Doğandemir
12251,Hande Subaşı
12252,Hanggini
12253,Hani Abd Al Ghani
12254,Hani Furstenberg
12255,Hani R. Eskander
12256,Hani Salama
12257,Hania Aamir
12258,Hank Azaria
12259,Hank Banks
12260,Hank Rogerson
12261,Hank Stone
12262,Hank Wu
12263,Hanna Aqiela
12264,Hanna Ardéhn
12265,Hanna Chan
12266,Hanna Mangan Lawrence
12267,Hanna Mikuć
12268,Hanna Romanazzi
12269,Hanna Sleszynska
12270,Hannah Al Rashid
12271,Hannah Arterton
12272,Hannah Bergemann
12273,Hannah Britland
12274,Hannah Daniel
12275,Hannah Dunne
12276,Hannah Emily Anderson
12277,Hannah Endicott-Douglas
12278,Hannah Fierman
12279,Hannah Gadsby
12280,Hannah Gross
12281,Hannah Herzsprung
12282,Hannah Jane Fox
12283,Hannah John-Kamen
12284,Hannah Ladesma
12285,Hannah Ledesma
12286,Hannah Levien
12287,Hannah Marks
12288,Hannah Monson
12289,Hannah Murray
12290,Hannah Quinlivan
12291,Hannah Rae
12292,Hannah Sheehan
12293,Hannah Simone
12294,Hannah Van Der Westhuysen
12295,Hannah Vandenbygaart
12296,Hannah Ware
12297,Hanne Hedelund
12298,Hannes Wegener
12299,Hannibal Buress
12300,Hanno Koffler
12301,Hanns Zischler
12302,Hannya
12303,Hans Chung
12304,Hans Gunawan
12305,Hans Kesting
12306,Hans Löw
12307,Hans Marrero
12308,Hans Martin Stier
12309,Hans Martínez
12310,Hans Matheson
12311,Hans Sarpei
12312,Hans Teeuwen
12313,Hans Tórgarð
12314,Hans Zhang
12315,Hans Zimmer
12316,Hans-Heinrich Hardt
12317,Hans-Jochen Wagner
12318,Hans-Uwe Bauer
12319,Hansal Mehta
12320,Hansika Motwani
12321,Hany Adel
12322,Hany El Metennawy
12323,Hany El Sabagh
12324,Hany Seif
12325,Hany Siam
12326,Hao Shuai
12327,Hapi Murphy
12328,Happy Anderson
12329,Happy Goldsplatt
12330,Happy Raikoti
12331,Happy Ranjit
12332,Happy Salma
12333,Haradhan Bannerjee
12334,Harald Kaiser Hermann
12335,Harald Rosenstrøm
12336,Harbhajan Mann
12337,Harby Sangha
12338,Hardeep Gill
12339,Hardik Thakkar
12340,Hardil Kanabar
12341,Harding Junior
12342,Hardy Krüger
12343,Hareesh Peradi
12344,Hareesh Perumanna
12345,Haresh Dagiya
12346,Haresh Raut
12347,Hari
12348,Hari Dhillon
12349,Hari Kondabolu
12350,Hari Shivdasani
12351,Hariata Moriarty
12352,Harii Kaneko
12353,Harinder Bhullar
12354,Haripriya
12355,Harish Khanna
12356,Harish Patel
12357,Harish Roy
12358,Harish Verma
12359,Harith Iskander
12360,Harjap Singh Bhangal
12361,Harland Williams
12362,Harleen Kaur
12363,Harleen Sethi
12364,Harlem Globetrotters
12365,Harley Morenstein
12366,Harley Quinn Smith
12367,Harlys Becerra
12368,Harman Baweja
12369,Harman Virk
12370,Harmony Korine
12371,Harnek Aulakh
12372,Harold Evans
12373,Harold Michelson
12374,Harold Perrineau
12375,Harold Pinter
12376,Harold Prince
12377,Harold Ramis
12378,Harold Shipman
12379,Harold Torres
12380,Haroun Fall
12381,Harpal Singh
12382,Harpreet Singh
12383,Harrdy Sandhu
12384,Harriet Akinola
12385,Harriet Beattie
12386,Harriet Cains
12387,Harriet Lenabe
12388,Harriet Manamela
12389,Harriet Walter
12390,Harris Dickinson
12391,Harris Yulin
12392,Harrison Chad
12393,Harrison Fahn
12394,Harrison Ford
12395,Harrison Gilbertson
12396,Harrison Holzer
12397,Harrison Houde
12398,Harrison Osterfield
12399,Harrison Stone
12400,Harry Belafonte
12401,Harry Benson
12402,Harry Caesar
12403,Harry Carey Jr.
12404,Harry Chang
12405,Harry Chaskin
12406,Harry Connick Jr.
12407,Harry DeLeyer
12408,Harry Dean Stanton
12409,Harry Enfield
12410,Harry Goaz
12411,Harry Gold
12412,Harry Hadden-Paton
12413,Harry Hains
12414,Harry Hamlin
12415,Harry Jarvis
12416,Harry Lennix
12417,Harry Lloyd
12418,Harry Melling
12419,Harry Northup
12420,Harry O'Reilly
12421,Harry Peacock
12422,Harry Sadeghi
12423,Harry Shearer
12424,Harry Shum Jr.
12425,Harry Styles
12426,Harry Treadaway
12427,Harry Van Gorkum
12428,Harsh Chhaya
12429,Harsh Mayar
12430,Harsh Sethi
12431,Harsh Vasisht
12432,Harsha Bhavsar
12433,Harsha Bhogle
12434,Harsha H S
12435,Harsharan Singh
12436,Harshil Koushik
12437,Harshpreet Kaur
12438,Harshvardhan Kapoor
12439,Harshvardhan Rane
12440,Harssh Singh
12441,Haru
12442,Haru Kuroki
12443,Haruka Chisuga
12444,Haruka Fukuhara
12445,Haruka Imou
12446,Haruka Kubo
12447,Haruka Kudo
12448,Haruka Shibuya
12449,Haruka Shiraishi
12450,Haruka Tomatsu
12451,Haruki Ishiya
12452,Harumi Sakurai
12453,Harvey Atkin
12454,Harvey Fierstein
12455,Harvey Friedman
12456,Harvey Guillen
12457,Harvey Keitel
12458,Harvey Korman
12459,Harvey Scrimshaw
12460,Harvind Raj
12461,Harwood Gordon
12462,Hasan Abdulfattah
12463,Hasan Kami
12464,Hasan Küçükçetin
12465,Hasan Minhaj
12466,Hashem El Garhy
12467,Hashem Hawsawi
12468,Hasinatu Camara
12469,Haskiri Velazquez
12470,Hasmine Killip
12471,Hassam Ghancy
12472,Hassan Abdel Hamid
12473,Hassan Abdulfattah
12474,Hassan Akkouch
12475,Hassan Ben Badida
12476,Hassan El Raddad
12477,Hassan Farhat
12478,Hassan Hosny
12479,Hassan Ibrahim
12480,Hassan Moustafa
12481,Hassan Mrad
12482,Hassan Zaidi
12483,Hassan Zbib
12484,Hassan el Baroudi
12485,Hatem Jamel
12486,Hatice Şendil
12487,Hatsunori Hasegawa
12488,Hattaya Wongkrachang
12489,Hattie Winston
12490,Hauke Diekamp
12491,Havana Guppy
12492,Havarasu
12493,Haven Paschall
12494,Haviland Stillwell
12495,Havish
12496,Hawn Tran
12497,Haya Ibrahim
12498,Hayat Kamille
12499,Hayate
12500,Hayatem
12501,Hayato Ichihara
12502,Hayato Isomura
12503,Hayato Kaneko
12504,Hayato Kimura
12505,Hayato Komori
12506,Hayden Byerly
12507,Hayden Christensen
12508,Hayden Connett
12509,Hayden Panettiere
12510,Hayden Summerall
12511,Hayden Szeto
12512,Haydn Gwynne
12513,Hayes Hargrove
12514,Hayes MacArthur
12515,Hayes Mercure
12516,Hayley Arceneaux
12517,Hayley Atwell
12518,Hayley Kiyoko
12519,Hayley Law
12520,Hayley Lovitt
12521,Hayley McFarland
12522,Hayley McLaughlin
12523,Hayley Scherpenisse
12524,Hayley Squires
12525,Hayley Vrana
12526,Haylie Duff
12527,Hays Wellford
12528,Haysen Percovich
12529,Hazal Türesan
12530,Hazar Ergüçlü
12531,Hazel Brugger
12532,Hazel Keech
12533,Hazel Raditya
12534,Hazem Samir
12535,Hazen MacIntyre
12536,Hazuki Shimizu
12537,He Bin
12538,He Jiang
12539,He Meixuan
12540,He Qiang
12541,He Sui
12542,He Wenjun
12543,He Xiaofeng
12544,He Yu-chen
12545,Healing Marcus Udor
12546,Heart Evangelista
12547,Hearty Singh
12548,Heath Freeman
12549,Heath Ledger
12550,Heather Bambrick
12551,Heather Burns
12552,Heather Downey
12553,Heather Goldenhersh
12554,Heather Graham
12555,Heather Headley
12556,Heather Hemmens
12557,Heather Johansen
12558,Heather Langenkamp
12559,Heather Lawless
12560,Heather Lind
12561,Heather Litteer
12562,Heather Locklear
12563,Heather Mazur
12564,Heather McDonald
12565,Heather Morris
12566,Heather Ripley
12567,Heather Sossaman
12568,Heather Tod Mitchell
12569,Heather Wahlquist
12570,Heavy D
12571,Heba Abdelaziz
12572,Heba Abdelghany
12573,Heba Al Hamwi
12574,Heba El Dorry
12575,Heba Nour
12576,Hector David Jr.
12577,Hector Duran
12578,Hector Elizondo
12579,Hector Mauricio Mejia
12580,Hedi Bouchenafa
12581,Hedy Lamarr
12582,Hee-Jin Lee
12583,Hee-Ra Ha
12584,Hee-ae Kim
12585,Hee-chul Kim
12586,Hee-jeong Kim
12587,Hee-seon Kim
12588,Hee-soon Park
12589,Heeba Shah
12590,Heena Parmar
12591,Heera Rajgopal
12592,Hege Schøyen
12593,Heidar Logi
12594,Heidi Arena
12595,Heidi Gardner
12596,Heidi Heaslet
12597,Heidi Klum
12598,Heidi Lee
12599,Heidi Niedermeyer
12600,Heidi Schanz
12601,Heidi Toini
12602,Heino Ferch
12603,Heinz Lieven
12604,Helana Sawires
12605,Helen
12606,Helen Baxendale
12607,Helen Carey
12608,Helen George
12609,Helen Hunt
12610,Helen Kim
12611,Helen Martin
12612,Helen McCrory
12613,Helen Mirren
12614,Helen Paul
12615,Helen Sadler
12616,Helen Schneider
12617,Helen Shaver
12618,Helen Walsh
12619,Helena Beljan
12620,Helena Bonham Carter
12621,Helena Englert
12622,Helena Evangeliou
12623,Helena Howard
12624,Helena Kaittani
12625,Helena Mallarino
12626,Helena Marie
12627,Helena Mazur
12628,Helena Schönfelder
12629,Helena Sujecka
12630,Helena Zengel
12631,Helena af Sandeberg
12632,Helene Joy
12633,Helga Krapf
12634,Helge Schneider
12635,Helin Kandemir
12636,Heljä Heikkinen
12637,Helly Shah
12638,Heléne Lombard
12639,Hema
12640,Hema Malini
12641,Hema Singh
12642,Hemangi Kavi
12643,Hemant Choudhary
12644,Hemant Dhome
12645,Hemant Pandey
12646,Hemanth
12647,Hemanth Mahaur
12648,Hemky Madera
12649,Hend Sabry
12650,Hend Taher
12651,Hengky Solaiman
12652,Hengky Tarnando
12653,Henley Hii
12654,Henning Jensen
12655,Henning Valin Jakobsen
12656,Henri Garcin
12657,Henri Pagnoncelli
12658,Henri-Noël Tabary
12659,Henriette Confurius
12660,Henriette Müller
12661,Henriette Steenstrup
12662,Henrik Jørgensen
12663,Henrik Mestad
12664,Henry Adofo
12665,Henry Cavill
12666,Henry Cele
12667,Henry Czerny
12668,Henry Douthwaite
12669,Henry F. Benjamin
12670,Henry Fonda
12671,Henry G. Sanders
12672,Henry Gibson
12673,Henry Golding
12674,Henry Goodman
12675,Henry Hunter Hall
12676,Henry Ian Cusick
12677,Henry Keane
12678,Henry Lau
12679,Henry Lloyd-Hughes
12680,Henry Méndez
12681,Henry Nixon
12682,Henry O
12683,Henry Paulson
12684,Henry Prempeh
12685,Henry Prince Mak
12686,Henry Rollins
12687,Henry Simmons
12688,Henry Thomas
12689,Henry Turczynowicz
12690,Henry Winkler
12691,Henry Zaga
12692,Henry Zebrowski
12693,Henryk Bista
12694,Henryk Machalica
12695,Henryka Janikowska
12696,Heo Ji Won
12697,Heo Joon-seok
12698,Heo Jun-ho
12699,Heo Sung-tae
12700,Hepi Mita
12701,Hera Hilmar
12702,Herb Caillouet
12703,Herb Hsu
12704,Herb Vigran
12705,Herbert Ballerina
12706,Herbert Bautista
12707,Herbie Baez
12708,Herbie Hancock
12709,Herculano Trevino
12710,Herizen Guardiola
12711,Herjunot Ali
12712,Herman Tømmeraas
12713,Hermelinda Cayo
12714,Hermelinda Luján
12715,Hermila Guedes
12716,Hermione Corfield
12717,Hermione Gingold
12718,Hermínio Ribeiro
12719,Hernán Cattáneo
12720,Hernán Del Riego
12721,Hernán Jiménez
12722,Hernán Mendoza
12723,Hernán Romero
12724,Hero Fiennes Tiffin
12725,Herry Tangri
12726,Hervé Pierre
12727,Hervé Sogne
12728,Herzl Tobey
12729,Hesham Al-Meligy
12730,Hesham Ismail
12731,Hesham Maged
12732,Hesham Selim
12733,Heston Blumenthal
12734,Hetal Gada
12735,Hetal Puniwala
12736,Hettienne Park
12737,Hetvi Bhanushali
12738,Heung Kam Lee
12739,Hey! Say! JUMP
12740,HiHi Jets
12741,Hiam Abbass
12742,Hiam Abou Chedid
12743,Hiba Majdi
12744,Hibiku Yamamura
12745,Hicham Ouarqa
12746,Hidaayath Hazeer
12747,Hideaki Ito
12748,Hideaki Murata
12749,Hidekatsu Shibata
12750,Hidekazu Mashima
12751,Hidenobu Kiuchi
12752,Hideo Ishikawa
12753,Hidetoshi Hoshida
12754,Hidetoshi Nakamura
12755,Hideyuki Hori
12756,Hideyuki Tanaka
12757,Hifdzi Khoir
12758,Higor Campagnaro
12759,Hiiro Ishibashi
12760,Hikaru Akao
12761,Hikaru Iwamoto
12762,Hikaru Midorikawa
12763,Hikaru Ueda
12764,Hikaru Utada
12765,Hikaru Yuki
12766,Hilal Azman
12767,Hilary Duff
12768,Hilary Haag
12769,Hilary Rose
12770,Hilary Shepard
12771,Hilary Swank
12772,Hilda Dokubo
12773,Hilda Koronel
12774,Hilde Van Mieghem
12775,Hildegard Schroedter
12776,Hildegun Riise
12777,Hill Harper
12778,Hillary Anne Matthews
12779,Hilliary Begley
12780,Him Law
12781,Hima Singh
12782,Himani Shivpuri
12783,Himanshu Kohli
12784,Himanshu Mallik
12785,Himanshu Sharma
12786,Himanshu Soni
12787,Himesh Reshammiya
12788,Hina Dilpazeer
12789,Hina Khawaja Bayat
12790,Hinaki Yano
12791,Hinako Tanaka
12792,Hinata Tadokoro
12793,Hind Alsaigh
12794,Hind Muhamed
12795,Hind Rostom
12796,Hindia
12797,Hippolyte Girardot
12798,Hira Ashar
12799,Hira Hussain
12800,Hiro Masuda
12801,Hiro Shimono
12802,Hiro Yuki
12803,Hiroaki Hirata
12804,Hiroaki Iwanaga
12805,Hiroaki Miura
12806,Hiroaki Ogi
12807,Hirofumi Arai
12808,Hirofumi Nojima
12809,Hirohide Yakumaru
12810,Hirokazu Sekido
12811,Hiroki Iijima
12812,Hiroki Suzuki
12813,Hiroki Takahashi
12814,Hiroki Touchi
12815,Hiroki Yasumoto
12816,Hiromichi Tezuka
12817,Hiroo Sasaki
12818,Hiroomi Tosaka
12819,Hiroshi Ito
12820,Hiroshi Kamiya
12821,Hiroshi Tachi
12822,Hiroshi Tsuchida
12823,Hiroshi Yanaka
12824,Hirotaka Suzuoki
12825,Hiroto Kanai
12826,Hiroya Shimizu
12827,Hiroyuki Ehara
12828,Hiroyuki Ikeuchi
12829,Hiroyuki Kinoshita
12830,Hiroyuki Onoue
12831,Hiroyuki Sanada
12832,Hiroyuki Yoshino
12833,Hisako Kanemoto
12834,Hisako Kyoda
12835,Hisako Manda
12836,Hisanori Yoshida
12837,Hisao Egawa
12838,Hisashi Miyazawa
12839,Hisham Abdulrahman
12840,Hisham Fageeh
12841,Hisham Suliman
12842,Hisham Tawfiq
12843,Hishiko Woo
12844,Hisyam Hamid
12845,Hiten Tejwani
12846,Hitesh Bhardwaj
12847,Hitesh Bhojraj
12848,Hitesh Dave
12849,Hitoshi Honma
12850,Hiyori Kon
12851,Hiyori Kono
12852,Hiyori Sakurada
12853,Hjortur Jóhann Jónsson
12854,Hlengiwe Lushaba
12855,Hlubi Mboya
12856,Ho-Jeong Yoo
12857,Ho-Jin Kim
12858,Ho-cheol Lee
12859,Ho-dong Kang
12860,Ho-jin Chun
12861,Hoai An
12862,Hoang Dung
12863,Hoang Phuc Nguyen
12864,Hobby Dhaliwal
12865,Hochu Otsuka
12866,Hocine Mokando
12867,Hoi Sang Lee
12868,Hoi-Shan Kwan
12869,Hokuto Yoshino
12870,Holland Taylor
12871,Holli Dempsey
12872,Holliday Grainger
12873,Holly Earl
12874,Holly Gauthier-Frankel
12875,Holly Horne
12876,Holly Hunter
12877,Holly Near
12878,Holly Shanahan
12879,Holly Taylor
12880,Holly Weston
12881,Holmes Osborne
12882,Holt McCallany
12883,Homare Sawa
12884,Hon Yee-Sang
12885,Honami Sato
12886,Honami Suzuki
12887,Honduras
12888,Honey Chaaya
12889,Hong Bum-ki
12890,Hong Chau
12891,Hong Hui Fang
12892,Hong Huifang
12893,Hong Ji-yoon
12894,Hong Seo-young
12895,Hong Seung-hee
12896,Hong So-yeong
12897,Hong So-young
12898,Hong Van
12899,Hong Wan-pyo
12900,Hong Yan-xiang
12901,Hong-Chi Lee
12902,Hong-Fa Kim
12903,Hongchen Li
12904,Hongyok Pornphan Rerkatakarn
12905,Honoka Matsumoto
12906,Honor Calderon
12907,Honor Kneafsey
12908,Hoon-jin Lee
12909,Hope Davis
12910,Hope Ikpoku Jr.
12911,Hope Levy
12912,Hope Olaide Wilson
12913,Hope Summers
12914,Hopper Penn
12915,Horacio Castelo
12916,Horacio García Rojas
12917,Horan Chiaki
12918,Horatio Sanz
12919,Horeya Farghaly
12920,Hortnarong Teng
12921,Horton Foote
12922,Hosea Chanchez
12923,Hou Hsiao
12924,Hou Xuelong
12925,Hou Yansong
12926,Houchu Ohtsuka
12927,Houko Kuwashima
12928,Houria Farghally
12929,Hovik Keuchkerian
12930,Howard Charles
12931,Howard Hesseman
12932,Howard Huntsberry
12933,Howard Jerome
12934,Howard McNear
12935,Howard Rosemeyer
12936,Howard Samuels
12937,Howard Stern
12938,Howie Mandel
12939,Hoze Meléndez
12940,Hozumi Goda
12941,Hrant Alianak
12942,Hridaynath Jadhav
12943,Hrishikesh Hirway
12944,Hrishikesh Joshi
12945,Hrishitaa Bhatt
12946,Hrithik Roshan
12947,Hsia Ching Ting
12948,Hsia Ching-ting
12949,Hsia Teng-hung
12950,Hsieh Kun Da
12951,Hsieh Yi-hung
12952,Hsieh Ying-shiuan
12953,Hsieh Ying-xuan
12954,Hsin Ai Lee
12955,Hsiu-Fu Liu
12956,Hsiu-Ling Lin
12957,Hsu Lichi
12958,Hsu Wei-ning
12959,Hsueh-erh Wen
12960,Hu Bing
12961,Hu Chin
12962,Hu Jun
12963,Hu Liangwei
12964,Hu Yitian
12965,Hu Yong Tao
12966,Hua Yueh
12967,Huan Zhang
12968,Huang Bai-wei
12969,Huang Bo
12970,Huang Guanzhi
12971,Huang Lei
12972,Huang Lu
12973,Huang Lu Tz-yin
12974,Huang Mengying
12975,Huang Peijia
12976,Huang Qi Ming
12977,Huang Qian Shuo
12978,Huang Shang-ho
12979,Huang Sirui
12980,Huang Wenyong
12981,Huang Xiaoming
12982,Huang Ying
12983,Huang Youming
12984,Hubert Delattre
12985,Hubert Koundé
12986,Hubert Miłkowski
12987,Huck Milner
12988,Huda Al Ghanim
12989,Huda El Khateib
12990,Huda El Mufti
12991,Huda Sultan
12992,Huddah Monroe
12993,Hugh Baldwin
12994,Hugh Bonneville
12995,Hugh Dancy
12996,Hugh Dennis
12997,Hugh Dillon
12998,Hugh Grant
12999,Hugh Griffith
13000,Hugh Jackman
13001,Hugh Keays-Byrne
13002,Hugh Laurie
13003,Hugh Masekela
13004,Hugh Skinner
13005,Hugh Thompson
13006,Hugh Wilson
13007,Hugo Arbues
13008,Hugo Balaguer
13009,Hugo Becker
13010,Hugo Chalan-Marchio
13011,Hugo Chandor
13012,Hugo Chegwin
13013,Hugo El Cojo Feliz
13014,Hugo Gómez
13015,Hugo Medina
13016,Hugo Ng
13017,Hugo Silva
13018,Hugo Speer
13019,Hugo Stiglitz
13020,Hugo Weaving
13021,Hugues Jourdain
13022,Hui Shiu Hung
13023,Hui Siu-Hung
13024,Hulk Hogan
13025,Huma Qureshi
13026,Humaima Malik
13027,Humayun Shams Khan
13028,Humberto Busto
13029,Humberto Carrão
13030,Humberto Zurita
13031,Hume Cronyn
13032,Hung Shiao-ling
13033,Hung Vo
13034,Hung Wei
13035,Hung Yan-siang
13036,Hunter Clancey
13037,Hunter Clowdus
13038,Hunter Deno
13039,Hunter Fischer
13040,Hunter Ives
13041,Hunter March
13042,Hunter Page-Lochard
13043,Hunter Parrish
13044,Hunter Peterson
13045,Hunter Reese Peña
13046,Husam Chadat
13047,Husni Sheta
13048,Hussain Al Hosani
13049,Hussain Alyahya
13050,Hussain Dalal
13051,Hussain Shaikh
13052,Hussan Saad
13053,Hussein Almansour
13054,Hussein Eliraqui
13055,Hussein Fahmy
13056,Hussein Hijazi
13057,Hussein Riad
13058,Hussein Sbeity
13059,Hussien El Imam
13060,Hussien Elgohary
13061,Huub Smit
13062,Huub Stapel
13063,Huybs Azarcon
13064,Huyng Kien An
13065,Hwa-young Ryu
13066,Hwang Bo-ra
13067,Hwang Jung-eum
13068,Hwang Seog-jeong
13069,Hwang Seung-eon
13070,Hwang Seung-un
13071,Hwang Yeong-hee
13072,Hwangwoo Seul-hye
13073,Hye-eun Kim
13074,Hye-jin Han
13075,Hye-jin Shim
13076,Hye-jung Kang
13077,Hye-soo Park
13078,Hye-sun Shin
13079,Hye-won Jeong
13080,Hye-yoon Kim
13081,Hye-young Ryu
13082,Hynden Walch
13083,Hyo-ri Lee
13084,Hyo-young Ryu
13085,Hyper BB
13086,Hyuk-kwon Park
13087,Hyun Bin
13088,Hyun Bong-sik
13089,Hyun Jin Lee
13090,Hyun-bin Kwon
13091,Hyun-joo Gong
13092,Hyun-min Yoon
13093,Hyun-moo Jun
13094,Hyun-sung Jang
13095,Hyung-jin Gong
13096,Hyunwoo
13097,Hánssel Casillas
13098,Håkon T. Nielsen
13099,Héctor Alterio
13100,Héctor Anglada
13101,Héctor Bonilla
13102,Héctor Díaz
13103,Héctor Holten
13104,Héctor Illanes
13105,Héctor Jiménez
13106,Héctor Loeza
13107,Héctor Mella
13108,Héctor Mendoza
13109,Héctor Morales
13110,Héctor Noguera
13111,Héctor Segura
13112,Hélène Barbry
13113,Hélène Devos
13114,Hélène Fillières
13115,Hülya Darcan
13116,Hülya Duyar
13117,Hülya Gülsen Irmak
13118,Hümeyra
13119,Hüseyin Avni Danyal
13120,Hüseyin Soysalan
13121,I Made Sidia
13122,I Sen-ho
13123,I So Eun
13124,I.M. Vijayan
13125,INFINITE
13126,Ia Shugliashvili
13127,Iaia Forte
13128,Iain Armitage
13129,Iain Connell
13130,Iain De Caestecker
13131,Iain Glen
13132,Iain McKee
13133,Iain McNally
13134,Iain Mitchell
13135,Iain Tucker
13136,Ian Alexander
13137,Ian Anthony Dale
13138,Ian Ashpitel
13139,Ian Beattie
13140,Ian Bliss
13141,Ian Bok
13142,Ian Buchanan
13143,Ian Chen
13144,Ian Colletti
13145,Ian Fang
13146,Ian Fang Weijie
13147,Ian Fried
13148,Ian Hanlin
13149,Ian Harcourt
13150,Ian Hart
13151,Ian Hecox
13152,Ian Hitchens
13153,Ian Ho
13154,Ian James Corlett
13155,Ian Karmel
13156,Ian Lavender
13157,Ian Matthews
13158,Ian Mattthews
13159,Ian McElhinney
13160,Ian McKellen
13161,Ian McShane
13162,Ian Meadows
13163,Ian Mune
13164,Ian Nelson
13165,Ian Nikus
13166,Ian Odle
13167,Ian Ogilvy
13168,Ian Peck
13169,Ian Pirie
13170,Ian Puleston-Davies
13171,Ian Quinlan
13172,Ian Richardson
13173,Ian Somerhalder
13174,Ian Toner
13175,Ian Toyne
13176,Ian Tracey
13177,Ian Veneracion
13178,Ian Wright
13179,Ian Yi
13180,Ian Ziering
13181,Ianis Guerrero
13182,Iara Nemirovsky
13183,Iben Dorner
13184,Iben Hjejle
13185,Ibinabo Fiberesima
13186,Ibnu Jamil
13187,Ibraheem Alkhairallah
13188,Ibraheem Hajjaj
13189,Ibrahim Al Shami
13190,Ibrahim Al-Harbi
13191,Ibrahim Al-Sheikhly
13192,Ibrahim Almeirasi
13193,Ibrahim Daddy
13194,Ibrahim Dramé
13195,Ibrahim Issa
13196,Ibrahim Jammal
13197,Ibrahim Mesisebi
13198,Ibrahim Nasr
13199,Ibrahim Shatta
13200,Ibrahim Suleiman
13201,Ibrahima Gueye
13202,Ibrahima Mbaye
13203,Ibrahima Traore
13204,Ibukun Awosika
13205,Ice Cube
13206,Ice-T
13207,Ichiro Nagai
13208,Ida Elise Broch
13209,Ida Engvoll
13210,Ida Husøy
13211,Ida Ursin-Holm
13212,Iddo Goldberg
13213,Idia Aisien
13214,Idina Menzel
13215,Idir Azougli
13216,Idir Chender
13217,Ido Mosseri
13218,Idris Elba
13219,Idris Md Diah
13220,Idris Sultan
13221,Iedil Putra
13222,Ieva Andrejevaite
13223,Ifeanyi Dike Jr.
13224,Ifeanyi Williams
13225,Iftekhar
13226,Ifu Ennada
13227,Igal Naor
13228,Igby Rigney
13229,Iggy Pop
13230,Igi Boy Flores
13231,Ignacia Allamand
13232,Ignacia Uribe
13233,Ignacio Mateos
13234,Ignacio Montes
13235,Ignacio Quesada
13236,Ignacio Serricchio
13237,Ignacy Liss
13238,Igor Augustho
13239,Igor Dmitriev
13240,Igor Galvão
13241,Igor Jijikine
13242,Igor Kujawski
13243,Igor Meerson
13244,Igor Szpakowski
13245,Igor Zhizhikin
13246,Ihana Dhillon
13247,Iis Dahlia
13248,Ijeoma Aniebo
13249,Ijeoma Grace Agu
13250,Ijeoma Richards
13251,Ijlal Zaki
13252,Ik Ogbonna
13253,Ik-tae Kim
13254,Ike Barinholtz
13255,Ike Barry
13256,Ikechukwu
13257,Ikechukwu Onunaku
13258,Ikkei Watanabe
13259,Ikkyu Juku
13260,Iko Uwais
13261,Ikranagara
13262,Ikubese Emmanuel Ifeanyi
13263,Ikue Otani
13264,Ikuji Nakamura
13265,Ikumi Hasegawa
13266,Ikumi Nakagami
13267,Ikuo Nishikawa
13268,Ikuto Kanemasa
13269,Ikuya Sawaki
13270,Ila Arun
13271,Ilamaria Ebrahim
13272,Ilan Muallem
13273,Ilana Becker
13274,Ilana Glazer
13275,Ilanah Cami-Goursolas
13276,Ilay Kurelovic
13277,Ileana D'Cruz
13278,Ileana Puiu
13279,Ilene Graff
13280,Ilenia Antonini
13281,Ilenia Zanfardino
13282,Ilfanesh Hadera
13283,Ilham Shaheen
13284,Ilhan Erdinc
13285,Ilia Kulik
13286,Ilia Volok
13287,Ilian Bergala
13288,Iliana Donatlán
13289,Iliana Inocencio
13290,Iliana Zabeth
13291,Iliana de la Garza
13292,Ilias Addab
13293,Iliza Shlesinger
13294,Ilka Bessin
13295,Ilker Aksum
13296,Ilkka Koivula
13297,Ilkka Villi
13298,Ilknur Boyraz
13299,Illeana Douglas
13300,Illikkett Namboothiri
13301,Illya Frank
13302,Ilse Crawford
13303,Ilse Klink
13304,Ilse Salas
13305,Ilse Warringa
13306,Ilya Naishuller
13307,Im Si-wan
13308,Im Soo-jung
13309,Im Won-hee
13310,Imaaduddin Shah
13311,Imad Creidi
13312,Iman
13313,Iman Affara
13314,Iman Benson
13315,Iman Husein
13316,Imani Hakim
13317,Imani Lewis
13318,Imani Perry
13319,Imanol Arias
13320,Imanothai Kawin
13321,Imari Williams
13322,Ime Bishop Umoh
13323,Imelda Corcoran
13324,Imelda Staunton
13325,Imelda Therinne
13326,Imke Buchel
13327,Immaduddin Shah
13328,Imogen Faires
13329,Imogen Poots
13330,Imogen Tear
13331,Imraan Abbas
13332,Imran Aslam
13333,Imran Hasnee
13334,Imran Khan
13335,Imran Rasheed
13336,Imran Tareen
13337,Imtiaz Ali
13338,In Deok Hwang
13339,In Gyo-jin
13340,In-Gum Jung
13341,In-guk Seo
13342,In-ho Tae
13343,In-hwan Park
13344,In-jun Gwak
13345,In-pyo Cha
13346,Ina Feleo
13347,Ina Geraldine Guy
13348,Ina Marie Smith
13349,Ina Raymundo
13350,Ina Soep
13351,Inaam Germanos
13352,Inaamulhaq
13353,Inanna Sarkis
13354,Inas El Naggar
13355,Inas Ezz El Din
13356,Inas al-Najjar
13357,Inayat Verma
13358,Inbar Lavi
13359,Inda Lavalle
13360,Indah Permatasari
13361,Inder Bajwa
13362,Inderjit Grewal
13363,Indhumathi
13364,India Colombi
13365,India Eisley
13366,India Jarvis
13367,India Menuez
13368,India de Beaufort
13369,Indianna Ryan
13370,Indira Andrewin
13371,Indira Nascimento
13372,Indira Tiwari
13373,Indira Varma
13374,Indra Birowo
13375,Indra Brasco
13376,Indra Brotolaras
13377,Indra Chandran
13378,Indra Herlambang
13379,Indra Leech
13380,Indrajeet Soni
13381,Indrajit Sinha
13382,Indrajith
13383,Indraneil Sengupta
13384,Indrani Haldar
13385,Indrani Mukherjee
13386,Indrans
13387,Indrasish Roy
13388,Indu Mohan Das
13389,Indya Moore
13390,Ine Marie Wilmann
13391,Ines De Tavira
13392,Ines Somellera
13393,Inga Qwede
13394,Ingar Helge Gimle
13395,Inge Beckmann
13396,Inge Hornstra
13397,Inge Maux
13398,Inge Paulussen
13399,Ingeborga Dapkunaite
13400,Inggrid Widjanarko
13401,Ingi Abou Zeid
13402,Ingkarat Jaraswongkosol
13403,Ingo Olsen
13404,Ingrid Bolsø Berdal
13405,Ingrid Cruz
13406,Ingrid García Jonsson
13407,Ingrid Guimarães
13408,Ingrid Isensee
13409,Ingrid Nilson
13410,Ingrid Rubio
13411,Ingrid Silva
13412,Ingunn Beate Øyen
13413,Ingvar Sigurðsson
13414,Ini Dima Okojie
13415,Ini Dima-Okojie
13416,Ini Edo
13417,Inigo Pascual
13418,Inigo Prabhakaran
13419,Iniya
13420,Injy El Mokkaddem
13421,Inma Cuesta
13422,Inma Cuevas
13423,Inori Minase
13424,Intekhab Dinar
13425,Inthira Charoenpura
13426,Inthira Yeunyong
13427,Inuko Inuyama
13428,Inés Sainz
13429,Ioan Gruffudd
13430,Ion Fiscuteanu
13431,Ione Skye
13432,Ionut Grama
13433,Iqbaal Ramadhan
13434,Iqbal Sultan
13435,Iqbal Theba
13436,Ira Dubey
13437,Ira Ilva Sari
13438,Ira Max
13439,Ira Wibowo
13440,Ira del Río
13441,Irati Saez de Urabain
13442,Iravati Harshe
13443,Irem Altug
13444,Irene Azuela
13445,Irene Bedard
13446,Irene Cara
13447,Irene Escolar
13448,Irene Esser
13449,Irene Michaels
13450,Irene Montalà
13451,Irene Papas
13452,Irene Santiago
13453,Irene Tsu
13454,Irene Wan
13455,Ireneusz Czop
13456,Iresh Zaker
13457,Ireti Doyle
13458,Ireti Osayemi
13459,Iretiola Doyle
13460,Irfan Hussein
13461,Irfan Khan
13462,Irfan Ramli
13463,Irgi Fahrezi
13464,Iria Castellano
13465,Iria del Río
13466,Irina Baeva
13467,Irina Björklund
13468,Irina Ivkina
13469,Irina Kushnareva
13470,Iris Bahr
13471,Iris Hu
13472,Iris Quinn
13473,Irma Adlawan
13474,Irma St. Paule
13475,Irmak Örnek
13476,Irmawati Jabbar
13477,Irrfan Khan
13478,Irshad
13479,Irshad Ali
13480,Irving Peña
13481,Irwan Iskandar
13482,Irán Castillo
13483,Is'haq Elias
13484,Isa Montalbán
13485,Isaac Akwesi Awonor
13486,Isaac Arellanes
13487,Isaac C. Singleton Jr.
13488,Isaac Hayes
13489,Isaac Hempstead Wright
13490,Isaac Hernández
13491,Isaac Jay
13492,Isaac Leyva
13493,Isaac Lupien
13494,Isaac Mizrahi
13495,Isaach De Bankolé
13496,Isabel Aimé Gonzalez Sola
13497,Isabel Benet
13498,Isabel Brook
13499,Isabel Burr
13500,Isabel Chan
13501,Isabel Conner
13502,Isabel Cristina Estrada
13503,Isabel Dove
13504,Isabel Durant
13505,Isabel Fillardis
13506,Isabel Garrido
13507,Isabel Jeans
13508,Isabel May
13509,Isabel Naveira
13510,Isabel Requena
13511,Isabel Sandoval
13512,Isabel Schosnig
13513,Isabela Merced
13514,Isabela Moner
13515,Isabella Acres
13516,Isabella Amara
13517,Isabella Barragán
13518,Isabella Castillo
13519,Isabella Costa
13520,Isabella Crovetti
13521,Isabella Ferrari
13522,Isabella Ferreira
13523,Isabella Gomez
13524,Isabella Gutierrez
13525,Isabella Iannelli
13526,Isabella Laughland
13527,Isabella Licht Delgado
13528,Isabella Mancuso
13529,Isabella Patrón
13530,Isabella Pinto
13531,Isabella Rossellini
13532,Isabella Sierra
13533,Isabella Vazquez Morales
13534,Isabelle Adjani
13535,Isabelle Andary-Geslin
13536,Isabelle Candelier
13537,Isabelle Carré
13538,Isabelle Daza
13539,Isabelle Giroux
13540,Isabelle Guérard
13541,Isabelle Huppert
13542,Isabelle Kaif
13543,Isabelle Van Hecke
13544,Isaiah Givens
13545,Isaiah Jarel
13546,Isaiah John
13547,Isaiah Kristian
13548,Isaiah Russell-Bailey
13549,Isaiah Washington
13550,Isak Ferriz
13551,Isak Férriz
13552,Isariya Patharamanop
13553,Isela Vega
13554,Iseo
13555,Isha Keskar
13556,Isha Koppikar
13557,Isha Rikhi
13558,Isha Sharvani
13559,Isha Talwar
13560,Ishaan Khattar
13561,Ishaan Vasdev
13562,Ishaani Krishna
13563,Ishai Golan
13564,Ishika Gurung
13565,Ishita Dutta
13566,Ishita Haria
13567,Ishita Raj
13568,Ishita Vyas
13569,Ishtiaque Zico
13570,Ishtiyak Khan
13571,Isiah Lea
13572,Isiah Whitlock Jr.
13573,Isil Yücesoy
13574,Isis Cabolet
13575,Isis Hainsworth
13576,Isis Valverde
13577,Iskandar Zulkarnain
13578,Isla Fisher
13579,Isla Johnston
13580,Islam Bouakkaz
13581,Islie Hirvonen
13582,Ismael Contreras
13583,Ismael Martínez
13584,Ismail Alhassan
13585,Ismail Basbeth
13586,Ismi Melinda
13587,Isobel Elsom
13588,Israel Broussard
13589,Israel Elejalde
13590,Israel Houghton
13591,Issa Doumbia
13592,Issa Rae
13593,Issac Dang
13594,Issac Ryan Brown
13595,Issaka Sawadogo
13596,Issam Talbi
13597,Issara Veranitinunt
13598,Issei Futamata
13599,Issei Miyazaki
13600,Issei Takubo
13601,Issey Takahashi
13602,Isy Suttie
13603,Isyana Sarasvati
13604,Itahisa Machado
13605,Itala Bekes
13606,Italia Ricci
13607,Itatí Cantoral
13608,Itay Tiran
13609,Itsaso Arana
13610,Itsuji Itao
13611,Itsuki Sagara
13612,Itzan Escamilla
13613,Itziar Aizpuru
13614,Itziar Atienza
13615,Itziar Castro
13616,Itziar Ituño
13617,Itziar Lazkano
13618,Itzik Cohen
13619,Iva Höpperger
13620,Iva Pazderková
13621,Ivan Decker
13622,Ivan Dobronravov
13623,Ivan Kaye
13624,Ivan Leonardy
13625,Ivan Makarevich
13626,Ivan Massagué
13627,Ivan Nestorman
13628,Ivan Oganesyan
13629,Ivan Raimi
13630,Ivan Rodrigues
13631,Ivan Sergei
13632,Ivan Sherry
13633,Ivan Shvedoff
13634,Ivana Acosta
13635,Ivana Baquero
13636,Ivana Chýlková
13637,Ivana Lotito
13638,Ivana Wong
13639,Ivannah Mercedes
13640,Ivar Kants
13641,Ivie Okujaye
13642,Ivonne Coll
13643,Ivonne Montero
13644,Ivory Aquino
13645,Ivy Latimer
13646,Ivy Lissack
13647,Ivy Shao
13648,Ivy Yin
13649,Iván Aragón
13650,Iván Arana
13651,Iván Chavero
13652,Iván Marcos
13653,Iván Marín
13654,Iván Mendes
13655,Iván Morales
13656,Iván Pellicer
13657,Iván Pohárnok
13658,Iván Sánchez
13659,Iván Álvarez de Araya
13660,Iwan Rheon
13661,Iwona Bielska
13662,Iza Calzado
13663,Iza Moreira
13664,Izabela Vidovic
13665,Izabella Scorupco
13666,Izabelle Leite
13667,Izan Llunas
13668,Izara Aishah
13669,Izu Konishi
13670,Izuka Hoyle
13671,Izumi Inamori
13672,Izumi Ogami
13673,Izzy Bee
13674,Izzy G.
13675,Izzy Stannard
13676,Izzy Stephens
13677,Iñaki Ardanaz
13678,Iñaki Godoy
13679,Iñaki Mur
13680,Iñigo Aranburu
13681,Iñigo Azpitarte
13682,Iñigo de la Iglesia
13683,J-Boog
13684,J. Anthony Brown
13685,J. Don Ferguson
13686,J. Drew Lucas
13687,J. Elvis Weinstein
13688,J. Mahendran
13689,J. Michael Long
13690,J. Michael Trautmann
13691,J. Paul Boehmer
13692,J. Ray Acosta
13693,J. Smith-Cameron
13694,J.B. Smoove
13695,J.C. Chasez
13696,J.C. MacKenzie
13697,J.D. Cannon
13698,J.D. Chakravarthi
13699,J.D. Evermore
13700,J.D. Ryznar
13701,J.E. Freeman
13702,J.J. Abrams
13703,J.J. Hawkins
13704,J.J. Soria
13705,J.J. Totah
13706,J.K. Simmons
13707,J.L. Reate
13708,J.P. Manoux
13709,J.R. Lemon
13710,J.R. Ramirez
13711,J.T. Jackson
13712,J.T. Walsh
13713,J.W. Terry
13714,JB Blanc
13715,JC Lin
13716,JC Santos
13717,JC de Vera
13718,JD Pardo
13719,JJ Feild
13720,JJ Lin
13721,JM de Guzman
13722,JP Karliak
13723,JR
13724,JR Bourne
13725,JR Reed
13726,JT Neal
13727,Ja Rule
13728,Ja'Siah Young
13729,Ja-in Lee
13730,JaCari Dye
13731,Jaap Spijkers
13732,Jaaved Jaaferi
13733,Jaber Jokhadar
13734,Jaboukie Young-White
13735,Jabulile Mahlambi
13736,Jac Holzman
13737,Jace Chapman
13738,Jace Norman
13739,Jacek Beler
13740,Jacek Knap
13741,Jacek Koman
13742,Jacek Strama
13743,Jacek Stramik
13744,Jacinda Barrett
13745,Jacinte Blankenship
13746,Jack Albertson
13747,Jack Angel
13748,Jack Ashton
13749,Jack Barton
13750,Jack Bence
13751,Jack Binstead
13752,Jack Black
13753,Jack Carson
13754,Jack Colvin
13755,Jack Conley
13756,Jack Cutmore-Scott
13757,Jack Davenport
13758,Jack De Sena
13759,Jack Donnelly
13760,Jack Doolan
13761,Jack Dylan Grazer
13762,Jack Elam
13763,Jack Falahee
13764,Jack Farthing
13765,Jack Fisher
13766,Jack Foley
13767,Jack Gilpin
13768,Jack Gordon
13769,Jack Gore
13770,Jack Griffo
13771,Jack Guzman
13772,Jack Gwaltney
13773,Jack Hanke
13774,Jack Huston
13775,Jack Kane
13776,Jack Kao
13777,Jack Kehler
13778,Jack Kehoe
13779,Jack Kelly
13780,Jack Kesy
13781,Jack Kilmer
13782,Jack Lee
13783,Jack Lemmon
13784,Jack Lowden
13785,Jack McBrayer
13786,Jack McGee
13787,Jack Messina
13788,Jack Murdock
13789,Jack Murray
13790,Jack Nance
13791,Jack Nicholson
13792,Jack Nicklaus
13793,Jack Noseworthy
13794,Jack O'Connell
13795,Jack Osbourne
13796,Jack Polak
13797,Jack Reynor
13798,Jack Riley
13799,Jack Roth
13800,Jack Scanlon
13801,Jack Tan
13802,Jack Thompson
13803,Jack Tomich
13804,Jack Wagner
13805,Jack Waldouck
13806,Jack Weston
13807,Jack Whitehall
13808,Jack Yao
13809,Jacki Weaver
13810,Jackie Appiah
13811,Jackie Chan
13812,Jackie Christie
13813,Jackie Clune
13814,Jackie Collins
13815,Jackie Cruz
13816,Jackie Earle Haley
13817,Jackie Kashian
13818,Jackie Loeb
13819,Jackie Long
13820,Jackie R. Jacobson
13821,Jackie Radinsky
13822,Jackie Sandler
13823,Jackie Shroff
13824,Jackie Tohn
13825,Jackie van Beek
13826,Jackrin Kungwankiatichai
13827,Jackson Antunes
13828,Jackson Browne
13829,Jackson Davis
13830,Jackson Nicoll
13831,Jackson Rathbone
13832,Jackson Robert Scott
13833,Jackson White
13834,Jacky Bhagnani
13835,Jacky Cheung
13836,Jacky Chu
13837,Jacky Ido
13838,Jacky Kam
13839,Jacky Lai
13840,Jackée Harry
13841,Jaclyn Jose
13842,Jaclyn Ngan
13843,Jaclyn Victor
13844,Jaco Muller
13845,Jacob Artist
13846,Jacob Batalon
13847,Jacob Bertrand
13848,Jacob Blair
13849,Jacob Buster
13850,Jacob Craner
13851,Jacob Davich
13852,Jacob Derwig
13853,Jacob Dudman
13854,Jacob Elordi
13855,Jacob Ewaniuk
13856,Jacob Fortune-Lloyd
13857,Jacob Gregory
13858,Jacob Grodnik
13859,Jacob Henshaw
13860,Jacob Hopkins
13861,Jacob Latimore
13862,Jacob Laval
13863,Jacob Loeb
13864,Jacob Lofland
13865,Jacob Lundqvist
13866,Jacob Matschenz
13867,Jacob McCarthy
13868,Jacob Ming-Trent
13869,Jacob Neayem
13870,Jacob Pitts
13871,Jacob Preston
13872,Jacob Rolfe
13873,Jacob Scipio
13874,Jacob Soley
13875,Jacob Tillman
13876,Jacob Tremblay
13877,Jacob Vargas
13878,Jacob Wysocki
13879,Jacopo Berinizi
13880,Jacque Gray
13881,Jacqueline Barba
13882,Jacqueline Bisset
13883,Jacqueline Bracamontes
13884,Jacqueline Brennan
13885,Jacqueline Brookes
13886,Jacqueline Chan
13887,Jacqueline Fernandez
13888,Jacqueline Kim
13889,Jacqueline Mazarella
13890,Jacqueline McKenzie
13891,Jacqueline Obradors
13892,Jacqueline Scislowski
13893,Jacqueline Toboni
13894,Jacqueline Youn
13895,Jacqueline Zhu
13896,Jacques Bergerac
13897,Jacques Colimon
13898,Jacques Perrin
13899,Jacques Torres
13900,Jacques Toukhmanian
13901,Jacques Weber
13902,Jacqui Fox
13903,Jacquie Barnbrook
13904,Jad Saxton
13905,Jada Pinkett Smith
13906,Jadagrace
13907,Jadah Marie
13908,Jadakiss
13909,Jade Asha
13910,Jade Cardozo
13911,Jade Chou
13912,Jade Eshete
13913,Jade Hassouné
13914,Jade Ma
13915,Jade Olieberg
13916,Jade Pettyjohn
13917,Jade Tailor
13918,Jaden Michael
13919,Jaden Piner
13920,Jaden Smith
13921,Jadon Sand
13922,Jadwiga Jankowska-Cieslak
13923,Jae Hee
13924,Jae Suh Park
13925,Jae-eung Lee
13926,Jae-myung Yoo
13927,Jae-suk Han
13928,Jae-sung Jung
13929,Jae-yee Goo
13930,Jae-yoon Lee
13931,Jae-yun Jo
13932,Jaeden Lieberher
13933,Jaeden Martell
13934,Jaehyo
13935,Jaffar Bambirra
13936,Jaffer Idukki
13937,Jafra Younes
13938,Jafta Mamabolo
13939,Jag Huang
13940,Jagan
13941,Jagapathi Babu
13942,Jagat Singh
13943,Jagathy Sreekumar
13944,Jagdeep
13945,Jaggi Singh
13946,Jagpal Singh Chahal
13947,Jahangir Khan
13948,Jahbril Cook
13949,Jaheem Toombs
13950,Jahi Di'Allo Winston
13951,Jahmil French
13952,Jahzir Bruno
13953,Jai Bharti
13954,Jai Brooks
13955,Jai Courtney
13956,Jai Vyas
13957,Jai-jin Lee
13958,Jaideep Ahlawat
13959,Jaiden Smith
13960,Jaihind Kumar
13961,Jailoshini Naidoo
13962,Jaime Blanch
13963,Jaime Camil
13964,Jaime FitzSimons
13965,Jaime King
13966,Jaime Lorente
13967,Jaime Maussan
13968,Jaime Ordoñez
13969,Jaime Pressly
13970,Jaime Ray Newman
13971,Jaime Winstone
13972,Jaime de Diego
13973,Jaimee Joe Gonzaga
13974,Jaimi Paige
13975,Jairam Kulkarni
13976,Jairo Camargo
13977,Jairo Mattos
13978,Jairo Ordoñez
13979,Jairo Ordóñez
13980,Jajang C. Noer
13981,Jak Knight
13982,Jake Abel
13983,Jake Allyn
13984,Jake Austin Walker
13985,Jake Bickelhaupt
13986,Jake Borelli
13987,Jake Brennan
13988,Jake Busey
13989,Jake Cuenca
13990,Jake Curran
13991,Jake Davies
13992,Jake Epstein
13993,Jake Farrow
13994,Jake Foushee
13995,Jake Green
13996,Jake Gyllenhaal
13997,Jake Hoffman
13998,Jake Hsu
13999,Jake Jacobson
14000,Jake Johnson
14001,Jake Kidwell
14002,Jake Lacy
14003,Jake Lippmann
14004,Jake Macapagal
14005,Jake Manley
14006,Jake McLaughlin
14007,Jake Picking
14008,Jake Robinson
14009,Jake Ryan Flynn
14010,Jake Short
14011,Jake Sim
14012,Jake Smith
14013,Jake T. Austin
14014,Jake Van Wagoner
14015,Jake Walker
14016,Jake Weber
14017,Jake Williamson
14018,Jakob Bieber
14019,Jakob Cedergren
14020,Jakob Davies
14021,Jakob Dylan
14022,Jakob Oftebro
14023,Jakub Gierszal
14024,Jalal Masarwa
14025,Jaleel White
14026,Jalil Lespert
14027,Jaloo
14028,Jalyn Hall
14029,Jam Hsiao
14030,Jamaar Simon
14031,Jamal Alradhan
14032,Jamal Graham
14033,Jamal Hamdan
14034,Jamal Ibrahim
14035,Jamal Mixon
14036,Jamal Shah
14037,Jameel Khan
14038,Jameel Saleem
14039,Jameela Jamil
14040,Jamel Debbouze
14041,James A. Woods
14042,James Acaster
14043,James Adomian
14044,James Angus Cowan
14045,James Arnold Taylor
14046,James Arthur Ray
14047,James Badge Dale
14048,James Beck
14049,James Benatti
14050,James Black
14051,James Blanco
14052,James Blicq
14053,James Blight
14054,James Bloor
14055,James Bond III
14056,James Boyd
14057,James Brolin
14058,James Buckley
14059,James Caan
14060,James Cade
14061,James Callis
14062,James Cameron
14063,James Carpinello
14064,James Carrey
14065,James Carter Cathcart
14066,James Cavlo
14067,James Clement
14068,James Coburn
14069,James Corden
14070,James Cosmo
14071,James Cromwell
14072,James D'Arcy
14073,James D. Hopkin
14074,James Darren
14075,James Davies
14076,James Davis
14077,James Dean
14078,James Denton
14079,James Doherty
14080,James Drury
14081,James DuMont
14082,James Dugan
14083,James Duval
14084,James Earl Jones
14085,James Eckhouse
14086,James Eliya
14087,James Faulkner
14088,James Fleet
14089,James Floyd
14090,James Fox
14091,James Frain
14092,James Franco
14093,James Fraser
14094,James Frecheville
14095,James Freedson-Jackson
14096,James Freeman
14097,James G. Nunn
14098,James Gammon
14099,James Gandolfini
14100,James Garner
14101,James Gaylyn
14102,James Giblin
14103,James Groom
14104,James Hampton
14105,James Handy
14106,James Harkness
14107,James Hayden
14108,James Hetfield
14109,James Hong
14110,James Horan
14111,James Huang
14112,James Hyde
14113,James III
14114,James Jagger
14115,James Jordan
14116,James Karen
14117,James Keach
14118,James Kirk
14119,James Kyson
14120,James Lafferty
14121,James Landry Hebert
14122,James Landry Hébert
14123,James Lawrence
14124,James Le Gros
14125,James Lipton
14126,James Lowe
14127,James Mackay
14128,James Maclurcan
14129,James Marcus
14130,James Marsden
14131,James Marshall
14132,James Marsters
14133,James Maslow
14134,James Mason
14135,James Mathis III
14136,James McAvoy
14137,James McDaniel
14138,James Melville
14139,James Moses Black
14140,James Murtaugh
14141,James Napier
14142,James Norton
14143,James Oliver Wheatley
14144,James Parks
14145,James Pickens Jr.
14146,James Piper
14147,James Purefoy
14148,James Rankin
14149,James Ransone
14150,James Raynolds
14151,James Rebhorn
14152,James Reid
14153,James Reilly
14154,James Remar
14155,James Richard Marshall
14156,James Robertson Justice
14157,James Roday
14158,James Rolleston
14159,James Russell
14160,James Russo
14161,James Saito
14162,James Saunders
14163,James Scully
14164,James Sikking
14165,James Smith
14166,James Spader
14167,James Stewart
14168,James Sweeney
14169,James Thomas
14170,James Toback
14171,James Tupper
14172,James Urbaniak
14173,James Van Der Beek
14174,James Van Patten
14175,James Vincent Meredith
14176,James Waterston
14177,James Weber Brown
14178,James Wen
14179,James Whitmore Jr.
14180,James Wilby
14181,James Wilks
14182,James Wolk
14183,James Wong
14184,James Woods
14185,James Wotherspoon
14186,James Yammouni
14187,James Yi
14188,Jameson Blake
14189,Jamey Sheridan
14190,Jamie Andrew Cutler
14191,Jamie Bamber
14192,Jamie Bartlett
14193,Jamie Beamish
14194,Jamie Bell
14195,Jamie Blackley
14196,Jamie Bloch
14197,Jamie Brewer
14198,Jamie Campbell Bower
14199,Jamie Carter
14200,Jamie Choi
14201,Jamie Chung
14202,Jamie Clayton
14203,Jamie Croft
14204,Jamie Davis
14205,Jamie Demetriou
14206,Jamie Donnelly
14207,Jamie Dornan
14208,Jamie Draven
14209,Jamie Durie
14210,Jamie Foreman
14211,Jamie Foxx
14212,Jamie Gray Hyder
14213,Jamie Hallahan
14214,Jamie Harris
14215,Jamie Harrold
14216,Jamie Jacqueline Burns
14217,Jamie Johnston
14218,Jamie Kaler
14219,Jamie Kenna
14220,Jamie Kennedy
14221,Jamie Lee
14222,Jamie Lee Curtis
14223,Jamie Lever
14224,Jamie Lissow
14225,Jamie Luk
14226,Jamie Lynn Spears
14227,Jamie Marchi
14228,Jamie Martin Mann
14229,Jamie McShane
14230,Jamie Michie
14231,Jamie Moreen
14232,Jamie Renée Smith
14233,Jamie Simone
14234,Jamie Spilchuk
14235,Jamie Thomas King
14236,Jamie Timony
14237,Jamie VanDyke
14238,Jamie Ward
14239,Jamie Watson
14240,Jamie-Lee Money
14241,Jamie-Lee O'Donnell
14242,Jamie-Lynn Sigler
14243,Jamieson Price
14244,Jamil Prattis
14245,Jamil Smyth-Secka
14246,Jamila Adel Awad
14247,Jamila Awad
14248,Jamila Ibrahim
14249,Jamila Velazquez
14250,Jamison Stern
14251,Jammeh Diangana
14252,Jamorn Kijsawapak
14253,Jamy Lentz
14254,Jan Adele
14255,Jan Bijvoet
14256,Jan Frycz
14257,Jan Hammenecker
14258,Jan Himilsbach
14259,Jan Lamb
14260,Jan Lewan
14261,Jan Maxwell
14262,Jan Nowicki
14263,Jan Peszek
14264,Jan Schweiterman
14265,Jan Silverio
14266,Jan Sosniok
14267,Jan Wieteska
14268,Jan Świderski
14269,Jana Pérez
14270,Janae Marie Kroczaleski
14271,Janak Joshi
14272,Janani Iyer
14273,Jandino Asporaat
14274,Jane Adams
14275,Jane Alexander
14276,Jane Bullock
14277,Jane Chang
14278,Jane Curtin
14279,Jane Daly
14280,Jane Darwell
14281,Jane Fonda
14282,Jane Hallaren
14283,Jane Harber
14284,Jane Horrocks
14285,Jane Kaczmarek
14286,Jane Krakowski
14287,Jane Leeves
14288,Jane Levy
14289,Jane Lynch
14290,Jane McCarry
14291,Jane McLean
14292,Jane Morris
14293,Jane Perry
14294,Jane Scandizzo
14295,Jane Seymour
14296,Jane Sibbett
14297,Jane Singer
14298,Jane Turner
14299,Jane Widdop
14300,Janeane Garofalo
14301,Janel Moloney
14302,Janel Parrish
14303,Janel Tsai
14304,Janella Salvador
14305,Janelle Chin
14306,Janelle Monáe
14307,Janelle Sing
14308,Janet Hsieh
14309,Janet Jackson
14310,Janet Kidder
14311,Janet McTeer
14312,Janet Montgomery
14313,Janet Moran
14314,Janet Varney
14315,Jang Do-youn
14316,Jang Do-young
14317,Jang Dong-gun
14318,Jang Gwang
14319,Jang Hyeok-jin
14320,Jang Hyuk
14321,Jang Hyun-sung
14322,Jang Jin-hee
14323,Jang Ki-yong
14324,Jang Kwang
14325,Jang Min-young
14326,Jang Seung-jo
14327,Jang So-yeon
14328,Jang Won-hyeok
14329,Jang Won-young
14330,Jang Yeong-nam
14331,Jang Young-nam
14332,Jang-hoon Seo
14333,Janhvi Kapoor
14334,Jani Dueñas
14335,Jani Volanen
14336,Janice
14337,Janice Kawaye
14338,Janice Man
14339,Janice Roman Roku
14340,Janice Wu
14341,Janicke Askevold
14342,Janina Fautz
14343,Janina Uhse
14344,Janine Birkett
14345,Janine Chang
14346,Janine Chun-Ning Chang
14347,Janine Gutierrez
14348,Janine Turner
14349,Janis Joplin
14350,Janis McGavin
14351,Janita Asma
14352,Jann Wenner
14353,Janna Levin
14354,Janna Nick
14355,Janni Goslinga
14356,Jannik Schümann
14357,Jannis Niewöhner
14358,Janset
14359,January Jones
14360,Janus del Prado
14361,Janusz Chabior
14362,Janusz Gajos
14363,Janusz Paluszkiewicz
14364,Janya Thanasawangkun
14365,Janyse Jaud
14366,Jaqueline Fleming
14367,Jaran Ngamdee
14368,Jared Abrahamson
14369,Jared Boghosian
14370,Jared Harris
14371,Jared Isaacman
14372,Jared Kemp
14373,Jared Leto
14374,Jared Padalecki
14375,Jared Paul Abrahamson
14376,Jared Rushton
14377,Jared Turner
14378,Jaren Lewison
14379,Jarlin Javier Martinez
14380,Jarnail Singh
14381,Jarod Joseph
14382,Jarome Iginla
14383,Jaromír Dulava
14384,Jaroslava Schallerová
14385,Jaroslaw Bielski
14386,Jarot Superdj
14387,Jarred Blakiston
14388,Jarred Blancard
14389,Jas Arora
14390,Jas Leverette
14391,Jasbir Malik
14392,Jase Ho
14393,Jashan Singh
14394,Jashanjeet Gosha
14395,Jasika Nicole
14396,Jasleen Singh
14397,Jasmeet Bhatia
14398,Jasmin Bart-Williams
14399,Jasmin Brown
14400,Jasmin Hamid
14401,Jasmina Douieb
14402,Jasmine Akakpo
14403,Jasmine Curtis-Smith
14404,Jasmine Elfira Burhan
14405,Jasmine Guy
14406,Jasmine Jassi
14407,Jasmine Jobson
14408,Jasmine Kaur
14409,Jasmine St. Clair
14410,Jasmine Suraya
14411,Jasmine Trinca
14412,Jason Alan Smith
14413,Jason Alexander
14414,Jason Bateman
14415,Jason Beghe
14416,Jason Biggs
14417,Jason Blicker
14418,Jason Bolden
14419,Jason Brokerss
14420,Jason Butler Harner
14421,Jason Callender
14422,Jason Cermak
14423,Jason Chan
14424,Jason Clarke
14425,Jason Cope
14426,Jason Cottle
14427,Jason David Frank
14428,Jason Davis
14429,Jason Day
14430,Jason Deline
14431,Jason Derek Prempeh
14432,Jason Dolley
14433,Jason Done
14434,Jason E.L Agha
14435,Jason Earles
14436,Jason Faunt
14437,Jason Finn
14438,Jason Flemyng
14439,Jason Fox
14440,Jason Genao
14441,Jason Gibson
14442,Jason Grasl
14443,Jason Gray-Stanford
14444,Jason Griffith
14445,Jason Hood
14446,Jason Hopkins
14447,Jason Hsu
14448,Jason Isaacs
14449,Jason James Richter
14450,Jason Jones
14451,Jason King
14452,Jason Kravits
14453,Jason Lee
14454,Jason Leong
14455,Jason Lewis
14456,Jason Li
14457,Jason Liles
14458,Jason Lockhart
14459,Jason London
14460,Jason Macdonald
14461,Jason Mantzoukas
14462,Jason Marnocha
14463,Jason Marsden
14464,Jason Maybaum
14465,Jason McGuire
14466,Jason Mewes
14467,Jason Meyer
14468,Jason Mitchell
14469,Jason Momoa
14470,Jason Narvy
14471,Jason Newman
14472,Jason O'Mara
14473,Jason Pai Piao
14474,Jason Patric
14475,Jason Pennycooke
14476,Jason R. Moore
14477,Jason Ralph
14478,Jason Ritter
14479,Jason Robards
14480,Jason Rogel
14481,Jason Saldaña
14482,Jason Schwartzman
14483,Jason Scott Lee
14484,Jason Segel
14485,Jason Silva
14486,Jason Simpson
14487,Jason Smith
14488,Jason Statham
14489,Jason Sudeikis
14490,Jason Tham
14491,Jason Tobias
14492,Jason Tsou
14493,Jason Wang
14494,Jason Watkins
14495,Jason Wiles
14496,Jason Wishnowski
14497,Jason Woods
14498,Jason Young
14499,Jason Zheng
14500,Jason-Shane Scott
14501,Jaspal Bhatti
14502,Jasper
14503,Jasper Liu
14504,Jasper Newell
14505,Jasper Pääkkönen
14506,Jaspinder Cheema
14507,Jass Bajwa
14508,Jassa Ahluwalia
14509,Jassi Gill
14510,Jassim Al Nabhan
14511,Jaswant Daman
14512,Jaswinder Bhalla
14513,Jatin Goswami
14514,Jatinder Lall
14515,Jatupone Chompoonich
14516,Jaturong Kolimart
14517,Jaturong Mokjok
14518,Javed Akhtar
14519,Javed Jaffrey
14520,Javed Khan
14521,Javed Sheikh
14522,Javi Coll
14523,Javicia Leslie
14524,Javid Abdelmoneim
14525,Javier Abad
14526,Javier Bardem
14527,Javier Beltrán
14528,Javier Botet
14529,Javier Castillo
14530,Javier Cifrián
14531,Javier Cámara
14532,Javier Delgiudice
14533,Javier Díaz Dueñas
14534,Javier Escobar
14535,Javier Godino
14536,Javier Gutiérrez
14537,Javier Gómez
14538,Javier Hernández
14539,Javier Jattin
14540,Javier Mascherano
14541,Javier Mora
14542,Javier Oliván
14543,Javier Pereira
14544,Javier Ponce
14545,Javier Rey
14546,Javier Valcárcel
14547,Jaxson Riddle
14548,Jay
14549,Jay Abdo
14550,Jay Acovone
14551,Jay Anstey
14552,Jay Asher
14553,Jay Baruchel
14554,Jay Brazeau
14555,Jay Brown
14556,Jay Cardinal Villeneuve
14557,Jay Chou
14558,Jay Duffy
14559,Jay Duplass
14560,Jay Gragnani
14561,Jay Hatton
14562,Jay Hayden
14563,Jay Hernandez
14564,Jay Johnston
14565,Jay Karnes
14566,Jay Kim
14567,Jay Klaitz
14568,Jay Kushwara
14569,Jay Larson
14570,Jay Leno
14571,Jay Mohr
14572,Jay O. Sanders
14573,Jay Patterson
14574,Jay Paulson
14575,Jay Pennison
14576,Jay Pharoah
14577,Jay R. Ferguson
14578,Jay Ryan
14579,Jay Sean
14580,Jay Shanker Pandey
14581,Jay Shih
14582,Jay Simon
14583,Jay Simpson
14584,Jay Upadhyay
14585,Jay Vithlani
14586,Jay Walker
14587,Jay-Z
14588,JayQ The Legend
14589,Jaya Bhaduri
14590,Jayakrishnan
14591,Jayakumar
14592,Jayant Gadekar
14593,Jayant Kripalani
14594,Jayapradha
14595,Jayaprakash
14596,Jayaprakash Radhakrishnan
14597,Jayaram
14598,Jayasurya
14599,Jaycee Chan
14600,Jayde Adams
14601,Jayden Greig
14602,Jayden Langarcia
14603,Jayden Wang
14604,Jaye Davidson
14605,Jayesh More
14606,Jaylen Barron
14607,Jaylin Fletcher
14608,Jaylin Hall
14609,Jayma Mays
14610,Jayne Atkinson
14611,Jayne Eastwood
14612,Jayne Wisener
14613,Jayshree T.
14614,Jayson Blair
14615,Jayson Warner Smith
14616,Jaytiya Naiwattanakul
14617,Jayvee Mai The Hiep
14618,Jaywant Wadkar
14619,Jaz Sinclair
14620,Jazmyn Davis
14621,Jazmyn Richardson
14622,Jazmyn Simon
14623,Jazz Baduwalia
14624,Jazzy B
14625,Jazzy De Lisser
14626,Jean Cruz
14627,Jean Dell
14628,Jean Dujardin
14629,Jean Garcia
14630,Jean Heywood
14631,Jean Hinchliffe
14632,Jean Louisa Kelly
14633,Jean Maggi
14634,Jean Paul Hage
14635,Jean Pedro
14636,Jean Reno
14637,Jean Schertler
14638,Jean Simmons
14639,Jean Smart
14640,Jean Yoon
14641,Jean-Baptiste Heuet
14642,Jean-Baptiste Marcenac
14643,Jean-Benoît Ugeux
14644,Jean-Carl Boucher
14645,Jean-Charles Clichet
14646,Jean-Christophe Folly
14647,Jean-Claude Ballard
14648,Jean-Claude Donda
14649,Jean-Claude Van Damme
14650,Jean-Francois Sivadier
14651,Jean-Henri Compère
14652,Jean-Hugues Anglade
14653,Jean-Luc Bideau
14654,Jean-Michel Balthazar
14655,Jean-Michel Correia
14656,Jean-Michel Le Gal
14657,Jean-Paul Ly
14658,Jean-Pierre Marielle
14659,Jean-René Privat
14660,Jean-Toussaint Bernard
14661,Jean-Yves Berteloot
14662,Jean-Édouard Bodziak
14663,Jeana Ho Pui-yu
14664,Jeananne Goossen
14665,Jeanette Aw
14666,Jeanette Miller
14667,Jeanfi Janssens
14668,Jeanie Hackett
14669,Jeanine Mason
14670,Jeanine Serralles
14671,Jeanine Yang
14672,Jeanna Harrison
14673,Jeanne Goursaud
14674,Jeanne Mbenti
14675,Jeanne Tripplehorn
14676,Jeanne Werner
14677,Jeannette Sauksteliskis
14678,Jeannettsy Enriquez Borges
14679,Jeannie Elias
14680,Jeannine Wacker
14681,Jeanté Godlock
14682,Jeany Spark
14683,Jearnest Corchado
14684,Jed Brophy
14685,Jed Dy
14686,Jed Rees
14687,Jed Ress
14688,JeeJa Yanin
14689,Jeet
14690,Jeetendra
14691,Jefechander Suplino
14692,Jeff Anderson
14693,Jeff Ayers
14694,Jeff Bennett
14695,Jeff Berg
14696,Jeff Bridges
14697,Jeff Burrell
14698,Jeff Chase
14699,Jeff Clarke
14700,Jeff Conaway
14701,Jeff Corey
14702,Jeff Corwin
14703,Jeff Daniel Phillips
14704,Jeff Daniels
14705,Jeff Doucette
14706,Jeff Dunham
14707,Jeff Evans Todd
14708,Jeff Fahey
14709,Jeff Foxworthy
14710,Jeff Garlin
14711,Jeff Geddis
14712,Jeff Gill
14713,Jeff Goldblum
14714,Jeff Gum
14715,Jeff Hephner
14716,Jeff Hoyt
14717,Jeff Jarrett
14718,Jeff Joseph
14719,Jeff Kober
14720,Jeff Lewis
14721,Jeff Meacham
14722,Jeff Michalski
14723,Jeff Perry
14724,Jeff Pierre
14725,Jeff Pope
14726,Jeff Probst
14727,Jeff Rawle
14728,Jeff Roop
14729,Jeff Ross
14730,Jeff Strome
14731,Jeff Swarthout
14732,Jeff Szusterman
14733,Jeff Ward
14734,Jeff Wilbusch
14735,Jeff Wincott
14736,Jefferson Mays
14737,Jefferson Quiñones
14738,Jeffrey Bowyer-Chapman
14739,Jeffrey Chee Eng Ho
14740,Jeffrey Cheng
14741,Jeffrey Combs
14742,Jeffrey DeMunn
14743,Jeffrey Dean Morgan
14744,Jeffrey Donovan
14745,Jeffrey Garcia
14746,Jeffrey Hollender
14747,Jeffrey Jones
14748,Jeffrey Kramer
14749,Jeffrey Lynn
14750,Jeffrey Parazzo
14751,Jeffrey Postlethwaite
14752,Jeffrey Quizon
14753,Jeffrey Rockland
14754,Jeffrey Tam
14755,Jeffrey Tambor
14756,Jeffrey Thomas
14757,Jeffrey Wright
14758,Jeffrey Xu
14759,Jefri Nichol
14760,Jehan Manekshaw
14761,Jella Haase
14762,Jelson Bay
14763,Jely Reátegui
14764,Jemaine Clement
14765,Jemima Kirke
14766,Jemima Osunde
14767,Jemima West
14768,Jemma Donovan
14769,Jemma Powell
14770,Jemma Redgrave
14771,Jemmy Chen
14772,Jen Jones
14773,Jen Kirkman
14774,Jen Richards
14775,Jen Taylor
14776,Jen Tullock
14777,Jen-Shuo Cheng
14778,Jena Malone
14779,Jencarlos Canela
14780,Jenelle Evans
14781,Jenessa Grant
14782,Jeneva Talwar
14783,Jeni Ross
14784,Jenica Bergere
14785,Jenifer Lewis
14786,Jeniffer Dias
14787,Jenn Chia
14788,Jenn Gotzon Chandler
14789,Jenn McAllister
14790,Jenna Boyd
14791,Jenna Davis
14792,Jenna Dewan
14793,Jenna Elfman
14794,Jenna Fischer
14795,Jenna Kanell
14796,Jenna Lamia
14797,Jenna Laurenzo
14798,Jenna Lyng Adams
14799,Jenna Marbles
14800,Jenna Ortega
14801,Jenna Sharpe
14802,Jenna Stern
14803,Jenna Thiam
14804,Jenna Upton
14805,Jenna Ushkowitz
14806,Jenna Wang
14807,Jenna Warren
14808,Jenna von Oÿ
14809,Jennette McCurdy
14810,Jenni Baird
14811,Jenni Melear
14812,Jennie Dundas
14813,Jennifer Aniston
14814,Jennifer Arenas
14815,Jennifer Barnhart
14816,Jennifer Beals
14817,Jennifer Blanc
14818,Jennifer Brea
14819,Jennifer Cameron
14820,Jennifer Carpenter
14821,Jennifer Cody
14822,Jennifer Connelly
14823,Jennifer Coolidge
14824,Jennifer Coppen
14825,Jennifer Damiano
14826,Jennifer Darling
14827,Jennifer Dorogi
14828,Jennifer Ehle
14829,Jennifer Elise Cox
14830,Jennifer Ellison
14831,Jennifer Esposito
14832,Jennifer Freeman
14833,Jennifer Garner
14834,Jennifer Grey
14835,Jennifer Hale
14836,Jennifer Hong
14837,Jennifer Hudson
14838,Jennifer Ikeda
14839,Jennifer Irwin
14840,Jennifer James
14841,Jennifer Jason Leigh
14842,Jennifer Kim
14843,Jennifer Kydd
14844,Jennifer L. Yen
14845,Jennifer Lafleur
14846,Jennifer Lawrence
14847,Jennifer Lien
14848,Jennifer Lim
14849,Jennifer Lopez
14850,Jennifer Love Hewitt
14851,Jennifer Marshall
14852,Jennifer Morrison
14853,Jennifer Oguzie
14854,Jennifer Pappas
14855,Jennifer Pierce Mathus
14856,Jennifer Robertson
14857,Jennifer Robyn Jacobs
14858,Jennifer Saunders
14859,Jennifer Schwalbach
14860,Jennifer Seguin
14861,Jennifer Stone
14862,Jennifer Taylor
14863,Jennifer Tilly
14864,Jennifer Waescher
14865,Jennifer Waris
14866,Jennifer Welts
14867,Jennifer Winget
14868,Jennifer Zhang
14869,Jenny Agutter
14870,Jenny Beacraft
14871,Jenny Bonden
14872,Jenny Boyd
14873,Jenny Cooper
14874,Jenny Gabrielle
14875,Jenny Gebara
14876,Jenny Huang
14877,Jenny Lewis
14878,Jenny McCarthy
14879,Jenny O'Hara
14880,Jenny Pellicer
14881,Jenny Richardson
14882,Jenny Slate
14883,Jenny Wade
14884,Jenny Wu
14885,Jenny Yokobori
14886,Jenny Zhang
14887,Jenny Zhou
14888,Jennylyn Mercado
14889,Jenoa Harlow
14890,Jenovéfa Boková
14891,Jens Albinus
14892,Jens Hultén
14893,Jensen Ackles
14894,Jenée LaMarque
14895,Jeon Hae-ri
14896,Jeon Hye-bin
14897,Jeon Kook-hwan
14898,Jeon Mi-do
14899,Jeon No-min
14900,Jeon Seok-ho
14901,Jeon So-min
14902,Jeon So-nee
14903,Jeon Soo-jin
14904,Jeon Soo-kyeong
14905,Jeon Tae-yeol
14906,Jeon Yeo-been
14907,Jeong Da-eun
14908,Jeong Da-sol
14909,Jeong Do-won
14910,Jeong E-suh
14911,Jeong Hae-gyoon
14912,Jeong He-in
14913,Jeong Ho-bin
14914,Jeong Hye-ok
14915,Jeong Hye-won
14916,Jeong Jae-heon
14917,Jeong Jin-hwan
14918,Jeong Jun-ho
14919,Jeong Man-sik
14920,Jeong-hak Park
14921,Jeong-hee Moon
14922,Jeong-hwa Yang
14923,Jeong-shin Woo
14924,Jeonghwa Yang
14925,Jerah Milligan
14926,Jerald Napoles
14927,Jere Burns
14928,Jeremiah Brent
14929,Jeremiah Lisbo
14930,Jeremiah Sparks
14931,Jeremiah Tower
14932,Jeremiah W. Birkett
14933,Jeremiah Zhang
14934,Jeremias Amoore
14935,Jeremie Harris
14936,Jeremie Phenom Thomas
14937,Jeremy Akerman
14938,Jeremy Allen White
14939,Jeremy Blackman
14940,Jeremy Bobb
14941,Jeremy Brett
14942,Jeremy Bulloch
14943,Jeremy Fitzgerald
14944,Jeremy Foley
14945,Jeremy Glazer
14946,Jeremy Holm
14947,Jeremy Howard
14948,Jeremy Irons
14949,Jeremy Irvine
14950,Jeremy Jackson
14951,Jeremy Jordan
14952,Jeremy Lawson
14953,Jeremy Levy
14954,Jeremy Lindsay Taylor
14955,Jeremy Linn
14956,Jeremy McWilliams
14957,Jeremy Miliker
14958,Jeremy Northam
14959,Jeremy Piven
14960,Jeremy Pope
14961,Jeremy Ratchford
14962,Jeremy Ray Taylor
14963,Jeremy Renner
14964,Jeremy Scott
14965,Jeremy Shada
14966,Jeremy Shamos
14967,Jeremy Sisto
14968,Jeremy Slate
14969,Jeremy Strong
14970,Jeremy Sumpter
14971,Jeremy Swift
14972,Jeremy Thomas
14973,Jeri Ryan
14974,Jeric Raval
14975,Jerjes Jbara
14976,Jermaine 'Huggy' Hopkins
14977,Jermaine Dupri
14978,Jermaine Jacox
14979,Jermaine Love
14980,Jermaine Washington
14981,Jermelle Simon
14982,Jero Medina
14983,Jerod Haynes
14984,Jerod Meagher
14985,Jeroen Perceval
14986,Jeroen van Koningsbrugge
14987,Jerom Canlas
14988,Jerome Ehlers
14989,Jerome Flynn
14990,Jerome Holder
14991,Jerome Kurnia
14992,Jerome Ponce
14993,Jerri Manthey
14994,Jerrod Carmichael
14995,Jerry G. Angelo
14996,Jerry Grayson
14997,Jerry Hauck
14998,Jerry Huang
14999,Jerry Jewell
15000,Jerry Kernion
15001,Jerry Kwarteng
15002,Jerry Lambert
15003,Jerry Lewis
15004,Jerry MacKinnon
15005,Jerry Matz
15006,Jerry Minor
15007,Jerry O'Connell
15008,Jerry O'Hara
15009,Jerry Orbach
15010,Jerry Reed
15011,Jerry Seinfeld
15012,Jerry Stiller
15013,Jerry Stovin
15014,Jerry Trainor
15015,Jerry Yeo
15016,Jeryl Prescott
15017,Jeryl Prescott Gallien
15018,Jerzy Bińczycki
15019,Jerzy Block
15020,Jerzy Dobrowolski
15021,Jerzy Nowak
15022,Jerzy Radziwiłowicz
15023,Jerzy Stuhr
15024,Jerzy Zelnik
15025,Jerónimo Giocondo Bosia
15026,Jes Macallan
15027,Jesese Mungoshi
15028,Jesper Christensen
15029,Jespipat Tilapornputt
15030,Jess Harnell
15031,Jess Kuss
15032,Jess Liaudin
15033,Jess Mendoza
15034,Jess Robinson
15035,Jess Walton
15036,Jess Weixler
15037,Jess Zhang
15038,Jessa Zarubica
15039,Jessalyn Wanlim
15040,Jessamine-Bliss Bell
15041,Jesse Bostick
15042,Jesse Burch
15043,Jesse Camacho
15044,Jesse Carere
15045,Jesse Eisenberg
15046,Jesse Garcia
15047,Jesse Hutch
15048,Jesse Inocalla
15049,Jesse Jackson
15050,Jesse James
15051,Jesse L. Martin
15052,Jesse LaTourette
15053,Jesse McCartney
15054,Jesse Metcalfe
15055,Jesse Moss
15056,Jesse Pepe
15057,Jesse Plemons
15058,Jesse Posey
15059,Jesse Rath
15060,Jesse Richman
15061,Jesse Steccato
15062,Jesse Williams
15063,Jesseca Liu
15064,Jessi Klein
15065,Jessica Alba
15066,Jessica Alexander
15067,Jessica Allain
15068,Jessica Amlee
15069,Jessica Andres
15070,Jessica Barden
15071,Jessica Bell
15072,Jessica Biel
15073,Jessica Brooks Grant
15074,Jessica Brown Findlay
15075,Jessica Capshaw
15076,Jessica Carlson
15077,Jessica Chaffin
15078,Jessica Chastain
15079,Jessica Clark
15080,Jessica Collins
15081,Jessica Cressy
15082,Jessica De Gouw
15083,Jessica DiCicco
15084,Jessica Dinnage
15085,Jessica Elaina Eason
15086,Jessica Ellerby
15087,Jessica Gee-George
15088,Jessica Graham
15089,Jessica Hann
15090,Jessica Hecht
15091,Jessica Henwick
15092,Jessica Hester Hsuan
15093,Jessica Hinds-Mingo
15094,Jessica Hsuan
15095,Jessica Hynes
15096,Jessica Juarez
15097,Jessica Kate Meyer
15098,Jessica Lange
15099,Jessica Lindsey
15100,Jessica Lowndes
15101,Jessica Lu
15102,Jessica Lucas
15103,Jessica Madsen
15104,Jessica Marie Garcia
15105,Jessica Matten
15106,Jessica Mauboy
15107,Jessica McManus
15108,Jessica Meraz
15109,Jessica Mila
15110,Jessica Norris
15111,Jessica Paquet
15112,Jessica Parker Kennedy
15113,Jessica Paré
15114,Jessica Pohly
15115,Jessica Raine
15116,Jessica Rey
15117,Jessica Sanjuan
15118,Jessica Schwarz
15119,Jessica Serfaty
15120,Jessica Serna
15121,Jessica Simpson
15122,Jessica St. Clair
15123,Jessica Stroup
15124,Jessica Sula
15125,Jessica Szohr
15126,Jessica Taylor-Bearman
15127,Jessica Tovey
15128,Jessica Turner
15129,Jessica Vanessa DeLeon
15130,Jessica Walter
15131,Jessica Williams
15132,Jessica-Jane Stafford
15133,Jessie Buckley
15134,Jessie Chang
15135,Jessie Flower
15136,Jessie Jordan
15137,Jessie Li
15138,Jessie Mei Li
15139,Jessie Mueller
15140,Jessie Paege
15141,Jessie T. Usher
15142,Jessika Van
15143,Jessy Bulbo
15144,Jessy Schram
15145,Jesus Luz
15146,Jesuthasan Antonythasan
15147,Jesuíta Barbosa
15148,Jesús Abad Colorado
15149,Jesús Báez
15150,Jesús Carroza
15151,Jesús Castejón
15152,Jesús Castro
15153,Jesús Herrera
15154,Jesús Mosquera
15155,Jesús Ruyman
15156,Jesús Sida
15157,Jesús Zavala
15158,Jesús de los Ríos
15159,Jet Chao
15160,Jet Jurgensmeyer
15161,Jet Li
15162,Jet Tranter
15163,Jett Klyne
15164,Jett Pangan
15165,Jevin Julian
15166,Jewel Thais-Williams
15167,Jeyan Cherthala
15168,Jhansi
15169,Jhanvi Dwivedi
15170,Jharrel Jerome
15171,Jhataleka
15172,Jhilmil Hazrika
15173,Jhon Rachid
15174,Jhon Álex Toro
15175,Jhonen Vasquez
15176,Jhong Hilario
15177,Ji Chang-wook
15178,Ji Dae-han
15179,Ji E-su
15180,Ji Hye-in
15181,Ji Jin-hee
15182,Ji Li
15183,Ji Seung-hyeon
15184,Ji Seung-hyun
15185,Ji Soo
15186,Ji Su
15187,Ji Su-won
15188,Ji Sung
15189,Ji Xiangning
15190,Ji-a Min
15191,Ji-a Park
15192,Ji-an Kim
15193,Ji-eun Lee
15194,Ji-ho Oh
15195,Ji-ho Shim
15196,Ji-hye Wang
15197,Ji-hyun Nam
15198,Ji-min Han
15199,Ji-won Eun
15200,Ji-won Ha
15201,Ji-won Uhm
15202,Ji-woong Heo
15203,Ji-yeon Park
15204,Ji-yoon Park
15205,Jia Zhengyu
15206,Jian Chang
15207,Jian Man-shu
15208,Jiang Du-hui
15209,Jiang Guangtao
15210,Jiang Huiqin
15211,Jiang Long
15212,Jiang Luxia
15213,Jiang Mengjie
15214,Jiang Pei Pei
15215,Jiang Shuying
15216,Jiang Xueming
15217,Jiang Yiyan
15218,Jiang Yongbo
15219,Jianqiang Hu
15220,Jianwen Zhang
15221,Jiavani Linayao
15222,Jiayu Xie
15223,Jibola Dabo
15224,Jibrail Rajhula
15225,Jibrayl Ahmed Rajput
15226,Jidapa Siribunchawan
15227,Jide Kene Achufusi
15228,Jide Kosoko
15229,Jiemeng Zhuang
15230,Jigna Bharadhwaj
15231,Jigna Bharadwaj
15232,Jigna Bhardwaj
15233,Jihae
15234,Jihane Khalil
15235,Jiiva
15236,Jil Devresse
15237,Jill Baker
15238,Jill Bennett
15239,Jill Clayburgh
15240,Jill Eikenberry
15241,Jill Flint
15242,Jill Halfpenny
15243,Jill Hennessy
15244,Jill Hsu
15245,Jill Killington
15246,Jill Marie Jones
15247,Jill Morrison
15248,Jill Quigg
15249,Jill Schirnhofer
15250,Jill Scott
15251,Jill Talley
15252,Jill Wagner
15253,Jillian Bell
15254,Jillian Estell
15255,Jillian Marie
15256,Jillian Michaels
15257,Jillian Mueller
15258,Jillian Murray
15259,Jillian Nelson
15260,Jim Backus
15261,Jim Bakkum
15262,Jim Barone
15263,Jim Beaver
15264,Jim Belushi
15265,Jim Boeven
15266,Jim Broadbent
15267,Jim Capobianco
15268,Jim Carrey
15269,Jim Carter
15270,Jim Caviezel
15271,Jim Chim Sui Man
15272,Jim Codrington
15273,Jim Cummings
15274,Jim Curley
15275,Jim Fowler
15276,Jim Gaffigan
15277,Jim Gleason
15278,Jim Gray
15279,Jim Haynie
15280,Jim Henson
15281,Jim Howick
15282,Jim Iyke
15283,Jim Jefferies
15284,Jim Kelly
15285,Jim Klock
15286,Jim Mallon
15287,Jim McLarty
15288,Jim Meskimen
15289,Jim Morrison
15290,Jim Muñoz
15291,Jim Nicholson
15292,Jim Norton
15293,Jim O'Brien
15294,Jim O'Heir
15295,Jim Parrack
15296,Jim Parsons
15297,Jim Peck
15298,Jim Piddock
15299,Jim Rash
15300,Jim Sarbh
15301,Jim Siedow
15302,Jim Sturgess
15303,Jim True-Frost
15304,Jim Ward
15305,Jim Watson
15306,Jimena Barón
15307,Jimena Cuarón
15308,Jimena Durán
15309,Jimena Pagaza
15310,Jimi Hendrix
15311,Jimi the Quiff
15312,Jimit Trivedi
15313,Jimmi Simpson
15314,Jimmie Fails
15315,Jimmy Akingbola
15316,Jimmy Bennett
15317,Jimmy Carr
15318,Jimmy Castro
15319,Jimmy Deshler
15320,Jimmy Gambina
15321,Jimmy Gonzales
15322,Jimmy Graham
15323,Jimmy Heath
15324,Jimmy Herman
15325,Jimmy Hibbert
15326,Jimmy Jean-Louis
15327,Jimmy London
15328,Jimmy Moses
15329,Jimmy Núñez
15330,Jimmy O. Yang
15331,Jimmy Odukoya
15332,Jimmy Olea
15333,Jimmy Sharma
15334,Jimmy Shaw
15335,Jimmy Sheirgill
15336,Jimmy Shergill
15337,Jimmy Shubert
15338,Jimmy Smallhorne
15339,Jimmy Smits
15340,Jimmy Tatro
15341,Jimmy Vee
15342,Jimmy Wong
15343,Jimmy Zoppi
15344,Jin Auyeung
15345,Jin Hee-kyung
15346,Jin Hyuk
15347,Jin Seon-kyu
15348,Jin Shirasu
15349,Jin Song
15350,Jin Sun-kyu
15351,Jin Urayama
15352,Jin Won
15353,Jin Xing
15354,Jin-hong Bae
15355,Jin-hyuk Choi
15356,Jin-joo Park
15357,Jin-mo Joo
15358,Jin-soo Kim
15359,Jin-sung Yang
15360,Jin-woo Kim
15361,Jin-wook Hong
15362,Jin-young Jang
15363,Jin-young Jung
15364,Jing Boran
15365,Jing Lusi
15366,Jing Wu
15367,Jing Xiang
15368,Jing-Jing Yung
15369,Jinjuta Rattanaburi
15370,Jinmai Zhao
15371,Jintanutda Lummakanon
15372,Jinu
15373,Jinu Joseph
15374,Jinyoung
15375,Jip van den Dool
15376,Jirakit Thawornwong
15377,Jirapisit Jaravijit
15378,Jirayu La-ongmanee
15379,Jirayus Khawbaimai
15380,Jiro Manio
15381,Jiro Ono
15382,Jiro Sato
15383,Jiro Wang
15384,Jirí Mádl
15385,Jisca Kalvanda
15386,Jishu Sengupta
15387,Jitendra Dasadiva
15388,Jitendra Joshi
15389,Jitendra Kumar
15390,Jitendra Shastri
15391,Jivan Karlakar
15392,Jiya Anil Manne
15393,Jo Allen
15394,Jo Anne Worley
15395,Jo Bok-rae
15396,Jo Brand
15397,Jo Ellen Pellman
15398,Jo Han-sun
15399,Jo Hartley
15400,Jo Hye-joo
15401,Jo Hyun-jung
15402,Jo Joyner
15403,Jo Koy
15404,Jo Kyoung-i
15405,Jo Marie Payton
15406,Jo Stone
15407,Jo Van Fleet
15408,Jo Woo-jin
15409,Jo Woodcock
15410,Jo Wyatt
15411,JoAnna Garcia Swisher
15412,JoBeth Williams
15413,Joachim Bissmeier
15414,Joakim Sorensen
15415,Joan Allen
15416,Joan Baez
15417,Joan Blondell
15418,Joan Borysenko
15419,Joan Chen
15420,Joan Collins
15421,Joan Cusack
15422,Joan Didion
15423,Joan Juliet Buck
15424,Joan Pera
15425,Joan Plowright
15426,Joan Rivers
15427,Joana Ribeiro
15428,Joanna Arida
15429,Joanna Bessey
15430,Joanna Cassidy
15431,Joanna Christie
15432,Joanna Douglas
15433,Joanna Gleason
15434,Joanna Going
15435,Joanna Hausmann
15436,Joanna Kasperska
15437,Joanna Kulig
15438,Joanna Larequi
15439,Joanna Lewis
15440,Joanna Merlin
15441,Joanna Ruiz
15442,Joanna Scanlan
15443,Joanna Vanderham
15444,Joanne Boland
15445,Joanne Crawford
15446,Joanne Froggatt
15447,Joanne Peh
15448,Joanne Samuel
15449,Joanne Tseng
15450,Joanne Vannicola
15451,Joanne Whalley
15452,Joao Constancia
15453,Joaquim Lopes
15454,Joaquim de Almeida
15455,Joaquin Cosio
15456,Joaquin Phoenix
15457,Joaquín Cardiel
15458,Joaquín Climent
15459,Joaquín Cosio
15460,Joaquín Cosío
15461,Joaquín Emanuel
15462,Joaquín Ferreira
15463,Joaquín Furriel
15464,Joaquín Galletero
15465,Joaquín Garrido
15466,Joaquín Núñez
15467,Joaquín Rapalini
15468,Joaquín Reyes
15469,Joavany Álvarez
15470,Jocelin Donahue
15471,Jocelyn Choi
15472,Jocelyn Osorio
15473,Jocelyn Wang
15474,Jocelyne Béroard
15475,Jocelyne Loewen
15476,Jochen Barkas
15477,Jochum ten Haaf
15478,Jock Soto
15479,Jodelle Ferland
15480,Jodhi May
15481,Jodi Benson
15482,Jodi Carol Harrison
15483,Jodi Lyn O'Keefe
15484,Jodi Weatherton
15485,Jodie Comer
15486,Jodie Foster
15487,Jodie Leslie Ahlborn
15488,Jodie Sweetin
15489,Jodie Turner-Smith
15490,Jodie Whittaker
15491,Jody Powell
15492,Joe Absolom
15493,Joe Adler
15494,Joe Alaskey
15495,Joe Alwyn
15496,Joe Amodei
15497,Joe Anderson
15498,Joe Anoa'i
15499,Joe Armstrong
15500,Joe Ashman
15501,Joe Billingiere
15502,Joe Bucaro III
15503,Joe Chen
15504,Joe Cheng
15505,Joe Chrest
15506,Joe Cobden
15507,Joe Cole
15508,Joe David Walters
15509,Joe Dempsie
15510,Joe Dennenwald
15511,Joe Diaz
15512,Joe Dinicol
15513,Joe Dispenza
15514,Joe Don Baker
15515,Joe Dorsey
15516,Joe Egan
15517,Joe Egender
15518,Joe Estevez
15519,Joe Flanigan
15520,Joe Flizzow
15521,Joe Gnoffo
15522,Joe Grifasi
15523,Joe Hernandez
15524,Joe Hurst
15525,Joe Inscoe
15526,Joe J. Thomas
15527,Joe Jackson
15528,Joe Keery
15529,Joe Lo Truglio
15530,Joe Mande
15531,Joe Manganiello
15532,Joe Mantegna
15533,Joe Mantello
15534,Joe Morton
15535,Joe Murray
15536,Joe Nunez
15537,Joe Odagiri
15538,Joe Pantoliano
15539,Joe Perrino
15540,Joe Pesci
15541,Joe Pingue
15542,Joe Quesada
15543,Joe Renton
15544,Joe Rogan
15545,Joe Sanfelippo
15546,Joe Savino
15547,Joe Seneca
15548,Joe Sheridan
15549,Joe Spano
15550,Joe Spinell
15551,Joe Starr
15552,Joe Stevens
15553,Joe Swash
15554,Joe Szula
15555,Joe Taslim
15556,Joe Thomas
15557,Joe Torry
15558,Joe Turkel
15559,Joe Whyte
15560,Joe Zieja
15561,JoeDon Rooney
15562,Joel Basman
15563,Joel Bosqued
15564,Joel Bramona
15565,Joel Courtney
15566,Joel Creasey
15567,Joel David Moore
15568,Joel Dawson
15569,Joel Dommett
15570,Joel Edgerton
15571,Joel Fry
15572,Joel Gretsch
15573,Joel Heyman
15574,Joel Hodgson
15575,Joel Joan
15576,Joel Kinnaman
15577,Joel Marsh Garland
15578,Joel McCoy
15579,Joel McHale
15580,Joel McVeagh
15581,Joel Murray
15582,Joel Nagle
15583,Joel Rush
15584,Joel Steingold
15585,Joel Swetow
15586,Joel Tobeck
15587,Joel Virgel
15588,Joel de la Fuente
15589,Joeley Gibson
15590,Joelle Carter
15591,Joelle Farrow
15592,Joelle Frenn
15593,Joelle Hannah
15594,Joelle Lu
15595,Joelle Rizk
15596,Joely Fisher
15597,Joely Richardson
15598,Joem Bascon
15599,Joen Højerslev
15600,Joep Vermolen
15601,Joey Bada$$
15602,Joey Batey
15603,Joey Bicicchi
15604,Joey Bishop
15605,Joey Bragg
15606,Joey Camen
15607,Joey D'Auria
15608,Joey Diaz
15609,Joey Gaydos Jr.
15610,Joey Guila
15611,Joey Kern
15612,Joey King
15613,Joey Klein
15614,Joey Lauren Adams
15615,Joey Leong
15616,Joey Lotsko
15617,Joey Marquez
15618,Joey Miyashima
15619,Joey Oglesby
15620,Joey Paras
15621,Joey Rasdien
15622,Joey Russo
15623,Joey Starr
15624,Joey Villasenor
15625,Joey Wells
15626,Joey Yung
15627,Jogi
15628,Johan As'ari
15629,Johan Cruyff
15630,Johan Heldenbergh
15631,Johan Leysen
15632,Johan Rockström
15633,Johan Ulveson
15634,Johan van Assche
15635,Johana Blendl
15636,Johann Dionnet
15637,Johann von Bülow
15638,Johanna Braddy
15639,Johanna Colón
15640,Johanna Fadul
15641,Johanna Francella
15642,Johanna Gastdorf
15643,Johanna af Schultén
15644,Johannah Newmarch
15645,Johanne Dal-Lewkovitch
15646,Johannes Krisch
15647,Johannes Kuhnke
15648,Johannes Lassen
15649,Johannes Zeiler
15650,John Abbott
15651,John Abraham
15652,John Ales
15653,John Alexander
15654,John Allen Nelson
15655,John Amos
15656,John Anderson
15657,John Apicella
15658,John Arcilla
15659,John Ashton
15660,John Bach
15661,John Barrowman
15662,John Beasley
15663,John Bedford Lloyd
15664,John Benjamin Hickey
15665,John Bennett Perry
15666,John Bently
15667,John Billingsley
15668,John Bourgeois
15669,John Boyega
15670,John Brascia
15671,John Brodsky
15672,John Brotherton
15673,John Brumpton
15674,John Buffalo Mailer
15675,John C. McGinley
15676,John C. Reilly
15677,John Cameron
15678,John Cameron Mitchell
15679,John Candy
15680,John Canoe
15681,John Carroll
15682,John Carroll Lynch
15683,John Cassavetes
15684,John Cassini
15685,John Cenatiempo
15686,John Chapman
15687,John Charles Njie
15688,John Cho
15689,John Clarence Stewart
15690,John Cleese
15691,John Cleland
15692,John Colicos
15693,John Connors
15694,John Corbett
15695,John Cothran
15696,John Cullum
15697,John Cusack
15698,John Cygan
15699,John D. Hickman
15700,John David Washington
15701,John DeLuca
15702,John DeMita
15703,John DeSantis
15704,John Devasahayam
15705,John Di Benedetto
15706,John DiMaggio
15707,John Diehl
15708,John Doman
15709,John Doughty
15710,John Douglas Thompson
15711,John Ducey
15712,John Duff
15713,John Dugan
15714,John Dumelo
15715,John Dunsworth
15716,John Dye
15717,John Earl Jelks
15718,John Early
15719,John Eby
15720,John Edward Lee
15721,John Ennis
15722,John Eric Bentley
15723,John Estrada
15724,John Farley
15725,John Fashanu
15726,John Finnegan
15727,John Fiore
15728,John Fleck
15729,John Francis Daley
15730,John Franklin III
15731,John Gallagher Jr.
15732,John Galliano
15733,John Gatins
15734,John Gemberling
15735,John Gertz
15736,John Getz
15737,John Gleeson Connolly
15738,John Goodluck
15739,John Goodman
15740,John Gray
15741,John Grisham
15742,John Guerrasio
15743,John Halbach
15744,John Hannah
15745,John Hannan
15746,John Hawkes
15747,John Heard
15748,John Heffernan
15749,John Heffron
15750,John Hennigan
15751,John Henry Faulk
15752,John Hensley
15753,John Hodgman
15754,John Holland
15755,John Hollingworth
15756,John Hurt
15757,John Huston
15758,John Jackson Hunter
15759,John Kani
15760,John Kapelos
15761,John Karna
15762,John Kassir
15763,John Kennedy
15764,John Kerry
15765,John Keyser
15766,John Kottoly
15767,John Koyama
15768,John Krasinski
15769,John Krisiukenas
15770,John Lapus
15771,John Larroquette
15772,John Lata
15773,John Laurie
15774,John Le Mesurier
15775,John Leary
15776,John Legend
15777,John Leguizamo
15778,John Lennon
15779,John Lewis
15780,John Lithgow
15781,John Lloyd Cruz
15782,John Lloyd Young
15783,John Lone
15784,John Lutz
15785,John Lynch
15786,John Maclaren
15787,John Macmillan
15788,John Magaro
15789,John Mahoney
15790,John Malkovich
15791,John Manalo
15792,John Mark Loudermilk
15793,John Marley
15794,John Marsden
15795,John Marshall Jones
15796,John McEnroe
15797,John McGrath
15798,John Mellencamp
15799,John Merriman
15800,John Michael Higgins
15801,John Mills
15802,John Mulaney
15803,John Munro Cameron
15804,John Musker
15805,John Narváez
15806,John Novak
15807,John O'Hurley
15808,John Oliver
15809,John Ortiz
15810,John Owen Lowe
15811,John P. Fowler
15812,John P. Ryan
15813,John Pankow
15814,John Pappas
15815,John Patrick Amedori
15816,John Paul Kakos
15817,John Paul Tremblay
15818,John Philbin
15819,John Pirruccello
15820,John Pleshette
15821,John Procaccino
15822,John Putch
15823,John Ralston
15824,John Ratzenberger
15825,John Reynolds
15826,John Rhys-Davies
15827,John Ritter
15828,John Roberts
15829,John Robinson
15830,John Roohinian
15831,John Rubinstein
15832,John Salthouse
15833,John Saxon
15834,John Schneider
15835,John Schuck
15836,John Schuhmacher
15837,John Sessions
15838,John Sharian
15839,John Shrapnel
15840,John Simm
15841,John Singleton
15842,John Slattery
15843,John Sparkes
15844,John Spencer
15845,John Stamos
15846,John Stanton
15847,John Steadman
15848,John Stephenson
15849,John Stocker
15850,John Sumner
15851,John Swasey
15852,John Tartaglia
15853,John Tench
15854,John Terry
15855,John Thorsen
15856,John Travolta
15857,John Tui
15858,John Turturro
15859,John Vernon
15860,John Vijay
15861,John Voldstad
15862,John Walton
15863,John Waters
15864,John Wayne
15865,John Witherspoon
15866,John Woodnutt
15867,John Wright Jr.
15868,John de Lancie
15869,John Álex Toro
15870,John-Paul Howard
15871,John-Paul Lavoisier
15872,Johnathan Nieves
15873,Johnathan Tchaikovsky
15874,Johnathon Schaech
15875,Johnnas Oliva
15876,Johnnie Castillo
15877,Johnny Baweja
15878,Johnny Depp
15879,Johnny Fay
15880,Johnny Flynn
15881,Johnny Galecki
15882,Johnny Hao
15883,Johnny Harris
15884,Johnny Huang
15885,Johnny Knoxville
15886,Johnny Lever
15887,Johnny Lewis
15888,Johnny Lu
15889,Johnny M. Wu
15890,Johnny Massaro
15891,Johnny McDaid
15892,Johnny Messner
15893,Johnny Nguyen
15894,Johnny Ortiz
15895,Johnny Pemberton
15896,Johnny Ray Gill
15897,Johnny Revilla
15898,Johnny Rose
15899,Johnny Selema
15900,Johnny Simmons
15901,Johnny Van Zant
15902,Johnny Wactor
15903,Johnny Weir
15904,Johnny Yan
15905,Johnny Yang
15906,Johnny Yong Bosch
15907,Johntae Lipscomb
15908,Johny Antony
15909,Johny Lever
15910,Joivan Wade
15911,Jojo Goh
15912,Jojo Macari
15913,Jojo Riguerra
15914,Jojo Struys
15915,Joju George
15916,Joke Emmers
15917,Joke Muyiwa
15918,Joke Silva
15919,Joko Anwar
15920,Joko Winterscheidt
15921,Jolanta Lothe
15922,Jolene Blalock
15923,Jolente De Keersmaeker
15924,Jolie Jenkins
15925,Jolie Vanier
15926,Jolijn Henneman
15927,Jolin Chien
15928,Joman Chiang
15929,Jomari Angeles
15930,Jomjaoi Sae-Limh
15931,Jon Abrahams
15932,Jon Allen
15933,Jon Arias
15934,Jon Arthur
15935,Jon Barinholtz
15936,Jon Bass
15937,Jon Bernthal
15938,Jon Cryer
15939,Jon Cypher
15940,Jon DeVries
15941,Jon Eyez
15942,Jon Favreau
15943,Jon Fletcher
15944,Jon Freda
15945,Jon Gabrus
15946,Jon Galanis
15947,Jon Gries
15948,Jon Gupta
15949,Jon Hamm
15950,Jon Heder
15951,Jon Huber
15952,Jon Jon Briones
15953,Jon Kit Lee
15954,Jon Kortajarena
15955,Jon Lange
15956,Jon Lovitz
15957,Jon Lucas
15958,Jon McLaren
15959,Jon Morgan Woodward
15960,Jon Olson
15961,Jon Osbeck
15962,Jon Plazaola
15963,Jon Polito
15964,Jon Pollard
15965,Jon Prasida
15966,Jon Prescott
15967,Jon Reep
15968,Jon Rod
15969,Jon Rudnitsky
15970,Jon Seda
15971,Jon Stewart
15972,Jon Tenney
15973,Jon Voight
15974,Jon Øigarden
15975,Jon-Michael Ecker
15976,Jon-Paul Bell
15977,Jona Xiao
15978,Jonah Bobo
15979,Jonah Hauer-King
15980,Jonah Hill
15981,Jonah Lees
15982,Jonah Mussolino
15983,Jonah Ray
15984,Jonah Weinberg
15985,Jonah Wineberg
15986,Jonas Armstrong
15987,Jonas Bloquet
15988,Jonas Leite
15989,Jonas Leonhardi
15990,Jonas Nay
15991,Jonas Strand Gravli
15992,Jonatan Rodriguez
15993,Jonathan Adams
15994,Jonathan Aris
15995,Jonathan Avildsen
15996,Jonathan Bailey
15997,Jonathan Baker
15998,Jonathan Banks
15999,Jonathan Barnwell
16000,Jonathan Bennett
16001,Jonathan Berlin
16002,Jonathan Blake
16003,Jonathan Boynton-Lee
16004,Jonathan Braylock
16005,Jonathan Cherry
16006,Jonathan Cohen
16007,Jonathan Craig WIlliams
16008,Jonathan Daviss
16009,Jonathan Demurger
16010,Jonathan Dumontier
16011,Jonathan Espinoza
16012,Jonathan Filley
16013,Jonathan Frakes
16014,Jonathan Groff
16015,Jonathan Haagensen
16016,Jonathan Higgins
16017,Jonathan Holmes
16018,Jonathan Horvath
16019,Jonathan Howard
16020,Jonathan Hyde
16021,Jonathan Katz
16022,Jonathan Ke Quan
16023,Jonathan Keltz
16024,Jonathan Kerrigan
16025,Jonathan Kidder
16026,Jonathan Kim
16027,Jonathan Kite
16028,Jonathan Kwesi Aikins
16029,Jonathan Kydd
16030,Jonathan Lajoie
16031,Jonathan Lambert
16032,Jonathan Langdon
16033,Jonathan Lipnicki
16034,Jonathan Lipow
16035,Jonathan Loughran
16036,Jonathan Love
16037,Jonathan Majors
16038,Jonathan Mangum
16039,Jonathan Martin
16040,Jonathan Morgan Heit
16041,Jonathan Mulia
16042,Jonathan Park
16043,Jonathan Patrick Moore
16044,Jonathan Potts
16045,Jonathan Pryce
16046,Jonathan Readwin
16047,Jonathan Rhys Meyers
16048,Jonathan Riggs
16049,Jonathan Rosenthal
16050,Jonathan Sadowski
16051,Jonathan Sagall
16052,Jonathan Sandor
16053,Jonathan Scarfe
16054,Jonathan Scott
16055,Jonathan Silverman
16056,Jonathan Slavin
16057,Jonathan Taylor
16058,Jonathan Torrens
16059,Jonathan Tucker
16060,Jonathan Van Ness
16061,Jonathan Walker
16062,Jonathan Watton
16063,Jonathan Whitesell
16064,Jonathan Wilson
16065,Jonathan Winters
16066,Jonathan Wu
16067,Jonathan Yunger
16068,Jonay Pineda Skallak
16069,Jone Laspiur
16070,Jonell Green
16071,Jong-chan Na
16072,Jong-hwan Choi
16073,Jong-hyun Lee
16074,Jong-jun Jeong
16075,Joni Mitchell
16076,Jonita
16077,Jonjo O'Neill
16078,Jonna Järnefelt
16079,Jonna Walsh
16080,Jonny Coyne
16081,Jonny Cruz
16082,Jonny Gray
16083,Jonny Lee Miller
16084,Jonny Quinn
16085,Jonny Rees
16086,Jonny Sweet
16087,Jonny Weston
16088,Jonquil Goode
16089,Jonás Beramí
16090,Joo Jin-mo
16091,Joo Won
16092,Joo-eun Oh
16093,Joo-hyuk Kim
16094,Joo-hyun Kim
16095,Joo-hyung Park
16096,Joo-yeon Lee
16097,Joo-young Kim
16098,Joon Park
16099,Joon-hyuk Lee
16100,Joon-seok Song
16101,Joonas Saartamo
16102,Joonas Suotamo
16103,Joong-hoon Park
16104,Joosje Duk
16105,Jordan Belfi
16106,Jordan Black
16107,Jordan Bolger
16108,Jordan Bridges
16109,Jordan Calloway
16110,Jordan Carlos
16111,Jordan Chan
16112,Jordan Clark
16113,Jordan Coulson
16114,Jordan Fisher
16115,Jordan Fry
16116,Jordan Gavaris
16117,Jordan Gelber
16118,Jordan Hare
16119,Jordan Hayes
16120,Jordan Lane Price
16121,Jordan Mifsud
16122,Jordan Mooney
16123,Jordan Padreira
16124,Jordan Peele
16125,Jordan Pettle
16126,Jordan Poole
16127,Jordan Prentice
16128,Jordan Rock
16129,Jordan Rodrigues
16130,Jordan Sandhu
16131,Jordan T. Wilson
16132,Jordan Theodore
16133,Jordan Todosey
16134,Jordan Ver Hoeve
16135,Jordan Voon
16136,Jordan Whalen
16137,Jordan-Claire Green
16138,Jordana Beatty
16139,Jordana Brewster
16140,Jordana Largy
16141,Jordana Spiro
16142,Jordi Cruyff
16143,Jordi Martínez
16144,Jordi Mollà
16145,Jordi Planas
16146,Jordi Sánchez
16147,Jordi Vilasuso
16148,Jordi Vilches
16149,Jordi Webber
16150,Jordin Sparks
16151,Jordu Schell
16152,Jordyn Ashley Olson
16153,Jordyn DiNatale
16154,Jordyn Raya James
16155,Joren Seldeslachts
16156,Jorge A. Jiménez
16157,Jorge Amade
16158,Jorge Andreu
16159,Jorge Antonio Guerrero
16160,Jorge Asín
16161,Jorge Basanta
16162,Jorge Blanco
16163,Jorge Bolani
16164,Jorge Bosch
16165,Jorge Caballero
16166,Jorge Cabrera
16167,Jorge Calderon
16168,Jorge Cao
16169,Jorge Clemente
16170,Jorge Diaz
16171,Jorge Garcia
16172,Jorge García
16173,Jorge Gutierrez
16174,Jorge Hernández
16175,Jorge Herrera
16176,Jorge Kent
16177,Jorge Lamelas
16178,Jorge Luis Alonso
16179,Jorge Luis Moreno
16180,Jorge Luis Vázquez
16181,Jorge Monterrosa
16182,Jorge Perugorría
16183,Jorge Pinarello
16184,Jorge Poza
16185,Jorge Román
16186,Jorge Salinas
16187,Jorge Sesán
16188,Jorge Suquet
16189,Jorge Usón
16190,Jorge Zabaleta
16191,Jorge Zárate
16192,Jorgito Vargas Jr.
16193,Joris Jarksy
16194,Jorja Cadence
16195,Jorja Fox
16196,Jorma Taccone
16197,Joross Gamboa
16198,Jose Atuncar
16199,Jose Coronado
16200,Jose Guns Alves
16201,Jose Lucena Jr.
16202,Jose Miguel Vasquez
16203,Jose Pablo Cantillo
16204,Josean Bengoetxea
16205,Joseba Usabiaga
16206,Josef Cannon
16207,Josef Kadim
16208,Josefin Asplund
16209,Josefina Ramírez
16210,Joselyn Dumas
16211,Joselyn Gallardo
16212,Josep Linuesa
16213,Josep Maria Pou
16214,Josep Maria Riera
16215,Joseph
16216,Joseph Abboud
16217,Joseph Anderson
16218,Joseph Benjamin
16219,Joseph Bennett
16220,Joseph Bishara
16221,Joseph Bono
16222,Joseph Bou Nassar
16223,Joseph C. Phillips
16224,Joseph Callender
16225,Joseph Castanon
16226,Joseph Chang
16227,Joseph Cross
16228,Joseph Cure
16229,Joseph Fiennes
16230,Joseph Gilgun
16231,Joseph Girgis
16232,Joseph Gordon-Levitt
16233,Joseph Huang
16234,Joseph J. Terry
16235,Joseph Jovanovic
16236,Joseph Julian Soria
16237,Joseph Kloska
16238,Joseph Lyle Taylor
16239,Joseph Marcell
16240,Joseph Mascolo
16241,Joseph May
16242,Joseph Mazzello
16243,Joseph Millson
16244,Joseph Morgan
16245,Joseph Motiki
16246,Joseph O'Conor
16247,Joseph Otsiman
16248,Joseph Rosenberg
16249,Joseph Sikora
16250,Joseph Simmons
16251,Joseph Vijay
16252,Joseph Zeng
16253,Josephine Benini
16254,Josephine Berry
16255,Josephine Davison
16256,Josephine Langford
16257,Josephine Raahauge
16258,Josette Halpert
16259,Josey Montana McCoy
16260,Josh 2 Funny
16261,Josh Bolt
16262,Josh Brener
16263,Josh Brolin
16264,Josh Bryceland
16265,Josh Charles
16266,Josh Cooke
16267,Josh Crotty
16268,Josh Dallas
16269,Josh Daugherty
16270,Josh Dean
16271,Josh Duhamel
16272,Josh Elwell
16273,Josh Emerson
16274,Josh Epstein
16275,Josh Fadem
16276,Josh Flitter
16277,Josh Gad
16278,Josh Grelle
16279,Josh Groban
16280,Josh Hamilton
16281,Josh Hartnett
16282,Josh Herdman
16283,Josh Heuston
16284,Josh Holloway
16285,Josh Homme
16286,Josh Hopkins
16287,Josh Hutcherson
16288,Josh Keaton
16289,Josh Lai
16290,Josh Leyva
16291,Josh Lucas
16292,Josh McDermitt
16293,Josh McDonald
16294,Josh McKenzie
16295,Josh Mostel
16296,Josh Murray
16297,Josh Nuncio
16298,Josh O'Connor
16299,Josh Ostrovsky
16300,Josh Paddock
16301,Josh Pais
16302,Josh Peck
16303,Josh Pence
16304,Josh Radnor
16305,Josh Reid
16306,Josh Ryan Evans
16307,Josh Schwartzentruber
16308,Josh Segarra
16309,Josh Server
16310,Josh Stamberg
16311,Josh Stewart
16312,Josh Swickard
16313,Josh Thomson
16314,Josh Whitehouse
16315,Josh Wiggins
16316,Josh Yadon
16317,Josh Zuckerman
16318,Joshua Ang
16319,Joshua Carlon
16320,Joshua Close
16321,Joshua Cody
16322,Joshua Dutrieux
16323,Joshua Fields Millburn
16324,Joshua Flores-Q
16325,Joshua Garcia
16326,Joshua Graham
16327,Joshua Harto
16328,Joshua J. Ballard
16329,Joshua Jackson
16330,Joshua Kilimnik
16331,Joshua Leonard
16332,Joshua Malina
16333,Joshua McGuire
16334,Joshua Mikel
16335,Joshua Peace
16336,Joshua Rush
16337,Joshua Santana
16338,Joshua Sasse
16339,Joshua Sinclair-Evans
16340,Joshua Sitch
16341,Joshua Zamrycki
16342,Josiah Gabriel
16343,Josiah Hogan
16344,Josiane Balasko
16345,Josie Leung
16346,Josie Loren
16347,Josie Totah
16348,Joss Ackland
16349,Jossara Jinaro
16350,Josse De Pauw
16351,Josselin Charier
16352,Jossi Wells
16353,Josu Cubero
16354,Josué Guerra
16355,Josyane Boulos
16356,José Alfredo González Dzul
16357,José Antonio Becerril
16358,José Burgos
16359,José Carlos Ruiz
16360,José Coronado
16361,José Daniel Cristancho
16362,José Dumont
16363,José Egüez
16364,José Elías Moreno
16365,José Enot
16366,José Garcia
16367,José Gimenez Zapiola
16368,José Giménez Zapiola
16369,José Juan Vaquero
16370,José Julián
16371,José Loreto
16372,José Luis García Pérez
16373,José Luis Marín
16374,José Manuel Ospina
16375,José Manuel Poga
16376,José Manuel Rincón
16377,José Manuel Seda
16378,José María Pou
16379,José María Torre
16380,José María Yazpik
16381,José María de Tavira
16382,José Mujica
16383,José Pedro Bujaruz
16384,José Pérez
16385,José Ramón Argoitia
16386,José Ramón Barreto
16387,José Ramón Rosario
16388,José Rubens Chachá
16389,José Sacristán
16390,José Santillán Cabuto
16391,José Sefami
16392,José Troncoso
16393,José Zúñiga
16394,José de la Torre
16395,José Ángel Bichir
16396,José Ángel Egido
16397,Joséphine Derenne
16398,Joséphine Drai
16399,Joséphine Draï
16400,Joséphine de La Baume
16401,Joséphine de Meaux
16402,Jottapê
16403,Jouji Nakata
16404,Jourdy Pranata
16405,Journey Christine
16406,Jovan Adepo
16407,Jovial da Lopez
16408,Jowharah Jones
16409,Joy
16410,Joy Bryant
16411,Joy Fernandes
16412,Joy Gorman
16413,Joy Kate Lawson
16414,Joy Mathew
16415,Joy Mmezi
16416,Joy Mukherjee
16417,Joy Pan
16418,Joy Sengupta
16419,Joyce Ann Burton
16420,Joyce Bowden-Kirby
16421,Joyce Chao
16422,Joyce Cheng
16423,Joyce Feurring
16424,Joyce Guy
16425,Joyce Jameson
16426,Joyce Van Patten
16427,Joyce Walker
16428,Joyraj
16429,Joyraj Bhattacharya
16430,Jozef Gjura
16431,Joziah Lagonoy
16432,João Assunção
16433,João Côrtes
16434,João Fábio Cabral
16435,João Lagarto
16436,João Miguel
16437,João Pedro Zappa
16438,João Pessanha
16439,João Vicente de Castro
16440,Jr.
16441,Ju Hyun
16442,Ju Ji-hoon
16443,Ju Jingyi
16444,Ju Wu-jae
16445,Ju Xiaowen
16446,Ju-sang Yun
16447,JuJu Chan
16448,Juan Alfonso Baptista
16449,Juan Blanco
16450,Juan Caballero
16451,Juan Calot
16452,Juan Carlos Aduviri
16453,Juan Carlos Barreto
16454,Juan Carlos Colombo
16455,Juan Carlos Messier
16456,Juan Carlos Olivas
16457,Juan Carlos Remolina
16458,Juan Carlos Solarte
16459,Juan Carlos Velis
16460,Juan Carlos Vellido
16461,Juan Carlos Viana Prieto
16462,Juan Castano
16463,Juan Chioran
16464,Juan Codina
16465,Juan Daniel García
16466,Juan David Restrepo
16467,Juan Diego
16468,Juan Diego Botto
16469,Juan Diego Sánchez
16470,Juan Dos Santos
16471,Juan Eduardo Colucho
16472,Juan Fernando Sánchez
16473,Juan Ferrara
16474,Juan Gea
16475,Juan Gil Navarro
16476,Juan José Arjona
16477,Juan Luis Orendain
16478,Juan Manuel Bernal
16479,Juan Manuel Diaz
16480,Juan Manuel Guilera
16481,Juan Manuel Mendoza
16482,Juan Manuel Montilla
16483,Juan Manuel Restrepo
16484,Juan Manuel Tenuta
16485,Juan Martinez
16486,Juan Martín Jauregui
16487,Juan Miguel Severo
16488,Juan Millán
16489,Juan Minujín
16490,Juan Pablo Barragán
16491,Juan Pablo Campa
16492,Juan Pablo Di Pace
16493,Juan Pablo Franco
16494,Juan Pablo Gamboa
16495,Juan Pablo Geretto
16496,Juan Pablo Gil
16497,Juan Pablo Llano
16498,Juan Pablo Medina
16499,Juan Pablo Olyslager
16500,Juan Pablo Raba
16501,Juan Pablo Shuk
16502,Juan Pablo Urrego
16503,Juan Pablo Zurita
16504,Juan Pablo de Santiago
16505,Juan Paiva
16506,Juan Ramírez
16507,Juan Ríos Cantú
16508,Juan Sebastián Aragón
16509,Juan Sebastián Calero
16510,Juan Sebastián Gutiérrez
16511,Juan Sorini
16512,Juan Ugarte
16513,Juan Valdivia
16514,Juan de Marcos
16515,Juan del Río
16516,Juan Ángel
16517,Juan Ángel Esparza
16518,Juana Acosta
16519,Juana Collignon
16520,Juana Viale
16521,Juana del Río
16522,Juanita Ringeling
16523,Juanita de Villiers
16524,Juanjo Almeida
16525,Juanjo Artero
16526,Juanma Cifuentes
16527,Juda Goslinga
16528,Judah Friedlander
16529,Judah Lewis
16530,Judah Mackey
16531,Judd Apatow
16532,Judd Hirsch
16533,Jude Akuwudike
16534,Jude Chukwuka
16535,Jude Law
16536,Jude Muir
16537,Judge Reinhold
16538,Judi Dench
16539,Judith Anderson
16540,Judith Audu
16541,Judith Barsi
16542,Judith Godreche
16543,Judith Hill
16544,Judith Hoag
16545,Judith Ivey
16546,Judith Light
16547,Judith State
16548,Juditta Salem-Wolff
16549,Judy Alice Lee
16550,Judy Collins
16551,Judy Davis
16552,Judy Flynn
16553,Judy Greer
16554,Judy Marshak
16555,Judy Marte
16556,Judy Parfitt
16557,Judy Reyes
16558,Judyann Elder
16559,Juergen Maurer
16560,Jugal Hansraj
16561,Juhi Babbar
16562,Juhi Chawla
16563,Jui Huang
16564,Jui Kahate
16565,Juju Chan
16566,Juju Di Domenico
16567,Julene Renee
16568,Jules Buckley
16569,Jules De Jongh
16570,Jules Werner
16571,Jules Wojciechowski
16572,Juli Fàbregas
16573,Julia Baldwin
16574,Julia Barretto
16575,Julia Bicknell
16576,Julia Blake
16577,Julia Carnero
16578,Julia Davis
16579,Julia Denton
16580,Julia Duffy
16581,Julia Eringer
16582,Julia Faure
16583,Julia Fox
16584,Julia Garner
16585,Julia Goldani Telles
16586,Julia Ianina
16587,Julia Jedlikowska
16588,Julia Jones
16589,Julia Jordan
16590,Julia Kamińska
16591,Julia Kassar
16592,Julia Konrad
16593,Julia Koschitz
16594,Julia Kouakou
16595,Julia Lea Wolov
16596,Julia Levy-Boeken
16597,Julia Marcan
16598,Julia Möller
16599,Julia Ormond
16600,Julia Piaton
16601,Julia Ragnarsson
16602,Julia Rayner
16603,Julia Rehwald
16604,Julia Reichert
16605,Julia Roberts
16606,Julia Schlaepfer
16607,Julia Stiles
16608,Julia Strowski
16609,Julia Terranova
16610,Julia Tomasone
16611,Julia Vera
16612,Julia Voth
16613,Julia Wieniawa-Narkiewicz
16614,Julia Winter
16615,Julian Arahanga
16616,Julian Arango
16617,Julian Bailey
16618,Julian Barratt
16619,Julian Black Antelope
16620,Julian Bleach
16621,Julian Cheung
16622,Julian Combs
16623,Julian Cullen
16624,Julian Dennison
16625,Julian Farrieta
16626,Julian Feder
16627,Julian Freund
16628,Julian Garner
16629,Julian Glover
16630,Julian Hilliard
16631,Julian Kartun
16632,Julian Kostov
16633,Julian Lerner
16634,Julian Lewis Jones
16635,Julian Maroun
16636,Julian McMahon
16637,Julian Morris
16638,Julian Ovenden
16639,Julian Richings
16640,Julian Robinson
16641,Julian Sands
16642,Julian Schaffner
16643,Julian Selman
16644,Julian Stamboulieh
16645,Julian Vergov
16646,Julian Wadham
16647,Juliana Galvis
16648,Juliana Harkavy
16649,Juliana Ibrahim
16650,Juliana Lohmann
16651,Juliana Luna
16652,Juliana Mesquita
16653,Juliana Velásquez
16654,Juliane Loffler
16655,Julianna Guill
16656,Julianne Buescher
16657,Julianne Hough
16658,Julianne Moore
16659,Julianne Nicholson
16660,Juliano Cazarré
16661,Julie Agnete Vang
16662,Julie Andrews
16663,Julie Ann Emery
16664,Julie Ann Taylor
16665,Julie Benz
16666,Julie Bowen
16667,Julie Christiansen
16668,Julie Christie
16669,Julie Cox
16670,Julie Dawn Cole
16671,Julie Delpy
16672,Julie Dray
16673,Julie Dreyfus
16674,Julie Estelle
16675,Julie Farenc
16676,Julie Ferrier
16677,Julie Gayet
16678,Julie Gonzalo
16679,Julie Graham
16680,Julie Hagerty
16681,Julie Harris
16682,Julie Hays
16683,Julie Johnson
16684,Julie Kavner
16685,Julie Kay Lumasag
16686,Julie Kent
16687,Julie Khaner
16688,Julie Kieffer
16689,Julie Lancaster
16690,Julie Lemieux
16691,Julie Maddalena
16692,Julie Marcus
16693,Julie McNiven
16694,Julie Nathanson
16695,Julie Newmar
16696,Julie Recoing
16697,Julie Sype
16698,Julie Tejwani
16699,Julie Walters
16700,Julie de Bona
16701,Julien Bourdel
16702,Julien Courbey
16703,Julien Frison
16704,Julien Kang
16705,Julien Meurice
16706,Julien Souve
16707,Juliet Ashworth
16708,Juliet Doherty
16709,Juliet Donenfeld
16710,Juliet Mills
16711,Juliet Ochienge
16712,Juliet Rylance
16713,Juliet Simmons
16714,Juliet Stevenson
16715,Julieta Cardinali
16716,Julieta Gullo
16717,Julieta Vallina
16718,Julieta Villar
16719,Julieta Zylberberg
16720,Julieth Restrepo
16721,Juliette Angelo
16722,Juliette Arrieta
16723,Juliette Binoche
16724,Juliette Cardinski
16725,Juliette Crosbie
16726,Juliette Lewis
16727,Juliette Maxyme Proulx
16728,Juliette Pardau
16729,Juliette Plumecocq-Mech
16730,Julio Bohigas-Couto
16731,Julio Bracho
16732,Julio Casado
16733,Julio César Herrera
16734,Julio César Pachón
16735,Julio De Grazia
16736,Julio Icasuriaga
16737,Julio Jung
16738,Julio Macias
16739,Julio Marticorena
16740,Julio Oscar Mechoso
16741,Julio Sánchez Cóccaro
16742,Juliocesar Chavez
16743,Julious Shivenga
16744,Julissa Calderon
16745,Julius Agu
16746,Julius Harris
16747,Julius Nitschkoff
16748,Julius Peter Wells
16749,Julius Tennon
16750,Juliusz Chrząstowski
16751,Julián Arango
16752,Julián Beltrán
16753,Julián Cerati
16754,Julián Díaz
16755,Julián López
16756,Julián Román
16757,Julián Sorín
16758,Julián Villagrán
16759,Julián Zucchi
16760,Jun Fukushima
16761,Jun Fukuyama
16762,Jun Hashimoto
16763,Jun Hye-won
16764,Jun Jong-seo
16765,Jun Karasawa
16766,Jun Kunimura
16767,Jun Lang Huang
16768,Jun Miho
16769,Jun Shison
16770,Jun-ho Jeong
16771,Junah Jang
16772,Junaid Akhtar
16773,Junaid Zeineldine
16774,Junchen Guo
16775,June Brown
16776,June Carryl
16777,June Christopher
16778,June Diane Raphael
16779,June Gable
16780,June Maliah
16781,June Squibb
16782,June Tsai
16783,Jung Chae-yeon
16784,Jung Da-bin
16785,Jung Dae-ro
16786,Jung Eugene
16787,Jung Eun Kim
16788,Jung Eun-chae
16789,Jung Eun-ji
16790,Jung Ga-ram
16791,Jung Hae-in
16792,Jung Han-bi
16793,Jung Ho-yeon
16794,Jung Hoon Lee
16795,Jung Hye-in
16796,Jung Hye-young
16797,Jung Il-woo
16798,Jung Je-won
16799,Jung Jin-young
16800,Jung Jun Won
16801,Jung Kyung-ho
16802,Jung Man-sik
16803,Jung Moon-sung
16804,Jung Seok-yong
16805,Jung So-min
16806,Jung Soo-jung
16807,Jung Soo-young
16808,Jung Suk-won
16809,Jung Sun-hye
16810,Jung Won-joong
16811,Jung Woo
16812,Jung Woo-sung
16813,Jung Woong-in
16814,Jung Yi-rang
16815,Jung Yoon-jung
16816,Jung Yu-mi
16817,Jung-an Chae
16818,Jung-hoon Yeon
16819,Jung-hwan Ahn
16820,Jung-jae Lee
16821,Jung-min Hwang
16822,Jung-min Park
16823,Junichi Kanemaru
16824,Junichi Suwabe
16825,Junichi Yanagida
16826,Junior
16827,Junior Béjar Roca
16828,Junior Roberts
16829,Junji Majima
16830,Junki Tozuka
16831,Junko Hori
16832,Junko Iwao
16833,Junko Minagawa
16834,Junko Miyashita
16835,Junko Takeuchi
16836,Juno Rinaldi
16837,Juno Temple
16838,Junpei Morita
16839,Junta Nakama
16840,Junya Enoki
16841,Juraj Dabic
16842,Juraj Kukura
16843,Jurell Carter
16844,Juri Ihata
16845,Juri Kimura
16846,Juri Nagatsuma
16847,Juri Winkler
16848,Jurnee Smollett-Bell
16849,Just Blaze
16850,Justice Smith
16851,"Justin ""Alyssa Edwards"" Johnson"
16852,Justin Allan
16853,Justin Baldoni
16854,Justin Bartha
16855,Justin Benson
16856,Justin Bieber
16857,Justin Bruening
16858,Justin Chambers
16859,Justin Chatwin
16860,Justin Cheung
16861,Justin Chon
16862,Justin Chu Cary
16863,Justin Claiborne
16864,Justin Clarke Samuel
16865,Justin Collette
16866,Justin Cornwell
16867,Justin Cunningham
16868,Justin Cuyugan
16869,Justin Deeley
16870,Justin Doran
16871,Justin Fashanu
16872,Justin Fletcher
16873,Justin Gordon
16874,Justin Hartley
16875,Justin Kelly
16876,Justin Kirk
16877,Justin Lazard
16878,Justin Lee
16879,Justin Lieberman
16880,Justin Long
16881,Justin Mark
16882,Justin Mentell
16883,Justin Michael
16884,Justin Miles
16885,Justin Mirichii
16886,Justin Nesbitt
16887,Justin Nimmo
16888,Justin Paul Kelly
16889,Justin Prentice
16890,Justin Quintal
16891,Justin Rain
16892,Justin Ray
16893,Justin Roiland
16894,Justin Schilling
16895,Justin Shafer
16896,Justin Sheng
16897,Justin Theroux
16898,Justin Timberlake
16899,Justin Timsit
16900,Justin Trudeau
16901,Justin Welborn
16902,Justin Willman
16903,Justina Machado
16904,Justine Lupe
16905,Justine Simmons
16906,Juston Street
16907,Justus Esiri
16908,Justus von Dohnányi
16909,Justyna Wasilewska
16910,Juán Carlos Torres
16911,Jyothika
16912,Jyoti Amge
16913,Jyoti Joshi
16914,Jyoti Malshe
16915,Jyoti Pawar
16916,Jyoti Sharma
16917,Jyoti Subhash
16918,Jyotii Sethi
16919,Jytte-Merle Böhrnsen
16920,Jérémie Covillault
16921,Jérémie Laheurte
16922,Jérémie Renier
16923,Jérémy Gillet
16924,Jérôme Gaspard
16925,Jérôme Kircher
16926,Jérôme Niel
16927,Jéssica Córes
16928,Jéssica Diehl
16929,Jéssica Tamochunas
16930,Jóhann Sigurðarson
16931,Jóhanna Vigdís Arnardóttir
16932,Jóhannes Haukur Jóhannesson
16933,Józef Nowak
16934,Józef Pawlowski
16935,Józef Pawłowski
16936,Józef Rosiński
16937,József Gyabronka
16938,Jördis Triebel
16939,Júlia Creus
16940,Júlia Gibert
16941,Júlia Gomes
16942,Júlia Rabello
16943,Júlio Andrade
16944,Jülide Kural
16945,Jürgen Prochnow
16946,Jürgen Vogel
16947,K Prasanna
16948,K'ang-i Lee
16949,K. Todd Freeman
16950,K. Trevor Wilson
16951,K.C. Clyde
16952,K.C. Collins
16953,K.C. Shankar
16954,K.G. Chandani Renuka Ratnayake
16955,K.J. Apa
16956,K.K. Raina
16957,K.N. Singh
16958,K.P.A.C. Lalitha
16959,KARA
16960,KAT-TUN
16961,KC Montero
16962,KEN THE 390
16963,KOM_I
16964,KRS-One
16965,Ka Ho Yu
16966,Ka Sang Cheung
16967,KaDee Strickland
16968,Kaalan Walker
16969,Kaamya Sharma
16970,Kaan Taşaner
16971,Kaan Urgancıoğlu
16972,Kaaris
16973,Kabby Hui
16974,Kabir Bedi
16975,Kabir Sadanand
16976,Kabir Sajid
16977,Kacey Rohl
16978,Kachapa Toncharoen
16979,Kachi Nnochiri
16980,Kachormsak Naruepatr
16981,Kacie Anderson
16982,Kadan Rockett
16983,Kadeem Hardison
16984,Kadeem Wilson
16985,Kaden Stephen
16986,Kader Benchoudar
16987,Kader Khan
16988,Kadiff Kirwan
16989,Kadir Polatçi
16990,Kae Alexander
16991,Kaede Hondo
16992,Kaelen Ohm
16993,Kaelynn Craddick
16994,Kafin Sulthan
16995,Kagiso Lediga
16996,Kagiso Modupe
16997,Kagwe Mungai
16998,Kahaan
16999,Kaho
17000,Kaho Tsuchimura
17001,Kahyun Kim
17002,Kai Calhoun
17003,Kai Inowaki
17004,Kai Ivo Baulitz
17005,Kai Ko
17006,Kai Lennox
17007,Kai Lentrodt
17008,Kai Moya
17009,Kai Scarlett Williams
17010,Kai Scott
17011,Kai Yang-niu
17012,Kai Zen
17013,Kai-xuan Tseng
17014,Kaia Gerber
17015,Kaiet Rodriguez
17016,Kaija Pakarinen
17017,Kaiji Soze
17018,Kaiji Tang
17019,Kailas Mahadevan
17020,Kailash Waghmare
17021,Kailyn Lowry
17022,Kainaat Arora
17023,Kainaz Motivala
17024,Kais Setti
17025,Kaisei Kamimura
17026,Kaitlin Doubleday
17027,Kaitlin Mesh
17028,Kaitlyn Bernard
17029,Kaitlyn Black
17030,Kaitlyn Dever
17031,Kaitlyn Leeb
17032,Kaitlyn Maher
17033,Kaito Ishikawa
17034,Kaito Yoshimura
17035,Kaity Nguyen
17036,Kaiwi Lyman
17037,Kaiwi Lyman-Mersereau
17038,Kaizaad Kotwal
17039,Kajal Aggarwal
17040,Kajal Jain
17041,Kajal Kumari
17042,Kajol
17043,Kajol Chugh
17044,Kaka Bautista
17045,Kakai Bautista
17046,Kaki Sham
17047,Kal Penn
17048,Kalabhavan Shajohn
17049,Kalaiyarasan
17050,Kalama Epstein
17051,Kalani Hilliker
17052,Kalani Queypo
17053,Kaley Cuoco
17054,Kali Bannerjee
17055,Kali Prasad Mukherjee
17056,Kali Rocha
17057,Kaliayh Rhambo
17058,Kalidas Jayaram
17059,Kalilah Harris
17060,Kalki Koechlin
17061,Kalle Schwensen
17062,Kalled Mustonen
17063,Kally Berard
17064,Kalp Shah
17065,Kalpana
17066,Kalpana Iyer
17067,Kalu Ikeagwu
17068,Kaly Bossy Asante
17069,Kalyanee Mulay
17070,Kalyani Priyadarshan
17071,Kama Kowalewska
17072,Kamal Chaturvedi
17073,Kamal Desai
17074,Kamal Hassan
17075,Kamal Ibrahim
17076,Kamal Kamaraju
17077,Kamal Suliman
17078,Kamal Tiwari
17079,Kamala Jones
17080,Kamalika Guha Thakurta
17081,Kamber Hejlik
17082,Kami Desilets
17083,Kamil Güler
17084,Kamil McFadden
17085,Kamil Piotrowski
17086,Kamil Shaikh
17087,Kamil Wodka
17088,Kamini Kaushal
17089,Kamini Khanna
17090,Kamlesh Gill
17091,Kamlesh Sawant
17092,Kamolned Ruengsri
17093,Kamran Lashari
17094,Kamron
17095,Kan Kantathavorn
17096,Kan-hie Lee
17097,Kana Asumi
17098,Kana Hanazawa
17099,Kana Ichinose
17100,Kana Kurashina
17101,Kana Odaira
17102,Kana Ueda
17103,Kanae Ito
17104,Kanae Oki
17105,Kanako Mitsuhashi
17106,Kanako Miyashita
17107,Kanako Nishiyama
17108,Kanako Tojo
17109,Kanan Gill
17110,Kanan Malhotra
17111,Kanata Hongo
17112,Kanayo O. Kanayo
17113,Kanbolat Gorkem Arslan
17114,Kanchan
17115,Kanchan Mullick
17116,Kanchana Moitra
17117,Kandemir Konduk
17118,Kandi Burruss
17119,Kandido Uranga
17120,Kandis Wanarun
17121,Kandyse McClure
17122,Kane Hodder
17123,Kane Kosugi
17124,Kane Mahon
17125,Kane Robinson
17126,Kaneez Surka
17127,Kanehira Yamamoto
17128,Kaneta Kimotsuki
17129,Kang Bu-ja
17130,Kang Byul
17131,Kang Enhe
17132,Kang Ha-neul
17133,Kang Han-na
17134,Kang Hong-suk
17135,Kang Hoon
17136,Kang Hyung-suk
17137,Kang In-soo
17138,Kang Kang
17139,Kang Ki-doong
17140,Kang Ki-young
17141,Kang Mina
17142,Kang Quintus
17143,Kang Seung-hyeon
17144,Kang Shi-hyun
17145,Kang Shin-il
17146,Kang So-ra
17147,Kang Tae-ju
17148,Kang Tae-oh
17149,Kang Ye-won
17150,Kang Yoon
17151,Kang-ho Song
17152,Kangana Ranaut
17153,Kangna Ranaut
17154,Kanichiro
17155,Kaniehtiio Horn
17156,Kanika Batra
17157,Kanika Shivpuri
17158,Kanin Ngo
17159,Kanjana Vinaipanid
17160,Kanjanaporn Plodpai
17161,Kanji Furutachi
17162,Kanlaya Lertkasemsup
17163,Kannada Kishore
17164,Kannan Nayar
17165,Kannaporn Puangthong
17166,Kanokchat Munyadon
17167,Kanon Tani
17168,Kansai Johnny's Jr.
17169,Kanta Sato
17170,Kantapat Permpoonpatcharasuk
17171,Kanthi Pitithan
17172,Kanto Shimokura
17173,Kanwaljeet Singh
17174,Kanwaljit Singh
17175,Kanyaphak Pongsak
17176,Kanyawee Songmuang
17177,Kanyi Nokwe
17178,Kao Meng-Chieh
17179,Kao Yun-shuo
17180,Kaolip
17181,Kaori Fukuhara
17182,Kaori Ishihara
17183,Kaori Maeda
17184,Kaori Mizuhashi
17185,Kaori Momoi
17186,Kaori Nazuka
17187,Kaori Yamagata
17188,Kaoru Kobayashi
17189,Kaoru Mizuhara
17190,Kaoru Nagata
17191,Kap-soo Kim
17192,Kapil Bawa
17193,Kapil Jhaveri
17194,Kapil Punjabi
17195,Kapil Sharma
17196,Kappei Yamaguchi
17197,Kar Lok Chin
17198,Kara Hayward
17199,Kara Hui
17200,Kara Wai
17201,Karam Elayyan
17202,Karam Hussain
17203,KaramVeer Chaudhary
17204,Karamjit Anmol
17205,Karamo Brown
17206,Karan Aanand
17207,Karan Ashley
17208,Karan Brar
17209,Karan Johar
17210,Karan Khanna
17211,Karan Kundra
17212,Karan Mehra
17213,Karan Patel
17214,Karan Razdan
17215,Karan Soni
17216,Karan Suchak
17217,Karan Tiwana
17218,Karan Vinayak
17219,Karanvir Bohra
17220,Karanvir Malhotra
17221,Kareem Mahmoud Abdel Aziz
17222,Kareena Kapoor
17223,Karel Roden
17224,Karen
17225,Karen Abercrombie
17226,Karen Allen
17227,Karen Bryson
17228,Karen David
17229,Karen Dunbar
17230,Karen Fukuhara
17231,Karen Gillan
17232,Karen Holness
17233,Karen Kaia Livers
17234,Karen Martínez
17235,Karen Mok
17236,Karen Obilom
17237,Karen Pittman
17238,Karen Prell
17239,Karen Robinson
17240,Karen Slater
17241,Karen Strassman
17242,Karen Williams
17243,Karen Woditsch
17244,Karen Ying-Chen Hu
17245,Karen Young
17246,Karen-Lise Mynster
17247,Karena Ng
17248,Karena Teo
17249,Kari Alison Hodge
17250,Kari Byron
17251,Kari Matchett
17252,Kari Wahlgren
17253,Kariam Castro
17254,Karibi Fubara
17255,Karim Abdel Aziz
17256,Karim Afifi
17257,Karim Barras
17258,Karim Belkhadra
17259,Karim Benzema
17260,Karim El Abnoudi
17261,Karim Hajee
17262,Karim Leklou
17263,Karim Prince
17264,Karim Saleh
17265,Karima Gouit
17266,Karima Mokhtar
17267,Karimah Westbrook
17268,Karin Bohn
17269,Karina Jordán
17270,Karina K.
17271,Karina Logue
17272,Karina Maruyama
17273,Karina Ramil
17274,Karina Razumovskaya
17275,Karina Salim
17276,Karina Smirnoff
17277,Karina Smulders
17278,Karina Suwandhi
17279,Karina Suwandi
17280,Karine Amaya
17281,Karis Paige Bryant
17282,Karishma Tanna
17283,Karisma Kapoor
17284,Karissa Strain
17285,Karl Davies
17286,Karl Glusman
17287,Karl Johnson
17288,Karl Malden
17289,Karl Markovics
17290,Karl Pilkington
17291,Karl Theobald
17292,Karl Urban
17293,Karl Yune
17294,Karla Estrada
17295,Karla López
17296,Karla Melo
17297,Karla Souza
17298,Karla Sue Krull
17299,Karli Hall
17300,Karlie Kloss
17301,Karly Rothenberg
17302,Karol Alves
17303,Karol Conká
17304,Karol Kopiec
17305,Karol Modzelewski
17306,Karole Rocher
17307,Karolina Chapko
17308,Karolina Kominek
17309,Karolina Wydra
17310,Karoline Eichhorn
17311,Karoline Hamm
17312,Karra Elejalde
17313,Karran Jeet
17314,Karrie Cox
17315,Karrie Martin
17316,Karrueche Tran
17317,Karsten Gefle
17318,Karsten Jansfort
17319,Kartar Cheema
17320,Karthi
17321,Karthik
17322,Karthik A
17323,Karthik Rathnam
17324,Karthika Muraleedharan
17325,Kartik Aaryan
17326,Kartikeya Gummakonda
17327,Kartina Aziz
17328,Karuna Pandey
17329,Karuna Prasad
17330,Karunas
17331,Karyme Lozano
17332,Karyn Parsons
17333,Kaseran Pillay
17334,Kashish Singh
17335,Kashmira Irani
17336,Kashmira Shah
17337,Kashyap Bharbhaya
17338,Kashyap Kapoor
17339,Kasi Lemmons
17340,Kasia Smutniak
17341,Kasper Lange
17342,Kassandra Voyagis
17343,Kasumi Arimura
17344,Kat Alano
17345,Kat Conner Sterling
17346,Kat Dennings
17347,Kat Feller
17348,Kat Foster
17349,Kat Gellin
17350,Kat Graham
17351,Kat Stewart
17352,Katareeya Theapchatri
17353,Katarina Kajkus
17354,Katarina Čas
17355,Katarzyna Bujakiewicz
17356,Katarzyna Chojnacka
17357,Katarzyna Kwiatkowska
17358,Katarzyna Piasecka
17359,Katarzyna Sawczuk
17360,Katarzyna Warnke
17361,Kate Adepegba
17362,Kate Alejandrino
17363,Kate Atkinson
17364,Kate B. O'Brien
17365,Kate Beckinsale
17366,Kate Berlant
17367,Kate Bornstein
17368,Kate Bosworth
17369,Kate Box
17370,Kate Bracken
17371,Kate Braithwaite
17372,Kate Bristol
17373,Kate Burton
17374,Kate Capshaw
17375,Kate Cobb
17376,Kate Dickie
17377,Kate Elliot
17378,Kate Elliott
17379,Kate Fahy
17380,Kate Fitzpatrick
17381,Kate Flannery
17382,Kate Fleetwood
17383,Kate Greenhouse
17384,Kate Harbour
17385,Kate Hardie
17386,Kate Henshaw-Nuttal
17387,Kate Higgins
17388,Kate Hudson
17389,Kate Jenkinson
17390,Kate Jennings Grant
17391,Kate Kovach
17392,Kate Lang Johnson
17393,Kate Linder
17394,Kate Liquorish
17395,Kate Lyn Sheil
17396,Kate Magowan
17397,Kate Mara
17398,Kate McCafferty
17399,Kate McGregor-Stewart
17400,Kate McKinnon
17401,Kate Micucci
17402,Kate Moran
17403,Kate Moyer
17404,Kate Mulgrew
17405,Kate Murphy
17406,Kate Nash
17407,Kate Nelligan
17408,Kate Nhung
17409,Kate Nowlin
17410,Kate Pang
17411,Kate Reinders
17412,Kate Rose Reynolds
17413,Kate Rutter
17414,Kate Seftel
17415,Kate Sheldon
17416,Kate Siegel
17417,Kate Todd
17418,Kate Trotter
17419,Kate Tsui
17420,Kate Vernon
17421,Kate Walsh
17422,Kate Winslet
17423,Kate Yeung
17424,Kate del Castillo
17425,Katee Sackhoff
17426,Katelijne Damen
17427,Katelyn Epperly
17428,Katerina D'Onofrio
17429,Katerina Tannenbaum
17430,Katey Hoffman
17431,Katey Sagal
17432,Kath Soucie
17433,Kathaleeya McIntosh
17434,Katharin 'Ladie K' Mraz
17435,Katharina Schüttler
17436,Katharina Schütz
17437,Katharine Houghton
17438,Katharine Isabelle
17439,Katharine McPhee
17440,Katherine Barrell
17441,Katherine Boecher
17442,Katherine Escobar
17443,Katherine Escobar Farfan
17444,Katherine Halliday
17445,Katherine Heigl
17446,Katherine Helmond
17447,Katherine Hughes
17448,Katherine Kelly
17449,Katherine La Nasa
17450,Katherine Langford
17451,Katherine Levac
17452,Katherine McNamara
17453,Katherine Moennig
17454,Katherine Narducci
17455,Katherine Parkinson
17456,Katherine Porto
17457,Katherine Ryan
17458,Katherine Vélez
17459,Katherine Wang
17460,Katherine Waterston
17461,Katheryn Winnick
17462,Kathir
17463,Kathleen Barr
17464,Kathleen Chalfant
17465,Kathleen Gati
17466,Kathleen Laskey
17467,Kathleen Lloyd
17468,Kathleen Madigan
17469,Kathleen Marshall
17470,Kathleen McDermott
17471,Kathleen Munroe
17472,Kathleen Quinlan
17473,Kathleen Robertson
17474,Kathleen Roll
17475,Kathleen Rose Perkins
17476,Kathleen Turner
17477,Kathleen Wilhoite
17478,Kathleen York
17479,Kathleen Zuelch
17480,Kathrine Herzer
17481,Kathrine Narducci
17482,Kathrine Thorborg Johansen
17483,Kathryn Bernardo
17484,Kathryn Denning
17485,Kathryn Drysdale
17486,Kathryn Emily Douglas
17487,Kathryn Erbe
17488,Kathryn Hahn
17489,Kathryn Joosten
17490,Kathryn Morris
17491,Kathryn Mullen
17492,Kathryn Newton
17493,Kathryn Prescott
17494,Kathy Baker
17495,Kathy Bates
17496,Kathy Domenici
17497,Kathy Ireland
17498,Kathy Kiera Clarke
17499,Kathy Murphy
17500,Kathy Najimy
17501,Kathy Wu
17502,Kathy-Ann Hart
17503,Kathyrn Davis
17504,Kati Outinen
17505,Katia Gomez
17506,Katia Horn
17507,Katie Aselton
17508,Katie Blake
17509,Katie Carr
17510,Katie Cassidy
17511,Katie Chang
17512,Katie Chen
17513,Katie Clarkson-Hill
17514,Katie Couric
17515,Katie Crown
17516,Katie Douglas
17517,Katie Featherston
17518,Katie Findlay
17519,Katie Griffin
17520,Katie Hartman
17521,Katie Holmes
17522,Katie Jarvis
17523,Katie Keene
17524,Katie Leigh
17525,Katie Leung
17526,Katie Lowes
17527,Katie Maguire
17528,Katie McGrath
17529,Katie Morgan
17530,Katie Nehra
17531,Katie Proctor
17532,Katie Rich
17533,Katie Rushworth
17534,Katie Stevens
17535,Katie Strain
17536,Katie Walder
17537,Katija Pevec
17538,Katiuscia Canoro
17539,Katja Herbers
17540,Katja Riemann
17541,Katlego Danke
17542,Katlyn Carlson
17543,Katriina Isberg
17544,Katrin Lohmann
17545,Katrin Pollitt
17546,Katrin Saß
17547,Katrina Begin
17548,Katrina Bowden
17549,Katrina Browne
17550,Katrina Devine
17551,Katrina Durden
17552,Katrina Grey
17553,Katrina Hachey
17554,Katrina Kaif
17555,Katrina Michelle Legaspi
17556,Katrina Milosevic
17557,Katrina Nare
17558,Katrine Rosenthal
17559,Katsuhisa Houki
17560,Katsuhisa Namase
17561,Katsunosuke Hori
17562,Katsuya Kobayashi
17563,Katsuyuki Konishi
17564,Katt Williams
17565,Katy Byrne
17566,Katy Louise Saunders
17567,Katy Mixon
17568,Katy Perry
17569,Katy Wix
17570,Katya Santos
17571,Kaurwakee Vashistha
17572,Kausar Mohammed
17573,Kaustav Ghosh
17574,Kaustubh Kumar
17575,Kaustubh Narain
17576,Kavi Shastri
17577,Kavin Dave
17578,Kavin Jay
17579,Kavya Bector
17580,Kawa Ada
17581,Kawin Manonukul
17582,Kay Bess
17583,Kay Greidanus
17584,Kay Huang
17585,Kay Kay Menon
17586,Kay Lertsittichai
17587,Kay Lyon
17588,Kay Noone
17589,Kay Smith
17590,Kaya Blocksage
17591,Kaya Jade Aguirre
17592,Kaya Kiyohara
17593,Kaya Scodelario
17594,Kaya Yanar
17595,Kaycee Moore
17596,Kaycie Chase
17597,Kayden Magnuson
17598,Kayla Lorette
17599,Kayla Rybicka
17600,Kayla Wallace
17601,Kaylee Bryant
17602,Kayli Carter
17603,Kayli Mills
17604,Kayne Lee Harrison
17605,Kayne Tremills
17606,Kayode Olaiya
17607,Kayode Olaseinde
17608,Kayoze Irani
17609,Kayra Şenocak
17610,Kaytha Coker
17611,Kayvan Novak
17612,Kaz Sawamura
17613,Kazu Patrick Tang
17614,Kazue Ikura
17615,Kazuhiko Inoue
17616,Kazuhiro Kiyohara
17617,Kazuhiro Muroyama
17618,Kazuhiro Yamaji
17619,Kazuki Kitamura
17620,Kazuki Maehara
17621,Kazuki Namioka
17622,Kazuki Yano
17623,Kazuki Yao
17624,Kazuma Horie
17625,Kazuma Kawamura
17626,Kazumi Evans
17627,Kazunari Tanaka
17628,Kazuo Hayashi
17629,Kazutoyo Koyabu
17630,Kazuya Masuda
17631,Kazuya Nakai
17632,Kazuya Takahashi
17633,Kazuyoshi Shiibashi
17634,Kazuyuki Okitsu
17635,Ke Chu
17636,Ke Gai
17637,Ke Huy Quan
17638,Kea Peahu
17639,Kean Cipriano
17640,Keanu Chi
17641,Keanu Reeves
17642,Keara Graves
17643,Kearia Schroeder
17644,Kedar Brown
17645,Kedar Williams-Stirling
17646,Kedrick Brown
17647,Kee Seymore
17648,Keean Johnson
17649,Keegan Connor Tracy
17650,Keegan Joyce
17651,Keegan-Michael Key
17652,Keeley Hawes
17653,Keelin Woodell
17654,Keenan Coogler
17655,Keenan Tracey
17656,Keenan Wynn
17657,Keene Curtis
17658,Keenen Ivory Wayans
17659,Keerati Mahapreukpong
17660,Keerati Sivakuae
17661,Keerthi Suresh
17662,Keerthy Suresh
17663,Keesha Sharp
17664,Keetapat Pongruea
17665,Keeya Khanna
17666,Kehinde Bankole
17667,Kehinde Fasuyi
17668,Kei Shindo
17669,Kei Shindou
17670,Kei Tanaka
17671,Keiichi Sonobe
17672,Keiji Fujiwara
17673,Keiji Kuroki
17674,Keiko Agena
17675,Keiko Han
17676,Keiko Nemoto
17677,Keiko Toda
17678,Keir Gilchrist
17679,Keir O'Donnell
17680,Keira Hewatch
17681,Keira Knightley
17682,Keisha Zollar
17683,Keisuke Koide
17684,Keisuke Koumoto
17685,Keisuke Oda
17686,Keita Machida
17687,Keith Allan
17688,Keith Arthur Bolden
17689,Keith Carlos
17690,Keith Carradine
17691,Keith Cooke
17692,Keith Cooper
17693,Keith David
17694,Keith Duffy
17695,Keith Faulkner
17696,Keith Ferguson
17697,Keith Lee
17698,Keith Lucas
17699,Keith Machekanyanga
17700,Keith Murray
17701,Keith Osborn
17702,Keith Poulson
17703,Keith Powell
17704,Keith Powers
17705,Keith Richards
17706,Keith Robinson
17707,Keith Scott
17708,Keith Sequeira
17709,Keith Silverstein
17710,Keith Stevenson
17711,Keith Wickham
17712,Keiynan Lonsdale
17713,Keiyon Cook
17714,Kejmanee Wattanasin
17715,Keke Palmer
17716,Kel Mitchell
17717,Kelcey Mawema
17718,Kelcey Watson
17719,Kelechi Udegbe
17720,Kelen Coleman
17721,Kelis
17722,Kellan Lutz
17723,Kellen Goff
17724,Kelli Berglund
17725,Kelli Garner
17726,Kelli Goss
17727,Kelli O'Hara
17728,Kellita Smith
17729,Kelly B. Jones
17730,Kelly Bishop
17731,Kelly Blatz
17732,Kelly Chen Jia-li
17733,Kelly Clarkson
17734,Kelly Curran
17735,Kelly Eleftheriou
17736,Kelly Gough
17737,Kelly Hope Taylor
17738,Kelly Hu
17739,Kelly Huang
17740,Kelly Jenrette
17741,Kelly Jo Minter
17742,Kelly Kruger
17743,Kelly Lua
17744,Kelly Lynch
17745,Kelly Macdonald
17746,Kelly Marie Stewart
17747,Kelly Marie Tran
17748,Kelly McCreary
17749,Kelly Metzger
17750,Kelly Noonan
17751,Kelly Overton
17752,Kelly Paoli
17753,Kelly Pendygraft
17754,Kelly Perine
17755,Kelly Preston
17756,Kelly Reilly
17757,Kelly Rowan
17758,Kelly Rutherford
17759,Kelly Sheridan
17760,Kelly Slater
17761,Kelly Ward
17762,Kelsey Asbille
17763,Kelsey Flower
17764,Kelsey Grammer
17765,Kelsey Scott
17766,Kelsey Tucker
17767,Kelson Henderson
17768,Kelsy Abbott
17769,Kelvin Boateng
17770,Kelvin Harrison Jr.
17771,Kelvin Ikeduba
17772,Kelvin Leong
17773,Kelvin Miranda
17774,Kelvin Yu
17775,Kelzy Ecard
17776,Kema Sikazwe
17777,Kemal Pahlevi
17778,Kemal İnci
17779,Kemi Lala Akindoju
17780,Kemi Olofinmakin
17781,Kemi-Bo Jacobs
17782,Kemisara Paladesh
17783,Ken Bones
17784,Ken Camroux-Taylor
17785,Ken Chang
17786,Ken Chung
17787,Ken Davitian
17788,Ken Duken
17789,Ken Erics
17790,Ken Foree
17791,Ken Howard
17792,Ken Hudson Campbell
17793,Ken Hung
17794,Ken Ishiguro
17795,Ken Jeong
17796,Ken Kaito
17797,Ken Kirzinger
17798,Ken Lally
17799,Ken Lawson
17800,Ken Leung
17801,Ken Lo
17802,Ken Marino
17803,Ken Mitsuishi
17804,Ken Narita
17805,Ken Olin
17806,Ken Page
17807,Ken Shorter
17808,Ken Spassione
17809,Ken Stott
17810,Ken Tong
17811,Ken Tremblett
17812,Ken Uo
17813,Ken Watanabe
17814,Ken Wong
17815,Ken Yamamura
17816,Ken Yasuda
17817,Kenan Bal
17818,Kenan Ece
17819,Kenan Thompson
17820,Kenan İmirzalıoğlu
17821,Kenchi Tachibana
17822,Kendall Ryan Sanders
17823,Kendall Schmidt
17824,Kendo Kobayashi
17825,Kendra Gilliams
17826,Kendrick Cross
17827,Kengo Kawanishi
17828,Kengo Kora
17829,Kengo Takanashi
17830,Kenichi Matsuyama
17831,Kenichi Ogata
17832,Kenichi Suzumura
17833,Kenichirou Matsuda
17834,Kenji Hamada
17835,Kenji Kamiyama
17836,Kenji Nojima
17837,Kenji Nomura
17838,Kenji Utsumi
17839,Kenji Yamauchi
17840,Kenjiro Tsuda
17841,Kenjiro Yamashita
17842,Kenn
17843,Kenn Michael
17844,Kenn Scott
17845,Kenna James
17846,Kennedi Butler
17847,Kennedy Lea Slocum
17848,Kenneth Billings
17849,Kenneth Branagh
17850,Kenneth Chan
17851,Kenneth Choi
17852,Kenneth Collard
17853,Kenneth Cranham
17854,Kenneth Desai
17855,Kenneth Edmonds
17856,Kenneth Fok
17857,Kenneth Griffith
17858,Kenneth Miller
17859,Kenneth Mitchell
17860,Kenneth Moronta
17861,Kenneth Nkosi
17862,Kenneth Okolie
17863,Kenneth Okonkwo
17864,Kenneth Tigar
17865,Kenneth Tsang
17866,Kenneth Welsh
17867,Kenny Basumatary
17868,Kenny Bee
17869,Kenny G
17870,Kenny Lin
17871,Kenny Lucas
17872,Kenny Rhodes
17873,Kenny Roberts
17874,Kenny Sebastian
17875,Kenny Wen
17876,Kenny Wong
17877,Kenny Wormald
17878,Kensho Ono
17879,Kensuke Sato
17880,Kent Cheng
17881,Kent Osborne
17882,Kent S. Leung
17883,Kent Shocknek
17884,Kenta Hamano
17885,Kenta Miyake
17886,Kenta Suga
17887,Kentaro
17888,Kentaro Ito
17889,Kentaro Kumagai
17890,Kentaro Sakaguchi
17891,Kentaro Takano
17892,Kentaro Tone
17893,Kentarô Itô
17894,Kento Hayashi
17895,Kento Yamazaki
17896,Kenya Barris
17897,Kenya Sawada
17898,Kenyu Horiuchi
17899,Kenza Fortas
17900,Keo Woolford
17901,Keone Young
17902,Keong Sim
17903,Kepa Amuchastegui
17904,Keppy Ekpenyong
17905,Keppy Ekpenyong Bassey
17906,Kerem Bürsin
17907,Kerem Can
17908,Keri Russell
17909,Kerith Atkinson
17910,Kermit the Frog
17911,Kerr Logan
17912,Kerr Smith
17913,Kerri Medders
17914,Kerrigan Mahan
17915,Kerris Dorsey
17916,Kerry Bishé
17917,Kerry Coddett
17918,Kerry Fox
17919,Kerry Godliman
17920,Kerry Gudjohnsen
17921,Kerry Ingram
17922,Kerry James
17923,Kerry Knuppe
17924,Kerry O'Malley
17925,Kerry Shale
17926,Kerry Walker
17927,Kerry Washington
17928,Kerry Williams
17929,Kery James
17930,Kesava Karri
17931,Keshav Sadhna
17932,Keshto Mukherjee
17933,Keston John
17934,Ketan Karande
17935,Ketan Kava
17936,Ketan Pawar
17937,Ketan Singh
17938,Ketchup Eusebio
17939,Kether Donohue
17940,Ketprapakorn Narikun
17941,Kett Thantup
17942,Ketty Lester
17943,Keun-suk Jang
17944,Kevin Adrian Barnaby
17945,Kevin Alejandro
17946,Kevin Alexander Clark
17947,Kevin Alves
17948,Kevin Andrean
17949,Kevin Andrés Muñoz
17950,Kevin Ardilova
17951,Kevin B. McGlynn
17952,Kevin Bacon
17953,Kevin Bishop
17954,Kevin Blake
17955,Kevin Breznahan
17956,Kevin Brophy
17957,Kevin Brown
17958,Kevin Bzezovski Taroreh
17959,Kevin Carroll
17960,Kevin Cecil
17961,Kevin Chamberlin
17962,Kevin Chapman
17963,Kevin Cheng
17964,Kevin Christy
17965,Kevin Clash
17966,Kevin Claydon
17967,Kevin Clayette
17968,Kevin Connolly
17969,Kevin Conroy
17970,Kevin Copeland
17971,Kevin Corrigan
17972,Kevin Costner
17973,Kevin Crowley
17974,Kevin Daniels
17975,Kevin DeCoste
17976,Kevin Dillon
17977,Kevin Doyle
17978,Kevin Draine
17979,Kevin Duhaney
17980,Kevin Dunn
17981,Kevin Durand
17982,Kevin Eldon
17983,Kevin Fong
17984,Kevin Fuller
17985,Kevin G. Quinn
17986,Kevin Garnett
17987,Kevin Greutert
17988,Kevin Grevioux
17989,Kevin Guthrie
17990,Kevin Hanchard
17991,Kevin Hanssen
17992,Kevin Hart
17993,Kevin Heffernan
17994,Kevin Hernandez
17995,Kevin Howarth
17996,Kevin J. O'Connor
17997,Kevin James
17998,Kevin Janssens
17999,Kevin Jorgeson
18000,Kevin Jose
18001,Kevin Julio
18002,Kevin Kilner
18003,Kevin Kincaid
18004,Kevin Kleinberg
18005,Kevin Kline
18006,Kevin Kolack
18007,Kevin Lee
18008,Kevin Leo
18009,Kevin Leslie
18010,Kevin Linehan
18011,Kevin Liu
18012,Kevin Makely
18013,Kevin McAlinden
18014,Kevin McCarthy
18015,Kevin McCloud
18016,Kevin McCorkle
18017,Kevin McDonald
18018,Kevin McGarry
18019,Kevin McHale
18020,Kevin McKidd
18021,Kevin McNally
18022,Kevin Michael Richardson
18023,Kevin Morris
18024,Kevin Murphy
18025,Kevin Nash
18026,Kevin Nealon
18027,Kevin O'Grady
18028,Kevin Phillips
18029,Kevin Pollak
18030,Kevin Quinn
18031,Kevin Ragsdale
18032,Kevin Rahm
18033,Kevin Rankin
18034,Kevin Razy
18035,Kevin Rees
18036,Kevin Remington
18037,Kevin Ritchie
18038,Kevin Rivera
18039,Kevin Seal
18040,Kevin Shen
18041,Kevin Sheridan
18042,Kevin Sizemore
18043,Kevin Smith
18044,Kevin Sorbo
18045,Kevin Spacey
18046,Kevin Stone
18047,Kevin Sussman
18048,Kevin T. Collins
18049,Kevin Thoms
18050,Kevin Tighe
18051,Kevin Trainor
18052,Kevin Ushi
18053,Kevin Vance
18054,Kevin Vechiatto
18055,Kevin Weisman
18056,Kevin Wiggins
18057,Kevin Wu
18058,Kevin Zegers
18059,Kevork Malikyan
18060,Kevyn Aucoin
18061,Keyakizaka46
18062,Keyon Williams
18063,Keythe Farley
18064,Kezia Aletheia
18065,Khadija Alakel
18066,Khadijha Red Thunder
18067,Khafi Kareem
18068,Khairia Nazmi
18069,Khairiah Abulaban
18070,Khaled Abdullah
18071,Khaled Abol El Naga
18072,Khaled Abol Naga
18073,Khaled Al-Buraiki
18074,Khaled Al-Nuaimi
18075,Khaled Al-Shaer
18076,Khaled Alkeesh
18077,Khaled Ameen
18078,Khaled Amin
18079,Khaled Bamashmoos
18080,Khaled El Nabawy
18081,Khaled El Sawy
18082,Khaled El Sayed
18083,Khaled Kamal
18084,Khaled Kouka
18085,Khaled Nagy
18086,Khaled Raafat
18087,Khaled Saleh
18088,Khaled Sami
18089,Khaled Sarhan
18090,Khaled Talaat
18091,Khali Daniya-Renee Spraggins
18092,Khalid Abdalla
18093,Khalid Ahmed
18094,Khalid Al Suwaidi
18095,Khalid Bounouar
18096,Khalid Mengah
18097,Khalid Muthafar
18098,Khalid Siddiqui
18099,Khalid Tyabji
18100,Khalifa Albhri
18101,Khalil Everage
18102,Khalil Kain
18103,Khalil Ramos
18104,Khalima Gadji
18105,Khandi Alexander
18106,Khanh Van
18107,Kharaj Mukherjee
18108,Khary Payton
18109,Khathu Ramabulana
18110,Khaya Mthembu
18111,Kheiron
18112,Khemanit Jamikorn
18113,Khitam el Leham
18114,Khiyla Aynne
18115,Khosi Ngema
18116,Khris Davis
18117,Khristian Clausen
18118,Khumbulani Kay Sibiya
18119,Khuong Le
18120,Khurram Patras
18121,Khusboo
18122,Khushboo Atre
18123,Khushboo Upadhyay
18124,Khushbu Baid
18125,Khushdeed Maan
18126,Khushi Maheen
18127,Ki Hong Lee
18128,Ki-hyeon Kim
18129,Ki-joon Uhm
18130,Ki-jun Shin
18131,Ki-sung Bae
18132,Ki-woo Lee
18133,KiKi Layne
18134,Kia Stevens
18135,Kian Lawley
18136,Kiana Ledé
18137,Kiana Madani
18138,Kiana Madeira
18139,Kiana Tom
18140,Kiara Advani
18141,Kichu Tellus
18142,Kid Capri
18143,Kid Ink
18144,Kid Rock
18145,Kida Khodr Ramadan
18146,Kiearra Soni
18147,Kiefer Sutherland
18148,Kiele Sanchez
18149,Kien Shih
18150,Kier Stewart
18151,Kiera Strauss
18152,Kieran Culkin
18153,Kieran Walton
18154,Kiernan Shipka
18155,Kieron Dyer
18156,Kiersey Clemons
18157,Kierston Wareing
18158,Kiff VandenHeuvel
18159,Kika Magalhães
18160,Kika Markham
18161,Kiki Chen
18162,Kiki Narendra
18163,Kiki Omeili
18164,Kiki Sukezane
18165,Kiko Matos
18166,Kiko Mizuhara
18167,Kiko Vianello
18168,Kiku Sharda
18169,Kikuko Inoue
18170,Kikín Fernández
18171,Kil Hae-yeon
18172,Kiljan Tyr Moroney
18173,Killer Mike
18174,Killian Scott
18175,Kim
18176,Kim Adis
18177,Kim Ah-joong
18178,Kim Ameliia
18179,Kim Ba-da
18180,Kim Basinger
18181,Kim Beom
18182,Kim Beop-rae
18183,Kim Bo-min
18184,Kim Bo-ra
18185,Kim Bum
18186,Kim Byung-choon
18187,Kim Byung-ok
18188,Kim Cattrall
18189,Kim Chang-wan
18190,Kim Chang-won
18191,Kim Chiu
18192,Kim Coates
18193,Kim Da-mi
18194,Kim Da-som
18195,Kim Dae-myeong
18196,Kim Dae-myung
18197,Kim Darby
18198,Kim DeJesus
18199,Kim Delaney
18200,Kim Dickens
18201,Kim Do-wan
18202,Kim Do-yeon
18203,Kim Dong-hee
18204,Kim Dong-jun
18205,Kim Dong-wook
18206,Kim Dong-yeong
18207,Kim Engelbrecht
18208,Kim Eui-sung
18209,Kim Eun-ah
18210,Kim Eung-soo
18211,Kim Fairchild
18212,Kim Fields
18213,Kim Ga-eun
18214,Kim Go-eun
18215,Kim Guk-hee
18216,Kim Gyu-ri
18217,Kim Gyu-sun
18218,Kim Hae-gon
18219,Kim Hae-sook
18220,Kim Hae-suk
18221,Kim Hak-seon
18222,Kim Hawthorne
18223,Kim Hee-jung
18224,Kim Hee-won
18225,Kim Ho-jung
18226,Kim Hong-pa
18227,Kim Hye-eun
18228,Kim Hye-ja
18229,Kim Hye-jun
18230,Kim Hye-soo
18231,Kim Hye-su
18232,Kim Hyo-jin
18233,Kim Hyun-joong
18234,Kim Hyun-wook
18235,Kim In-kwon
18236,Kim Jae-ha
18237,Kim Jae-hyun
18238,Kim Jae-uk
18239,Kim Jae-wook
18240,Kim Jae-young
18241,Kim Jang
18242,Kim Ji-seok
18243,Kim Ji-won
18244,Kim Ji-young
18245,Kim Jong-goo
18246,Kim Jong-min
18247,Kim Jong-soo
18248,Kim Jong-tae
18249,Kim Joo-hyuk
18250,Kim Joo-ryoung
18251,Kim Joon
18252,Kim Ju-hun
18253,Kim Jun-han
18254,Kim Jung-hyun
18255,Kim Jung-nan
18256,Kim Kang-hoon
18257,Kim Kap-soo
18258,Kim Ki-ri
18259,Kim Kold
18260,Kim Kwang-gyoo
18261,Kim Kwon
18262,Kim Kyung-nam
18263,Kim Mee-kyeong
18264,Kim Mee-kyung
18265,Kim Mi-hwa
18266,Kim Mi-su
18267,Kim Min-hee
18268,Kim Min-jae
18269,Kim Min-jong
18270,Kim Min-jun
18271,Kim Min-jung
18272,Kim Min-kyo
18273,Kim Min-sang
18274,Kim Min-seok
18275,Kim Morgan Greene
18276,Kim Mu-yeol
18277,Kim Myeong-su
18278,Kim Myung-jun
18279,Kim Myung-min
18280,Kim Na-yeon
18281,Kim Nam-gil
18282,Kim Ok-vin
18283,Kim Ramirez
18284,Kim Rhodes
18285,Kim Ri-woo
18286,Kim Richards
18287,Kim Roi-ha
18288,Kim Sa-rang
18289,Kim Sang-ho
18290,Kim Sang-jung
18291,Kim Sang-kyung
18292,Kim Se-jeong
18293,Kim Seo-hyung
18294,Kim Seo-kyung
18295,Kim Seo-yeong
18296,Kim Seon-ho
18297,Kim Seong-won
18298,Kim Seul-ki
18299,Kim Seung-woo
18300,Kim Sharma
18301,Kim Shaw
18302,Kim Si-a
18303,Kim Si-eun
18304,Kim Si-young
18305,Kim So-eun
18306,Kim So-hyun
18307,Kim So-jin
18308,Kim So-yeon
18309,Kim Soo-hyun
18310,Kim Soo-jin
18311,Kim Soo-kyung
18312,Kim Sook
18313,Kim Sook-young
18314,Kim Strauss
18315,Kim Sun-young
18316,Kim Sung-gon
18317,Kim Sung-kyu
18318,Kim Sung-kyun
18319,Kim Sung-oh
18320,Kim Sung-ryoung
18321,Kim Tae-hee
18322,Kim Tae-hun
18323,Kim Tae-ri
18324,Kim Tae-woo
18325,Kim Waddoup
18326,Kim Webster
18327,Kim Won-hae
18328,Kim Woo-bin
18329,Kim Yarbrough
18330,Kim Ye-won
18331,Kim Yeo-jin
18332,Kim Yeon-woo
18333,Kim Yeong-ok
18334,Kim Yo-han
18335,Kim Yong-geon
18336,Kim Yong-rim
18337,Kim Yoon-hye
18338,Kim You-jung
18339,Kim You-mi
18340,Kim Young-ah
18341,Kim Young-chul
18342,Kim Young-ho
18343,Kim Young-kwang
18344,Kim Young-min
18345,Kim Young-ok
18346,Kim Yu-mi
18347,Kim-Henning Nilsen
18348,Kim-Lian van der Meij
18349,Kimberley Louisa McBeath
18350,Kimberley Nixon
18351,Kimberley Wong
18352,Kimberly Brooks
18353,Kimberly Chia
18354,Kimberly Crandall
18355,Kimberly Elise
18356,Kimberly Hébert Gregory
18357,Kimberly Hébert-Gregory
18358,Kimberly Quinn
18359,Kimberly Reyes
18360,Kimberly Russell
18361,Kimberly Williams-Paisley
18362,Kimberly Woods
18363,Kimberly-Rose Wolter
18364,Kimberly-Sue Murray
18365,Kimelia Weathers
18366,Kimhak Mun
18367,Kimi Hsia
18368,Kimi Verma
18369,Kimia Behpoornia
18370,Kimia Hosseini
18371,Kimie Tsukakoshi
18372,Kimiko Glenn
18373,Kimiko Saito
18374,Kimiko Yo
18375,Kimlinh Tran
18376,Kimmy Gatewood
18377,Kimmy Robertson
18378,Kimmy Shields
18379,Kimora Lee Simmons
18380,Kimrie Lewis-Davis
18381,Kimti Anand
18382,Kin-Yan Lee
18383,Kinaryosih
18384,Kinda Allouch
18385,Kinda Alloush
18386,King & Prince
18387,King Bawa
18388,King Chin
18389,Kingone Wang
18390,Kingsford Siayor
18391,Kingsley Ben-Adir
18392,Kingston DuCoeur
18393,Kingston Foster
18394,Kinna McInroe
18395,Kinuo Yamada
18396,Kiowa Gordon
18397,Kip Andersen
18398,Kip Pardue
18399,Kip Weeks
18400,Kippei Shiina
18401,Kira Buckland
18402,Kira Tozer
18403,Kiran Juneja
18404,Kiran Karmarkar
18405,Kiran Kumar
18406,Kiran Malik
18407,Kiran Raj
18408,Kiran Rathod
18409,Kiran Sonia Sawar
18410,Kiran Vairale
18411,Kiran Yadnyopavit
18412,Kiray Celis
18413,Kirby Bliss Blanton
18414,Kirby Morrow
18415,Kiri Paramore
18416,Kiria Malheiros
18417,Kirikou S'hai Muldrow
18418,Kirill Bichutsky
18419,Kirill Cernyakov
18420,Kirill Käro
18421,Kirill Poluhin
18422,Kirill Polukhin
18423,Kirill Zaitsev
18424,Kirk Fogg
18425,Kirk Fox
18426,Kirk Hammett
18427,Kirk Thornton
18428,Kirk Trutner
18429,Kirk Ward
18430,Kirk Wong
18431,Kiron Kher
18432,Kirrilee Berger
18433,Kirron Kher
18434,Kirsten Day
18435,Kirsten Dunst
18436,Kirsten Robek
18437,Kirsten Vangsness
18438,Kirstie Alley
18439,Kirstin Howell
18440,Kirstin McLean
18441,Kirsty Strain
18442,Kirti Kulhari
18443,Kis-My-Ft2
18444,Kisho Taniyama
18445,Kishor Mahabole
18446,Kishore
18447,Kishore Kadam
18448,Kishore Kumar
18449,Kishore Kumar G.
18450,Kishore Sathya
18451,Kishori Balal
18452,Kishori Shahane
18453,Kisum
18454,Kit Chan
18455,Kit Harington
18456,Kit Thompson
18457,Kit Williamson
18458,Kit Young
18459,Kitaro
18460,Kiti Mánver
18461,Kittikun Tansuhas
18462,Kittiphong Dumavibhat
18463,Kittiphoom Wongpentak
18464,Kittipong Khamsat
18465,Kittisak Patomburana
18466,Kitty Speed
18467,Kitu Gidwani
18468,Kiyofumi Kaneko
18469,Kiyohiko Shibukawa
18470,Kiyono Yasuno
18471,Kiyonobu Suzuki
18472,Kiyoshi Kawakubo
18473,Kiyoshi Kobayashi
18474,Kiyoyuki Yanada
18475,Kiño
18476,Kjersti Tveterås
18477,Klaas Heufer-Umlauf
18478,Klara Castanho
18479,Klara Deutschmann
18480,Klarke Pipkin
18481,Klaudia Dudová
18482,Klaudia Koścista
18483,Klaus Steinbacher
18484,Klea Scott
18485,Ko A-sung
18486,Ko Hyun-jung
18487,Ko Kyoung-pyo
18488,Ko Kyung-pyo
18489,Ko Min-si
18490,Ko Soo
18491,Ko Sung-hee
18492,Kobi Frumer
18493,Kobina Amissah Sam
18494,Kochakorn Nimakorn
18495,Kochu Preman
18496,Kodai Matsuoka
18497,Kodi Smit-McPhee
18498,Koel Purie
18499,Koen De Sutter
18500,Koen Kondo
18501,Koena Mitra
18502,Koffi tha guru
18503,Kofi Ghanaba
18504,Kofi Kingston
18505,Kofi Siriboe
18506,Koh Woo-ri
18507,Koharu Nogata
18508,Kohei Amasaki
18509,Kohei Miyauchi
18510,Kohei Murakami
18511,Kohei Takeda
18512,Kohsuke Toriumi
18513,Kohtee Aramboy
18514,Koichi Domoto
18515,Koichi Hashimoto
18516,Koichi Iwaki
18517,Koichi Tochika
18518,Koichi Yamadera
18519,Koii Korakod
18520,Koji Ishii
18521,Koji Mukai
18522,Koji Ohkura
18523,Koji Tsujitani
18524,Koji Yakusho
18525,Koji Yamamoto
18526,Koji Yusa
18527,Koki Osamura
18528,Koki Uchiyama
18529,Kokoy De Santos
18530,Kokoy DeSantos
18531,Kolton Stewart
18532,Komal Gawade
18533,Komal Gupta
18534,Komal Singh
18535,Komegumi Koiwasaki
18536,Kompheak Phoeung
18537,Komsan Kajonpaisansuk
18538,Koneenica Banerjee
18539,Kong Hyo-jin
18540,Kongkid Visessiri
18541,Kongsak Kaenmeepol
18542,Kongtoranin Lalana
18543,Kongyingyong Chonlathorn
18544,Konkona Sen Sharma
18545,Konomi Kohara
18546,Konomi Suzuki
18547,Konrad Żygadło
18548,Konstantin Anikienko
18549,Konstantin Khabenskiy
18550,Konstantin Melikhov
18551,Konstantin Rommelfangen
18552,Koo Ja-sung
18553,Koo Kyo-hwan
18554,Koobeshan Naidoo
18555,Kool Shen
18556,Kopi Lim Guo Wei
18557,Korapat Kirdpan
18558,"Kordell ""KD"" Johnson"
18559,Korey Jackson
18560,Korie Robertson
18561,Korine Côté
18562,Kornpassorn Duaysianklao
18563,Kornrawich Sungkitbool
18564,Kosar Ali
18565,Kosei Hirota
18566,Kostja Ullmann
18567,Kosuke Takaguchi
18568,Kosuke Toyohara
18569,Kota Eberhardt
18570,Kotaro Nishiyama
18571,Kotaro Shiga
18572,Kotaro Yoshida
18573,Kotono Mitsuishi
18574,Kotori Koiwai
18575,Kottayam Pradeep
18576,Kottayam Purushan
18577,Kougoin Kenneth Yuh
18578,Kouhei Amasaki
18579,Kouki Miyata
18580,Kouki Uchiyama
18581,Kourtney Hansen
18582,Kourtney Kardashian
18583,Kousei Amano
18584,Koushik Sen
18585,Koustubh Jayakumar
18586,Kowit Wattanakul
18587,Koya Nagasawa
18588,Koye Kekere Ekun
18589,Koyuki
18590,Kozo Morishita
18591,Kranti Prakash Jha
18592,Kranti Redkar
18593,Kreshna
18594,Kriengsak Hrientong
18595,Krijay Govender
18596,Kris Aquino
18597,Kris Cuppens
18598,Kris Holden-Ried
18599,Kris Kristofferson
18600,Kris Lemche
18601,Kris Murphy
18602,Kris Pearn
18603,Kris Saddler
18604,Kris Shen
18605,Kris Srepoomseth
18606,Krish Moitra
18607,Krisha Fairchild
18608,Krisha Kurup
18609,Krishan Dhawan
18610,Krishan Kumar
18611,Krishang Trivedi
18612,Krishna Abhishek
18613,Krishna Bhatt
18614,Krishna Dasadiya
18615,Krishna Hebbale
18616,Krishna Prabha
18617,Krishna Sekhar
18618,Krishna Shrikanth Iyengar
18619,Krishnakant
18620,Krishnan Balakrishnan
18621,Krissada Sukosol
18622,Krissiri Sukhsvasti
18623,Krista Allen
18624,Krista Bridges
18625,Kristanna Loken
18626,Kristen Anderson-Lopez
18627,Kristen Bell
18628,Kristen Cloke
18629,Kristen Connolly
18630,Kristen Griffith-Vanderyacht
18631,Kristen Gutoskie
18632,Kristen Harris
18633,Kristen Johnston
18634,Kristen Miller
18635,Kristen Schaal
18636,Kristen Stewart
18637,Kristen Wiig
18638,Kristian Halken
18639,Kristian Nairn
18640,Kristie Marsden
18641,Kristiina Halttu
18642,Kristin Bauer van Straten
18643,Kristin Booth
18644,Kristin Braut-Solheim
18645,Kristin Charney
18646,Kristin Chenoweth
18647,Kristin Davis
18648,Kristin Fairlie
18649,Kristin Herrera
18650,Kristin Kreuk
18651,Kristin Lehman
18652,Kristin Scott Thomas
18653,Kristin Slaysman
18654,Kristina Akheeva
18655,Kristina Clifford
18656,Kristina Ho
18657,Kristina Krepela
18658,Kristina Lilley
18659,Kristina Nicoll
18660,Kristina Tonteri-Young
18661,Kristine Froseth
18662,Kristine Riis
18663,Kristín Thóra Haraldsdóttir
18664,Kristof Konrad
18665,Kristofer Hivju
18666,Kristoff St. John
18667,Kristoffer Polaha
18668,Kristoffer Ryan Winters
18669,Kristofor Brown
18670,Kristopher Lofton
18671,Kristopher Van Varenberg
18672,Kristopher Wente
18673,Kristy Banerjee
18674,Kristy Swanson
18675,Kristyl Tift
18676,Krit Jeerapattananuwong
18677,Krithi Shetty
18678,Kriti Kharbanda
18679,Kriti Malhotra
18680,Kriti Sanon
18681,Kritika Avasthi
18682,Kritika Bharadwaj
18683,Kritika Pande
18684,Kritika Sachdeva
18685,Kritsanapoom Pibulsonggram
18686,Krittanai Arsalprakit
18687,Kritteera Inpornwijit
18688,Krrish Chhabria
18689,Krunoslav Saric
18690,Krutika Bolaki
18691,Krysta Rodriguez
18692,Krystal Hope Nausbaum
18693,Krystal Joy Brown
18694,Krystal Jung
18695,Krystal Rodriguez
18696,Krysten Ritter
18697,Krystin Pellerin
18698,Krystle Snow
18699,Krystle Wright
18700,Krystof Hádek
18701,Krzysztof Czeczot
18702,Krzysztof Ibisz
18703,Krzysztof Stroiński
18704,Krzysztof Wach
18705,Krzysztof Zarzecki
18706,Ksawery Szlenkier
18707,Ksenia Solo
18708,Kseniya Kutepova
18709,Kshama Santosh Rai
18710,Ku Aquino
18711,Ku Faridah
18712,Ku Hye-sun
18713,Kuan Lin
18714,Kuan Tai Chen
18715,Kuan-chung Ku
18716,Kuang Muye
18717,Kuang Tian
18718,Kuang Yang
18719,Kubbra Sait
18720,Kuben Mahadevan
18721,Kubilay Aka
18722,Kubilay Penbeklioğlu
18723,Kubilay Sarikaya
18724,Kudzai Sevenzo
18725,Kulada Bhattacharjya
18726,Kulappulli Leela
18727,Kulbhushan Kharbanda
18728,Kuldeep Sharma
18729,Kuldeep Sodha
18730,Kuljinder Sidhu
18731,Kulraj Randhawa
18732,Kumail Nanjiani
18733,Kumar Mayank
18734,Kumar Natarajan
18735,Kumar Varun
18736,Kumarakom Vasudevan
18737,Kumaravel
18738,Kumiko Aso
18739,Kumiko Watanabe
18740,Kumkum
18741,Kumkum Chouhan
18742,Kumud Mishra
18743,Kunaal Roy Kapur
18744,Kunal Kapoor
18745,Kunal Kemmu
18746,Kunal Khemu
18747,Kunal Kohli
18748,Kunal Nayyar
18749,Kunal Sharma
18750,Kunal Sheth
18751,Kunal Vijaykar
18752,Kunchacko Boban
18753,Kunchanuj Kengkarnka
18754,Kungtap Saelim
18755,Kunihiko Yasui
18756,Kunika
18757,Kunika Lall
18758,Kunjue Li
18759,Kunle Afolayan
18760,Kunle Coker
18761,Kunle Fawole
18762,Kunle Remi
18763,Kunto Aji
18764,Kunwar Aziz
18765,Kuo Hua Chang
18766,Kuo Shu-yao
18767,Kuo Tze-cheng
18768,Kura Forrester
18769,Kurt Carley
18770,Kurt Cobain
18771,Kurt Egyiawan
18772,Kurt Fuller
18773,Kurt Max Runte
18774,Kurt Ostlund
18775,Kurt Russell
18776,Kurt Sorge
18777,Kurtis Blow
18778,Kurtwood Smith
18779,Kurush Deboo
18780,Kushal Badrike
18781,Kushal Chakraborty
18782,Kushal Punjabi
18783,Kushalini Pulapa
18784,Kusumit Sana
18785,Kuwaarjeet Chopraa
18786,Kwak Dong-yeon
18787,Kwak Jung-eun
18788,Kwak Min-ho
18789,Kwak Si-yang
18790,Kwan Hoi-san
18791,Kwan Ming-yuk
18792,Kwang-hyun Park
18793,Kwang-soo Lee
18794,Kwang-sun Park
18795,Kwasi Songui
18796,Kweku Elliot
18797,Kwesi Boakye
18798,Kwok Cheung Tsang
18799,Kwok Jing-hung
18800,Kwok Kuen Chan
18801,Kwok-Kwan Chan
18802,Kwok-Pong Chan
18803,Kwon Changwook
18804,Kwon Hae-hyo
18805,Kwon Han-sol
18806,Kwon Hyuk-hyun
18807,Kwon Jae-hwan
18808,Kwon Ji-hye
18809,Kwon Na-ra
18810,Kwon Soo-hyun
18811,Kwon Yul
18812,Kwon Yuri
18813,Kyan Khojandi
18814,Kyana Teresa
18815,Kyanna Simone Simpson
18816,Kyary Pamyu Pamyu
18817,Kych Minemoto
18818,Kye-sang Yoon
18819,Kyeong-rim Park
18820,Kyeong-yeong Lee
18821,Kygo
18822,Kyla Deaver
18823,Kyla Kane
18824,Kyla Pratt
18825,Kyla Wise
18826,Kyla-Drew
18827,Kyle Allen
18828,Kyle Bornheimer
18829,Kyle Breitkopf
18830,Kyle Chandler
18831,Kyle Dooley
18832,Kyle Gallner
18833,Kyle Gass
18834,Kyle Harvey
18835,Kyle Hebert
18836,Kyle Jameson
18837,Kyle Jordan
18838,Kyle Kinane
18839,Kyle Mac
18840,Kyle MacLachlan
18841,Kyle McCarley
18842,Kyle Richards
18843,Kyle Rideout
18844,Kyle Schmid
18845,Kyle Soller
18846,Kyle Velino
18847,Kylee Evans
18848,Kylian Trouillard
18849,Kylie Belling
18850,Kylie Bunbury
18851,Kylie Jefferson
18852,Kylie Liya Page
18853,Kym Whitley
18854,Kym Wilson
18855,Kyme
18856,Kymsleen Kholie
18857,Kyo Chen
18858,Kyoko Hikami
18859,Kyoko Koizumi
18860,Kyoko Yoshine
18861,Kyoo-hyung Lee
18862,Kyooko Hinami
18863,Kyousuke Ikeda
18864,Kyra Custodio
18865,Kyra Dutt
18866,Kyra Sedgwick
18867,Kyra Zagorsky
18868,Kyu-jong Kim
18869,Kyung Jin
18870,Kyung-gu Seol
18871,Kyung-ho Jung
18872,Kyung-hoon Min
18873,Kyung-nam Kim
18874,Kyung-pyo Go
18875,Kyung-seok Seo
18876,Kåre Conradi
18877,Kéfera Buchmann
18878,Kévin Mischel
18879,Köksal Engür
18880,Kürşat Alnıaçık
18881,Kıvanç Baran Arslan
18882,Kıvanç Tatlıtuğ
18883,L
18884,L. Alice
18885,L. Scott Caldwell
18886,L.J. Benet
18887,L.V.
18888,LL Cool J
18889,La Chanze
18890,La La Anthony
18891,La Terremoto de Alcorcón
18892,LaKeith Stanfield
18893,LaMonica Garrett
18894,LaTanya Richardson Jackson
18895,LaVaughn Hamilton
18896,Laaibah Alvi
18897,Laara Sadiq
18898,Lacey Chabert
18899,Lachion Buckingham
18900,Lachlan Buchanan
18901,Lachlan Gillespie
18902,Lachlan Nieboer
18903,Lachlan Riley Watson
18904,Lachlan Watson
18905,Lachy Hulme
18906,Lacy Moore
18907,Lada Obradovic
18908,Ladi Alpha
18909,Ladislav Beran
18910,Lady Gaga
18911,Ladya Cheryll
18912,Laerte Coutinho
18913,Laeticia Semaan
18914,Laetitia de Fombelle
18915,Lai Hing Chan
18916,Lai Kuan-lin
18917,Lai Suk-Yin
18918,Lai Wei
18919,Lai Yi
18920,Lai Yumeng
18921,Laia Costa
18922,Laila
18923,Laila Ali
18924,Laila Berzins
18925,Laila Elwi
18926,Laila Ezz El Arab
18927,Laila Fawzy
18928,Laila Gamal
18929,Laila Lockhart Kraner
18930,Laila Odom
18931,Laila Reyes Silberberg
18932,Laila Taher
18933,Laila Zaid
18934,Lain Lu
18935,Lainie Kazan
18936,Lake Bell
18937,Lakeith Stanfield
18938,Lakha Lakhwinder Singh
18939,Lakshmanan
18940,Lakshmi
18941,Lakshmi Manchu
18942,Lakshmi Menon
18943,Lakshmi Picazo
18944,Lakshmi Priyaa Chandramouli
18945,Lakshmi Rai
18946,Lakshvir Saran
18947,Lal
18948,Lal Jose
18949,Lala Kent
18950,Lalainia Lindbjerg
18951,Lalana Kongtoranin
18952,Lale Başar
18953,Lali Espósito
18954,Lalit Agarwal
18955,Lalit Mohan Tiwari
18956,Lalit Tiwari
18957,Lalita Panyopas
18958,Lalita Pawar
18959,Lalo Brito
18960,Lalor Roddy
18961,Lalu Alex
18962,Laly Goyzueta
18963,Lam Bao Danh
18964,Lam Chi-chung
18965,Lam Ka Tung
18966,Lam Suet
18967,Lam Thanh My
18968,Lam Yiu-sing
18969,Lama Alfard
18970,Lama Hakeim
18971,Lama Lawand
18972,Lamar Johnson
18973,Lambert Hamel
18974,Lambert Wilson
18975,Lamis Ammar
18976,Lamitta Frangieh
18977,Lamman Rucker
18978,Lamont Bentley
18979,Lamorne Morris
18980,Lan Cheng-Lung
18981,Lan Cheng-lung
18982,Lan Ngoc
18983,Lan Wei-Hua
18984,Lan Wei-hua
18985,Lana Baric
18986,Lana Condor
18987,Lana Mushtak
18988,Lance Chantiles-Wertz
18989,Lance E. Nichols
18990,Lance Gray
18991,Lance Gross
18992,Lance Guest
18993,Lance Henriksen
18994,Lance LeGault
18995,Lance Lewman
18996,Lance Lim
18997,Lance Reddick
18998,Lancelot Ncube
18999,Lancelot Perrin
19000,Lander Otaola
19001,Lander Vera Perez
19002,Landon Liboiron
19003,Landon Lueck
19004,Landon McDonald
19005,Landung Simatupang
19006,Lane Bradbury
19007,Lane Garrison
19008,Lane Nishikawa
19009,Lane R. Davis
19010,Lanette Ware
19011,Lang Yueting
19012,Langston Uibel
19013,Lannick Gautry
19014,Lantana Ahmed
19015,Lanuakam Ao
19016,Lao Ai
19017,Lao Rodriguez
19018,Lapassalal Jiravechsoontornkul
19019,Lapat Ngamchaweng
19020,Laquino Fonseca
19021,Lara Cox
19022,Lara Dutta
19023,Lara Flynn Boyle
19024,Lara Heller
19025,Lara Jean Chorostecki
19026,Lara Jill Miller
19027,Lara Pulver
19028,Lara Rain
19029,Lara Robinson
19030,Laraine Newman
19031,Larenz Tate
19032,Larisa Oleynik
19033,Larissa Albuquerque
19034,Larissa Andrade
19035,Larissa Bonesi
19036,Larissa Ferrara
19037,Larissa Galagher
19038,Larissa Gallagher
19039,Larissa Manoela
19040,Larissa Murray
19041,Larita Brooks
19042,Lark Voorhies
19043,Larnell Stovall
19044,Larry Abraham
19045,Larry B. Scott
19046,Larry Bates
19047,Larry Biela
19048,Larry Charles
19049,Larry Coulter
19050,Larry Drake
19051,Larry Fessenden
19052,Larry Gaaga
19053,Larry Gates
19054,Larry King
19055,Larry Lam
19056,Larry Miller
19057,Larry Owens
19058,Larry Pine
19059,Larry Poindexter
19060,Larry Sullivan
19061,Larry Thomas
19062,Larry Wilmore
19063,Larry the Cable Guy
19064,Lars Bitterlich
19065,Lars Brygmann
19066,Lars Eidinger
19067,Lars Green
19068,Lars Helander
19069,Lars Knutzon
19070,Lars Mikkelsen
19071,Lars Ranthe
19072,Lars Rudolph
19073,Lars Simonsen
19074,Lars Ulrich
19075,Lars Väringer
19076,Lassy Marquez
19077,Lata Sabharwal
19078,Latarsha Rose
19079,Lateef Adedimeji
19080,Latham Gaines
19081,Lau Ching Wan
19082,Lau Hak-Suen
19083,Lau Ho-Chi
19084,Laudya Cynthia Bella
19085,Laura Aikman
19086,Laura Almela
19087,Laura Ann Kesling
19088,Laura Azcurra
19089,Laura Baena
19090,Laura Bailey
19091,Laura Basuki
19092,Laura Benanti
19093,Laura Bilgeri
19094,Laura Birn
19095,Laura Boujenah
19096,Laura Breckenridge
19097,Laura Brent
19098,Laura Calero
19099,Laura Carmichael
19100,Laura Cayouette
19101,Laura Chiatti
19102,Laura De Ita
19103,Laura Dern
19104,Laura Donnelly
19105,Laura Dreyfuss
19106,Laura Flannery
19107,Laura Fraser
19108,Laura Gerow
19109,Laura Gordon
19110,Laura Greenwood
19111,Laura Guzman
19112,Laura Haddock
19113,Laura Harrier
19114,Laura Harrington
19115,Laura Innes
19116,Laura Kightlinger
19117,Laura Laprida
19118,Laura Linney
19119,Laura Main
19120,Laura Marano
19121,Laura Margolis
19122,Laura Michelle Kelly
19123,Laura Mitchell
19124,Laura Morgan
19125,Laura Neiva
19126,Laura Osma
19127,Laura Patalano
19128,Laura Perico
19129,Laura Post
19130,Laura Prats
19131,Laura Prepon
19132,Laura Quirós
19133,Laura Ramos
19134,Laura Ramsey
19135,Laura Rodríguez
19136,Laura San Giacomo
19137,Laura Silverman
19138,Laura Smet
19139,Laura Stahl
19140,Laura Theux
19141,Laura Vandervoort
19142,Laura Waddell
19143,Laura Wiggins
19144,Laura de Carteret
19145,Laure Calamy
19146,Laurel Emory
19147,Laurel Holloman
19148,Lauren Adams
19149,Lauren Ambrose
19150,Lauren Ash
19151,Lauren Bacall
19152,Lauren Cochrane
19153,Lauren Cohan
19154,Lauren Elizabeth
19155,Lauren Esdale
19156,Lauren Esposito
19157,Lauren German
19158,Lauren Gilbert
19159,Lauren Giraldo
19160,Lauren Gottlieb
19161,Lauren Graham
19162,Lauren Hammersley
19163,Lauren Holly
19164,Lauren Johns
19165,Lauren Lapkus
19166,Lauren Laverne
19167,Lauren Lavoie
19168,Lauren Leech
19169,Lauren Lindsey Donzis
19170,Lauren Lipson
19171,Lauren McNamara
19172,Lauren Miller
19173,Lauren Miller Rogen
19174,Lauren O'Rourke
19175,Lauren Pegus
19176,Lauren Schmidt Hissrich
19177,Lauren Spartano
19178,Lauren Steyn
19179,Lauren Sweetser
19180,Lauren Swickard
19181,Lauren Taylor
19182,Lauren Tom
19183,Lauren Tsai
19184,Lauren Vélez
19185,Lauren Weedman
19186,Laurence Breuls
19187,Laurence Fishburne
19188,Laurence Fox
19189,Laurence Harvey
19190,Laurence Llewelyn-Bowen
19191,Laurence Mason
19192,Laurence O'Fuarain
19193,Laurence Olivier
19194,Laurence Rupp
19195,Laurent Buson
19196,Laurent Capelluto
19197,Laurent Lucas
19198,Laurent Pakihivatau
19199,Laurent Stocker
19200,Lauri Tanskanen
19201,Lauri Tilkanen
19202,Laurids Skovgaard Andersen
19203,Laurie Dee
19204,Laurie Fortier
19205,Laurie Goode
19206,Laurie Holden
19207,Laurie Hymes
19208,Laurie Metcalf
19209,Laurie Peret
19210,Laurieann Gibson
19211,Lauryn Hill
19212,Lautaro Bettoni
19213,Lautaro Delgado
19214,Lautaro Perotti
19215,Lavell Crawford
19216,Laverne Cox
19217,Lavinia Longhi
19218,Lavinia Wilson
19219,Lavrenti Lopes
19220,Law Kar-Ying
19221,Lawrence Dane
19222,Lawrence Gilliard Jr.
19223,Lawrence Joffe
19224,Lawrence Kao
19225,Lawrence Kasdan
19226,Lawrence Koh
19227,Lawrence Makoare
19228,Lawrence Stubbings
19229,Lawrence Wong
19230,Laxmikant Berde
19231,Layla Abdullah
19232,Layla Hamadah
19233,Laysla De Oliveira
19234,Layton Williams
19235,Laz Alonso
19236,Lazar Ristovski
19237,Laëtitia Eïdo
19238,Le Khanh
19239,Le Trung Hieu
19240,LeVar Burton
19241,Lea Coco
19242,Lea DeLaria
19243,Lea Enslin
19244,Lea Michele
19245,Lea Padovani
19246,Lea Thompson
19247,Lea van Acken
19248,Leah Choudhry
19249,Leah Greenhaus
19250,Leah Lewis
19251,Leah McNamara
19252,Leah Messer
19253,Leah Pipes
19254,Leah Remini
19255,Leah Rose Randall
19256,Leah Vandenberg
19257,Leander Vyvey
19258,Leandra Leal
19259,Leandro Daniel
19260,Leandro Firmino
19261,Leandro Hassum
19262,Leandro Lima
19263,Leandro Ramos
19264,Leanna Rachel
19265,Leanne Best
19266,Leanne Joyce
19267,Leanne Liu
19268,Leather Storrs
19269,Lebleba
19270,Ledicia Sola
19271,Lee Benton
19272,Lee Bo-hee
19273,Lee Bo-young
19274,Lee Bong-ryeon
19275,Lee Byung-hun
19276,Lee Chang-hoon
19277,Lee Da-wit
19278,Lee Dae-yeon
19279,Lee David
19280,Lee Delong
19281,Lee Dixon
19282,Lee Do-gyeong
19283,Lee Do-hyun
19284,Lee Dong-ha
19285,Lee Dong-hwi
19286,Lee Dong-wook
19287,Lee Eal
19288,Lee Eddy
19289,Lee Elijah
19290,Lee Ga-ryoung
19291,Lee Garlington
19292,Lee Gyoung-young
19293,Lee Ha-na
19294,Lee Hae-yeong
19295,Lee Hak Joo
19296,Lee Hak-ju
19297,Lee Han-wi
19298,Lee Hee-jun
19299,Lee Ho-won
19300,Lee Hong-chi
19301,Lee Hong-gi
19302,Lee Hong-nae
19303,Lee Hwang-eui
19304,Lee Hye-eun
19305,Lee Hye-ri
19306,Lee Hye-yeong
19307,Lee Hyo-chun
19308,Lee Hyun-joo
19309,Lee Hyun-woo
19310,Lee Hyun-wook
19311,Lee Il-hwa
19312,Lee In-suk
19313,Lee Ingleby
19314,Lee Jae-eung
19315,Lee Jae-in
19316,Lee Jae-ryong
19317,Lee Jae-won
19318,Lee Jae-wook
19319,Lee Jae-yoon
19320,Lee Jai-jin
19321,Lee Je-hoon
19322,Lee Jeong-ha
19323,Lee Jeong-kil
19324,Lee Ji-eun
19325,Lee Ji-eun (IU)
19326,Lee Ji-hoon
19327,Lee Ji-won
19328,Lee Jin-wook
19329,Lee Jones
19330,Lee Jong-nam
19331,Lee Jong-suk
19332,Lee Joo-young
19333,Lee Joong-ok
19334,Lee Ju-seung
19335,Lee Jun-hyeok
19336,Lee Jun-hyuk
19337,Lee Jung-eun
19338,Lee Jung-jae
19339,Lee Jung-jin
19340,Lee Jung-shin
19341,Lee Kan-hee
19342,Lee Kang-sheng
19343,Lee Ki-chan
19344,Lee Ki-young
19345,Lee Knight
19346,Lee Kwang-soo
19347,Lee Kyoo-hyung
19348,Lee Kyu-han
19349,Lee Kyu-hyung
19350,Lee Kyung-hwa
19351,Lee Lee-zen
19352,Lee Li-Chun
19353,Lee Majors
19354,Lee Min-ho
19355,Lee Min-ki
19356,Lee Min-young
19357,Lee Moo-saeng
19358,Lee Na-young
19359,Lee Pace
19360,Lee Pil-mo
19361,Lee Re
19362,Lee Rodriguez
19363,Lee Ross
19364,Lee Sang
19365,Lee Sang-woo
19366,Lee Sang-yi
19367,Lee Sang-yun
19368,Lee Se-young
19369,Lee Seo-won
19370,Lee Seung-gi
19371,Lee Sheung Ching
19372,Lee Shin-ki
19373,Lee Si-eon
19374,Lee Si-won
19375,Lee Si-woo
19376,Lee So-young
19377,Lee Soo-kyung
19378,Lee Soon-jae
19379,Lee Su-geun
19380,Lee Su-hyun
19381,Lee Su-kyoung
19382,Lee Sun-bin
19383,Lee Sun-kyun
19384,Lee Sung-jae
19385,Lee Sung-kyoung
19386,Lee Sung-min
19387,Lee Sung-wook
19388,Lee Tae-gon
19389,Lee Tae-seon
19390,Lee Taylor
19391,Lee Tockar
19392,Lee Ving
19393,Lee Weaver
19394,Lee Wilkof
19395,Lee Won-jong
19396,Lee Yeon-doo
19397,Lee Yoo-young
19398,Lee You-mi
19399,Lee Yu-jun
19400,Lee Yul-eum
19401,Leeanna Walsman
19402,Leela Chitnis
19403,Leela Naidu
19404,Leela Samson
19405,Leem Lubany
19406,Leemore Marrett Jr.
19407,Leen Gherra
19408,Leeratanakajorn Thanapob
19409,Leez Rosli
19410,Lego Lee
19411,Lego Li
19412,Lehar Khan
19413,Lehlohonolo Makoko
19414,Lei Andre Navarro
19415,Lei Hong
19416,Lei Huang
19417,Lei Jiayin
19418,Leib Lev Levin
19419,Leidi Gutiérrez
19420,Leif Steinert
19421,Leif Tilden
19422,Leigh Kelly
19423,Leigh MacInnis
19424,Leigh Whannell
19425,Leigh-Allyn Baker
19426,Leighton Cardno
19427,Leighton Meester
19428,Leila Arcieri
19429,Leila Ezz Al Arab
19430,Leila Hakim
19431,Leila Hatami
19432,Leila Hoffman
19433,Leila Jolene
19434,Leila Mouammar
19435,Leilah de Meza
19436,Leilani Sarelle
19437,Leisha Hailey
19438,Leiya Gao
19439,Leke Maceda-Rustecki
19440,Lekh Tandon
19441,Lekhraj Thakur
19442,Lela Rochon
19443,Leleti Khumalo
19444,Lelia Goldoni
19445,Lellê
19446,Lemogang Tsipa
19447,Len Cariou
19448,Len Chandler
19449,Len Hunt
19450,Lena
19451,Lena Dunham
19452,Lena Dörrie
19453,Lena Headey
19454,Lena Kitsopoulou
19455,Lena Klenke
19456,Lena Lapres
19457,Lena Lauzemis
19458,Lena Meyer-Landrut
19459,Lena Olin
19460,Lena Waithe
19461,Lena Wilczyńska
19462,Lenard Vanderaa
19463,Lene Lai
19464,Lenita Susi
19465,Lenka Vlasáková
19466,Lenna Lim
19467,Lennard Kuras
19468,Lennie Crawford
19469,Lennie James
19470,Lennon Parham
19471,Lenny Henry
19472,Lenny Jacobson
19473,Lenny Juma
19474,Lenny Kaye
19475,Lenny Kravitz
19476,Lenny McLean
19477,Lenny Ravitz
19478,Lenny Venito
19479,Lenora Crichlow
19480,Lenore Harris
19481,Leo Bai-Scanavino
19482,Leo Cidade
19483,Leo Deluglio
19484,Leo Fitzpatrick
19485,Leo Gregory
19486,Leo Hatton
19487,Leo Howard
19488,Leo Maitimu
19489,Leo Martinez
19490,Leo Martini
19491,Leo McKern
19492,Leo Messi
19493,Leo Miranda
19494,Leo Orgil
19495,Leo Putt
19496,Leo Razzak
19497,Leo Rialp
19498,Leo Tang
19499,Leo Wu
19500,Leon
19501,Leon Dai
19502,Leon Ford
19503,Leon Jay Williams
19504,Leon Logothetis
19505,Leon Rippy
19506,Leon Thomas III
19507,Leon Vitali
19508,Leon Wilkeson
19509,Leona Lishoy
19510,Leonard Carow
19511,Leonard Earl Howze
19512,Leonard Frey
19513,Leonard Gaines
19514,Leonard Nimoy
19515,Leonard Ouzts
19516,Leonard Roberts
19517,Leonard Siampala
19518,Leonard Stone
19519,Leonard Wu
19520,Leonardo Alonso
19521,Leonardo Boudreau
19522,Leonardo Cecchi
19523,Leonardo Cidade
19524,Leonardo Daniel
19525,Leonardo DiCaprio
19526,Leonardo Fontes
19527,Leonardo Franco
19528,Leonardo Garza
19529,Leonardo Lidi
19530,Leonardo Medeiros
19531,Leonardo Nam
19532,Leonardo Ortizgris
19533,Leonardo Ribeiro
19534,Leonardo Salerni
19535,Leonardo Sbaraglia
19536,Leonardo Ventura
19537,Leone Frisa
19538,Leonel Tinajero
19539,Leonid Bichevin
19540,Leonie Benesch
19541,Leonie Wesselow
19542,Leonor López
19543,Leonor Watling
19544,Leonora Okien
19545,Leonora Pitts
19546,Leontine Borsato
19547,Leopold Hornung
19548,Leopoldo Trieste
19549,Lepacious Bose
19550,Lerkcharoempoj Papangkorn
19551,Leroy Gopal
19552,Les Miles
19553,Lesley Ann Warren
19554,Lesley Fera
19555,Lesley Gore
19556,Lesley Manville
19557,Lesley Nicol
19558,Lesley Sharp
19559,Lesley-Ann Brandt
19560,Lesley-Anne Down
19561,Lesli Margherita
19562,Leslie Bellair
19563,Leslie Bibb
19564,Leslie Caron
19565,Leslie Carrara-Rudolph
19566,Leslie Chai
19567,Leslie Cheung
19568,Leslie David Baker
19569,Leslie Easterbrook
19570,Leslie Grossman
19571,Leslie Hope
19572,Leslie Jones
19573,Leslie Jordan
19574,Leslie Mann
19575,Leslie Nielsen
19576,Leslie Odom Jr.
19577,Leslie Shaw
19578,Leslie Stefanson
19579,Leslie Thurston
19580,Leslie Zemeckis
19581,Lestonja Diaz
19582,Leticia Brédice
19583,Leticia Huijara
19584,Leticia Perdigón
19585,Letitia Wright
19586,Letizia Denise Bloisi
19587,Letícia Lima
19588,Letícia Pedro
19589,Letícia Sabatella
19590,Leung Kin-Ping
19591,Leung Siu-lung
19592,Lev Gorn
19593,Levent Sülün
19594,Levent Yilmaz
19595,Levent Ülgen
19596,Levi Ferreira
19597,Levi Ignacio
19598,Levi Miller
19599,Levi Randall
19600,Levin Henning
19601,Levon Sharafyan
19602,Lew Collins
19603,Lew Schneider
19604,Lew Temple
19605,Lewis Arquette
19606,Lewis Black
19607,Lewis Fitz-Gerald
19608,Lewis Gadson
19609,Lewis Hamilton
19610,Lewis MacDougall
19611,Lewis Pullman
19612,Lewis Rainer
19613,Lewis Reeves
19614,Lewis Tan
19615,Lex Lang
19616,Lex Luther
19617,Lex Scott Davis
19618,Lex Shrapnel
19619,Lexi Ainsworth
19620,Lexi Giovagnoli
19621,Lexi Medrano
19622,Lexi Perkel
19623,Lexi Simonsen
19624,Lexy Kolker
19625,Leyla Rangel
19626,Leynar Gomez
19627,Leïla Bekhti
19628,Leïti Sène
19629,León Larregui
19630,León Orlandianyi
19631,Leónidas Chiri
19632,Li Ai
19633,Li Bingbing
19634,Li Chung-lin
19635,Li Daikun
19636,Li Dong Xue
19637,Li Geyang
19638,Li Guangjie
19639,Li He
19640,Li Huan
19641,Li Jiaqi
19642,Li Jiuxiao
19643,Li Jun Li
19644,Li Junchen
19645,Li Junhao
19646,Li Lingwei
19647,Li Ma
19648,Li Ming Hu
19649,Li Muchen
19650,Li Nanxing
19651,Li Qin
19652,Li Shimeng
19653,Li Tingting
19654,Li Wang
19655,Li Xian
19656,Li Xiang-yu
19657,Li Xiaoran
19658,Li Yi Feng
19659,Li Yiqing
19660,Li Yixiao
19661,Li Yongzhen
19662,Li Zonghan
19663,Li-li Pan
19664,Lia Boysen
19665,Lia Williams
19666,Liah O'Prey
19667,Liam Ainsworth
19668,Liam Boyle
19669,Liam Cunningham
19670,Liam Foley
19671,Liam Gallagher
19672,Liam Garrigan
19673,Liam Graham
19674,Liam Hemsworth
19675,Liam Hughes
19676,Liam James
19677,Liam MacDonald
19678,Liam Matthews
19679,Liam McIntyre
19680,Liam Mitchell
19681,Liam Mulvey
19682,Liam Neeson
19683,Liam O'Brien
19684,Liam Payne
19685,Liam Pierron
19686,Liam Whaley
19687,Liana Ayoun
19688,Liana Liberato
19689,Liana Ramirez
19690,Liane Balaban
19691,Liang Aiqi
19692,Liang Hsiu-shen
19693,Liang Jie
19694,Liang Tian
19695,Liang Yimu
19696,Liang Yuen
19697,Liao Yi Chiao
19698,Lidia Biondi
19699,Lidia Danis
19700,Lidia Nené
19701,Lidia Porto
19702,Lidia San José
19703,Lidia Vitale
19704,Lidya Jewett
19705,Lier Qiu
19706,Liesel Hanson
19707,Liesel Matthews
19708,Lieselotte Voß
19709,Liesl Ahlers
19710,Liev Schreiber
19711,Lights
19712,Lika Berning
19713,Likit Sittiphun
19714,Lil Baby
19715,Lil Peep
19716,Lil Rel Howery
19717,Lil Yachty
19718,LilRel Howery
19719,Lila Downs
19720,Lila Lacombe
19721,Lila Salet
19722,Lili Beaudoin
19723,Lili Bordán
19724,Lili Harahap
19725,Lili Karamalikis
19726,Lili Mirojnick
19727,Lili Reinhart
19728,Lili Simmons
19729,Lili Taylor
19730,Lilian Echelon
19731,Lilian Esoro
19732,Lilian Regina
19733,Liliana Komorowska
19734,Liliana Moreno
19735,Liliana Mumy
19736,Liliana de Vries
19737,Liliane Nemri
19738,Liliane Rovère
19739,Lilimar
19740,Lilla Crawford
19741,Lillete Dubey
19742,Lilli Kay
19743,Lilli Palmer
19744,Lillian Adams
19745,Lillian Blankenship
19746,Lillian Doucet-Roche
19747,Lillian Dube
19748,Lillian Lim
19749,Lillian Michelson
19750,Lilliput
19751,Lilliya Scarlett Reid
19752,Lilly Aspell
19753,Lilly Blacker
19754,Lilou Fogli
19755,Lily Banda
19756,Lily Brazier
19757,Lily Brooks O'Briant
19758,Lily Cassano
19759,Lily Chakravarty
19760,Lily Cole
19761,Lily Collins
19762,Lily Cowles
19763,Lily D. Moore
19764,Lily Franky
19765,Lily Gladstone
19766,Lily James
19767,Lily Li
19768,Lily Mae Harrington
19769,Lily Newmark
19770,Lily O'Regan
19771,Lily Rabe
19772,Lily Rose Silver
19773,Lily Tomlin
19774,Lily Travers
19775,Lily-Rose Depp
19776,Lim Cheol-su
19777,Lim Han-bin
19778,Lim Hye-young
19779,Lim Hyung-kuk
19780,Lim Ju-hwan
19781,Lim Won-hee
19782,Lim Ye-jin
19783,Lim Yoona
19784,Lima Duarte
19785,Lin Chenhan
19786,Lin Chi-ling
19787,Lin Ching-Tai
19788,Lin He Xuan
19789,Lin He-xuan
19790,Lin Heng Yi
19791,Lin Hui-min
19792,Lin Kai-ling
19793,Lin Laishram
19794,Lin Mei-hsiu
19795,Lin Po-Hung
19796,Lin Shaye
19797,Lin Wei Jun
19798,Lin Xinyi
19799,Lin Yi
19800,Lin Yo-Wei
19801,Lin Yu Hui
19802,Lin Yu-pin
19803,Lin-Manuel Miranda
19804,Lina Cardona
19805,Lina El Arabi
19806,Lina Esco
19807,Lina Gennari
19808,Lina Keller
19809,Lina Larissa Strahl
19810,Lina Marcela Castrillón
19811,Lina Renna
19812,Lina Tejeiro
19813,Lina Teoh
19814,Lina Wendel
19815,Linas Phillips
19816,Lincoln Hoppe
19817,Lincoln Palomeque
19818,Linda Baldrich
19819,Linda Ballantyne
19820,Linda Bassett
19821,Linda Cardellini
19822,Linda Cropper
19823,Linda Ejiofor
19824,Linda Emond
19825,Linda Fiorentino
19826,Linda Gray
19827,Linda Hamilton
19828,Linda Hunt
19829,Linda Ignazi
19830,Linda Ihuoma-Suleiman
19831,Linda Kennedy
19832,Linda Kozlowski
19833,Linda Larkin
19834,Linda Lavin
19835,Linda Lucía Callejas
19836,Linda Molloy
19837,Linda Ngo
19838,Linda Nilarve
19839,Linda Osifo
19840,Linda Park
19841,Linda Pierce
19842,Linden Ashby
19843,Linder Sutton
19844,Lindiwe Zulu
19845,Lindsay Burdge
19846,Lindsay Crouse
19847,Lindsay Czarniak
19848,Lindsay Duncan
19849,Lindsay Farris
19850,Lindsay Frost
19851,Lindsay Hartley
19852,Lindsay Karamoh
19853,Lindsay Lamb
19854,Lindsay Lohan
19855,Lindsay Pulsipher
19856,Lindsay Seim
19857,Lindsay Sloane
19858,Lindsay Torrance
19859,Lindsay Wagner
19860,Lindsay Watson
19861,Lindsey Alena
19862,Lindsey Ames
19863,Lindsey Garrett
19864,Lindsey Morgan
19865,Ling Fei
19866,Linh Dan Pham
19867,Liniker
19868,Linnea Berthelsen
19869,Lino Musella
19870,Linor Abargil
19871,Linsay Rousseau
19872,Linus Roache
19873,Linzey Cocker
19874,Lionel Abelanski
19875,Lionel Erdogan
19876,Lionel Jeffries
19877,Lionel Lingelser
19878,Lionel Messi
19879,Lionel Newton
19880,Lionel Stander
19881,Lionnel Astier
19882,Lior Ashkenazi
19883,Lior Raz
19884,Liora Rivlin
19885,Liron Levo
19886,Liron Vaisman
19887,Lisa Aldenhoven
19888,Lisa Ambalavanar
19889,Lisa Amedjout
19890,Lisa Ann Beley
19891,Lisa Ann Walter
19892,Lisa Arch
19893,Lisa Arrindell Anderson
19894,Lisa Berry
19895,Lisa Chandler
19896,Lisa Chappell
19897,Lisa Cheng
19898,Lisa Davina Phillip
19899,Lisa Dewey
19900,Lisa Durupt
19901,Lisa Dwan
19902,Lisa Edelstein
19903,Lisa Emery
19904,Lisa Fischer
19905,Lisa Flanagan
19906,Lisa Fuson
19907,Lisa Gay Hamilton
19908,Lisa Grossman
19909,Lisa Hagmeister
19910,Lisa Harrow
19911,Lisa Haydon
19912,Lisa Henni
19913,Lisa Hensley
19914,Lisa Kudrow
19915,Lisa Loven Kongsli
19916,Lisa Marie Caruk
19917,Lisa Maurer
19918,Lisa Maxwell
19919,Lisa McAllister
19920,Lisa McGrillis
19921,Lisa Nicole Carson
19922,Lisa Norton
19923,Lisa Ortiz
19924,Lisa Owen
19925,Lisa Pam Tok
19926,Lisa Pelikan
19927,Lisa Price
19928,Lisa Ray
19929,Lisa Renee Pitts
19930,Lisa Reynolds
19931,Lisa Roberts
19932,Lisa Robin Kelly
19933,Lisa Sanders
19934,Lisa Scenna
19935,Lisa Schwartz
19936,Lisa Smit
19937,Lisa Summerour
19938,Lisa Teige
19939,Lisa Vicari
19940,Lisa Vidal
19941,Lisa Waltz
19942,Lisa Wu
19943,Lisa Yamanaka
19944,Lisa Zweerman
19945,Lisa-Marie Koroll
19946,LisaGay Hamilton
19947,LisaRaye McCoy
19948,Lisbeth Lopez Acquah
19949,Lisbeth Wulff
19950,Lise Baastrup
19951,Lise Danvers
19952,Lise Lomi
19953,Lise Risom Olsen
19954,Lisette Malidor
19955,Lisette St. Louis
19956,Lisi Linder
19957,Liss Pereira
19958,Lissa Danshaw
19959,Lita Janvarapa
19960,Litefoot
19961,Lito Pimentel
19962,Little Richard
19963,Litzy
19964,Liu Haikuan
19965,Liu Hua
19966,Liu Jia Xi
19967,Liu Kai Chi
19968,Liu Kai-chi
19969,Liu Kuan-ting
19970,Liu Kuo-shao
19971,Liu Mintao
19972,Liu Qiushi
19973,Liu Shumin
19974,Liu Tao
19975,Liu Xiaoyi
19976,Liu Yan
19977,Liu Ye
19978,Liu Yifei
19979,Liu Yu Shan
19980,Liv Hewson
19981,Liv Lisa Fries
19982,Liv Tyler
19983,Liv Ullmann
19984,Livia Brito
19985,Livia Matthes
19986,Liviu Pintileasa
19987,Liz Alexander
19988,Liz Bonnin
19989,Liz DaSilva
19990,Liz Franke
19991,Liz Gallardo
19992,Liz Hernandez
19993,Liz Kingsman
19994,Liz Lobato
19995,Liz Morris
19996,Liz Priestley
19997,Liz Torres
19998,Liza  Treyger
19999,Liza Colón-Zayas
20000,Liza Jacqueline
20001,Liza Koshy
20002,Liza Lapira
20003,Liza Lorena
20004,Liza Snyder
20005,Liza Soberano
20006,Liza Tarbuck
20007,Liza Weil
20008,Liza West
20009,Liza Wilk
20010,Lizelle de Klerk
20011,Lizz Meiring
20012,Lizze Broadway
20013,Lizzie Antony
20014,Lizzie Brocheré
20015,Lizzie Waterworth
20016,Lizzie Waterworth-Santo
20017,Lizzy
20018,Lizzy Caplan
20019,Lizzy Greene
20020,Llorenç González
20021,Lloyd Bridges
20022,Lloyd Clay Brown
20023,Lloyd Griffith
20024,Lloyd Hutchinson
20025,Lloyd Kaufman
20026,Lloyd Owen
20027,Lloyd Zaragoza
20028,Llum Barrera
20029,Lluís Homar
20030,Lo Fan
20031,Lo Hoi-pang
20032,Lo Lieh
20033,Lobo Sebastian
20034,Lochlyn Munro
20035,Lochner De Kock
20036,Logan Allen
20037,Logan Browning
20038,Logan Creran
20039,Logan Edra
20040,Logan Fabbro
20041,Logan Henderson
20042,Logan Huffman
20043,Logan Lerman
20044,Logan Manus
20045,Logan Marshall-Green
20046,Logan Miller
20047,Logan Paul
20048,Logan Riley
20049,Logan Shroyer
20050,Logan Wells
20051,Logic
20052,Loi Nguyen
20053,Loic Collomb-Patton
20054,Lois Chiles
20055,Lois Chimimba
20056,Lois Maxwell
20057,Lois Smith
20058,Lokesh Gupte
20059,Lokillo Florez
20060,Loknath Tiwari
20061,Lola Cordón
20062,Lola Dubini
20063,Lola Flanery
20064,Lola Glaudini
20065,Lola Kirke
20066,Lola Metcalfe
20067,Lola Ogunyemi
20068,Lolita Chammah
20069,Lolita Chatterjee
20070,Lolly Adefope
20071,Lombardo Boyar
20072,London Hughes
20073,Lonette McKee
20074,Long John Baldry
20075,Loni Anderson
20076,Loni Love
20077,Lonnie Chavis
20078,Lonny Price
20079,Lonny Ross
20080,Loo Aye Keng
20081,Loo Nascimento
20082,Lora Burke
20083,Lora Martinez-Cunningham
20084,Lorcan Cranitch
20085,Lord Frank
20086,Lorea Ibarra
20087,Loreen
20088,Loren Cordain
20089,Loren Dean
20090,Lorena Andrea
20091,Lorena Comparato
20092,Lorena Franco
20093,Lorena Gale
20094,Lorena Iglesias
20095,Lorena McGregor
20096,Lorena Meritano
20097,Lorena Ramírez
20098,Lorena San Martín
20099,Lorene Ren
20100,Lorenz Martinez
20101,Lorenza Indovina
20102,Lorenza Izzo
20103,Lorenzo Avvenenti
20104,Lorenzo Berinizi
20105,Lorenzo Curcio
20106,Lorenzo James Henrie
20107,Lorenzo Lamas
20108,Lorenzo Menakaya
20109,Lorenzo Richelmy
20110,Lorenzo Zurzolo
20111,Loreto Aravena
20112,Loreto Peralta
20113,Loretta Devine
20114,Loretta Walsh
20115,Loretto Bernal
20116,Lori Gardner
20117,Lori Heuring
20118,Lori Loughlin
20119,Lori Petty
20120,Lori Singer
20121,Lori Triolo
20122,Lorinska Merrington
20123,Lorita Meg
20124,Lorna Campos
20125,Lorna Cepeda
20126,Lorna Scott
20127,Lorna Tolentino
20128,Lorna zu Solms
20129,Lorne Cardinal
20130,Lorraine Ashbourne
20131,Lorraine Bracco
20132,Lorraine Gary
20133,Lorraine Nicholson
20134,Lorraine Toussaint
20135,Lorynn York
20136,Lorànt Deutsch
20137,Los Tigres del Norte
20138,Lota Chukwu
20139,Lotfy Labib
20140,Loti Bailey
20141,Lotje Sodderland
20142,Lotlot De Leon
20143,Lotte Verbeek
20144,Lotus Blossom
20145,Lotus Wang
20146,Lou Antonio
20147,Lou Castel
20148,Lou Diamond Phillips
20149,Lou Taylor Pucci
20150,Lou Veloso
20151,Lou Wick
20152,Lou Wilson
20153,Louanne Stephens
20154,Loubna Abidar
20155,Loudon Wainwright III
20156,Louie Anderson
20157,Louie Indriana
20158,Louie Simmons
20159,Louis Ashbourne Serkis
20160,Louis C.K.
20161,Louis Cancelmi
20162,Louis Cheung
20163,Louis Dempsey
20164,Louis Di Bianco
20165,Louis Fan
20166,Louis Ferrigno
20167,Louis Garrel
20168,Louis Gossett Jr.
20169,Louis Greatorex
20170,Louis Held
20171,Louis Herthum
20172,Louis Hobson
20173,Louis Hofmann
20174,Louis Hunter
20175,Louis Hynes
20176,Louis Jones
20177,Louis Jourdan
20178,Louis Koo
20179,Louis Kretz
20180,Louis Mandylor
20181,Louis Minnaar
20182,Louis Morissette
20183,Louis Oliver
20184,Louis Ozawa Changchien
20185,Louis Partridge
20186,Louis Peres
20187,Louis Pongphan Petchbuntoon
20188,Louis Theroux
20189,Louis Tomlinson
20190,Louis-Do de Lencquesaing
20191,Louis-José Houde
20192,Louisa Harland
20193,Louisa Krause
20194,Louise Blachère
20195,Louise Bourgoin
20196,Louise Cardoso
20197,Louise Chong
20198,Louise Coldefy
20199,Louise De Los Reyes
20200,Louise Fletcher
20201,Louise Ford
20202,Louise Gold
20203,Louise Grinberg
20204,Louise Lasser
20205,Louise Lee
20206,Louise Lombard
20207,Louise Portal
20208,Louise Roe
20209,Louise Stewart
20210,Louison Blivet
20211,Louka Minnella
20212,Loukia Ioannou
20213,Loulou Hameleers
20214,Lourinelson Vladmir
20215,Louriza Tronco
20216,Louw Venter
20217,Loveleen Mishra
20218,Lovell Adams-Gray
20219,Lovely Abella
20220,Lovely Singh
20221,Lovie Simone
20222,Lowrey Brown
20223,Loyiso Gola
20224,Loyiso Madinga
20225,Lu Han
20226,Lu Horta
20227,Lu Hsueh-feng
20228,Lu Huiting
20229,Lu Yi-long
20230,Lu Ying
20231,Luan Caruzo
20232,Luana Nastas
20233,Luana Tanaka
20234,Lubna Azabal
20235,Lubomir Misak
20236,Luc Proulx
20237,Luc Roderique
20238,Luc Schiltz
20239,Luc Schwarz
20240,Luca Argentero
20241,Luca Bogdan
20242,Luca Chikovani
20243,Luca Costanzo
20244,Luca Gilliot
20245,Luca Lionello
20246,Luca Marinelli
20247,Luca Murphy
20248,Luca Padovan
20249,Luca Streussnig
20250,Luca Ward
20251,Luca Zingaretti
20252,Lucas Balmaceda
20253,Lucas Black
20254,Lucas Blas
20255,Lucas Bravo
20256,Lucas Bryant
20257,Lucas Dawson
20258,Lucas Grabeel
20259,Lucas Gregorowicz
20260,Lucas Hedges
20261,Lucas Jade Zumann
20262,Lucas Jaye
20263,Lucas Lauriente
20264,Lucas Lynggaard Tønnesen
20265,Lucas Margutti
20266,Lucas Neff
20267,Lucas Papaelias
20268,Lucas Reiber
20269,Lucas Till
20270,Lucas Velázquez
20271,Lucca Picon
20272,Luccas Neto
20273,Luci Christian
20274,Lucia Carolina Pecrul
20275,Lucia Chen
20276,Lucia Mascino
20277,Lucia Mastrantone
20278,Lucia Rijker
20279,Lucia Vecchio
20280,Lucia Walters
20281,Lucia Xie
20282,Lucia Zotti
20283,Lucian Msamati
20284,Luciana Aymar
20285,Luciana Fuks
20286,Luciana Souza
20287,Luciana Vendramini
20288,Luciane Buchanan
20289,Lucianne Akpabio
20290,Luciano Acuna Jr.
20291,Luciano Cáceres
20292,Luciano González
20293,Luciano Marti
20294,Luciano Mellera
20295,Luciano Rossi
20296,Lucie Aron
20297,Lucie Boujenah
20298,Lucie Laurier
20299,Lucie Lucas
20300,Lucie Memba Boss
20301,Lucien Dodge
20302,Lucien Jean-Baptiste
20303,Lucien Laviscount
20304,Lucien Morgan
20305,Lucila Solá
20306,Lucinda Jenney
20307,Lucinta Luna
20308,Lucius Hoyos
20309,Lucky Ali
20310,Lucretia Mandric
20311,Lucrezia Guidone
20312,Lucy Aarden
20313,Lucy Akhurst
20314,Lucy Avery Brooke
20315,Lucy Ayoub
20316,Lucy Barrett
20317,Lucy Boynton
20318,Lucy Capri
20319,Lucy Cominetti
20320,Lucy Davis
20321,Lucy Decoutere
20322,Lucy Durack
20323,Lucy Faust
20324,Lucy Fry
20325,Lucy Hale
20326,Lucy Lawless
20327,Lucy Liu
20328,Lucy Loken
20329,Lucy Montgomery
20330,Lucy O'Connell
20331,Lucy Pinder
20332,Lucy Punch
20333,Lucy Walters
20334,Lucía Díez
20335,Lucía Guerrero
20336,Lucía Jiménez
20337,Lucía Uribe
20338,Lucía Álvarez
20339,Ludacris
20340,Ludi Lin
20341,Ludivine Sagnier
20342,Ludo Lefebvre
20343,Ludovica Francesconi
20344,Ludovica Martino
20345,Ludovico Tersigni
20346,Ludovik
20347,Ludovik Day
20348,Ludwig Simon
20349,Ludwika Paleta
20350,Luellem de Castro
20351,Luenell
20352,Lui Manansala
20353,Luichi Macías
20354,Luigi Aycardi
20355,Luigi Maria Burruano
20356,Luis Aguirre
20357,Luis Alberti
20358,Luis Alberto García
20359,Luis Alberto Saavedra
20360,Luis Alfredo Velasco
20361,Luis Arrieta
20362,Luis Bermejo
20363,Luis Bordonada
20364,Luis Brandoni
20365,Luis Callejo
20366,Luis Curiel
20367,Luis Da Silva Jr.
20368,Luis De La Rosa
20369,Luis Dubó
20370,Luis Eduardo Arango
20371,Luis Eduardo Yee
20372,Luis Ernesto Franco
20373,Luis Felipe Tovar
20374,Luis Fernando Hoyos
20375,Luis Fernando Peña
20376,Luis Fernández
20377,Luis Gatica
20378,Luis Gerardo Méndez
20379,Luis Gerónimo Abreu
20380,Luis Gnecco
20381,Luis Gonzaga
20382,Luis Guzman
20383,Luis Guzmán
20384,Luis Jaspe
20385,Luis Larrodera
20386,Luis Leonardo Zapata
20387,Luis Lobianco
20388,Luis Luque
20389,Luis Machín
20390,Luis Manuel Ávila
20391,Luis Maya
20392,Luis Mesa
20393,Luis Pablo Román
20394,Luis Rivera
20395,Luis Roberto Guzmán
20396,Luis Rosales
20397,Luis Rábago
20398,Luis Tosar
20399,Luis Zahera
20400,Luis Ziembrowski
20401,Luis de Icaza
20402,Luis Ángel Jaramillo
20403,Luisa De Santis
20404,Luisa Drozdek
20405,Luisa Gavasa
20406,Luisa Mayol
20407,Luisa Merelas
20408,Luisa Ranieri
20409,Luisa Rubino
20410,Luisa Vides
20411,Luisa-Céline Gaffron
20412,Luisana Lopilato
20413,Luise Befort
20414,Luise Wolfram
20415,Luka Jones
20416,Luka Kain
20417,Luka Peros
20418,Lukas Engel
20419,Lukas Gage
20420,Lukas Haas
20421,Lukas Hassel
20422,Lukas Loughran
20423,Lukas Løkken
20424,Lukas Miko
20425,Lukas Nelson
20426,Lukas Spisser
20427,Lukasz Nowicki
20428,Luke Allen-Gale
20429,Luke Amis
20430,Luke Arnold
20431,Luke Baines
20432,Luke Benward
20433,Luke Bilyk
20434,Luke Bracey
20435,Luke Brooks
20436,Luke Cosgrove
20437,Luke Coutts
20438,Luke Edwards
20439,Luke Eisner
20440,Luke Evans
20441,Luke Gordon
20442,Luke Goss
20443,Luke Grimes
20444,Luke Haliwell
20445,Luke Hawker
20446,Luke Hemsworth
20447,Luke Jacobz
20448,Luke Jurevicius
20449,Luke Kenny
20450,Luke Kirby
20451,Luke LaFontaine
20452,Luke Mably
20453,Luke Massy
20454,Luke Mitchell
20455,Luke Mockridge
20456,Luke Mpata
20457,Luke Newton
20458,Luke Norris
20459,Luke Pasqualino
20460,Luke Perry
20461,Luke Pierucci
20462,Luke Roessler
20463,Luke Spencer Roberts
20464,Luke Tennie
20465,Luke Thompson
20466,Luke Treadaway
20467,Luke Wilson
20468,Luke Youngblood
20469,Lukman Sardi
20470,Lukram Smil
20471,Lukáš Pavlásek
20472,Lulu Antariksa
20473,Lulu Wilson
20474,Lulu Xu
20475,Lumi Cavazos
20476,Luminita Gheorghiu
20477,Lun Hua
20478,Lun-Mei Kwai
20479,Luna
20480,Luna Baxter
20481,Luna Blaise
20482,Luna Maya
20483,Luna Schaller
20484,Luna Silva
20485,Luna Wedler
20486,Lunathi Mampofu
20487,Lung Hsiung
20488,Lung Shao-hua
20489,Lung Ti
20490,Lung Wei Wang
20491,Luo Guanxu
20492,Luo Jin
20493,Luo Yunxi
20494,Luoyong Wang
20495,Lupe Cartié Roda
20496,Lupe Ontiveros
20497,Lupita Nyong'o
20498,Lurie Poston
20499,Lushin Dubey
20500,Lusia Strus
20501,Lutfur Rahman George
20502,Luvvie Ajayi
20503,Luxia Jiang
20504,Luz María Jerez
20505,Luz Valdenebro
20506,Luz Valdez
20507,Luís Zahera
20508,Lv Xiao Yu
20509,Lydia Du Veaux
20510,Lydia Forson
20511,Lydia Gitachu
20512,Lydia Hearst
20513,Lydia Hull
20514,Lydia Jordan
20515,Lydia Lawson-Baird
20516,Lydia Look
20517,Lydia Rose Taylor
20518,Lydia Wilson
20519,Lyes Salem
20520,Lykke Sand Michelsen
20521,Lyla Lin
20522,Lyle Lettau
20523,Lyle Lovett
20524,Lyman Chen
20525,Lyman Ward
20526,Lyn May
20527,Lynda Baron
20528,Lynda Boyd
20529,Lyndon Ogbourne
20530,Lyndon Smith
20531,Lyndsey Marshal
20532,Lyndsy Kail
20533,Lynette Narkle
20534,Lynita Crofford
20535,Lynn
20536,Lynn Cohen
20537,Lynn Collins
20538,Lynn Gilmartin
20539,Lynn Hung
20540,Lynn Masako Cheng
20541,Lynn Redgrave
20542,Lynn Shelton
20543,Lynn Van Royen
20544,Lynn Whitfield
20545,Lynne Guaglione
20546,Lynne Koplitz
20547,Lynne Thigpen
20548,Lynsey Addario
20549,Lynsey Pham
20550,Lynsey Taylor Mackay
20551,Lyon Daniels
20552,Lyon Smith
20553,Lyric Justice
20554,Lyric Lewis
20555,Lyriq Bent
20556,Lyubov Aksyonova
20557,Léa Lopez
20558,Léa Léviant
20559,Léa Moret
20560,Léa Seydoux
20561,Lény Sellam
20562,Léonie Souchaud
20563,Lúcia Moniz
20564,Lü Qi
20565,Lü Xiaolin
20566,Lü Yanting
20567,M Ibrahim
20568,M. Emmet Walsh
20569,M. Ilavarasu
20570,M. Irfan Ramli
20571,M. Night Shyamalan
20572,M. Rajan
20573,M. Rajoli
20574,M. Sasikumar
20575,M.C. Gainey
20576,M.K. Raina
20577,M.L. Kwantip Devakula
20578,M.R. Gopakumar
20579,MC Calaquian
20580,MC Eiht
20581,MC Lively
20582,MHD
20583,Ma Anand Sheela
20584,Ma Bai Quan
20585,Ma Chi Wai
20586,Ma Dong-seok
20587,Ma Ju-lung
20588,Ma Kuo-yao
20589,Ma Nien-hsien
20590,Ma Su
20591,Ma Tianyu
20592,Ma Zhengyang
20593,Maaike Cafmeyer
20594,Maaike Neuville
20595,Maanvi Gagroo
20596,Maarten Heijmans
20597,Maaya Sakamoto
20598,Maaya Uchida
20599,Mabel Cadena
20600,Mabel Moreno
20601,Mabelle Soueid
20602,Mabutho Sithole
20603,Mac Brandt
20604,Mac Davis
20605,Mac Heywood
20606,Mac Mohan
20607,MacKenzie Porter
20608,Macarena Achaga
20609,Macarena García
20610,Macarena Gómez
20611,Macaulay Culkin
20612,Mace Coronel
20613,Maceo Smedley
20614,Macey Howarth
20615,Machiko Ono
20616,Machine Gun Kelly
20617,Maciej Musiał
20618,Maciej Musiałowski
20619,Maciej Stuhr
20620,Maciej Zakościelny
20621,Macintyre Dixon
20622,Mack 10
20623,Mackenyu
20624,Mackenzie Astin
20625,Mackenzie Crook
20626,Mackenzie Davis
20627,Mackenzie Foy
20628,Mackenzie Gray
20629,Mackenzie Imsand
20630,Mackenzie Sol
20631,Macon Blair
20632,Macy Drouin
20633,Macy Gray
20634,Madaleine Arthur
20635,Madalen Mills
20636,Madalina Anea
20637,Madan Joshi
20638,Madan Puri
20639,Maddie Baillio
20640,Maddie Evans
20641,Maddie Hasson
20642,Maddie McCormick
20643,Maddie Phillips
20644,Maddie Ziegler
20645,Maddison Jaizani
20646,Maddy Curley
20647,Madelaine Petsch
20648,Madeleine Arthur
20649,Madeleine Blaustein
20650,Madeleine Coghlan
20651,Madeleine Knight
20652,Madeleine Madden
20653,Madeleine Mantock
20654,Madeleine Martin
20655,Madeleine Matar
20656,Madeleine Peters
20657,Madeleine Sami
20658,Madeleine Sherwood
20659,Madeleine Stowe
20660,Madeline Brewer
20661,Madeline Carel
20662,Madeline Carroll
20663,Madeline Kahn
20664,Madeline Leon
20665,Madeline Weinstein
20666,Madeline Zima
20667,Madelyn Cline
20668,Madhampatti Rangaraj
20669,Madhavan
20670,Madhavi
20671,Madhavi Juvekar
20672,Madhavi Singh
20673,Madhavi Soman
20674,Madhu Sapre
20675,Madhu Shalini
20676,Madhukar Niyogi
20677,Madhumalti Kapoor
20678,Madhumathi Padmanathan
20679,Madhura Velankar
20680,Madhuri
20681,Madhuri Bhatia
20682,Madhuri Dixit
20683,Madhuri Sanjeev
20684,Madhurima Banerjee
20685,Madhushan Singh
20686,Madhusudhanan
20687,Madior Fall
20688,Madisen Beaty
20689,Madison Bailey
20690,Madison Cheeatow
20691,Madison Davenport
20692,Madison Davis
20693,Madison De La Garza
20694,Madison Iseman
20695,Madison Lawlor
20696,Madison Lu
20697,Madison Pettis
20698,Madison Reyes
20699,Madison Taylor Baez
20700,Madison Wolfe
20701,Madison Wright
20702,Madisyn Shipman
20703,Madlyn Tabar
20704,Madoka Hiraide
20705,Madoka Yokoyama
20706,Madoka Yonezawa
20707,Madoka Yoshida
20708,Madonna Adib
20709,Madonna Sebastian
20710,Mads Jørgensen
20711,Mads Koudal
20712,Mads Mikkelsen
20713,Mads Sjogard Pettersen
20714,Mads Sjøgård Pettersen
20715,Mae Elliessa
20716,Mae Martin
20717,Mae Tan
20718,Mae Whitman
20719,Maeng Sang-hun
20720,Maeshni Naicker
20721,Maestro Harrell
20722,Maeve Dermody
20723,Maeve Larkin
20724,Maeve O'Meara
20725,Mafalda Carbonell
20726,Magaji Mijinyawa
20727,Magali Elali
20728,Magaly Solier
20729,Magda Apanowicz
20730,Magda El-Khatib
20731,Magda Szubanski
20732,Magdalena Boczarska
20733,Magdalena Czerwińska
20734,Magdalena Korpas
20735,Magdalena Lamparska
20736,Magdalena Perlińska
20737,Magdalena Popławska
20738,Magdalena Walach
20739,Magdalena Zawadzka
20740,Magdalena Źak
20741,Magdi Idris
20742,Magdy Ashour
20743,Magdyel Ugaz
20744,Maged El Kedwany
20745,Maged El-Kidwani
20746,Maged El-Masri
20747,Magela Zanotta
20748,Maggi Lowe
20749,Maggie Cheung
20750,Maggie Civantos
20751,Maggie Geha
20752,Maggie Grace
20753,Maggie Gyllenhaal
20754,Maggie Lawson
20755,Maggie McCarthy
20756,Maggie Meyer
20757,Maggie Parto
20758,Maggie Q
20759,Maggie Siff
20760,Maggie Smith
20761,Maggie Steed
20762,Magi Avila
20763,Magic Johnson
20764,Magnus Carlsen
20765,Magnus Krepper
20766,Magnus Millang
20767,Magnus Nilsson
20768,Magnús Jónsson
20769,Magnús Scheving
20770,Maguy Bou Ghosn
20771,Magá Moura
20772,Magüi Mira
20773,Maha Abou Ouf
20774,Maha Ahmed
20775,Maha Sabry
20776,Mahabir Bhullar
20777,Mahabrata Basu
20778,Mahal Pita
20779,Mahaley Patel
20780,Mahamadou Sangaré
20781,Mahavir Bhullar
20782,Mahavir Shah
20783,Mahayotaruk Thiti
20784,Mahek Chahal
20785,Mahendra Bhatnagar
20786,Mahendra Rabha
20787,Mahendra Sandhu
20788,Maher Bsaibes
20789,Maher Essam
20790,Maher Khammash
20791,Mahershala Ali
20792,Mahesh Babu
20793,Mahesh Balraj
20794,Mahesh Bhatt
20795,Mahesh Bhosale
20796,Mahesh Gupta
20797,Mahesh Jadu
20798,Mahesh Jugal Kishor
20799,Mahesh Kothare
20800,Mahesh Manjrekar
20801,Mahesh Thakur
20802,Mahfouz Barakat
20803,Mahia Zrouki
20804,Mahie Gill
20805,Mahima Chaudhry
20806,Mahima Nambiar
20807,Mahinder Nath
20808,Mahindra Bajgai
20809,Mahir Günşiray
20810,Mahir İpek
20811,Mahira Abdelaziz
20812,Mahira Khan
20813,Mahiro Takasugi
20814,Mahmood Bin Shamsan
20815,Mahmood El-Laithi
20816,Mahmoud Abdel Moghny
20817,Mahmoud Al Atrash
20818,Mahmoud Azim
20819,Mahmoud Babai
20820,Mahmoud Boushahri
20821,Mahmoud Bu Shehri
20822,Mahmoud El Fishawy
20823,Mahmoud El Gendy
20824,Mahmoud El Meleigy
20825,Mahmoud El-Bazzawy
20826,Mahmoud El-Bezzawy
20827,Mahmoud Ellisy
20828,Mahmoud Ellithy
20829,Mahmoud Fares
20830,Mahmoud Gharib
20831,Mahmoud Hemeida
20832,Mahmoud Hijazi
20833,Mahmoud Mabsout
20834,Mahmoud al Massad
20835,Mahmud Alibashah
20836,Mahmut Gökgöz
20837,Mahnaz Damania
20838,Mahreen Kaleka
20839,Mahsun Kırmızıgül
20840,Mai Cat Vi
20841,Mai Charoenpura
20842,Mai Duong Kieu
20843,Mai El-Kady
20844,Mai Ezz El-Din
20845,Mai Ezzidine
20846,Mai Fuchigami
20847,Mai Kadowaki
20848,Mai Kanazawa
20849,Mai Nakahara
20850,Mai Sato
20851,Mai Selim
20852,Mai Shiraishi
20853,Maia Filar
20854,Maia Landaburu
20855,Maia Mitchell
20856,Maia Morgenstern
20857,Maiara Walsh
20858,Maica Barroso
20859,Maik Solbach
20860,Maika Monroe
20861,Maika Yamamoto
20862,Maiko
20863,Maile Flanagan
20864,Maine Mendoza
20865,Mais Hamdan
20866,Maisa Abd Elhadi
20867,Maisa Silva
20868,Maisie Benson
20869,Maisie Richardson-Sellers
20870,Maisie Williams
20871,Maite Lanata
20872,Maite Perroni
20873,Maite Sandoval
20874,Maite Zumelzú
20875,Maithili Patwardhan
20876,Maitreyi Ramakrishnan
20877,Maizura
20878,Maj-Britt Mathiesen
20879,Maja Komorowska
20880,Maja Salvador
20881,Maja Schöne
20882,Majdi Kamel
20883,Majdi Machmouchi
20884,Majdouline Idrissi
20885,Majed Abdulazim
20886,Majed Aldheeb
20887,Majed El Masry
20888,Majed Geagea
20889,Majel Barrett
20890,Majid Michel
20891,Majid Shokor
20892,Majida El Roumi
20893,Majida Issa
20894,Majo Cardoso
20895,Majo Cardozo
20896,Majo Chicar
20897,Mak Wilson
20898,Makarand Anaspure
20899,Makarand Deshpande
20900,Makarand Mukund
20901,Makarand Shukla
20902,Makayla Rose Hilli
20903,Makenzie Lee-Foster
20904,Makenzie Moss
20905,Makgano Mamabolo
20906,Makhosazana Ndlovu
20907,Maki Kawase
20908,Maki Tsuruta
20909,Makiko Watanabe
20910,Makio Inoue
20911,Makisig Morales
20912,Mako Ishino
20913,Mako Iwamatsu
20914,Makorn Supinacharoen
20915,Makoto Awane
20916,Makoto Furukawa
20917,Makoto Nagai
20918,Makram Khoury
20919,Makrand Deshpande
20920,Maksim Emelyanov
20921,Maksim Pinsker
20922,Mala Emde
20923,Mala Mukherjee
20924,Mala Sinha
20925,Malachi Kirby
20926,Malachy McCourt
20927,Malaika Arora
20928,Malaika Shenoy
20929,Malaika Wakoli-Abigaba
20930,Malak Abu Ghraibeh
20931,Malak Ermileh
20932,Malak Koura
20933,Malala Yousafzai
20934,Malavika Mohanan
20935,Malavikka
20936,Malay Chakrabarty
20937,Malcolm Barrett
20938,Malcolm Danare
20939,Malcolm Goodwin
20940,Malcolm McDowell
20941,Malcolm Stewart
20942,Malcolm Treviño-Sitté
20943,Malcolm X
20944,Malcolm-Jamal Warner
20945,Malcom Banks
20946,Maleeka Ghai
20947,Malen Clarkson
20948,Malena Alterio
20949,Malena Narvay
20950,Malena Pichot
20951,Malena Sánchez
20952,Malese Jow
20953,Malhar Thakar
20954,Mali Harries
20955,Mali Levi
20956,Malia Baker
20957,Malick Bowens
20958,Malik Bazille
20959,Malik Bine
20960,Malik Nejer
20961,Malik Yoba
20962,Malik Zidi
20963,Malika
20964,Malin Akerman
20965,Malin Buska
20966,Malina Weissman
20967,Malinda Williams
20968,Maliq & D'Essentials
20969,Maliq Johnson
20970,Malkeet Rauni
20971,Mallika Dua
20972,Mallika Sarabhai
20973,Mallika Sherawat
20974,Mallory Jansen
20975,Malobika Banerjee
20976,Malte Gårdinger
20977,Malu Galli
20978,Malu Valle
20979,Malvika Sharma
20980,Malvika Tiwari
20981,Mama Sane
20982,Mamadou Doumbia
20983,Mamadou Samaké
20984,Mamata Shankar
20985,Mamen Duch
20986,Mami Koyama
20987,Mami Ozaki
20988,Mami Shitara
20989,Mamie Gummer
20990,Mamiko Itoh
20991,Mamiko Noto
20992,Mamley Djangmah
20993,Mammootty
20994,Mammukoya
20995,Mamoru Miyano
20996,Mamoudou Athie
20997,Mamta Kulkarni
20998,Mamtha Mohandas
20999,Man-Wai Wong
21000,Man-seok Oh
21001,Man-sik Jung
21002,Mana Ashida
21003,Manabendra Das
21004,Manaka Iwami
21005,Manal Awad
21006,Manami Sugihira
21007,Mananya Kaoju
21008,Manasa Radhakrishnan
21009,Manasi Salvi
21010,Manatsanun Phanlerdwongsakul
21011,Manav Gohil
21012,Manav Kaul
21013,Manav Vij
21014,Manava Naik
21015,Manchindra Kamble
21016,Manchu Lakshmi
21017,Mandakini
21018,Mandakini Goswami
21019,Mandana Karimi
21020,Mandeep Dhillon
21021,Mandira Bedi
21022,Mandla Gaduka
21023,Mandra Naih
21024,Mandy Chen
21025,Mandy Grace
21026,Mandy Moore
21027,Mandy Patinkin
21028,Mandy Sekiguchi
21029,Mandy Takhar
21030,Mandy Tao
21031,Mandy Teefey
21032,Mandy Wei
21033,Maneerat Kham-uan
21034,Manel Barceló
21035,Mangal Kenkre
21036,Mangala Ahire
21037,Mangesh Desai
21038,Manie Malone
21039,Manikandan
21040,Manikandan R. Achari
21041,Manimegalai
21042,Manish Anand
21043,Manish Bhavan
21044,Manish Bhuvan
21045,Manish Chaudhary
21046,Manish Chauhan
21047,Manish Dayal
21048,Manish Devkush
21049,Manish Khanna
21050,Manish Mehta
21051,Manisha Koirala
21052,Manjari Fadnis
21053,Manjinder Virk
21054,Manjiri Pupala
21055,Manjot Singh
21056,Manju Chettri
21057,Manju Maini
21058,Manju Singh
21059,Manmeet Singh
21060,Mann Patel
21061,Manny Jacinto
21062,Manny Mahen
21063,Manny Montana
21064,Manny Pacquiao
21065,Mano Maniam
21066,Manobala
21067,Manohar Pandey
21068,Manoj Bajpayee
21069,Manoj Bakshi
21070,Manoj Biddvai
21071,Manoj Joshi
21072,Manoj K. Jayan
21073,Manoj Kolhatkar
21074,Manoj Kumar Pramanik
21075,Manoj Pahwa
21076,Manoj Pandey
21077,Manoj Raghubir Sharma
21078,Manoj Sabarwal
21079,Manolo Blahnik
21080,Manolo Cardona
21081,Manolo Solo
21082,Manon Azem
21083,Manon Bresch
21084,Manop Aswathep
21085,Manoranjan Das
21086,Manoël Dupont
21087,Manpneet Grewal
21088,Manpreet Bambra
21089,Manpreet Saggu
21090,Manpreet Singh
21091,Mansaku Fuwa
21092,Mansaku Ikeuchi
21093,Mansha Pasha
21094,Mansoor Alfeeli
21095,Mansour Al Felei
21096,Manthana Wannarod
21097,Manu Bennett
21098,Manu Dieguez
21099,Manu Fullola
21100,Manu Gavassi
21101,Manu Intiraymi
21102,Manu NNa
21103,Manu Payet
21104,Manu Rishi Chadha
21105,Manuel 'Flaco' Ibáñez
21106,Manuel Balbi
21107,Manuel Chua
21108,Manuel Cortés
21109,Manuel Garcia-Rulfo
21110,Manuel Huedo
21111,Manuel Landeta
21112,Manuel Lourenzo
21113,Manuel Morón
21114,Manuel Navarro
21115,Manuel Ojeda
21116,Manuel Rubey
21117,Manuel Vicente
21118,Manuela Couto
21119,Manuela Mandracchia
21120,Manuela Oyarzún
21121,Manuela Pacq
21122,Manuela Pal
21123,Manuela Velasco
21124,Manuela Vellés
21125,Manuela Ventura
21126,Manuj Sharma
21127,Manya Gupta
21128,Mao Daichi
21129,Maoni Talalua
21130,Maqbul Mohammed
21131,Mar Ayala
21132,Mar Saura
21133,Mar del Hoyo
21134,Mara Bestelli
21135,Mara Cuevas
21136,Mara Derwent
21137,Mara Holguin
21138,Maram Al Bloushi
21139,Maram Balochi
21140,Marama Corlett
21141,Marat Descartes
21142,Marc Akerstream
21143,Marc Andréoni
21144,Marc Balaguer
21145,Marc Barbé
21146,Marc Beaupré
21147,Marc Bendavid
21148,Marc Blucas
21149,Marc Clotet
21150,Marc Diraison
21151,Marc Domènech
21152,Marc Evan Jackson
21153,Marc Hayashi
21154,Marc Hickox
21155,Marc Hosemann
21156,Marc Jarousseau
21157,Marc Macaulay
21158,Marc Maron
21159,Marc Martínez
21160,Marc Menchaca
21161,Marc Rhys
21162,Marc Riso
21163,Marc Rodríguez
21164,Marc Ruchmann
21165,Marc Swint
21166,Marc Thompson
21167,Marc Warren
21168,Marc Wootton
21169,Marc Worden
21170,Marc Zinga
21171,Marc-André Grondin
21172,Marc-Antoine Duquenne
21173,Marca Leigh
21174,Marcel Borràs
21175,Marcel Bouzige
21176,Marcel Bracks
21177,Marcel Ghanem
21178,Marcel Hensema
21179,Marcel Iures
21180,Marcel McCalla
21181,Marcel Ruiz
21182,Marcel Szymanski
21183,Marcel Van Heerden
21184,Marcela Agudelo
21185,Marcela Benjumea
21186,Marcela Carvajal
21187,Marcela Gallego
21188,Marcela Guerty
21189,Marcela Guirado
21190,Marcela Mar
21191,Marcela Álvarez
21192,Marceline Hugot
21193,Marcella Arguello
21194,Marcella Lowery
21195,Marcella Zalianty
21196,Marcellino Lafrand
21197,Marcello Airoldi
21198,Marcello Rivera
21199,Marcello Tahitoe
21200,Marcello Thedford
21201,Marcelo Alonso
21202,Marcelo D'Andrea
21203,Marcelo Fernández Borsari
21204,Marcelo Médici
21205,Marcelo Serrado
21206,Marcelo Subiotto
21207,Marcelo Tubert
21208,Marcelo Valle
21209,Marci Miller
21210,Marci T. House
21211,Marcia Bennett
21212,Marcia DeBonis
21213,Marcia Gay Harden
21214,Marcial Tagle
21215,Marcial Álvarez
21216,Marcin Czarnik
21217,Marcin Dorociński
21218,Marco Antonio Solís
21219,Marco Antonio Treviño
21220,Marco Antônio Pâmio
21221,Marco Aurélio Campos
21222,Marco Baeza
21223,Marco Baliani
21224,Marco Bocci
21225,Marco Canadea
21226,Marco Cáceres
21227,Marco D'Almeida
21228,Marco D'Amore
21229,Marco Di Tieri
21230,Marco Giallini
21231,Marco Grazzini
21232,Marco Gumabao
21233,Marco Hernandez
21234,Marco Ilsø
21235,Marco Leonardi
21236,Marco León
21237,Marco Luque
21238,Marco Masa
21239,Marco Messeri
21240,Marco Méndez
21241,Marco Palvetti
21242,Marco Pigossi
21243,Marco Pérez
21244,Marco Ricca
21245,Marco Rodriguez
21246,Marco Spronk
21247,Marco Tostado
21248,Marco Treviño
21249,Marco Uriel
21250,Marco Wittorf
21251,Marco Zapata
21252,Marco Zunino
21253,Marco de la O
21254,Marcondes Falcão
21255,Marcos Caruso
21256,Marcos Franz
21257,Marcos Mion
21258,Marcos Moreno
21259,Marcos Oliveira
21260,Marcuis Harris
21261,Marcus Bessa
21262,Marcus Brigstocke
21263,Marcus Chang
21264,Marcus Chiau
21265,Marcus Chong
21266,Marcus D'Amico
21267,Marcus D'Angelo
21268,Marcus Graham
21269,Marcus Griffin
21270,Marcus Griffiths
21271,Marcus Henderson
21272,Marcus Hester
21273,Marcus LaVoi
21274,Marcus Lamb
21275,Marcus Lyle Brown
21276,Marcus Majella
21277,Marcus Ornellas
21278,Marcus Scribner
21279,Marcus T. Paulk
21280,Marcus Thomas
21281,Marcus Vanco
21282,Marcus du Sautoy
21283,Mare Winningham
21284,Maree Cheatham
21285,Marek Kalita
21286,Marek Kondrat
21287,Maren Heary
21288,Margaret Avery
21289,Margaret Cho
21290,Margaret Clunie
21291,Margaret Colin
21292,Margaret Jackman
21293,Margaret Lin
21294,Margaret Odette
21295,Margaret Qualley
21296,Margaret Towner
21297,Margaret Wang
21298,Margaret Whitton
21299,Margarita Magaña
21300,Margarita Muñoz
21301,Margarita Reyes
21302,Margarita Rosa de Francisco
21303,Margarita Sanz
21304,Margarita Valderrama
21305,Margaux Bonin
21306,Margherita Caviezel
21307,Margherita Donato
21308,Margherita Morchio
21309,Margie McCrae
21310,Margo Martindale
21311,Margo Stilley
21312,Margot Bancilhon
21313,Margot Bingham
21314,Margot Dufrene
21315,Margot Farley
21316,Margot Robbie
21317,Marguerite McNeil
21318,Marguerite Moreau
21319,Marguerite Wheatley
21320,Marhoom Ahmad Bilal
21321,Mari Devon
21322,Mari Hamada
21323,Mari Hino
21324,Mari Maruta
21325,Mari Mashiba
21326,Mari Morrow
21327,Mari Natsuki
21328,Mari Nelson
21329,Mari Yaguchi
21330,Mari Yamachi
21331,Maria Angelico
21332,Maria Bamford
21333,Maria Bello
21334,Maria Blasucci
21335,Maria Bock
21336,Maria Casadevall
21337,Maria Cordero
21338,Maria Dejmek
21339,Maria DiGeronimo
21340,Maria Diekmann
21341,Maria Dinulescu
21342,Maria Dizzia
21343,Maria Doyle Kennedy
21344,Maria Eduarda
21345,Maria Ehrich
21346,Maria Farida
21347,Maria Grazia Cucinotta
21348,Maria Grazia Di Meo
21349,Maria Hofstätter
21350,Maria Isabel Lopez
21351,Maria Jose Vargas
21352,Maria Kawamura
21353,Maria Khan
21354,Maria Klejdysz
21355,Maria Laura Nogueira
21356,Maria Louis
21357,Maria Luisa De Crescenzo
21358,Maria Menado
21359,Maria Mercedes
21360,Maria Merlino
21361,Maria Molins
21362,Maria Muldaur
21363,Maria Naganawa
21364,Maria Pakulnis
21365,Maria Palm
21366,Maria Pia Calzone
21367,Maria Rianne Castro
21368,Maria Sabta
21369,Maria Sid
21370,Maria Sobocińska
21371,Maria Sundbom
21372,Maria Thayer
21373,Maria Votti
21374,Maria Wawreniuk
21375,Maria Yohannan
21376,Maria de Medeiros
21377,Maria del Carmen Farías
21378,Mariah Bozeman
21379,Mariah Carey
21380,Mariah Ug
21381,Mariam Al-Ghadban
21382,Mariam Bassa
21383,Mariam Bokeria
21384,Mariam El Khosht
21385,Mariam Precious Sanusi
21386,Mariama Gassama
21387,Marian Dziędziel
21388,Marian Glinka
21389,Marian Quinn
21390,Marian Saastad Ottesen
21391,Marian Álvarez
21392,Mariana Amâncio
21393,Mariana Botas
21394,Mariana Cabrera
21395,Mariana Carballal
21396,Mariana Cordero
21397,Mariana Garzón
21398,Mariana Gómez
21399,Mariana Klaveno
21400,Mariana Loyola Ruz
21401,Mariana Mazza
21402,Mariana Nunes
21403,Mariana Sena
21404,Mariana Seoane
21405,Mariana Treviño
21406,Mariana de Matos
21407,Marianna Burelli
21408,Marianna Palka
21409,Marianne Jean-Baptiste
21410,Marianne Jonger
21411,Marianne Miller
21412,Marianne Mörck
21413,Marianne Rendón
21414,Marianne Schaller Romero
21415,Marianne Sägebrecht
21416,Marianne Williamson
21417,Mariano Mattos Martins
21418,Mariano Tun Xool
21419,Maribel Salas
21420,Maribel Verdú
21421,Maribel del Pino
21422,Maricar Reyes
21423,Maricel Laxa
21424,Maricel Soriano
21425,Maricor Canlas
21426,Marie Askehave
21427,Marie Avgeropoulos
21428,Marie Blokhus
21429,Marie Danielle
21430,Marie Denarnaud
21431,Marie Drion
21432,Marie Everett
21433,Marie Fontannaz
21434,Marie Göranzon
21435,Marie Humbert
21436,Marie Kondo
21437,Marie Kremer
21438,Marie Leuenberger
21439,Marie Matiko
21440,Marie Miyake
21441,Marie Mottet
21442,Marie Mouté
21443,Marie Narbonne
21444,Marie Wagenman
21445,Marie-Ange Casta
21446,Marie-Evelyne Lessard
21447,Marie-Françoise Theodore
21448,Marie-Ginette Guay
21449,Marie-Josée Croze
21450,Marie-Julie Baup
21451,Marie-Line Landerwyn
21452,Marie-Philomène Nga
21453,Marie-Sophie Ferdane
21454,Mariee Devereux
21455,Marieh Delfino
21456,Mariel Hemingway
21457,Marielle Heller
21458,Marieve Herington
21459,Marii Weichsler
21460,Marije Zuurveld
21461,Marika Casteel
21462,Marika Hayashi
21463,Marika Kono
21464,Mariko Hayashi
21465,Mariko Tsutsui
21466,Marilou Aussilloux
21467,Marilu Marini
21468,Marilyn Burns
21469,Marilyn Castonguay
21470,Marilyn Lima
21471,Marilyn Norry
21472,Marimar Vega
21473,Marin Hinkle
21474,Marin Ireland
21475,Marina Bellati
21476,Marina Brandão
21477,Marina Foïs
21478,Marina Goldman
21479,Marina Hands
21480,Marina Inoue
21481,Marina Kaletskaya
21482,Marina Massironi
21483,Marina Popovic
21484,Marina Provenzzano
21485,Marina Salas
21486,Marina San José
21487,Marina Sirtis
21488,Marina de Tavira
21489,Marinda Halpin
21490,Marine Vacth
21491,Mario
21492,Mario Adorf
21493,Mario Alarcón
21494,Mario Alberto Monroy
21495,Mario Alberto Quiñones
21496,Mario Bassil
21497,Mario Batali
21498,Mario Cantone
21499,Mario Carotenuto
21500,Mario Casas
21501,Mario Cimarro
21502,Mario Duarte
21503,Mario Espitia
21504,Mario Gallo
21505,Mario Gamma
21506,Mario Guerci
21507,Mario Guerra
21508,Mario Horton
21509,Mario Iván Martínez
21510,Mario Lopez
21511,Mario Magalhaes
21512,Mario Maurer
21513,Mario Moran
21514,Mario Revolori
21515,Mario Tardón
21516,Mario Van Peebles
21517,Mario Zaragoza
21518,Mariola Fuentes
21519,Marion Bailey
21520,Marion Cotillard
21521,Marion Lambert
21522,Marion Ross
21523,Marion Van Cuyck
21524,Mariona Pagès
21525,Mariona Terés
21526,Maris Degener
21527,Maris Racal
21528,Marisa Berenson
21529,Marisa Brown
21530,Marisa Lynae Hampton
21531,Marisa Paredes
21532,Marisa Ryan
21533,Marisa Tomei
21534,Marisela Uscanga
21535,Marisol Aznar
21536,Marisol Nichols
21537,Marisol del Olmo
21538,"Marissa ""Chabe"" Lozano"
21539,Marissa Anita
21540,Marissa Delgado
21541,Marissa Jaret Winokur
21542,Marissa Jo Cerar
21543,Marissa Mathes
21544,Marissa O'Donnell
21545,Marit Brugman
21546,Marita Ballesteros
21547,Maritoni Fernandez
21548,Maritza Rodríguez
21549,Marius Due
21550,Mariusz Dmochowski
21551,Mariusz Kałamaga
21552,Mariusz Ostrowski
21553,Mariya Anikanova
21554,Mariya Ise
21555,Mariya Khomutova
21556,Marjorie De Sousa
21557,Marjorie Estiano
21558,Mark Acheson
21559,Mark Adair-Rios
21560,Mark Addy
21561,Mark Alan
21562,Mark Anthony Fernandez
21563,Mark Ashworth
21564,Mark Bazeley
21565,Mark Benington
21566,Mark Benton
21567,Mark Blum
21568,Mark Boone Junior
21569,Mark Cacciatore
21570,Mark Camacho
21571,Mark Caso
21572,Mark Cassius
21573,Mark Chao
21574,Mark Cheng
21575,Mark Cirillo
21576,Mark Consuelos
21577,Mark Cox
21578,Mark Cuban
21579,Mark Dacascos
21580,Mark DeCarlo
21581,Mark Derwin
21582,Mark Dexter
21583,Mark Dohner
21584,Mark Duplass
21585,Mark Edwards
21586,Mark Elderkin
21587,Mark Famiglietti
21588,Mark Farokh Parakh
21589,Mark Farokh Parekh
21590,Mark Ferguson
21591,Mark Feuerstein
21592,Mark Fleischmann
21593,Mark Forward
21594,Mark Fredrichs
21595,Mark Gatiss
21596,Mark Ghanimé
21597,Mark Gillis
21598,Mark Griffin
21599,Mark Gruner
21600,Mark Hamill
21601,Mark Harmon
21602,Mark Hauser
21603,Mark Hefti
21604,Mark Hildreth
21605,Mark Ishii
21606,Mark Ivanir
21607,Mark Kandborg
21608,Mark Kassen
21609,Mark Kelly
21610,Mark Kubr
21611,Mark L. Young
21612,Mark Labbett
21613,Mark Lavery
21614,Mark Lee
21615,Mark Leonard Winter
21616,Mark Lewis
21617,Mark Lewis Jones
21618,Mark Little
21619,Mark McKinney
21620,Mark Miodownik
21621,Mark Mitchinson
21622,Mark Monero
21623,Mark Moses
21624,Mark O'Brien
21625,Mark O'Dea
21626,Mark Olive
21627,Mark Oliver
21628,Mark Pellegrino
21629,Mark Povinelli
21630,Mark Quartley
21631,Mark Rendall
21632,Mark Renneker
21633,Mark Rhino Smith
21634,Mark Rietman
21635,Mark Ruffalo
21636,Mark Rylance
21637,Mark Salling
21638,Mark Samual Bonanno
21639,Mark Schlegel
21640,Mark Schneider
21641,Mark Sheppard
21642,Mark Sivertsen
21643,Mark Stanley
21644,Mark Steger
21645,Mark Stoddard
21646,Mark Strange
21647,Mark Strong
21648,Mark Szabo
21649,Mark Tacher
21650,Mark Tankersley
21651,Mark Towle
21652,Mark Wahlberg
21653,Mark Walton
21654,Mark Waschke
21655,Mark Webber
21656,Mark Whitten
21657,Mark Williams
21658,Mark Williams-Thomas
21659,Mark Wright
21660,Mark Wu
21661,Mark Zak
21662,Mark van Eeuwen
21663,Mark-Paul Gosselaar
21664,Markees Christmas
21665,Markice Moore
21666,Markie Post
21667,Markin López
21668,Marko Dyrlich
21669,Marko Zaror
21670,Markus Flanagan
21671,Markus Krojer
21672,Markus Paterson
21673,Markus Silbiger
21674,Markus Stubeier
21675,Marla Adams
21676,Marla Gibbs
21677,Marla Mindelle
21678,Marlann Flores
21679,Marlee Matlin
21680,Marlee van der Merwe
21681,Marlene Favela
21682,Marlene Marquez
21683,Marley Dias
21684,Marley Shelton
21685,Marlo Kelly
21686,Marlo Williams
21687,Marlon Boess
21688,Marlon Brando
21689,Marlon Dance-Hooi
21690,Marlon Moreno
21691,Marlon Pérez Cruz
21692,Marlon Wayans
21693,Marni Nixon
21694,Marno van der Merwe
21695,Marque Richardson
21696,Marquell Manning
21697,Marques Houston
21698,Marques Ray
21699,Marquis Rodriguez
21700,Marquita Goings
21701,Marrese Crump
21702,Marsai Martin
21703,Marsha Aruan
21704,Marsha Mason
21705,Marsha Stephanie Blake
21706,Marsha Wattanapanich
21707,Marshall Bean
21708,Marshall Bell
21709,Marshall Chapman
21710,Marshall Crenshaw
21711,Marshall Johnson
21712,Marshall Napier
21713,Mart Crowley
21714,Mart Escudero
21715,Marta Aledo
21716,Marta Barrio
21717,Marta Belenguer
21718,Marta Belmonte
21719,Marta Brucart
21720,Marta Domingo
21721,Marta Etura
21722,Marta Gastini
21723,Marta Hazas
21724,Marta Larralde
21725,Marta Manduca
21726,Marta Marco
21727,Marta Milans
21728,Marta Nieradkiewicz
21729,Marta Pérez
21730,Marta Torné
21731,Martavious Gayles
21732,Martha Claudia Moreno
21733,Martha Higareda
21734,Martha Howe-Douglas
21735,Martha Irving
21736,Martha Julia
21737,Martha Lott
21738,Martha MacIsaac
21739,Martha Plimpton
21740,Martha Scott
21741,Marthe Bernard
21742,Marthino Lio
21743,Marti Matulis
21744,Martijn Koning
21745,Martin Anugrah
21746,Martin Bats Bradford
21747,Martin Bobb-Semple
21748,Martin Brygmann
21749,Martin Clunes
21750,Martin Compston
21751,Martin Cummins
21752,Martin Delaney
21753,Martin Dingle-Wall
21754,Martin Donovan
21755,Martin Feifel
21756,Martin Freeman
21757,Martin Githinji
21758,Martin Hancock
21759,Martin Henderson
21760,Martin Hernandez
21761,Martin Hestbæk
21762,Martin Hron
21763,Martin Huba
21764,Martin Hutson
21765,Martin Karelius
21766,Martin Klebba
21767,Martin Kove
21768,Martin Kretz
21769,Martin L. Washington Jr.
21770,Martin Landau
21771,Martin Lawrence
21772,Martin Luther
21773,Martin Maloney
21774,Martin Matte
21775,Martin McCann
21776,Martin Mull
21777,Martin Pechlát
21778,Martin Roach
21779,Martin Rycroft
21780,Martin Schoeller
21781,Martin Scorsese
21782,Martin Seifert
21783,Martin Sensmeier
21784,Martin Shaw
21785,Martin Sheen
21786,Martin Short
21787,Martin Sidel
21788,Martin Slipak
21789,Martin Starr
21790,Martin Swabey
21791,Martin Trenaman
21792,Martin Trudel
21793,Martin Wong
21794,Martin Wuttke
21795,Martin del Rosario
21796,Martin von Hildebrand
21797,Martina Eitner-Acheampong
21798,Martina García
21799,Martina Gedeck
21800,Martina Gusman
21801,Martina Gusmán
21802,Martina Haag
21803,Martina Hill
21804,Martina Schöne-Radunski
21805,Martina Stella
21806,Martina Stetson
21807,Martina Stoessel
21808,Martiño Rivas
21809,Marton Csokas
21810,Martufello
21811,Marty Adams
21812,Marty Sander
21813,Martyn Ford
21814,Martyna Byczkowska
21815,Martyna Nowakowska
21816,Martynika Kosnica
21817,Martín Adjemián
21818,Martín Altomaro
21819,Martín Bacigalupo
21820,Martín Bello
21821,Martín Karpan
21822,Martín Piroyansky
21823,Martín Reyes
21824,Martín Rocco
21825,Martín Saracho
21826,Martín Seefeld
21827,Martín Urruty
21828,Maru Dueñas
21829,Marvin 'Krondon' Jones III
21830,Marvin Agustin
21831,Marvin Dubart
21832,Marwa
21833,Marwa Abdel Monem
21834,Marwa Almassri
21835,Marwa Mehran
21836,Marwan Azab
21837,Marwan Kenzari
21838,Mary Alice
21839,Mary Berry
21840,Mary Beth Hurt
21841,Mary Beth Peil
21842,Mary Bond Davis
21843,Mary Donnelly Haskell
21844,Mary Elizabeth McGlynn
21845,Mary Elizabeth Winstead
21846,Mary Ellen Trainor
21847,Mary Fogarty
21848,Mary Gillis
21849,Mary Gordon Murray
21850,Mary Holland
21851,Mary J. Blige
21852,Mary Jane Wells
21853,Mary Jo Pehl
21854,Mary Joy Apostol
21855,Mary Kate Schellhardt
21856,Mary Kay Bergman
21857,Mary Kay Place
21858,Mary Lambert
21859,Mary Lane Haskell
21860,Mary Looram
21861,Mary Lynn Rajskub
21862,Mary Makariou
21863,Mary Mara
21864,Mary McCormack
21865,Mary McDonnell
21866,Mary Mouser
21867,Mary Nonghuloo
21868,Mary O'Brady
21869,Mary O'Neil
21870,Mary Pat Gleason
21871,Mary Paz Mata
21872,Mary Portas
21873,Mary Scheer
21874,Mary Sohn
21875,Mary Steenburgen
21876,Mary Testa
21877,Mary Thornton
21878,Mary Wickes
21879,Mary Woronov
21880,Mary-Colin Chisholm
21881,Mary-Kate Olsen
21882,Mary-Louise Parker
21883,Maryam Booth
21884,Maryam Kamiel Basha
21885,Maryam Kanj
21886,Maryam Saleh
21887,Maryam Zakaria
21888,Maryam Zaree
21889,Maryana Spivak
21890,Maryann Plunkett
21891,Maryjun Takahashi
21892,Maryke Hendrikse
21893,Marzia Ubaldi
21894,María Alfonsa Rosso
21895,María Antonieta de las Nieves
21896,María Aura
21897,María Camila Zárate
21898,María Cecilia Botero
21899,María Cecilia Sánchez
21900,María Chacón
21901,María Costas
21902,María De La Fuente
21903,María Dupláa
21904,María Elena Olivares
21905,María Esnoz
21906,María Esteve
21907,María Fernanda García
21908,María Fernanda Matus
21909,María Fernanda Yepes
21910,María Fernanda Yépes
21911,María Fernanda Yépez
21912,María Guinea
21913,María Hervás
21914,María Isabel Díaz
21915,María Izquierdo
21916,María José Martínez
21917,María José Sarrate
21918,María José Vargas
21919,María Laura Quintero
21920,María León
21921,María Luisa Flores
21922,María Mendive
21923,María Mera
21924,María Morales
21925,María Noel Gutiérrez
21926,María Onetto
21927,María Paz Grandjean
21928,María Pedraza
21929,María Pujalte
21930,María Rodríguez Soto
21931,María Salgueiro
21932,María Soldi
21933,María Tasende
21934,María Valverde
21935,María Vázquez
21936,María Zamora
21937,María de Nati
21938,Masaaki Tsukada
21939,Masaba Gupta
21940,Masaharu Fukuyama
21941,Masahiko Tanaka
21942,Masahiko Tsugawa
21943,Masahiro Motoki
21944,Masakazu Morita
21945,Masaki Suda
21946,Masaki Terasoma
21947,Masako Chiba
21948,Masako Isobe
21949,Masako Katsuki
21950,Masako Matsuno
21951,Masako Sugaya
21952,Masam Holden
21953,Masami Iwasaki
21954,Masami Kosaka
21955,Masami Nagasawa
21956,Masane Tsukayama
21957,Masanobu Ando
21958,Masao Yoshii
21959,Masaru Mizuno
21960,Masasa Moyo
21961,Masashi Ebara
21962,Masashi Nogawa
21963,Masashi Odate
21964,Masashi Sugawara
21965,Masataka Kubota
21966,Masato Hagiwara
21967,Masato Kono
21968,Masato Sakai
21969,Masato Wada
21970,Masato Yano
21971,Masatoh Ibu
21972,Masaya Matsukaze
21973,Masaya Onosaka
21974,Masayasu Yagi
21975,Masayoshi Haneda
21976,Masha Paur
21977,Masi Oka
21978,Masika Kalysha
21979,Mason Cook
21980,Mason Davis
21981,Mason Dye
21982,Mason Gamble
21983,Mason Gooding
21984,Mason Hensley
21985,Mason McCulley
21986,Mason McNulty
21987,Mason Vale Cotton
21988,Mason Wells
21989,Masood Akhtar
21990,Masoom Shankar
21991,Massimiliano Gallo
21992,Massimiliano Rossi
21993,Massimiliano Setti
21994,Massimiliano Tortora
21995,Massimo Boldi
21996,Massimo Bottura
21997,Massimo Ceccherini
21998,Massimo Ghini
21999,Massimo Popolizio
22000,Master Bobby
22001,Master P
22002,Master Rohan
22003,Master Yuvraj
22004,Masuo Amada
22005,Mat Fraser
22006,Matahi Drollet
22007,Mateo Arias
22008,Mateo Iribarren
22009,Matet De Leon
22010,Mateusz Banasiuk
22011,Mateusz Dopieralski
22012,Mateusz Kościukiewicz
22013,Mateusz Więcławek
22014,Mateusz Łasowski
22015,Mather Zickel
22016,Matheus Costa
22017,Matheus Lustosa
22018,Matheus Moura
22019,Matheus Nachtergaele
22020,Mathew Horne
22021,Mathew Mackay
22022,Mathew St. Patrick
22023,Mathew Thomas
22024,Mathias Bloech
22025,Mathias Minne
22026,Mathias Muchus
22027,Mathias Wyss
22028,Mathieu Amalric
22029,Mathieu Demy
22030,Mathieu Kassovitz
22031,Mathieu Madénian
22032,Mathilda Obaseki
22033,Mathilde Lin
22034,Mathilde Thomine Storm
22035,Mathilde Warnier
22036,Mathis Crusson
22037,Mathis Touré
22038,Mati Diop
22039,Matias Maldonado
22040,Matias Muchus
22041,Matias Novoa
22042,Matias Varela
22043,Matila Malliarakis
22044,Matilda De Angelis
22045,Matilda Lambert
22046,Matilda Lawler
22047,Matilda Lutz
22048,Matilda Marz
22049,Matleena Kuusniemi
22050,Matreya Fedor
22051,Matsuri Mizuguchi
22052,Matsuya Onoe
22053,Matt Angel
22054,Matt Anipen
22055,Matt Annetts
22056,Matt Austin
22057,Matt Baram
22058,Matt Barr
22059,Matt Battaglia
22060,Matt Bellefleur
22061,Matt Bennett
22062,Matt Berry
22063,Matt Besser
22064,Matt Biedel
22065,Matt Bomer
22066,Matt Braunger
22067,Matt Chow
22068,Matt Cook
22069,Matt Corboy
22070,Matt Craven
22071,Matt Czuchry
22072,Matt Dallas
22073,Matt Damon
22074,Matt Day
22075,Matt Dillon
22076,Matt Doran
22077,Matt Duffer
22078,Matt Ellis
22079,Matt Evans
22080,Matt Frewer
22081,Matt Griesser
22082,Matt Hickey
22083,Matt Hill
22084,Matt Hullum
22085,Matt Jones
22086,Matt Keeslar
22087,Matt King
22088,Matt Lanter
22089,Matt Lasky
22090,Matt Lauria
22091,Matt LeBlanc
22092,Matt Letscher
22093,Matt Long
22094,Matt Lowe
22095,Matt Lucas
22096,Matt Malloy
22097,Matt McAllister
22098,Matt McCooey
22099,Matt McCoy
22100,Matt McGorry
22101,Matt Mercer
22102,Matt Mercurio
22103,Matt Mulhern
22104,Matt Nable
22105,Matt O'Leary
22106,Matt Passmore
22107,Matt Price
22108,Matt Riedy
22109,Matt Rogers
22110,Matt Ross
22111,Matt Salinger
22112,Matt Schichter
22113,Matt Shively
22114,Matt Smith
22115,Matt Stern
22116,Matt Stokoe
22117,Matt Stone
22118,Matt Vogel
22119,Matt Walsh
22120,Matt Whelan
22121,Matt Winston
22122,Matt Yang King
22123,Matt Zeremes
22124,Mattea Conforti
22125,Matteo El Khodr
22126,Matteo Giannini
22127,Matteo Guidicelli
22128,Matteo Oscar Giuggioli
22129,Matteo Simoni
22130,Matteo van der Grijn
22131,Matthew Aubrey
22132,Matthew Bacik
22133,Matthew Beard
22134,Matthew Bohrer
22135,Matthew Broderick
22136,Matthew Cottle
22137,Matthew Craig
22138,Matthew Daddario
22139,Matthew Davis
22140,Matthew Deane Chanthavanij
22141,Matthew Del Negro
22142,Matthew Dellapina
22143,Matthew Douglas
22144,Matthew Edward Hegstrom
22145,Matthew Espinosa
22146,Matthew Fox
22147,Matthew Goode
22148,Matthew Gray Gubler
22149,Matthew Géczy
22150,Matthew Harbour
22151,Matthew Hussey
22152,Matthew J. Evans
22153,Matthew Joel Kranyak
22154,Matthew Jones
22155,Matthew Josten
22156,Matthew Kimbrough
22157,Matthew Knight
22158,Matthew Lawler
22159,Matthew Lillard
22160,Matthew MacCaull
22161,Matthew Macfadyen
22162,Matthew Maher
22163,Matthew Marsden
22164,Matthew Marsh
22165,Matthew McCann
22166,Matthew McConaughey
22167,Matthew McKelligon
22168,Matthew Mercer
22169,Matthew Mintz
22170,Matthew Modine
22171,Matthew Morrison
22172,Matthew Mucci
22173,Matthew Noszka
22174,Matthew Page
22175,Matthew Perry
22176,Matthew Postlethwaite
22177,Matthew Reese
22178,Matthew Rhys
22179,Matthew Romero
22180,Matthew Rutherford
22181,Matthew Sakimoto
22182,Matthew Settle
22183,Matthew Sharp
22184,Matthew Sussman
22185,Matthew Waterson
22186,Matthew Willig
22187,Matthew Wolf
22188,Matthew Yang King
22189,Matthew Ziff
22190,Matthias Brandt
22191,Matthias Brenner
22192,Matthias Dandois
22193,Matthias Habich
22194,Matthias Klimsa
22195,Matthias Koeberlin
22196,Matthias Schoenaerts
22197,Matthias Schweighöfer
22198,Matthieu Kacou
22199,Matthieu Lucci
22200,Matti Laine
22201,Mattias Inwood
22202,Mattias Nordkvist
22203,Mattis Herman Nyquist
22204,Matty Cardarople
22205,Matty Finochio
22206,Matyáš Řezníček
22207,Matías Assler
22208,Matías Bassi
22209,Matías Desiderio
22210,Matías Marmorato
22211,Matías Mayer
22212,Matías Meyer
22213,Matías Raygada
22214,Matías Recalt
22215,Mau Nieto
22216,Maud Adams
22217,Maude Apatow
22218,Maudy Ayunda
22219,Maudy Koesnaedi
22220,Maulidina K. Putri
22221,Maulik Jagdish Nayak
22222,Maulik Pancholy
22223,Maura Tierney
22224,Maureen Lipman
22225,Maureen Mann
22226,Maureen McGovern
22227,Maureen Mueller
22228,Maurice Bryrne
22229,Maurice Carpede
22230,Maurice Chevalier
22231,Maurice Compte
22232,Maurice Dean Wint
22233,Maurice Evans
22234,Maurice Everett
22235,Maurice LaMarche
22236,Maurice Paige
22237,Maurice Sam
22238,Mauricio A. Jortack
22239,Mauricio Argüelles
22240,Mauricio Aspe
22241,Mauricio Cujar
22242,Mauricio Dayub
22243,Mauricio Figueroa
22244,Mauricio Isaac
22245,Mauricio Kuri
22246,Mauricio Lara
22247,Mauricio Llera
22248,Mauricio López
22249,Mauricio Martínez
22250,Mauricio Mendoza
22251,Mauricio Novoa
22252,Mauricio Ochmann
22253,Mauricio Paniagua
22254,Mauricio Pimentel
22255,Mauricio Pinto
22256,Mauricio Tarcinalli Barros
22257,Mauricio Vélez
22258,Mauricio Xavier
22259,Maurizio Arena
22260,Maurizio Lastrico
22261,Mauro Chuchón
22262,Mauro Mauad
22263,Mauro Sánchez Navarro
22264,Maury Chaykin
22265,Maurício Meirelles
22266,Maurício de Barros
22267,Mausam
22268,Mavie Hörbiger
22269,Mavis Fan
22270,Mavis Staples
22271,Mavrick Moreno
22272,Mawar Rashid
22273,Mawar de Jongh
22274,Mawi
22275,Mawin Taweephol
22276,Mawuli Gavor
22277,Max Bremer
22278,Max Brown
22279,Max Casella
22280,Max Cavenham
22281,Max Charles
22282,Max Cullen
22283,Max Ehrich
22284,Max Fincham
22285,Max Goudsmit
22286,Max Greenfield
22287,Max Herbrechter
22288,Max Irons
22289,Max Jabs
22290,Max Jenkins
22291,Max Julien
22292,Max Lohan
22293,Max Macmillan
22294,Max Malatesta
22295,Max Marieges
22296,Max Martini
22297,Max Matveev
22298,Max Mauff
22299,Max Minghella
22300,Max Mittelman
22301,Max Perlich
22302,Max Pomeranc
22303,Max Riemelt
22304,Max Rose
22305,Max Salgado
22306,Max Sheldon
22307,Max Talisman
22308,Max Thieriot
22309,Max Tortora
22310,Max Ulveson
22311,Max Wright
22312,Max von Sydow
22313,Max von der Groeben
22314,Maxene Magalona
22315,Maxi Iglesias
22316,Maxim Khalil
22317,Maxim Roy
22318,Maxime Baudoin
22319,Maxime Pambet
22320,Maximilian Brückner
22321,Maximilian Dirr
22322,Maximilian Ehrenreich
22323,Maximilian Jaenisch
22324,Maximilian Meyer-Bretschneider
22325,Maximilian Mundt
22326,Maximilian Schell
22327,Maximilian Schmidt
22328,Maximus Evans
22329,Maxine Peake
22330,Maxwell Jenkins
22331,Maxwell Powers
22332,Maxwell Simba
22333,Maxwell Simkins
22334,May Haas
22335,May Hong
22336,May June
22337,May Kassab
22338,Maya Ali
22339,Maya Angelou
22340,Maya Coline
22341,Maya Erskine
22342,Maya Eshet
22343,Maya Franzoi
22344,Maya Gilbert
22345,Maya Hawke
22346,Maya Karin
22347,Maya Kay
22348,Maya Kazan
22349,Maya Krishna Rao
22350,Maya Lynne Robinson
22351,Maya Rudolph
22352,Maya Sansa
22353,Maya Sarao
22354,Maya Simmons
22355,Maya Stojan
22356,Maya Tanida
22357,Maya Tideman
22358,Maya Washington
22359,Maya Yoshioka
22360,Mayank Parakh
22361,Mayar El Gheity
22362,Mayday
22363,Mayella Lloclla
22364,Mayhara Ribeiro
22365,Mayilsamy
22366,Mayko Nguyen
22367,Mayling Ng
22368,Maymay Entrata
22369,Mayo Suzukaze
22370,Mayra Batalla
22371,Mayra Luna
22372,Mayra Nájar
22373,Mayra Olivera
22374,Maysara
22375,Mayté Cordeiro
22376,Mayu Matsuoka
22377,Mayu Udono
22378,Mayuki Makiguchi
22379,Mayuko Fukuda
22380,Mayuko Kawakita
22381,Mayumi Asano
22382,Mayumi Iizuka
22383,Mayumi Kawai
22384,Mayumi Shintani
22385,Mayumi Tanaka
22386,Mayumi Yamaguchi
22387,Mayumi Yoshida
22388,Mayur Khandge
22389,Mayur Mahendra Patole
22390,Mayur More
22391,Mayur Vyas
22392,Maz Jobrani
22393,Mazhar Alanson
22394,Mazin Elsadig
22395,Mazroa Almazroa
22396,Maísa Silva
22397,Maître Gims
22398,Maïmouna Gueye
22399,Maïwenn
22400,Maïwenn Le Besco
22401,Małgorzata Gebel
22402,Małgorzata Hajewska
22403,Małgorzata Kożuchowska
22404,Małgorzata Krzysica
22405,Małgorzata Rożniatowska
22406,Mbissine Thérèse Diop
22407,McCabe Slye
22408,McCaul Lombardi
22409,McCoy De Leon
22410,McKayla Witt
22411,Mcfly
22412,Mckell David
22413,Mckenna Grace
22414,Meadow Williams
22415,Meagan Good
22416,Meagan Kimberly Smith
22417,Meagan Tandy
22418,Meagen Fay
22419,Meaghan Martin
22420,Medalion Rahimi
22421,Medha Manjrekar
22422,Medhat Tekha
22423,Medi Sadoun
22424,Mediha Musliovic
22425,Medina Senghore
22426,Medusa
22427,Meegan Warner
22428,Meegwun Fairbrother
22429,Meena
22430,Meena Nahta
22431,Meena T.
22432,Meenakshi Dixit
22433,Meenakshi Sethi
22434,Meenakshi Sheshadri
22435,Meera Ali
22436,Meera Krishnan
22437,Meera Rohit Kumbhani
22438,Meera Syal
22439,Meera Welankar
22440,Meesha Contreras
22441,Meesha Shafi
22442,Meezaan Jaffrey
22443,Meg DeLacy
22444,Meg Otanwa
22445,Meg Ryan
22446,Meg Steedle
22447,Mega Carefansa
22448,Megalyn Echikunwoke
22449,Megan Baily
22450,Megan Boone
22451,Megan Cavanagh
22452,Megan Elisabeth Kelly
22453,Megan Fahlenbock
22454,Megan Ferguson
22455,Megan Follows
22456,Megan Gay
22457,Megan Hilty
22458,Megan Hollingshead
22459,Megan Ketch
22460,Megan Lai
22461,Megan Le
22462,Megan Leonard
22463,Megan Mackenzie
22464,Megan Montaner
22465,Megan Mullally
22466,Megan Nicol
22467,Megan Nicole Dong
22468,Megan O'Kelly
22469,Megan Park
22470,Megan Richie
22471,Megan Roberts
22472,Megan Sousa
22473,Megan Thee Stallion
22474,Meganne Young
22475,Meghan Markle
22476,Meghan Strange
22477,Meghanathan
22478,Meghna Erande Joshi
22479,Meghna Malik
22480,Meghna Naidu
22481,Megumi
22482,Megumi Han
22483,Megumi Hayashibara
22484,Megumi Matsumoto
22485,Megumi Nakajima
22486,Megumi Ogata
22487,Megumi Seki
22488,Megumi Takamoto
22489,Megumi Toyoguchi
22490,Mehak Manwani
22491,Mehcad Brooks
22492,Mehdi Dehbi
22493,Mehdi Meskar
22494,Meher Vij
22495,Mehmet Ali Tuncer
22496,Mehmet Bahattin Genç
22497,Mehmet Canbeg
22498,Mehmet Esen
22499,Mehmet Günsür
22500,Mehmet Kurtulus
22501,Mehmet Kurtuluş
22502,Mehmet Selim Akgül
22503,Mehmet Yılmaz Ak
22504,Mehmet Çepiç
22505,Mehmet Çevik
22506,Mehmet Özgür
22507,Mehmood
22508,Mehmood Aslam
22509,Mehreen Raheel
22510,Mehul Buch
22511,Mei Kayama
22512,Mei Kurokawa
22513,Mei Nagano
22514,Mei Ting
22515,Meibh Campbell
22516,Meirav Shirom
22517,Meiyang Chang
22518,Mekaila Mathys
22519,Mekhi Phifer
22520,Mel Brooks
22521,Mel Fronckowiak
22522,Mel Gibson
22523,Mel Giedroyc
22524,Mel Johnson Jr.
22525,Mel Lisboa
22526,Mel Miller
22527,Mel Rodriguez
22528,Mela Casal
22529,Mela Lee
22530,Melahat Abbasova
22531,Melani Olivares
22532,Melanie Chandra
22533,Melanie Chartoff
22534,Melanie Comarcho
22535,Melanie Ebanks
22536,Melanie Griffith
22537,Melanie Hutsell
22538,Melanie Leishman
22539,Melanie Liburd
22540,Melanie Lynskey
22541,Melanie Paxson
22542,Melanie Putria
22543,Melanie Scrofano
22544,Melanie Stone
22545,Melanie Straub
22546,Melanie Vallejo
22547,Melanie Winigir
22548,Melany Bennet
22549,Melba Moore
22550,Melia Kreiling
22551,Melika Foroutan
22552,Melina Kanakaredes
22553,Melina Lizette
22554,Melina Matthews
22555,Melina Vidler
22556,Melinda Dillon
22557,Melinda McGraw
22558,Melinda Mo
22559,Melinda Page Hamilton
22560,Melinda Shankar
22561,Melis Babadag
22562,Melis Birkan
22563,Melis Tüzüngüç
22564,Melis İşiten
22565,Melisa Caceres
22566,Melisa Sözen
22567,Melisa Şenolsun
22568,Melissa Benoist
22569,Melissa Bolona
22570,Melissa Bonne
22571,Melissa Butler
22572,Melissa Disney
22573,Melissa Fahn
22574,Melissa Fitzgerald
22575,Melissa George
22576,Melissa Hutchison
22577,Melissa Joan Hart
22578,Melissa Karim
22579,Melissa Leo
22580,Melissa Leong
22581,Melissa Macedo
22582,Melissa McBride
22583,Melissa McCarthy
22584,Melissa McMeekin
22585,Melissa Molinaro
22586,Melissa Newman
22587,Melissa O'Neil
22588,Melissa Ponzio
22589,Melissa Price
22590,Melissa Rauch
22591,Melissa Roxburgh
22592,Melissa Sagemiller
22593,Melissa Schuman
22594,Melissa Sophia
22595,Melissa Sturm
22596,Melissa Tang
22597,Melissa Uscanga
22598,Melissa Villaseñor
22599,Melissanthi Mahut
22600,Meliz Karlge
22601,Melody
22602,Melody Hurd
22603,Melody Perkins
22604,Melody Tally
22605,Melonie Diaz
22606,Melora Hardin
22607,Melora Walters
22608,Meltem Gülenç
22609,Meltem Yılmazkaya
22610,Melvil Poupaud
22611,Melvin Gregg
22612,Melvin Odoom
22613,Melvin Sia
22614,Mem Ferda
22615,Memry Savanhu
22616,Mena Suvari
22617,Menashe Lustig
22618,Menassa Fahmy
22619,Meng Ching-fu
22620,Meng Lo
22621,Meng-sheng Shen
22622,Mengqin
22623,Menha Zaytoon
22624,Menna Arafa
22625,Menna Shalaby
22626,Merab Ninidze
22627,Meral Niazi
22628,Meral Okay
22629,Meral Çetinkaya
22630,Meray Ülgen
22631,Mercedes Cabral
22632,Mercedes Castro
22633,Mercedes Griffeth
22634,Mercedes Hernández
22635,Mercedes Hoyos
22636,Mercedes Lambre
22637,Mercedes Mason
22638,Mercedes McCambridge
22639,Mercedes Morris
22640,Mercedes Morán
22641,Mercedes Müller
22642,Mercedes Sampietro
22643,Mercy Aigbe
22644,Mercy Cornwall
22645,Mercy Johnson
22646,Mercy Malick
22647,Meredith Eaton
22648,Meredith Hagner
22649,Meredith Monroe
22650,Meredith Salenger
22651,Meren Reddy
22652,Meriem Serbah
22653,Merila Zare'i
22654,Merit Leighton
22655,Merits Kayla
22656,Merle Dandridge
22657,Merlin Rose
22658,Merlisa Determined
22659,Merlvin Mukhim
22660,Merna al-Mohandes
22661,Merouane Ali
22662,Merrin Dungey
22663,Merritt Patterson
22664,Merritt Wever
22665,Merry Clayton
22666,Mert Aran
22667,Mert Fırat
22668,Mert Tanık
22669,Mert Turak
22670,Mert Yazıcıoğlu
22671,Mert Öner
22672,Merve Ates
22673,Merve Nur Bengi
22674,Mervyn Drake
22675,Meryem Uzerli
22676,Meryl Leigh
22677,Meryl Streep
22678,Meryll Soriano
22679,Meshal Al-Mujibel
22680,Meshal Al-farhan
22681,Mesut Akusta
22682,Mesut Çakarli
22683,Mete Horozoğlu
22684,Methinee Kingpayome
22685,Method Man
22686,Metin Akdülger
22687,Metin Akpınar
22688,Metin Belgin
22689,Metin Coşkun
22690,Metin Keçeci
22691,Metin Yıldız
22692,Meyer DeLeeuw
22693,Meyer Schwartz
22694,Meytal Gal
22695,Mhamed Arezki
22696,Mhel Merrer
22697,Mi-ji Lee
22698,Mi-kyung Kim
22699,Mi-ran Ra
22700,Mi-sook Lee
22701,Mia Ahmad
22702,Mia Artemis
22703,Mia Cottet
22704,Mia Dillon
22705,Mia Evonne Uyeda
22706,Mia Farrow
22707,Mia Goth
22708,Mia Kirshner
22709,Mia Lloyd
22710,Mia Matthews
22711,Mia McKenna-Bruce
22712,Mia Milnes
22713,Mia Pistorius
22714,Mia Rose Frampton
22715,Mia Sara
22716,Mia Serafino
22717,Mia Stallard
22718,Mia Tomlinson
22719,Mia Wasikowska
22720,Mia X
22721,Miah Madden
22722,Miao Ke-li
22723,Miao Pu
22724,Micael Borges
22725,Micah Balfour
22726,Micah Hauptman
22727,Micah Lynn Hanson
22728,Micah Nelson
22729,Micah Sloat
22730,Micah Solusod
22731,Micah Stock
22732,Micha Lescot
22733,Michael A. Nickles
22734,Michael Aaron Milligan
22735,Michael Adam Hamilton
22736,Michael Adamthwaite
22737,Michael Alago
22738,Michael Alaimo
22739,Michael Aloni
22740,Michael Alvarez
22741,Michael Andreae
22742,Michael Angarano
22743,Michael Angelis
22744,Michael Aronov
22745,Michael B. Jordan
22746,Michael Bacall
22747,Michael Bacon
22748,Michael Barbieri
22749,Michael Bates
22750,Michael Beach
22751,Michael Beasley
22752,Michael Beattie
22753,Michael Beckwith
22754,Michael Bell
22755,Michael Benjamin Washington
22756,Michael Benyaer
22757,Michael Berresse
22758,Michael Berryman
22759,Michael Biehn
22760,Michael Bisping
22761,Michael Blalock
22762,Michael Blieden
22763,Michael Boatman
22764,Michael Bolton
22765,Michael Bolwaire
22766,Michael Bowen
22767,Michael Bower
22768,Michael Brons
22769,Michael Bryan French
22770,Michael Bublé
22771,Michael Buffer
22772,Michael Buscemi
22773,Michael Byrne
22774,Michael C. Hall
22775,Michael Caine
22776,Michael Campion
22777,Michael Carnick
22778,Michael Cassidy
22779,Michael Cavalieri
22780,Michael Cera
22781,Michael Cerveris
22782,Michael Champion
22783,Michael Chan Wai-Man
22784,Michael Chandler
22785,Michael Chang
22786,Michael Chaturantabut
22787,Michael Che
22788,Michael Chernus
22789,Michael Chiklis
22790,Michael Clarke Duncan
22791,Michael Coleman
22792,Michael Colyar
22793,Michael Copon
22794,Michael Cristofer
22795,Michael Crouch
22796,Michael Cudlitz
22797,Michael Culkin
22798,Michael Cyril Creighton
22799,Michael D. Cohen
22800,Michael D. Roberts
22801,Michael Daingerfield
22802,Michael Dale
22803,Michael Davis
22804,Michael De Mesa
22805,Michael De Pinna
22806,Michael Dempsey
22807,Michael Dobson
22808,Michael Dolan
22809,Michael Donovan
22810,Michael Dorn
22811,Michael Douglas
22812,Michael Draper
22813,Michael Ealy
22814,Michael Ejoor
22815,Michael Eklund
22816,Michael Emerson
22817,Michael Eric Reid
22818,Michael Esper
22819,Michael Evans Behling
22820,Michael Fassbender
22821,Michael Flynn
22822,Michael Ford-FitzGerald
22823,Michael Fox
22824,Michael Gambon
22825,Michael Gaston
22826,Michael Gladis
22827,Michael Godere
22828,Michael Goldsmith
22829,Michael Gordon Shore
22830,Michael Greyeyes
22831,Michael Gross
22832,Michael Hanemann
22833,Michael Hansen
22834,Michael Harney
22835,Michael Hawley
22836,Michael Herman
22837,Michael Hitchcock
22838,Michael Hogan
22839,Michael Horse
22840,Michael Hsu Rosen
22841,Michael Huang
22842,Michael Hyatt
22843,Michael Ian Black
22844,Michael Imperioli
22845,Michael Irby
22846,Michael Ironside
22847,Michael Izquierdo
22848,Michael J. Fox
22849,Michael J. Nelson
22850,Michael J. Pagan
22851,Michael J. Pollard
22852,Michael J. Willett
22853,Michael J. Woodard
22854,Michael JQ Huang
22855,Michael Jace
22856,Michael Jackson
22857,Michael Jai White
22858,Michael James Regan
22859,Michael James Thomas
22860,Michael Jeter
22861,Michael Jibson
22862,Michael Johnston
22863,Michael Jordan
22864,Michael Keaton
22865,Michael Kelly
22866,Michael Kenneth Williams
22867,Michael Kessler
22868,Michael King
22869,Michael Kitchen
22870,Michael Kopsa
22871,Michael Kranz
22872,Michael Kudakwashe
22873,Michael Landes
22874,Michael Landon
22875,Michael Lawrenchuk
22876,Michael Leavy
22877,Michael Lerner
22878,Michael Lomenda
22879,Michael Lott
22880,Michael MacKenzie
22881,Michael MacRae
22882,Michael Madsen
22883,Michael Maertens
22884,Michael Maize
22885,Michael Maloney
22886,Michael Mando
22887,Michael Mantenuto
22888,Michael Marcus
22889,Michael Massee
22890,Michael McDonald
22891,Michael McElhatton
22892,Michael McGrady
22893,Michael McIntyre
22894,Michael McKean
22895,Michael McLafferty
22896,Michael McMillian
22897,Michael McPhee
22898,Michael Mendl
22899,Michael Mittermeier
22900,Michael Moriarty
22901,Michael Moshonov
22902,Michael Mosley
22903,Michael Mulheren
22904,Michael Murphy
22905,Michael Nardelli
22906,Michael Nathanson
22907,Michael Nirenberg
22908,Michael Nouri
22909,Michael Nyqvist
22910,Michael O'Keefe
22911,Michael O'Laskey II
22912,Michael O'Neill
22913,Michael O'Sullivan
22914,Michael Obiora
22915,Michael Ontkean
22916,Michael Oosterom
22917,Michael O’Neill
22918,Michael Palin
22919,Michael Papajohn
22920,Michael Parks
22921,Michael Paré
22922,Michael Pas
22923,Michael Pataki
22924,Michael Patrick Bell
22925,Michael Pavlicek
22926,Michael Pennington
22927,Michael Perron
22928,Michael Peña
22929,Michael Pink
22930,Michael Pitt
22931,Michael Pollan
22932,Michael Potts
22933,Michael Provost
22934,Michael R. Gotto
22935,Michael Rainey Jr.
22936,Michael Rapaport
22937,Michael Raymond-James
22938,Michael Ren
22939,Michael Rhys Kan
22940,Michael Richards
22941,Michael Rispoli
22942,Michael Rivas
22943,Michael Roark
22944,Michael Ronda
22945,Michael Roof
22946,Michael Rooker
22947,Michael Rose
22948,Michael S. New
22949,Michael S. Siegel
22950,Michael Salmon
22951,Michael Sands
22952,Michael Scala
22953,Michael Schumacher
22954,Michael Shanks
22955,Michael Shannon
22956,Michael Shaowanasai
22957,Michael Sheen
22958,Michael Showalter
22959,Michael Silva
22960,Michael Sinterniklaas
22961,Michael Sirow
22962,Michael Sky
22963,Michael Smiley
22964,Michael Smith
22965,Michael Somma
22966,Michael Sorich
22967,Michael Soulema
22968,Michael Stahl-David
22969,Michael Strickland
22970,Michael Stuhlbarg
22971,Michael Taber
22972,Michael Talbott
22973,Michael Tao
22974,Michael Therriault
22975,Michael Thomas
22976,Michael Tipps
22977,Michael Toland
22978,Michael Tong
22979,Michael Torontow
22980,Michael Tourek
22981,Michael Townsend Wright
22982,Michael Trevino
22983,Michael Trotter
22984,Michael Trucco
22985,Michael Tse
22986,Michael Tucci
22987,Michael Turney
22988,Michael Vartan
22989,Michael Villar
22990,Michael Vlamis
22991,Michael Wai-Man Chan
22992,Michael Ware
22993,Michael Weatherly
22994,Michael Welch
22995,Michael Weston
22996,Michael White
22997,Michael Whitehall
22998,Michael Wincott
22999,Michael Winsor
23000,Michael Wiseman
23001,Michael Wittenborn
23002,Michael Wozniak
23003,Michael Wright
23004,Michael Xavier
23005,Michael Yang
23006,Michael York
23007,Michael Zegen
23008,Michael deGruy
23009,Michael-Leon Wooley
23010,Michaela Coel
23011,Michaela Conlin
23012,Michaela Dean
23013,Michaela Holla
23014,Michaela McAllister
23015,Michaela McManus
23016,Michaela Watkins
23017,Michaella Russell
23018,Michal Kavalčík
23019,Michal Vondel
23020,Michalina Olszańska
23021,Michaël Abiteboul
23022,Michaël Cohen
23023,Michaël Youn
23024,Michał Bajor
23025,Michał Czernecki
23026,Michał Leja
23027,Michał Lupa
23028,Michał Meyer
23029,Michał Pawlicki
23030,Michał Piprowski
23031,Michał Sikorski
23032,Michał Zbroja
23033,Michał Żurawski
23034,Micheal Ajotubu
23035,Micheal Ward
23036,Michel Bercovitch
23037,Michel Biel
23038,Michel Brown
23039,Michel Duchaussoy
23040,Michel Fau
23041,Michel Gill
23042,Michel Gomes
23043,Michel Joelsas
23044,Michel Jonasz
23045,Michel Nabokoff
23046,Michel Perron
23047,Michel Piccoli
23048,Michel Vuillermoz
23049,Michela Cescon
23050,Michela Luci
23051,Michelan Sisti
23052,Michele Abrams
23053,Michele Alhaique
23054,Michele Franco
23055,Michele Knotz
23056,Michele Marsh
23057,Michele Morrone
23058,Michele Selene Ang
23059,Michele Weaver
23060,Micheline Lanctôt
23061,Michelle Arthur
23062,Michelle Barthel
23063,Michelle Borth
23064,Michelle Brookhurst
23065,Michelle Buteau
23066,Michelle Clunie
23067,Michelle Deco
23068,Michelle Dede
23069,Michelle Dockery
23070,Michelle Fairley
23071,Michelle Gomez
23072,Michelle Harrison
23073,Michelle Horn
23074,Michelle Jenner
23075,Michelle Krusiec
23076,Michelle Lang
23077,Michelle Langstone
23078,Michelle Lehane
23079,Michelle Lim Davidson
23080,Michelle Lukes
23081,Michelle Macedo
23082,Michelle Manterola
23083,Michelle McKinney Hammond
23084,Michelle Mitchenor
23085,Michelle Monaghan
23086,Michelle Morgan
23087,Michelle Murdocca
23088,Michelle Mylett
23089,Michelle Nolden
23090,Michelle Obama
23091,Michelle Orozco
23092,Michelle Pfeiffer
23093,Michelle Phillips
23094,Michelle Randolph
23095,Michelle Rodriguez
23096,Michelle Ruff
23097,Michelle Trachtenberg
23098,Michelle Veintimilla
23099,Michelle Vito
23100,Michelle Wai
23101,Michelle Williams
23102,Michelle Wolf
23103,Michelle Ye
23104,Michelle Yeoh
23105,Michelle Zamora
23106,Michelle de Swarte
23107,Michiel Huisman
23108,Michiko Neya
23109,Michio Kaku
23110,Michitaka Tsutsui
23111,Michiyo Murase
23112,Michole Briana White
23113,Mick Garris
23114,Mick Ignis
23115,Mick Jagger
23116,Mick Lauer
23117,Mick Rock
23118,Mick Wingert
23119,Mickey Anthony
23120,Mickey Ferriols
23121,Mickey Gooch Jr.
23122,Mickey Huang
23123,Mickey Leon
23124,Mickey Odey
23125,Mickey River
23126,Mickey Rourke
23127,Mickey Spillane
23128,Mickey Sumner
23129,Micky Nowacki
23130,Micole Mercurio
23131,Midori Francis
23132,Mie Sonozaki
23133,Mieke De Groote
23134,Mieko Harada
23135,Miel Espinoza
23136,Miggy Jimenez
23137,Mighty Mark
23138,Miguel A. Núñez Jr.
23139,Miguel Amorim
23140,Miguel Angel Garcia
23141,Miguel Bernardeau
23142,Miguel Borines
23143,Miguel Dionisio Ramos
23144,Miguel Ferrer
23145,Miguel Herrán
23146,Miguel J. Pimentel
23147,Miguel Noguera
23148,Miguel Perez
23149,Miguel Pizarro
23150,Miguel Rodarte
23151,Miguel Rômulo
23152,Miguel Sandoval
23153,Miguel Varoni
23154,Miguel Vergara
23155,Miguel de Lira
23156,Miguel de Miguel
23157,Miguel Ángel Silvestre
23158,Miguel Ángel Solá
23159,Mihaela Mihut
23160,Mihai Constantin
23161,Mihai Smarandache
23162,Mihalis Lambrinos
23163,Mihir Ahuja
23164,Miho Tamaki
23165,Miika Bryce Whiskeyjack
23166,Miina Tominaga
23167,Mijail Mulkay
23168,Mijo Jurišić
23169,Mika Abdalla
23170,Mika Boorem
23171,Mika Doi
23172,Mika Kikuchi
23173,Mika Nakashima
23174,Mikaal Zulfiqar
23175,Mikael Birkkjær
23176,Mikael Persbrandt
23177,Mikaela Blake
23178,Mikaela Hoover
23179,Mikaela Ruegg
23180,Mikaele Tuugahala
23181,Mikail Gandhi
23182,Mikako Komatsu
23183,Mikako Tabe
23184,Mikako Takahashi
23185,"Mike ""Caveman"" Pyle"
23186,Mike 'The Miz' Mizanin
23187,Mike Birbiglia
23188,Mike C. Nelson
23189,Mike Carlsen
23190,Mike Castle
23191,Mike Colter
23192,Mike Dopud
23193,Mike Doyle
23194,Mike E. Winfield
23195,Mike Edward
23196,Mike Elliot
23197,Mike Epps
23198,Mike Ezuruonye
23199,Mike Ghader
23200,Mike Ginn
23201,Mike Godson
23202,Mike Gomez
23203,Mike Grady
23204,Mike Hagerty
23205,Mike Hall
23206,Mike Hanford
23207,Mike He
23208,Mike Hill
23209,Mike Houston
23210,Mike Judge
23211,Mike Kai Sui
23212,Mike Kiss
23213,Mike Lin
23214,Mike Liscio
23215,Mike Lucock
23216,Mike McColl
23217,Mike McFarland
23218,Mike Minogue
23219,Mike Mitchell
23220,Mike Myers
23221,Mike Nawrocki
23222,Mike Noble
23223,Mike Nussbaum
23224,Mike O'Malley
23225,Mike Paixao
23226,Mike Pniewski
23227,Mike Pollock
23228,Mike Reynolds
23229,Mike Rianda
23230,Mike Rinder
23231,Mike Seal
23232,Mike Secher
23233,Mike Smith
23234,Mike Starr
23235,Mike Tyson
23236,Mike Vaughn
23237,Mike Vogel
23238,Mike Wade
23239,Mike Ward
23240,Mike White
23241,Mike Yantzi
23242,Mikel Iglesias
23243,Mikel Losada
23244,Mikelle Wright-Matos
23245,Mikey Day
23246,Mikey Kelley
23247,Mikey Post
23248,Mikha Tambayong
23249,Mikhail Evlanov
23250,Mikhail Filippov
23251,Mikhail Gorevoy
23252,Miki Esparbé
23253,Miki Fujitani
23254,Miki Ito
23255,Miki Nagasawa
23256,Miki Nakatani
23257,Miki Shum
23258,Miki Sumiyoshi
23259,Mikkel Boe Følsgaard
23260,Mikkel Bratt Silset
23261,Mikołaj Kubacki
23262,Miku Martineau
23263,Mila Kunis
23264,Mila Thanapa
23265,Milagros Molina
23266,Milan Kovacevic
23267,Milan Maric
23268,Milan Peschel
23269,Mild Anis Suwit
23270,Mildred Dunnock
23271,Milena Soliz
23272,Milena Vukotic
23273,Milene Vázquez
23274,Miles Anderson
23275,Miles Chandler
23276,Miles Davis
23277,Miles Emmons
23278,Miles Heizer
23279,Miles Jupp
23280,Miles Koseleci-Vieira
23281,Miles Ocampo
23282,Miles Richardson
23283,Miles Robbins
23284,Miles Teller
23285,Miles Yekinni
23286,Miley Cyrus
23287,Milhem Cortaz
23288,Mili Avital
23289,Milia Nader
23290,Milind Gunaji
23291,Milind Pathak
23292,Milind Shinde
23293,Milind Shirole
23294,Milind Soman
23295,Milla Jovovich
23296,Millaray Lobos
23297,Mille Dinesen
23298,Miller Khan
23299,Millie Bobby Brown
23300,Millie O'Conner
23301,Millie Perkins
23302,Milly Alcock
23303,Milly del Rubio
23304,Milo Cawthorne
23305,Milo Elmido Jr.
23306,Milo Gibson
23307,Milo Shandel
23308,Milo Taboada
23309,Milo Twomey
23310,Milo Ventimiglia
23311,Miloš Knor
23312,Milvia Marigliano
23313,Mima Riera
23314,Mime Gopi
23315,Mimi Brănescu
23316,Mimi Chu
23317,Mimi Gamal
23318,Mimi Gianopulos
23319,Mimi Kirkland
23320,Mimi Ndiweni
23321,Mimi Rogers
23322,Mimi Shao
23323,Mimmo Mignemi
23324,Min Jin-woong
23325,Min Tanaka
23326,Min Zio
23327,Min-ho Lee
23328,Min-hyuk Lee
23329,Min-jae Kim
23330,Min-ji Park
23331,Min-jin Jung
23332,Min-jung Kim
23333,Min-kyu Lee
23334,Min-sik Choi
23335,Min-soo Kim
23336,Mina El Hammani
23337,Mina Farid
23338,Mina Fujii
23339,Mina Sundwall
23340,Minako Kotobuki
23341,Minami Hamabe
23342,Minami Takahashi
23343,Minami Takayama
23344,Minami Tsuda
23345,Minato Matsui
23346,Mindy Cohn
23347,Mindy Kaling
23348,Mindy Rickles
23349,Mindy Sterling
23350,Mine Teber
23351,Mine Şenhuy Teber
23352,Minerva Garcia
23353,Ming Dao
23354,Ming Hu
23355,Ming Lo
23356,Ming Xi
23357,Ming-Na Wen
23358,Mingjie Luo
23359,Mini Tsai
23360,Minissha Lamba
23361,Mink Singh
23362,Minka Kelly
23363,Minne Koole
23364,Minnie
23365,Minnie Aguilar
23366,Minnie Driver
23367,Minnie West
23368,Minori Chihara
23369,Minori Hagiwara
23370,Minori Omi
23371,Minori Suzuki
23372,Minoru Inaba
23373,Minoru Shiraishi
23374,Mintita Wattanakul
23375,Minto
23376,Mioko Fujiwara
23377,Miona Hori
23378,Miori Ohkubo
23379,Miou-Miou
23380,Miquel Fernández
23381,Miquel García Borda
23382,Miquel Gelabert
23383,Miquel Insua
23384,Mir Afsar Ali
23385,Mir Sarvar
23386,Mira Filzah
23387,Mira Sethi
23388,Mira Sorvino
23389,Mirai Moriyama
23390,Mirai Shida
23391,Miranda Cosgrove
23392,Miranda Gas
23393,Miranda Hart
23394,Miranda May
23395,Miranda Nolte
23396,Miranda Otto
23397,Miranda Pointer
23398,Miranda Raison
23399,Miranda Richardson
23400,Miranda Scarlett Schneider
23401,Miranda Tapsell
23402,Mircea Monroe
23403,Mirei Kiritani
23404,Mireia Aixalà
23405,Mireia Oriol
23406,Mireia Portas
23407,Mireille Enos
23408,Mireille Herbstmeyer
23409,Mireille Maalouf
23410,Mirella Pascual
23411,Miren Ibarguren
23412,Mirhan
23413,Miriam Balderas
23414,Miriam Chin Wah Yeung
23415,Miriam Freeland
23416,Miriam Giovanelli
23417,Miriam Karlin
23418,Miriam Makeba
23419,Miriam Margolyes
23420,Miriam Odorico
23421,Miriam Petche
23422,Miriam Shor
23423,Miriama Smith
23424,Miroljub Lešo
23425,Miroslava Morales
23426,Mirosław Baka
23427,Mirosław Kropielnicki
23428,Mirosław Zbrojewicz
23429,Mirza Salihovic
23430,Misa Watanabe
23431,Misaki Kuno
23432,Misako Renbutsu
23433,Misato Fukuen
23434,Misato Morita
23435,Mischa Barton
23436,Misel Maticevic
23437,Mish Boyko
23438,Misha Brooks
23439,Misha Collins
23440,Misha Ghoshal
23441,Misha Handley
23442,Mishael Morgan
23443,Mishal Al-Mutairi
23444,Mishqah Parthiephal
23445,Mishu Vellani
23446,Mislina Mustaffa
23447,Miss Li
23448,Miss Piggy
23449,Miss Pooja
23450,Missi Hale
23451,Missi Pyle
23452,Missy Peregrym
23453,Misty Alli
23454,Misty Copeland
23455,Misty Lee
23456,Misty Rosas
23457,Misty Upham
23458,Misuzu Kanno
23459,Mita Vashisht
23460,Mita Vasisht
23461,Mitch Eakins
23462,Mitch Pileggi
23463,Mitch Ryan
23464,Mitch Silpa
23465,Mitchel Musso
23466,Mitchell A. Lee Yuen
23467,Mitchell Anderson
23468,Mitchell Edwards
23469,Mitchell Hope
23470,Mitchell Kummen
23471,Mitchell Mullen
23472,Mitchell Ryan
23473,Mitchell Whitfield
23474,Mithila Palkar
23475,Mithra Kurian
23476,Mithraboomi Saravanan
23477,Mithun Chakraborty
23478,Mitsuaki Hoshino
23479,Mitsuaki Madono
23480,Mitsuhiro Ichiki
23481,Mitsuki Saiga
23482,Mitsuki Yayoi
23483,Mitsuko Oka
23484,Mitsuo Iwata
23485,Mitsuo Yoshihara
23486,Mitsuru Hirata
23487,Mitsuru Miyamoto
23488,Mitsuru Ogata
23489,Mitt Romney
23490,Mittal Chouhan
23491,Mitzi Ruhlmann
23492,Miu Arai
23493,Miu Suzuki
23494,Miu Tomita
23495,Miwa Matsumoto
23496,Miwa Yanagizawa
23497,Miwako Wagatsuma
23498,Mix
23499,Miya Cech
23500,Miya Muqi
23501,Miyako Kobayashi
23502,Miyavi
23503,Miyoko Aso
23504,Miyoko Sakatani
23505,Miyu Irino
23506,Miyu Tomita
23507,Miyu Yoshimoto
23508,Miyuki Sawashiro
23509,Miyuri Shimabukuro
23510,Mizuki Itagaki
23511,Mizuki Kayashima
23512,Mizuki Yoshida
23513,Mišel Matičević
23514,Mj Rodriguez
23515,Mncedisi Shabangu
23516,Mo Amer
23517,Mo Collins
23518,Mo Gallini
23519,Mo Gilligan
23520,Mo McRae
23521,Mo Sidik
23522,Mo Tzu Yi
23523,Mo Zhou
23524,Mo Zinal
23525,Mo'Nique
23526,Moatasem Alnahar
23527,Moataz Al-Demerdash
23528,Moataza Abdel Sabour
23529,Moayad Alnefaie
23530,Moayed Althagafi
23531,Moby
23532,Modesto Lacen
23533,Modupe Adeyeye
23534,Moe Arai
23535,Moe Dunford
23536,Moe Isaac
23537,Moe Oshikiri
23538,Moeka Hoshi
23539,Mofe Duncan
23540,Moga Mogami
23541,Mohamad Al Ahmad
23542,Mohamad Chamas
23543,Mohamad Yones
23544,Mohamed Abd El Azim
23545,Mohamed Abdel-Rahman
23546,Mohamed Abo El Hassan
23547,Mohamed Akhzam
23548,Mohamed Al Shakankeery
23549,Mohamed Alkendi
23550,Mohamed Attougui
23551,Mohamed Barre
23552,Mohamed Boudouh
23553,Mohamed El Dafrawy
23554,Mohamed El Hemaly
23555,Mohamed El Korchi
23556,Mohamed El Moutamassik
23557,Mohamed El Swisi
23558,Mohamed Emam
23559,Mohamed Ezz
23560,Mohamed Farouk
23561,Mohamed Farraag
23562,Mohamed Gaber
23563,Mohamed Henedi
23564,Mohamed Henedy
23565,Mohamed Issa
23566,Mohamed Lotfy
23567,Mohamed Makhtoumi
23568,Mohamed Mamdouh
23569,Mohamed Metwalli
23570,Mohamed Morshed
23571,Mohamed Mounir
23572,Mohamed Naimane
23573,Mohamed Nour
23574,Mohamed Qishta
23575,Mohamed Ragab
23576,Mohamed Ramadan
23577,Mohamed Saad
23578,Mohamed Salam
23579,Mohamed Shahin
23580,Mohamed Sharaf
23581,Mohamed Sherif Hassan
23582,Mohamed Soliman
23583,Mohamed Yaghy
23584,Mohamed al-Kilani
23585,Mohammad Abu Diak
23586,Mohammad Adel
23587,Mohammad Ahmad
23588,Mohammad Al Ibrahimi
23589,Mohammad Alsayyed Ali
23590,Mohammad Amir Naji
23591,Mohammad Balkhi
23592,Mohammad Mansour
23593,Mohammad Samad
23594,Mohammad-Ali Behboudi
23595,Mohammed Al Dosari
23596,Mohammed Alalawi
23597,Mohammed Albakri
23598,Mohammed Alhamdan
23599,Mohammed Aly Rizk
23600,Mohammed Azaay
23601,Mohammed El Sadaany
23602,Mohammed Hafiz
23603,Mohammed Mahmoud
23604,Mohammed Sefer
23605,Mohammed Shakir
23606,Mohammed Tharwat
23607,Mohammed Zeeshan Ayyub
23608,Mohan Agashe
23609,Mohan Ayroor
23610,Mohan Bhagath
23611,Mohan Joshi
23612,Mohan Kapoor
23613,Mohanlal
23614,Mohd Samad
23615,Mohd Syafie Naswip
23616,Mohib Mirza
23617,Mohimen Mahbuba
23618,Mohinder Gujral
23619,Mohit Abrol
23620,Mohit Bhaskar
23621,Mohit Chauhan
23622,Mohit Gokhale
23623,Mohit Nain
23624,Mohit Raina
23625,Mohit Sharma
23626,Mohit Sinha
23627,Mohnish Bahl
23628,Mohsen Hassanein
23629,Mohsen Mansour
23630,Mohsen Mohiedine
23631,Mohsin Ali Khan
23632,Moi Camacho
23633,Moin Khan
23634,Moira Sinise
23635,Moises Arias
23636,Moisés Arias
23637,Moisés Arizmendi
23638,Moji Bamtefa
23639,Moka Kamishiraishi
23640,Moksha Kushal
23641,Molawa Davis
23642,Molawa Onajobi
23643,Mollee Gray
23644,Mollie Milligan
23645,Molly Angamaly
23646,Molly Bernard
23647,Molly Burnett
23648,Molly Hagan
23649,Molly Harris
23650,Molly Jackson
23651,Molly Malcolm
23652,Molly McMichael
23653,Molly Nutley
23654,Molly Parker
23655,Molly Picon
23656,Molly Plunk
23657,Molly Reisman
23658,Molly Ringwald
23659,Molly Ryman
23660,Molly Shannon
23661,Molly Sims
23662,Molly Tarlov
23663,Molukka Hiphop Community
23664,Momo Asakura
23665,Momo Yeung
23666,Momodu Musa Ceesay
23667,Momoko Ishikawa
23668,Momona Tamada
23669,Mon Confiado
23670,Mona Ambegaonkar
23671,Mona Bao Tien
23672,Mona Hala
23673,Mona Hammond
23674,Mona Marshall
23675,Mona Shaddad
23676,Mona Singh
23677,Mona Walravens
23678,Mona Wasef
23679,Mona Washbourne
23680,Mona Wassef
23681,Mona Zaki
23682,Monal Gajjar
23683,Monalisa Chinda
23684,Monaliza Marchi
23685,Monchanok Saengchaipiangpen
23686,Monday Kang
23687,Moneca Stori
23688,Monet Mazur
23689,Moni Moshonov
23690,Monia Chokri
23691,Monic Hendrickx
23692,Monica Barbaro
23693,Monica Bedi
23694,Monica Bellucci
23695,Monica Budde
23696,Monica Bârlădeanu
23697,Monica Dogra
23698,Monica Dolan
23699,Monica Friday
23700,Monica Gill
23701,Monica Khanna
23702,Monica Louwerens
23703,Monica May
23704,Monica Mok
23705,Monica Piseddu
23706,Monica Potter
23707,Monica Ray
23708,Monica Rial
23709,Monica Sayangbati
23710,Monica Villa
23711,Monika Frajczyk
23712,Monika Gossmann
23713,Monika Krzywkowska
23714,Monika Oschek
23715,Monika Panwar
23716,Monika Pawar
23717,Monikangana Dutta
23718,Monique Chaumette
23719,Monique Coleman
23720,Monique Gabriela Curnen
23721,Monique Ganderton
23722,Monique Hore
23723,Monique Moses
23724,Monisha Ram
23725,Monkey Shao
23726,Monserrat Ontiveros
23727,Monsieur Poulpe
23728,Montana Jordan
23729,Montana Manning
23730,Montana Smedley
23731,Monte Markham
23732,Monther Rayahnah
23733,Montrail 'Money' Brown
23734,Montse Guallar
23735,Montse Hernandez
23736,Montse Pla
23737,Montserrat Lombard
23738,Montserrat Marañon
23739,Montserrat Marañón
23740,Monty Don
23741,Monty Sharma
23742,Moo-Yul Kim
23743,Mook Worranit Thawornwong
23744,Moon Bloodgood
23745,Moon Ga-young
23746,Moon Hee-kyung
23747,Moon Jung-hee
23748,Moon Lee
23749,Moon Moon Sen
23750,Moon Nam-sook
23751,Moon Seong-hyun
23752,Moon So-ri
23753,Moon Sook
23754,Moon Sung-ho
23755,Moon Sung-keun
23756,Mora Arenillas
23757,Morakot Liu
23758,Moran Rosenblatt
23759,Morena Baccarin
23760,Morgan Benoit
23761,Morgan Fairchild
23762,Morgan Flynn
23763,Morgan Freeman
23764,Morgan Hinkleman
23765,Morgan Krantz
23766,Morgan Lam
23767,Morgan Lily
23768,Morgan Mitchell
23769,Morgan Neundorf
23770,Morgan Oey
23771,Morgan Paull
23772,Morgan Saylor
23773,Morgan Spector
23774,Morgan Taylor Campbell
23775,Morgan Wigle
23776,Morgana Robinson
23777,Moritz Bleibtreu
23778,Moritz Jahn
23779,Morla Gorrondona
23780,Morna Seres
23781,Moro Morooka
23782,Mort Sahl
23783,Morten Hauch-Fausbøll
23784,Morten Hee Andersen
23785,Morten Kirkskov
23786,Morten Svartveit
23787,Morten Vang Simonsen
23788,Morwenna Banks
23789,Moryfère Camara
23790,Mos Def
23791,Moses Chan
23792,Moses Ingram
23793,Moses Storm
23794,Mosharraf Karim
23795,Moshe Ashkenazi
23796,Moshe Ivgy
23797,Moshe Kasher
23798,Moshira Ismail
23799,Mostafa Abbas
23800,Mostafa Abd Elsalam
23801,Mostafa Alkar
23802,Mostafa Mitwali
23803,Mostafa Shaban
23804,Mostafizur Noor Imran
23805,Mothusi Magano
23806,Motlatsi Mafatshe
23807,Motoki Kobayashi
23808,Motoko Kumai
23809,Motomu Kiyokawa
23810,Moumita Talukdar
23811,Mouni Roy
23812,Mounir Amamra
23813,Mounir Malaeb
23814,Mountain Kao
23815,Mourad Makram
23816,Mourad Zaoui
23817,Mousam
23818,Moushumi Chatterjee
23819,Moussa Maaskri
23820,Moussa Mansaly
23821,Moustafa Haridy
23822,Moustapha Oumarou
23823,Mouzam Makkar
23824,Mozhan Marnò
23825,Mozhdah Jamalzadah
23826,Mpho Koaho
23827,Mr Jollof
23828,Mr. Lawrence
23829,Mr. T
23830,Mridul Sharma
23831,Mrinalini Sharma
23832,Mrinmayee Deshpande
23833,Mrinmayee Godbole
23834,Mrunal Jadhav
23835,Mrunal Oak
23836,Mrunal Thakur
23837,Mrunmayee Deshpande
23838,Ms. Pat
23839,Msabeh Bin Hashim
23840,Mu Ramaswamy
23841,Mu Xuan Cheng
23842,Mudessir Ahmed Khan
23843,Mugdha Godse
23844,Mugi Kadowaki
23845,Mugihito
23846,Muguet Franc
23847,Muhadkly Acho
23848,Muhammad Al Dousari
23849,Muhammad Ali
23850,Muhammad Mubarik Ali
23851,Muhammad Qishta
23852,Muhammed Kirtan
23853,Muhammed Murshed
23854,Muhammet Uzuner
23855,Muhanad Al-Hamdi
23856,Muhand Alsaleh
23857,Muharrem Bayrak
23858,Muharrem Gülmez
23859,Muireann D'Arcy
23860,Muiris Crowley
23861,Mukesh Chhabra
23862,Mukesh Khanna
23863,Mukesh Pandey
23864,Mukesh Rishi
23865,Mukesh S Bhatt
23866,Mukesh Tiwari
23867,Mukhtar Khan
23868,Mukti Mohan
23869,Mukul Agarwal
23870,Mukul Dev
23871,Mulie Jarju
23872,Mumait Khan
23873,Mumtaz Sorcar
23874,Munachi Abii
23875,Munenori Nagano
23876,Munetaka Aoki
23877,Munir Kabani
23878,Munira Sen
23879,Munirat Antoinette Lecky
23880,Munish Makhija
23881,Munishkanth
23882,Munivenkatapa
23883,Munro Chambers
23884,Muppets
23885,Murad
23886,Murad Ali
23887,Murad Ismayil
23888,Muraina Oyelami
23889,Murali Gopy
23890,Murari Kumar
23891,Murat Arkin
23892,Murat Başoğlu
23893,Murat Boz
23894,Murat Cemcir
23895,Murat Ercanlı
23896,Murat Seviş
23897,Murat Yıldırım
23898,Murat Ünalmış
23899,Muriel Hofmann
23900,Muriel Santa Ana
23901,Murli Sharma
23902,Murphy Guyer
23903,Murray Bartlett
23904,Murray Hamilton
23905,Murugadoss
23906,Musa Uzunlar
23907,Muse Watson
23908,Musetta Vander
23909,Mushtaq Khan
23910,Muskaan
23911,Muskkaan Jaferi
23912,Musskan Sethi
23913,Mustafa Alabora
23914,Mustafa Alabssi
23915,Mustafa Avkıran
23916,Mustafa Haridi
23917,Mustafa Sandal
23918,Mustafa Uzunyılmaz
23919,Mustapha Aarab
23920,Musthafa
23921,Mutabaruka
23922,Muthukumar
23923,Mutsuki Arisawa
23924,Mutsumi Tamura
23925,Mwajuma Belle
23926,Mwaura Bilal
23927,MyAnna Buring
23928,Mya
23929,Mya Lewis
23930,Myfanwy Waring
23931,Myka Nyne
23932,Mykel Shannon Jenkins
23933,Mykelti Williamson
23934,Myko Olivier
23935,Mykola Allen
23936,Mylene Dizon
23937,Myles Clohessy
23938,Myles Evans
23939,Mylène Jampanoï
23940,Myndy Crist
23941,Myolie Wu
23942,Myra J.
23943,Myra Karn
23944,Myra Lucretia Taylor
23945,Myra Molloy
23946,Myriam Djeljeli
23947,Myriam Fares
23948,Myriam Hamma
23949,Myriam Klink
23950,Myrna Velasco
23951,Myrtle Sarrosa
23952,Mysskin
23953,Mystikal
23954,Myung-Ryul Nam
23955,Myung-min Kim
23956,Mzuri
23957,Máximo Hollander
23958,Máximo Pastor
23959,Mädchen Amick
23960,Médina Diarra
23961,Médina El Aidi-Azouni
23962,Mélanie Bernier
23963,Mélanie Doutey
23964,Mélanie Fouché
23965,Mélanie Laurent
23966,Mélanie Thierry
23967,Mélissa Bédard
23968,Mélissa Guilbert
23969,Mélodie Valemberg
23970,Mélusine Mayance
23971,Mía Maestro
23972,Mónica Antonópulos
23973,Mónica Ayos
23974,Mónica Cruz
23975,Mónica Del Carmen
23976,Mónica Dionne
23977,Mónica Duprat
23978,Mónica Lairana
23979,Mónica López
23980,Mónika Balsai
23981,Müfit Can Saçıntı
23982,Müfit Kayacan
23983,Müge Uyar
23984,Müjde Uzman
23985,M・A・O
23986,NEWS
23987,Na In-woo
23988,Na Moon-hee
23989,Na Mun-hee
23990,Na Wei-hsun
23991,Na'im Lynn
23992,NaZha
23993,Naa Ashorkor Mensa-Doku
23994,Nabeel Ahmad Alkoni
23995,Nabhaan Rizwan
23996,Nabiha Akkari
23997,Nabil Ismaïl
23998,Nabil Issa
23999,Nabil Mallat
24000,Nabila Ait Amer
24001,Nabila Bounad
24002,Nabila Ebeid
24003,Nabila Huda
24004,Nabila Rodriguez
24005,Nabila Zeitouni
24006,Nabilah Ayu
24007,Nachjaree Horvejkul
24008,Nacho Coronado
24009,Nacho Fresneda
24010,Nacho Gadano
24011,Nacho López
24012,Nacho San José
24013,Nacho Sánchez
24014,Nada Abou Farhat
24015,Nada Al Alfi
24016,Nada Alshehry
24017,Nada Mousa
24018,Nada Moussa
24019,Nadav Nates
24020,Nadeem Jafri
24021,Nadeem Rimawi
24022,Nader Chowdhury
24023,Nadera Emran
24024,Nadezhda Markina
24025,Nadhira Suryadi
24026,Nadhiya
24027,Nadia Brian
24028,Nadia Buari
24029,Nadia Dajani
24030,Nadia Dutch
24031,Nadia Fahmi
24032,Nadia Farès
24033,Nadia Forde
24034,Nadia Lotfi
24035,Nadia Ramlee
24036,Nadia Shukri
24037,Nadia Simms
24038,Nadia Townsend
24039,Nadia Tueni
24040,Nadia Verrucci
24041,Nadia de Santiago
24042,Nadim Abou Samra
24043,Nadim Mushahwar
24044,Nadin Amizah
24045,Nadine Crocker
24046,Nadine Ellis
24047,Nadine Labaky
24048,Nadine Lustre
24049,Nadine Marshall
24050,Nadine Nassib Njeim
24051,Nadine Sauter
24052,Nadine Velazquez
24053,Nadir Caselli
24054,Nadir Sarıbacak
24055,Nadiya Hussain
24056,Nadji Jeter
24057,Nadow Lin
24058,Nadya Arina
24059,Nadzmi Adhwa
24060,Nafessa Williams
24061,Nafisa Ali
24062,Naga Shourya
24063,Naga Vishal
24064,Nagah El-Mogui
24065,Nagarjuna Akkineni
24066,Nagesh Bhonsle
24067,Nagesh Kukunoor
24068,Naglaa Badr
24069,Naglaa Fathi
24070,Nagma
24071,Nagraj Manjule
24072,Nagshree Karkone
24073,Nagua Fouad
24074,Nagwa Ibrahim
24075,Nahana
24076,Nahanni Mitchell
24077,Nahatai Lekbumrung
24078,Nahed El Sebaï
24079,Nahed Gabr
24080,Nahla Zaki
24081,Nahoko Yoshimoto
24082,Nahyun
24083,Naidra Ayadi
24084,Naif Althufairi
24085,Nailea Norvind
24086,Nailia Harzoune
24087,Naim Daniel
24088,Naima Sundiata
24089,Naima Wasfy
24090,Naimma Aljufri
24091,Naina Apte
24092,Naina Sareen
24093,Najat Darwish
24094,Najee De-Tiege
24095,Najiba Faiz
24096,Najwa Nimri
24097,Nakai Takawira
24098,Nakhane Touré
24099,Nakhul
24100,Nakia Burrise
24101,Nakul Bhalla
24102,Nalin Hohler
24103,Nalneesh Neel
24104,Nam Da-Reum
24105,Nam Da-reum
24106,Nam Do-hyeong
24107,Nam Gyu-ri
24108,Nam Ji-hyun
24109,Nam Joo-hyuk
24110,Nam Moon-cheol
24111,Nam Mun-cheol
24112,Nam Ron
24113,Nam Yoon-su
24114,Nam-gil Kang
24115,Nam-gil Kim
24116,Naman Jain
24117,Nambitha Ben-Mazwi
24118,Namihei Koshige
24119,Namit Das
24120,Namkoong Min
24121,Namrata Shirodkar
24122,Namya Saxena
24123,Nan Chiang
24124,Nana Gbewonyo
24125,Nana Lee
24126,Nana Mensah
24127,Nana Mizuki
24128,Nana Mori
24129,Nana Palsikar
24130,Nana Patekar
24131,Nana Seino
24132,Nana Visitor
24133,Nana Yanagisawa
24134,Nanako Mori
24135,Nanami Sakuraba
24136,Nanao
24137,Nanase Iwai
24138,Nancho Novo
24139,"Nancy ""Vincenza Careri"" Kulik"
24140,Nancy Allen
24141,Nancy Carroll
24142,Nancy Cartwright
24143,Nancy Dupláa
24144,Nancy Fish
24145,Nancy Isime
24146,Nancy Khoury
24147,Nancy Kim
24148,Nancy Kwan
24149,Nancy Linehan Charles
24150,Nancy Marchand
24151,Nancy McKeon
24152,Nancy Robertson
24153,Nancy Stafford
24154,Nancy Talamantes
24155,Nancy Travis
24156,Nandana Sen
24157,Nandhan Unni
24158,Nandini Bora
24159,Nandini Vaid
24160,Nandita Das
24161,Nandita Patkar
24162,Nandita Swetha
24163,Nandkishore
24164,Nandkishore Pandey
24165,Nandu
24166,Nandu Madhav
24167,Nanna Blondell
24168,Nanna Øland Fabricius
24169,Nannaphas Loetnamchoetsakun
24170,Nantawut Boonrubsub
24171,Nao Albet
24172,Nao Fujita
24173,Nao Omori
24174,Nao Toyama
24175,Naoki Kobayashi
24176,Naoko Iijima
24177,Naoko Matsui
24178,Naomi Campbell
24179,Naomi Grossman
24180,Naomi Higgins
24181,Naomi Mburu
24182,Naomi Nishida
24183,Naomi Radcliffe
24184,Naomi Ryan
24185,Naomi Sequeira
24186,Naomi Shindo
24187,Naomi Snieckus
24188,Naomi Watanabe
24189,Naomi Watts
24190,Naomie Harris
24191,Naoto
24192,Naoto Kobayashi
24193,Naoto Takenaka
24194,Naoya Uchida
24195,Napaphat Worraphuttanon
24196,Napat Chokejindachai
24197,Naphon Phromsuwan
24198,Napoleon Ryan
24199,Nappon Gomarachun
24200,Nara Thepnupa
24201,Narain
24202,Narcisse Mame
24203,Narein
24204,Narendra Jetley
24205,Narendra Jha
24206,Narges Rashidi
24207,Nargis Fakhri
24208,Narikun Ketprapakorn
24209,Narisara Sairatanee
24210,Narucha Chaimareung
24211,Narumi Takahira
24212,Naruna Costa
24213,Narupornkamol Chaisang
24214,Narushi Ikeda
24215,Nas
24216,Naseeruddin Shah
24217,Naser Albouloshy
24218,Nash Edgerton
24219,Nash Grier
24220,Nasim Pedrad
24221,Nasir 'Nas' Jones
24222,Nasir Bilal Khan
24223,Nasr Seif
24224,Nasri Sayegh
24225,Nassar
24226,Nassar Abdulla
24227,Nasser
24228,Nasser Al-Dhahnani
24229,Nasser Kermani
24230,Nasser Memarzia
24231,Nassim Lyes
24232,Nastashia Fuller
24233,Nastassia Villasana
24234,Nasty C
24235,Nat Faxon
24236,Nat Ho
24237,Nat Myria Benedetti
24238,Nat Sakdatorn
24239,Nat Thephussadin Na Ayutthaya
24240,Nat Wolff
24241,Nat Zang
24242,Natacha Koutchoumov
24243,Natali Broods
24244,Natali Yura
24245,Natalia Belitski
24246,Natalia Cigliuti
24247,Natalia Coronado
24248,Natalia Dominguez
24249,Natalia Dontcheva
24250,Natalia Dyer
24251,Natalia Dzyublo
24252,Natalia Livingston
24253,Natalia Mann
24254,Natalia Martínez
24255,Natalia Mateo
24256,Natalia Millan
24257,Natalia Millán
24258,Natalia Oreiro
24259,Natalia Reyes
24260,Natalia Rodríguez
24261,Natalia Tena
24262,Natalia Téllez
24263,Natalia Valdebenito
24264,Natalia Warner
24265,Natalia de Molina
24266,Natalia-Jade Jonathan
24267,Natalie Becker
24268,Natalie Brown
24269,Natalie Canerday
24270,Natalie Coughlin
24271,Natalie Desselle
24272,Natalie Dormer
24273,Natalie Eva Marie
24274,Natalie Grace
24275,Natalie Gumede
24276,Natalie Hall
24277,Natalie Hoover
24278,Natalie Krill
24279,Natalie Lander
24280,Natalie Lisinska
24281,Natalie Martinez
24282,Natalie Mendoza
24283,Natalie Palamides
24284,Natalie Portman
24285,Natalie Press
24286,Natalie Pérez
24287,Natalie Walsh
24288,Natalie Wood
24289,Natalie Zea
24290,Natalija Nogulich
24291,Natalino Balasso
24292,Nataliya Medvedeva
24293,Natalya Sumskaya
24294,Natalya Zemtsova
24295,Natasa Dorcic
24296,Natasa Janjic
24297,Natascha Girgis
24298,Natascha McElhone
24299,Natasha Bassett
24300,Natasha Behnam
24301,Natasha Dee Davis
24302,Natasha Domínguez
24303,Natasha Doshi
24304,Natasha Dupeyron
24305,Natasha Goodman
24306,Natasha Goubskaya
24307,Natasha Henstridge
24308,Natasha Jayetileke
24309,Natasha Klauss
24310,Natasha Leggero
24311,Natasha Little
24312,Natasha Liu Bordizzo
24313,Natasha Lyonne
24314,Natasha Mashkevich
24315,Natasha Powell
24316,Natasha Rastogi
24317,Natasha Richardson
24318,Natasha Rizki
24319,Natasha Rothwell
24320,Natasha Sinha
24321,Natasha Thahane
24322,Natasha Wanganeen
24323,Natasha Wightman
24324,Natasha Yarovenko
24325,Natasha Zaborski
24326,Natasia Demetriou
24327,Natassha
24328,Natassia Malthe
24329,Natasza Urbańska
24330,Nataya Chanrung
24331,Natcha Juntapan
24332,Nate Adams
24333,Nate Bargatze
24334,Nate Corddry
24335,Nate Miller
24336,Nate Mooney
24337,Nate Parker
24338,Nate Theis
24339,Nate Torrence
24340,Natee Aekwijit
24341,Nathalia Kaur
24342,Nathalia Ramos
24343,Nathalie Baye
24344,Nathalie Boltt
24345,Nathalie Cox
24346,Nathalie Emmanuel
24347,Nathalie Kelley
24348,Nathalie Love
24349,Nathalie Odzierejko
24350,Nathalie Roy
24351,Nathalie Seseña
24352,Nathan Anderson
24353,Nathan Arenas
24354,Nathan Blair
24355,Nathan Connolly
24356,Nathan Darrow
24357,Nathan Davis Jr.
24358,Nathan Fielder
24359,Nathan Gamble
24360,Nathan Grinberg
24361,Nathan Jones
24362,Nathan Kress
24363,Nathan Lane
24364,Nathan Lee Graham
24365,Nathan Lovejoy
24366,Nathan Moore
24367,Nathan Parsons
24368,Nathan Phillips
24369,Nathan Simony
24370,Nathan West
24371,Nathan Zellner
24372,Nathanael Baring
24373,Nathanael Saleh
24374,Nathanael Wiseman
24375,Nathania Angela Widjaja
24376,Nathaniel Arcand
24377,Nathaniel Buzolic
24378,Nathaniel Deme
24379,Nathaniel Gleed
24380,Nathaniel J. Potvin
24381,Nathaniel Kelly
24382,Nathaniel Marston
24383,Nathaniel Martello-White
24384,Nathaniel Parker
24385,Natharinee Kanasoot
24386,Natoo
24387,Natsuho Koda
24388,Natsuki Hanae
24389,Natsuki Inaba
24390,Natsuki Kawamura
24391,Natsumi Fujiwara
24392,Natsumi Ishibashi
24393,Natsumi Takamori
24394,Nattalyee Randall
24395,Nattanun Jantarawetch
24396,Nattapat Nimjirawat
24397,Nattapol Diloknawarit
24398,Nattapong Chartpong
24399,Nattarika Thampridanant
24400,Nattasha Nauljam
24401,Natthawara Hongsuwan
24402,Natthaweeranuch Thongmee
24403,Natthida Trichaiya
24404,Natticha Chantaravareelekha
24405,Naturi Naughton
24406,Natàlia Barrientos
24407,Natália Rosa
24408,Naufal Ho
24409,Nauheed Cyrusi
24410,Nausicaa Bonnín
24411,Navdeep
24412,Naved Aslam
24413,Naveen Andrews
24414,Naveen Chandra
24415,Naveen Kasturia
24416,Naveen Kumar
24417,Naveen Waqar
24418,Navia Nguyen
24419,Navia Ziraili Robinson
24420,Navid Navid
24421,Navid Negahban
24422,Navin Chowdhry
24423,Navin Nischol
24424,Navin Prabhakar
24425,Navneet Kaur Dhillon
24426,Navneet Nishan
24427,Navni Parihar
24428,Nawab Shah
24429,Nawaf Al Shemmeri
24430,Nawaf Alshubaili
24431,Nawal Chamoun
24432,Nawapaiboon Wuthinanon
24433,Nawar Youssef
24434,Nawarat Techarathanaprasert
24435,Nawat Kulrattanarak
24436,Nawazuddin Siddiqui
24437,Naya Rivera
24438,Nayampally
24439,Nayan Shukla
24440,Nayani Dixit
24441,Nayantara
24442,Nayanthara
24443,Nayef Naji
24444,Nayo Wallace
24445,Nayobe Nzainab
24446,Nayyar Ejaz
24447,Naz Elmas
24448,Nazareno Casero
24449,Nazeem Hussain
24450,Nazeera Sardi
24451,Nazia Davison
24452,Nazih Youssef
24453,Nazim Othman
24454,Nazim Sharawy
24455,Nazmi Kırık
24456,Nazneen Contractor
24457,Nazriya Fahad
24458,Naël Rabia
24459,Na’Kom Chuanchuen
24460,Nchifor Valery
24461,Ncuti Gatwa
24462,Ndamo Damaris
24463,Ndiaga Mbow
24464,Ndidi Obi
24465,Ne-Yo
24466,NeNe Leakes
24467,Neal Brennan
24468,Neal Huff
24469,Neal McDonough
24470,Neal Ward
24471,Neba Godwill Awantu
24472,Necar Zadegan
24473,Necati Bilgiç
24474,Necmi Yapıcı
24475,Necro
24476,Ned Beatty
24477,Ned Bellamy
24478,Ned Dennehy
24479,Ned Martel
24480,Neda Margrethe Labba
24481,Nedal El Shafey
24482,Nedu Wazobia
24483,Nedumudi Venu
24484,Neel Tyagi
24485,Neela Khedkar
24486,Neelam
24487,Neelam Muneer
24488,Neelima Azim
24489,Neels Clasen
24490,Neels Van Jaarsveld
24491,Neelu Kohli
24492,Neen Suwanamas
24493,Neena Cheema
24494,Neena Gupta
24495,Neena-Sinaii Simpo
24496,Neenasam Ashwath
24497,Neeraj Kabi
24498,Neeraj Madhav
24499,Neeraj Purohit
24500,Neeraj Vora
24501,Neerja Naik
24502,Neeru Bajwa
24503,Neet Chowdhary
24504,Neet Mahal
24505,Neeta Mohindra
24506,Neetu Chandra
24507,Neetu Singh
24508,Negra Li
24509,Neha
24510,Neha Awati
24511,Neha Bam
24512,Neha Bhasin
24513,Neha Chauhan
24514,Neha Dhupia
24515,Neha Joshi
24516,Neha Khan
24517,Neha Mahajan
24518,Neha Pawar
24519,Neha Pendse
24520,Neha Rathanakaran
24521,Neha Sargam
24522,Neha Sharma
24523,Neha Uberoi
24524,Nehemiah Persoff
24525,Nehemiah Sutton
24526,Nehir Erdoğan
24527,Neide Vieira
24528,Neil Bhatt
24529,Neil Bhoopalam
24530,Neil Brown Jr.
24531,Neil Crone
24532,Neil Flynn
24533,Neil Gaiman
24534,Neil Giuntoli
24535,Neil Hopkins
24536,Neil Innes
24537,Neil Kaplan
24538,Neil Kopit
24539,Neil Maskell
24540,Neil Napier
24541,Neil Nitin Mukesh
24542,Neil Patrick Harris
24543,Neil Ross
24544,Neil Sandilands
24545,Neil Stuke
24546,Neil Thackaberry
24547,Neil Young
24548,Neil deGrasse Tyson
24549,Neils Coleta
24550,Neimus K. Williams
24551,Nejat İşler
24552,Nekfeu
24553,Nel Kaczmarek
24554,Nela Berg
24555,Nell Carter
24556,Nell Ng
24557,Nellie McKay
24558,Nellie Thalbach
24559,Nelly Ekwereogu
24560,Nelly González
24561,Nelly Kariem
24562,Nelly Karim
24563,Nelly Prince
24564,Nelsan Ellis
24565,Nelson Brodt
24566,Nelson Camayo
24567,Nelson George
24568,Nelson Polanía
24569,Nelson Xavier
24570,Nelufar Hedayat
24571,Nemo Schiffman
24572,Nena Rosier
24573,Nene
24574,Nerea Barros
24575,Nerea Camacho
24576,Nergis Çorakçi
24577,Nergis Öztürk
24578,Nermin Maher
24579,Neshma Chemburkar
24580,Nesreen Ameen
24581,Nessbeal
24582,Nesta Cooper
24583,Nestor Aaron Absera
24584,Nestor Carbonell
24585,Nestor Rodulfo
24586,Nestor Serrano
24587,Neta Garty
24588,Neta Riskin
24589,Neus Sanz
24590,Neva Small
24591,Neve Campbell
24592,Neven Madi
24593,Nevil Wilton
24594,Neville Archambault
24595,Nevra Serezli
24596,New Michael Ingemi
24597,Newton Pittman
24598,Nezha Karim
24599,Ng Man-Tat
24600,Ng Siu-hin
24601,Ngaio Bealum
24602,Ngo Thanh Van
24603,Ngozi Nwosu
24604,Nguyen Lam Thao Tam
24605,Nguyen Ngan Ha
24606,Nguyen Ngoc Huyen Dieu
24607,Ni Dahong
24608,Ni Ni
24609,Ni Yan
24610,NiCole Robinson
24611,Nia Fairweather
24612,Nia Jervier
24613,Nia Long
24614,Nia Peeples
24615,Nia Roam
24616,Nia Sarfo
24617,Nia Vardalos
24618,Niall Hayes
24619,Niall Horan
24620,Niamh Algar
24621,Niamh Walsh
24622,Niamh Wilson
24623,Nibal Arakji
24624,Nic Sampson
24625,Nic Sheff
24626,Nichaphat Chatchaipholrat
24627,Nichelle Nichols
24628,Nichika Omori
24629,Nicholas Aaron
24630,Nicholas Ball
24631,Nicholas Braun
24632,Nicholas Brown
24633,Nicholas Campbell
24634,Nicholas Colasanto
24635,Nicholas Coombe
24636,Nicholas Corda
24637,Nicholas Day
24638,Nicholas Farrell
24639,Nicholas Galitzine
24640,Nicholas Guest
24641,Nicholas Hamilton
24642,Nicholas Hoult
24643,Nicholas Hutchison
24644,Nicholas James Reilly
24645,Nicholas Kitsopoulos
24646,Nicholas Lea
24647,Nicholas Logan
24648,Nicholas Massouh
24649,Nicholas Murchie
24650,Nicholas Nkuna
24651,Nicholas Ofczarek
24652,Nicholas Pinnock
24653,Nicholas Pryor
24654,Nicholas Rowe
24655,Nicholas Saputra
24656,Nicholas Shaw
24657,Nicholas Teo
24658,Nicholas Tse
24659,Nicholas Wittman
24660,Nicholas Woodeson
24661,Nicholas X. Parsons
24662,Nichole Bloom
24663,Nichole Galicia
24664,Nichole Robinson
24665,Nicholle Tom
24666,Nick Alachiotis
24667,Nick Apostolides
24668,Nick Ballard
24669,Nick Bateman
24670,Nick Boraine
24671,Nick Broomfield
24672,Nick Cannon
24673,Nick Cheung
24674,Nick Chinlund
24675,Nick Clark
24676,Nick Damici
24677,Nick Devlin
24678,Nick Dunning
24679,Nick E. Tarabay
24680,Nick Ferraro
24681,Nick Frost
24682,Nick Gehlfuss
24683,Nick Golterman
24684,Nick Gomez
24685,Nick Helm
24686,Nick Hounslow
24687,Nick Krause
24688,Nick Kroll
24689,Nick Lachey
24690,Nick Lathouris
24691,Nick Liao
24692,Nick Liberato
24693,Nick Loeb
24694,Nick Mancuso
24695,Nick Marcq
24696,Nick Mathews
24697,Nick Medley
24698,Nick Mohammed
24699,Nick Moran
24700,Nick Mutuma
24701,Nick Nolte
24702,Nick Offerman
24703,Nick Pawlow
24704,Nick Reding
24705,Nick Rhys
24706,Nick Robinson
24707,Nick Sagar
24708,Nick Sandow
24709,Nick Searcy
24710,Nick Shakoour
24711,Nick Sinise
24712,Nick Stahl
24713,Nick Sumida
24714,Nick Swardson
24715,Nick Thune
24716,Nick Trent
24717,Nick Wallis
24718,Nick Waring
24719,Nick Whitaker
24720,Nick Wolfhard
24721,Nick Zano
24722,Nick Zedd
24723,Nicki Aycox
24724,Nicki von Tempelhoff
24725,Nickola Shreli
24726,Nicky Andersen
24727,Nicky Excitement
24728,Nicky Jam
24729,Nicky Katt
24730,Nicky Slimting Walker
24731,Nicky Whelan
24732,Nico Antonio
24733,Nico García Hume
24734,Nico Greetham
24735,Nico Hiraga
24736,Nico Mirallegro
24737,Nico Panagio
24738,Nico Romero
24739,Nico Siahaan
24740,Nico Vink
24741,Nicola Blackwell
24742,Nicola Correia-Damude
24743,Nicola Coughlan
24744,Nicola Duffett
24745,Nicola Lambo
24746,Nicola Peltz
24747,Nicola Walker
24748,Nicolas Anelka
24749,Nicolas Aqui
24750,Nicolas Bauwens
24751,Nicolas Berno
24752,Nicolas Bro
24753,Nicolas Cage
24754,Nicolas Cantu
24755,Nicolas Daniel
24756,Nicolas Duvauchelle
24757,Nicolas Giraud
24758,Nicolas Gob
24759,Nicolas Hope
24760,Nicolas Lumbreras
24761,Nicolas Martinez
24762,Nicolas Maury
24763,Nicolas Pierson
24764,Nicolas Ronchi
24765,Nicolas Roye
24766,Nicolas Sartous
24767,Nicolas Trevijano
24768,Nicolas Wanczycki
24769,Nicolas Wright
24770,Nicole Anthony
24771,Nicole Ari Parker
24772,Nicole Balsam
24773,Nicole Beharie
24774,Nicole Bessick
24775,Nicole Bilderback
24776,Nicole Boivin
24777,Nicole Brydon Bloom
24778,Nicole Byer
24779,Nicole Dubuc
24780,Nicole Faria
24781,Nicole Gale Anderson
24782,Nicole Garcia
24783,Nicole Haddad
24784,Nicole Ishida
24785,Nicole Kang
24786,Nicole Kidman
24787,Nicole LaPlaca
24788,Nicole Lyn
24789,Nicole Oliver
24790,Nicole Ong
24791,Nicole Parker
24792,Nicole Power
24793,Nicole Provost
24794,Nicole Richie
24795,Nicole Rossi
24796,Nicole Saba
24797,Nicole Santamaría
24798,Nicole Scherzinger
24799,Nicole Shostak
24800,Nicole Sougou
24801,Nicole Sullivan
24802,Nicole Theriault
24803,Nicole da Silva
24804,Nicoletta Braschi
24805,Nicoletta Carbonara
24806,Nicolette Kluijver
24807,Nicolette Little
24808,Nicoline Sharma Rubow
24809,Nicollette Sheridan
24810,Nicolás Durán
24811,Nicolás Furtado
24812,Nicolás Illoro
24813,Nicolás Martínez
24814,Nicolás Montero
24815,Nicolás Oyarzún
24816,Nicolás Poblete
24817,Nicolás Quiroga
24818,Nicolás Riera
24819,Nicolás Van de Moortele
24820,Nicolás Vázquez
24821,Nicolò Galasso
24822,Nida Patcharaveerapong
24823,Nidal El Askhar
24824,Nidhi Mahavan
24825,Nidhi Singh
24826,Nidia Bermejo
24827,Nidia Telles
24828,Nie Yuan
24829,Nie Zihao
24830,Niecy Nash
24831,Niek Roozen
24832,Niels Arestrup
24833,Niels Schneider
24834,Nien Hsuan Wu
24835,Nien-Jen Wu
24836,Niena Baharun
24837,Nienke Plas
24838,Nifemi Lawal
24839,Nigel Akkara
24840,Nigel Coppen
24841,Nigel Hawthorne
24842,Nigel Lindsay
24843,Nigel Morgan
24844,Nigel O'Neill
24845,Nigel Pegram
24846,Nihal Yalçın
24847,Niharica Raizada
24848,Niharika Lyra Dutt
24849,Niharika Singh
24850,Nijiro Murakami
24851,Nik Dodani
24852,Nik Pajic
24853,Nik Rabinowitz
24854,Nika Futterman
24855,Nika McGuigan
24856,Nika Sarun
24857,Nika Williams
24858,Niken Anjani
24859,Nikhil Bhagat
24860,Nikhil Chinappa
24861,Nikhil Chopra
24862,Nikhil Dwivedi
24863,Nikhil Ratnaparkhi
24864,Nikhil Vijay
24865,Nikhila Vimal
24866,Nikhita
24867,Niki Walia
24868,Nikis Theophilakis
24869,Nikita Dutta
24870,Nikita Kologrivy
24871,Nikita Mao
24872,Nikita Ramsey
24873,Nikita Sharma
24874,Nikita Uggla
24875,Nikita Willy
24876,Nikitin Dheer
24877,Nikki Amuka-Bird
24878,Nikki Blonsky
24879,Nikki Cox
24880,Nikki Glaser
24881,Nikki Gould
24882,Nikki Hahn
24883,Nikki Hsieh
24884,Nikki Hsin-Ying Hsieh
24885,Nikki James
24886,Nikki Leigh
24887,Nikki Reed
24888,Nikki Runeckles
24889,Nikki Samonas
24890,Nikki Valdez
24891,Niklas Bruhn
24892,Niklas Ekstedt
24893,Niko Foster
24894,Niko Guardado
24895,Niko Nicotera
24896,Niko Verona
24897,Nikodem Rozbicki
24898,Nikola Stojanovic
24899,Nikolai Johnsen
24900,Nikolai Kinski
24901,Nikolai Nikolaeff
24902,Nikolaj Coster-Waldau
24903,Nikolaj Groth
24904,Nikolaj Lie Kaas
24905,Nikolas Antunes
24906,Nikolay Chindyaykin
24907,Nikolett Barabas
24908,Nikorn Sae Tang
24909,Nil Cardoner
24910,Nil Günal
24911,Nil Mani
24912,Nilacha Fuangfukiet
24913,Nilay Gök
24914,Nilbi Yasserie
24915,Nile Rodgers
24916,Niles Fitch
24917,Nilesh Diwekar
24918,Nilgün Belgün
24919,Niloy Sankar Gupta
24920,Nilperi Şahinkaya
24921,Nils Hognestad
24922,Nils Jørgen Kaalstad
24923,Nils d'Aulaire
24924,Nilu Phule
24925,Nimai Bali
24926,Nimai Delgado
24927,Nimisha Sajayan
24928,Nimmi Harasgama
24929,Nimra Bucha
24930,Nina Bergman
24931,Nina Dobrev
24932,Nina Foch
24933,Nina Gogaeva
24934,Nina Gummich
24935,Nina Hellman
24936,Nina Hoss
24937,Nina Iphechukwude Anyianuka
24938,Nina Iskandar
24939,Nina Kepekian
24940,Nina Kiri
24941,Nina Kulkarni
24942,Nina Kunzendorf
24943,Nina Kurup
24944,Nina Lisandrello
24945,Nina Liu
24946,Nina Lu
24947,Nina Meurisse
24948,Nina Pearce
24949,Nina Rehill
24950,Nina Richmond
24951,Nina Siemaszko
24952,Nina Sosanya
24953,Nina Tantimonaco
24954,Nina Wadia
24955,Ninad Kamat
24956,Ninad Mahajani
24957,Nine Muses
24958,Ninel Conde
24959,Ninet Tayeb
24960,Ninette Finch
24961,Ning Chang
24962,Ning Jing
24963,Ninik Winarni Utomo
24964,Ninja
24965,Nino Muhlach
24966,Nir Hasdai
24967,Niraj Sah
24968,Niranjani
24969,Nirina Zubir
24970,Nirmal Pandey
24971,Nirmal Rishi
24972,Nirmala Tikam
24973,Nirmiti Sawant
24974,Nirupa Roy
24975,Nisa Boonsantear
24976,Nisa Sofiya Aksongur
24977,Nisawan Silpapearsue
24978,Nish Kumar
24979,Nisha Bano
24980,Nishant Bhavsar
24981,Nishant Dahiya
24982,Nishant Malkani
24983,Nishanti
24984,Nishat Mallick
24985,Nishesh
24986,Nishikant Kamat
24987,Nishikant Rawji
24988,Nishka Raheja
24989,Nisreen Faour
24990,Nissar Khan
24991,Nita Byack George
24992,Nita Lei
24993,Nita Sarun
24994,Niteesh Wadhwa
24995,Nithin George
24996,Nithiyia Rao
24997,Nithya Menon
24998,Nithyasri Goru
24999,Nitin Goel
25000,Nitin Reddy
25001,Nitin Sathyaa
25002,Nitish Bharadwaj
25003,Nitish Pandey
25004,Nittha Jirayungyurn
25005,Nitu Pandher
25006,Nivas Adithan
25007,Nivedhithaa Sathish
25008,Niveditha
25009,Niveditha Prakasam
25010,Nivetha Pethuraj
25011,Niza Jay
25012,Nizhalgal Ravi
25013,Nji Alain
25014,Nkem Owoh
25015,Nkwah Kingsley
25016,Nneka Okoye
25017,Noa Graham
25018,Noah Britton
25019,Noah Cappe
25020,Noah Centineo
25021,Noah Dyer
25022,Noah Emmerich
25023,Noah Fleiss
25024,Noah Gerry
25025,Noah Grismer
25026,Noah Huntley
25027,Noah Jupe
25028,Noah Kaye Bentley
25029,Noah Levin
25030,Noah Lomax
25031,Noah Matthews
25032,Noah Munck
25033,Noah Reid
25034,Noah Ringer
25035,Noah Saavedra
25036,Noah Schnapp
25037,Noah Segan
25038,Noah Silver
25039,Noah Taylor
25040,Noam Jenkins
25041,Noam Karmeli
25042,Nobi
25043,Noble Willingham
25044,Nobu
25045,Nobu McCarthy
25046,Nobuaki Fukuda
25047,Nobuaki Kaneko
25048,Nobuhiko Okamoto
25049,Nobuko Sendo
25050,Nobulali Dangazele
25051,Nobunaga Shimazaki
25052,Nobuo Tobita
25053,Nobutoshi Canna
25054,Nobuyuki Hiyama
25055,Nobuyuki Katsube
25056,Nobuyuki Suzuki
25057,Noel Clarke
25058,Noel Fielding
25059,Noel Fisher
25060,Noel Gallagher
25061,Noel Johansen
25062,Noel O'Donovan
25063,Noel Schajris
25064,Noel Trinidad
25065,Noelia Marzol
25066,Noelia Rubio
25067,Noelle Balfour
25068,Noelle North
25069,Noemi Gonzalez
25070,Noemi Nakai
25071,Noemí Frenkel
25072,Nohely Arteaga
25073,Nokuthula Mazibuko
25074,Nolan Balzer
25075,Nolan Bateman
25076,Nolan Gerard Funk
25077,Nolan Gould
25078,Nolan North
25079,Noma Dumezweni
25080,Nomalanga Shabane
25081,Noman Ijaz
25082,Nomboniso Paile
25083,Nominath Ginsberg
25084,Nomonde Mbusi
25085,Nompilo Gwala
25086,Nomzamo Mbatha
25087,Non
25088,Nona Gaye
25089,Noni Hazlehurst
25090,Nonie Buencamino
25091,Nonna Cardoner
25092,Nono Konopka
25093,Nonso Anozie
25094,Nonso Diobi
25095,Nontanun Anchuleepradit
25096,Noo-Ri Bae
25097,Noom Diawara
25098,Noomi Rapace
25099,Noor Alghandour
25100,Noor Kadri
25101,Noor Khiriah
25102,Noor Maghout
25103,Noor Naghmi
25104,Noor Taher
25105,Noorin Gulamgaus
25106,Noorin Sha
25107,Noortje Herlaar
25108,Nophand Boonyai
25109,Nor Domingo
25110,Nora Arnezeder
25111,Nora Danish
25112,Nora Dunn
25113,Nora El Koussour
25114,Nora Fatehi
25115,Nora McMenamy
25116,Nora Navas
25117,Nora Rios
25118,Nora Zehetner
25119,Nora von Waldstätten
25120,Nora-Jane Noone
25121,Norah Jones
25122,Noraworn Puangumpai
25123,Norbert Leo Butz
25124,Norbert Young
25125,Noree Victoria
25126,Noriaki Kanze
25127,Noriaki Sugiyama
25128,Norihiro Inoue
25129,Noriko Eguchi
25130,Noriko Hidaka
25131,Noriko Sakai
25132,Noriko Sakura
25133,Noriko Shinohara
25134,Noriko Shitaya
25135,Norio Wakamoto
25136,Norival Rizzo
25137,Norlia Ghani
25138,Norm Lewis
25139,Norm MacDonald
25140,Norm Macdonald
25141,Norm Mcleod
25142,Norm Misura
25143,Norma Angélica
25144,Norma Crane
25145,Norma Dell'Agnese
25146,Norma Lobo
25147,Norma Martínez
25148,Norma Nivia
25149,Norman Briski
25150,Norman Chen
25151,Norman Foster
25152,Norman Groulx
25153,Norman Lear
25154,Norman Reedus
25155,Noshir Dalal
25156,Note Chern-Yim
25157,Notlim Taylor
25158,Nour
25159,Nour Al Ghandour
25160,Nour Alghandour
25161,Nour El-Refai
25162,Nour El-Sherif
25163,Noureddine Farihi
25164,Noureen DeWulf
25165,Novie Edwards
25166,Noxee Maqashalala
25167,Noxolo Dlamini
25168,Nozomi Kameda
25169,Nozomi Sasaki
25170,Nozomu Kotaki
25171,Nozomu Sasaki
25172,Noémie Honiat
25173,Noémie Schmidt
25174,Noël Wells
25175,Nqobile Khumalo
25176,Nse Ikpe-Etim
25177,Ntonga Mwanza
25178,Ntosh Madlingozi
25179,Ntuthuzelo Grootboom
25180,Nugie
25181,Numa Edema Norderhaug
25182,Numa Perrier
25183,Numthip Jongrachatawiboon
25184,Nuno Lopes
25185,Nuntasai Pisolyabut
25186,Nunthapak Chalermpuwadej
25187,Nupur Alankar
25188,Nur Aysan
25189,Nur Fazura
25190,Nur Risteena
25191,Nur Sürer
25192,Nurfathiah Diaz
25193,Nurgül Yeşilçay
25194,Nuria Herrero
25195,Nuria Mencía
25196,Nuria Prims
25197,Nursel Köse
25198,Nushrat Bharucha
25199,Nusrat Imroz Tisha
25200,Nusret Çetinel
25201,Nutan
25202,Nutan Sinha
25203,Nutan Surya
25204,Nutnicha Lueanganankhun
25205,Nutt Devahastin Na Ayudhya
25206,Nuttanicha Dungwattanawanich
25207,Nuttapong Boonyuen
25208,Nuttawut Jenmana
25209,Nutthasit Kotimanuswanich
25210,Nya Cofie
25211,Nya de la Rubia
25212,Nyla Masood
25213,Nylon Chen
25214,Nyungsang Bungo
25215,Néstor Cantillana
25216,Néstor Galván
25217,Néstor Guzzini
25218,Nína Dögg Filippusdóttir
25219,Nóra Rainer-Micsinyei
25220,Núria Prims
25221,O Inseong
25222,O'Shea Jackson Jr.
25223,O-Lan Jones
25224,O. T. Fagbenle
25225,O.C. Brown
25226,O.C. Ukeje
25227,O.J. Simpson
25228,O.T. Fagbenle
25229,OC Ukeje
25230,Oabnithi Wiwattanawarang
25231,Oaklee Pendergast
25232,Oakley Bull
25233,Oasis
25234,Oat Pasakorn Sanrattana
25235,Obba Babatundé
25236,Obi Okolie
25237,Obinna Nwachukwu
25238,Octavia Spencer
25239,Octavian Kaul
25240,Octavio Michel
25241,Octavius J. Johnson
25242,Odai Hijazi
25243,Odalys Garcia
25244,Odd Magnus Williamson
25245,Odd-Magnus Williamson
25246,Oded Fehr
25247,Odenike Odetola
25248,Odera Adimorah
25249,Odessa A’zion
25250,Odessa Young
25251,Odette Annable
25252,Odette Khan
25253,Odeya Rush
25254,Odiseas Georgiadis
25255,Odiseo Bichir
25256,Odley Jean
25257,Odunlade Adekola
25258,Odwa Gwanya
25259,Ofelia Medina
25260,Ogbolor
25261,Ogie Banks
25262,Oguzhan Kocakli
25263,Oh Dae-whan
25264,Oh Eui-sik
25265,Oh Gwang-rok
25266,Oh Hyun-kyung
25267,Oh Ji-ho
25268,Oh Jung-se
25269,Oh Man-seok
25270,Oh Mi-hee
25271,Oh Na-ra
25272,Oh Yeon-seo
25273,Oh Young-soo
25274,Ohad Knoller
25275,Ohad Naharin
25276,Oil Thana Suttikamul
25277,Oisín O'Leary
25278,Oja Kodar
25279,Ojong Felix
25280,Ok Ja-yeon
25281,Ok Taec-yeon
25282,Oka Antara
25283,Oka Giner
25284,Okan Yalabik
25285,Okan Yalabık
25286,Okan Çabalar
25287,Okawa Shaznay
25288,Okey Uzoeshi
25289,Okezie Morro
25290,Okieriete Onaodowan
25291,Okon Imeh  Bishop
25292,Oktay Kaynarca
25293,Okşan Büyük
25294,Ola G. Furuseth
25295,Ola Ghanem
25296,Ola Rapace
25297,Oladele Ogunlana
25298,Olaf Lubaszenko
25299,Olaf Schubert
25300,Olan Montgomery
25301,Olaniyi Afonja
25302,Olasupo Shasore
25303,Olayode Juliana
25304,Ole Christoffer Ertvaag
25305,Ole Eliassen
25306,Ole Johan Skjelbred-Knutsen
25307,Ole Lemmeke
25308,Ole Thestrup
25309,Oleg Chugunov
25310,Oleg Taktarov
25311,Olek Krupa
25312,Olga Breeskin
25313,Olga Fonda
25314,Olga Ivanova
25315,Olga Kurylenko
25316,Olga Lomonosova
25317,Olga Lydia
25318,Olga Merediz
25319,Olga Pakalović
25320,Olga Segura
25321,Olga Sutulova
25322,Olga Valentina
25323,Olga Vinichenko
25324,Olgun Toker
25325,Olimpia Melinte
25326,Olinca Velázquez
25327,Olisa Odele
25328,Olive Emodi
25329,Olive Keane
25330,Olive Petrucci
25331,"Oliver ""Power"" Grant"
25332,Oliver Bodart
25333,Oliver Boot
25334,Oliver Dennis
25335,Oliver Dimsdale
25336,Oliver Díaz Barba
25337,Oliver Hudson
25338,Oliver Jackson-Cohen
25339,Oliver James
25340,Oliver Korittke
25341,Oliver Masucci
25342,Oliver Milburn
25343,Oliver Muirhead
25344,Oliver Nava
25345,Oliver Nelson
25346,Oliver Peck
25347,Oliver Platt
25348,Oliver Pupart
25349,Oliver Stark
25350,Oliver Steer
25351,Oliver Stone
25352,Olivia Ainali
25353,Olivia Baglivi
25354,Olivia Berkeley
25355,Olivia Bond
25356,Olivia Bucio
25357,Olivia Burnette
25358,Olivia Charles
25359,Olivia Cheng
25360,Olivia Colman
25361,Olivia Cooke
25362,Olivia Corsini
25363,Olivia DeJonge
25364,Olivia Deeble
25365,Olivia Delcán
25366,Olivia Draguicevich
25367,Olivia Grace Applegate
25368,Olivia Grant
25369,Olivia Hack
25370,Olivia Holt
25371,Olivia Horton
25372,Olivia James-Baird
25373,Olivia Jasmine Edwards
25374,Olivia Junkeer
25375,Olivia Llewellyn
25376,Olivia Luccardi
25377,Olivia McNamara
25378,Olivia Merilahti
25379,Olivia Molina
25380,Olivia Molinaro Eijo
25381,Olivia Munn
25382,Olivia Newton-John
25383,Olivia Ritchie
25384,Olivia Ross
25385,Olivia Roush
25386,Olivia Scott Welch
25387,Olivia Scriven
25388,Olivia Solo
25389,Olivia Taylor Dudley
25390,Olivia Tennet
25391,Olivia Thirlby
25392,Olivia Wilde
25393,Olivia Williams
25394,Olivia d'Abo
25395,Olivier Bonjour
25396,Olivier Bonnaud
25397,Olivier Bony
25398,Olivier Claverie
25399,Olivier Gourmet
25400,Olivier Kretz
25401,Olivier Loustau
25402,Olivier Martinez
25403,Olivier Rabourdin
25404,Olivier Rosemberg
25405,Olivier Rousteing
25406,Olivier Schneider
25407,Olivier Thouret
25408,Olka Szczęśniak
25409,Olli Haaskivi
25410,Olli Schulz
25411,Ollie Christie
25412,Olly Alexander
25413,Olly Wilkins
25414,Olu Jacobs
25415,Oluchi Agunwa
25416,Oludara Egerton Shyngle
25417,Olumide Oworu
25418,Olunike Adeliyi
25419,Oluwabukola Thomas
25420,Olwen Catherine Kelly
25421,Olwenya Maina
25422,Olympia Dukakis
25423,Om Kanojiya
25424,Om Prakash
25425,Om Puri
25426,Om Shivpuri
25427,Omair Rana
25428,Omar Al Hafidh
25429,Omar Aljabri
25430,Omar Ayuso
25431,Omar Benson Miller
25432,Omar Chaparro
25433,Omar Dorsey
25434,Omar El Saeed
25435,Omar El-Hariri
25436,Omar Epps
25437,Omar Fierro
25438,Omar Germenos
25439,Omar Ghazaoui
25440,Omar Gooding
25441,Omar J. Dorsey
25442,Omar Leyva
25443,Omar Marwan
25444,Omar Maskati
25445,Omar Mikati
25446,Omar Murillo
25447,Omar Mustafa Metwally
25448,Omar Rajeh
25449,Omar Rudberg
25450,Omar Sharif
25451,Omar Silva
25452,Omar Sy
25453,Omar Victor Diop
25454,Omar Wasow
25455,Omara Esteghlal
25456,Omari Hardwick
25457,Omari Newton
25458,Omari Weaver
25459,Omatta Udalor
25460,Omawumi
25461,Ombo Gogo Ombo
25462,Omee
25463,Omero Antonutti
25464,Omero Mumba
25465,Omi Sharma
25466,Omi Vaidya
25467,Omid Djalili
25468,Omkar Das Manikpuri
25469,Omkar Kapoor
25470,Omoni Oboli
25471,Omono Okojie
25472,Omotola Jalade-Ekeinde
25473,Omotunde Adebowale David
25474,Omowunmi Dada
25475,Omoye Uzamere
25476,On Ju-wan
25477,On-on Yu
25478,Onata Aprile
25479,Ondřej Havlík
25480,Oneg Efron
25481,Ong Yi-hing
25482,Onur Atilla
25483,Onur Attila
25484,Onur Buldu
25485,Onur Saylak
25486,Onur Tuna
25487,Onuryay Evrentan
25488,Onyama Laura
25489,Onyeka Onwenu
25490,Onyok Pineda
25491,Oona Chaplin
25492,Oona Laurence
25493,Opal
25494,Opal Littleton
25495,Opeyemi Ayeola
25496,Ophelia Lovibond
25497,Oprah Winfrey
25498,Orange Tan
25499,Orchita Sporshia
25500,Oreka Godis
25501,Orezi
25502,Organ Wacharapolmek
25503,Orhan Güner
25504,Ori Biton
25505,Ori Pfeffer
25506,Oriah Elgrabli
25507,Oriana Sabatini
25508,Oriana Schrage
25509,Oriol Pla
25510,Oris Erhuero
25511,Orián Suárez
25512,Orkhan Abulov
25513,Orkun Işıtmak
25514,Orkun Karagöz
25515,Orla Brady
25516,Orla Hill
25517,Orlando Bloom
25518,Orlando Brown
25519,Orlando Carrillo
25520,Orlando Cinque
25521,Orlando Jones
25522,Orlando Seale
25523,Orlando Valenzuela
25524,Orly Silbersatz Banai
25525,Orna Banay
25526,Ornella Fleury
25527,Ornjira Lamwilai
25528,Orny Adams
25529,Orrawan Phuakthaisong
25530,Orson Hong
25531,Orson Welles
25532,Orukotan Adejola
25533,Osama Abdallah
25534,Osama Abdullah
25535,Osama Munir
25536,Osama Tahir
25537,Osamah Sami
25538,Osamu Mukai
25539,Osamu Saka
25540,Osamu Shitara
25541,Osas Ighodaro
25542,Osas Ighodaro Ajibade
25543,Oscar Butler
25544,Oscar Cheda
25545,Oscar Copp
25546,Oscar Isaac
25547,Oscar Kightley
25548,Oscar Martínez
25549,Oscar Nuñez
25550,Oscar Provencal
25551,Oscar Salazar
25552,Oscar Serrano
25553,Oscar Skagerberg
25554,Osi Okerafor
25555,Osian Thompson
25556,Osita Iheme
25557,Osman Alkaş
25558,Osman Khalid Butt
25559,Osman Sonant
25560,Osman Soykut
25561,Osman İskender Bayer
25562,Osmar Nuñez
25563,Osqui Guzmán
25564,Ossie Davis
25565,Osvaldo Benavides
25566,Osvaldo Friger
25567,Osvaldo Mil
25568,Oswin Benjamin
25569,Osy Ikhile
25570,Otar Saralidze
25571,Otia Vitalis
25572,Otig Pakis
25573,Otmara Marrero
25574,Otoja Abit
25575,Otto Djauhari
25576,Otto Jespersen
25577,Otto Jr.
25578,Otto Nobela
25579,Otto Sirgo
25580,Otávio Martins
25581,Ouchi Akane
25582,Oulaya Amamra
25583,Oussama Nadir
25584,Ovidiu Niculescu
25585,Ovince Saint Preux
25586,Oviya
25587,Owain Arthur
25588,Owain Yeoman
25589,Oweiss Mkhallalati
25590,Owen Asztalos
25591,Owen Atlas
25592,Owen Campbell
25593,Owen Colgan
25594,Owen Daniels
25595,Owen Davis
25596,Owen Joyner
25597,Owen Kline
25598,Owen Miller
25599,Owen Patrick Joyner
25600,Owen Teague
25601,Owen Vaccaro
25602,Owen Wilson
25603,Owiss Mokhallati
25604,Oxcel
25605,Oyafunmike Ogunlano
25606,Ozama Oancea
25607,Ozan Güven
25608,Ozan Kaya Oktu
25609,Ozan Osmanpaşaoğlu
25610,Ozzy Agu
25611,Oğuzhan Koç
25612,P. Balachandran
25613,P. Jairaj
25614,P. Lynn Johnson
25615,P. Samuthirakani
25616,P.H. Moriarty
25617,P.J. Boudousqué
25618,P.J. Byrne
25619,P.J. Gallagher
25620,P.J. Soles
25621,P.K. Nair
25622,PADI Reborn
25623,PJ Boudousqué
25624,PJ Madam
25625,PJ McCabe
25626,PNL
25627,Pa Jimi Solanke
25628,Pabllo Vittar
25629,Pablo Bossi
25630,Pablo Bracho
25631,Pablo Béjar
25632,Pablo Cano
25633,Pablo Cedrón
25634,Pablo Cerda
25635,Pablo Cruz
25636,Pablo Cruz Guerrero
25637,Pablo Derqui
25638,Pablo Echarri
25639,Pablo Gama Iturrarán “Mago Gamini”
25640,Pablo Granados
25641,Pablo Guisa Koestinger
25642,Pablo Hoyos
25643,Pablo Lyle
25644,Pablo Memi
25645,Pablo Morán
25646,Pablo Rago
25647,Pablo Sanabio
25648,Pablo Schreiber
25649,Pablo Schwarz
25650,Pablo Tate
25651,Pablo Valentín
25652,Pachara Chirathivat
25653,Pacho Rueda
25654,Paco Ignacio Taibo II
25655,Paco León
25656,Paco Manzanedo
25657,Paco Rueda
25658,Paco Sagarzazu
25659,Paco Tous
25660,Paco de la Fuente
25661,Padam Kumar
25662,Padam Mishra
25663,Paddy Considine
25664,Padita Agu
25665,Padma Khanna
25666,Padma Lakshmi
25667,Padma Rani
25668,Padmanabh Bind
25669,Padmavati Rao
25670,Padmini
25671,Padmini Kolhapure
25672,Page Kennedy
25673,Paget Brewster
25674,Pai Wei
25675,Paige Chua
25676,Paige Hurd
25677,Paige Meade
25678,Paige O'Hara
25679,Paige Turco
25680,Paik Jong-won
25681,Paintal
25682,Pairoj Sangwariboot
25683,Pajaree Nantarat
25684,Pakey Vázquez
25685,Pakija Begum
25686,Pakkaramai Potranan
25687,Pakoda Pandi
25688,Pakwan Noijaiboon
25689,Pala Karuppaiah
25690,Paladesh Kemisara
25691,Palash Kamble
25692,Palash Sen
25693,Pali Sidhu
25694,Palina Rojinski
25695,Pallas Prajapati
25696,Pallavi Joshi
25697,Pallavi Malvade
25698,Pallavi Patil
25699,Pallavi Sastry
25700,Pallavi Sharda
25701,Pally Siqueira
25702,Paloma Bernardi
25703,Paloma Ker
25704,Paloma Picasso
25705,Paloma Saavedra
25706,Palomi Ghosh
25707,Pam Dawber
25708,Pam Ferris
25709,Pam Grier
25710,Pam Rose
25711,Pamela Adlon
25712,Pamela Afesi
25713,Pamela Almanza
25714,Pamela Anderson
25715,Pamela Blair
25716,Pamela Chabora
25717,Pamela Chong Ven Teen
25718,Pamela Donegan
25719,Pamela Jordán
25720,Pamela Nomvete
25721,Pamela Ospina
25722,Pamela Rabe
25723,Pamela Reed
25724,Pamela Tola
25725,Pamelyn Chee
25726,Pamelyn Ferdin
25727,Pamiga Sooksawee
25728,Pammi Bai
25729,Pamu Pamorada
25730,Pan Hong
25731,Pan Yueming
25732,Panadda Wongphudee️️
25733,Panapong Khaisang
25734,Pancho Demmings
25735,Pancho Garcia Aguirre
25736,Panda Wu
25737,Pandji Pragiwaksono
25738,Panisara Montharat
25739,Panisara Rikulsurakan
25740,Panissara Phimpru
25741,Panja Vaisshnav Tej
25742,Panjai Sirisuwan
25743,Panji Zoni
25744,Pankaj Jha
25745,Pankaj Kalra
25746,Pankaj Kapur
25747,Pankaj Tripathi
25748,Pankhuri Awasthy
25749,Panos Koronis
25750,Panta Pattanaampaiwong
25751,Pantelis Kodogiannis
25752,Pantipa Arunwattanachai
25753,Panupan Jantanawong
25754,Paola Barrientos
25755,Paola Lattus
25756,Paola Minaccioni
25757,Paola Moreno
25758,Paola Rey
25759,Paola Sotgiu
25760,Paoli Dam
25761,Paolo Ballesteros
25762,Paolo Bernardini
25763,Paolo Bonacelli
25764,Paolo Bryant
25765,Paolo Contis
25766,Paolo Stoppa
25767,Paolo Vaccarino
25768,Paopetch Charoensook
25769,Papangkorn Lerkchaleampote
25770,Paprika Steen
25771,Paradorn Srichaphan
25772,Parakh Madan
25773,Parambrata Chatterjee
25774,Parambrata Chattopadhyay
25775,Paramej Noiam
25776,Paramjit Singh Kakran
25777,Paran Banerjee
25778,Paras Arora
25779,Paras Priyadarshan
25780,Paras Raj Gandhi
25781,Pardeep Sran
25782,Paresh Ganatra
25783,Paresh Rawal
25784,Pari Telang
25785,Parigna Pandya
25786,Parikshat Sahni
25787,Parineeti Chopra
25788,Paris Berelc
25789,Paris Hilton
25790,Paris Intarakomalyasut
25791,Paris Phillips
25792,Paris Themmen
25793,Paritosh Tripathi
25794,Park Bo-gum
25795,Park Bo-young
25796,Park Byung-eun
25797,Park Cheol-min
25798,Park Choong-hwan
25799,Park Chul-min
25800,Park Eun-hye
25801,Park Gene-woo
25802,Park Gyu-young
25803,Park Hae Soo
25804,Park Hae-Jin
25805,Park Hae-il
25806,Park Hae-joon
25807,Park Hae-soo
25808,Park Hee-bon
25809,Park Hee-soon
25810,Park Ho-san
25811,Park Hoon
25812,Park Hye-su
25813,Park Hyo-ju
25814,Park Hyuk-kwon
25815,Park Hyung-sik
25816,Park In-hwan
25817,Park Jeong-min
25818,Park Ji-bin
25819,Park Ji-hwan
25820,Park Ji-hyun
25821,Park Ji-won
25822,Park Ji-young
25823,Park Jin-joo
25824,Park Jong-hwan
25825,Park Joo-hee
25826,Park Joo-mi
25827,Park Ju-hyun
25828,Park Jung-min
25829,Park Ki-deok
25830,Park Ki-woong
25831,Park Mi-sun
25832,Park Min-ji
25833,Park Min-young
25834,Park Na-rae
25835,Park No-sik
25836,Park Ran
25837,Park Sang-min
25838,Park Sang-nam
25839,Park Se-jin
25840,Park Se-wan
25841,Park Seo-joon
25842,Park Seo-kyung
25843,Park Seon-im
25844,Park Seong-geun
25845,Park Shin-hye
25846,Park Si-eun
25847,Park Sin-un
25848,Park So-dam
25849,Park Su-young
25850,Park Sun-ho
25851,Park Sung-jun
25852,Park Sung-woong
25853,Park Won-sook
25854,Park Won-suk
25855,Park Ye-ni
25856,Park Ye-rin
25857,Park Yeon-kyung
25858,Park Yeong-gyu
25859,Park Yoon-hee
25860,Park You-na
25861,Parker Jackson Cartwright
25862,Parker Mack
25863,Parker Posey
25864,Parker Sawyers
25865,Parker Sevak
25866,Parker Stevenson
25867,Parker Wierling
25868,Parker Young
25869,Parmeet Sethi
25870,Parminder Ghumman
25871,Parminder Nagra
25872,Parna Pethe
25873,Parno Mittra
25874,Parris Mosteller
25875,Parth Bhalerao
25876,Parthiban
25877,Parthveer Shukla
25878,Parul Gulati
25879,Parvathi T
25880,Parvathy
25881,Parvathy Omanakuttan
25882,Parvathy Ratheesh
25883,Parvati Sehgal
25884,Parvati Shallow
25885,Parveen Babi
25886,Parveen Choudhary
25887,Parveen Kaur
25888,Parvesh Cheena
25889,Parvez Khan
25890,Parvin Dabas
25891,Parzan Dastur
25892,Pascacio López
25893,Pascal Atuma
25894,Pascal Demolon
25895,Pascal Elso
25896,Pascal Greggory
25897,Pascal Rambert
25898,Pascal Scott
25899,Pascal Sellem
25900,Pascal Tokodi
25901,Pascale Arbillot
25902,Pascale Christophe
25903,Pascale Matar
25904,Pascale Wilson
25905,Pascaline Edwards
25906,Pasha D. Lychnikoff
25907,Pasi Ruohonen
25908,Pasin Kuansataporn
25909,Pasquale Misiano
25910,Pasqualina Scuncia
25911,Passaranan Ussadamongkol
25912,Pastora Vega
25913,Pasupathy
25914,Pat Corley
25915,Pat Cusick
25916,Pat Fraley
25917,Pat Healy
25918,Pat Kilbane
25919,Pat Kinevane
25920,Pat Laffan
25921,Pat Morita
25922,Pat Musick
25923,Pat Nebo
25924,Pat Roach
25925,Pat Sajak
25926,Pat Thomson
25927,Patch Darragh
25928,Patcha Kitchaicharoen
25929,Patchanan Jiajirachote
25930,Paterson Joseph
25931,Patharamanop Isariy
25932,Pathy Dejesus
25933,Patience Ozokwor
25934,Patina Miller
25935,Patiparn Pataweekarn
25936,Patravadi Mejudhon
25937,Patrice Wymore
25938,Patricia Arbúes
25939,Patricia Arquette
25940,Patricia Bethune
25941,Patricia Bull
25942,Patricia Calisaya
25943,Patricia Castañeda
25944,Patricia Clarkson
25945,Patricia De Leon
25946,Patricia Drake
25947,Patricia Ezeani
25948,Patricia Guirado
25949,Patricia Heaton
25950,Patricia Hittler
25951,Patricia Hodge
25952,Patricia Ja Lee
25953,Patricia Kihoro
25954,Patricia López Arnaiz
25955,Patricia Manterola
25956,Patricia Maqueo
25957,Patricia Nammour
25958,Patricia Reyes Spíndola
25959,Patricia Schneider
25960,Patricia Tamayo
25961,Patricia Vico
25962,Patricia Wettig
25963,Patricia Wilson
25964,Patricia Zentilli
25965,Patricio Aramburu
25966,Patricio Aranguren
25967,Patricio Castillo
25968,Patricio Contreras
25969,Patricio Gallardo
25970,Patricio Sebastián
25971,Patrick Bachau
25972,Patrick Bakoba
25973,Patrick Baladi
25974,Patrick Bauchau
25975,Patrick Bergin
25976,Patrick Brammall
25977,Patrick Brantseg
25978,Patrick Breen
25979,Patrick Brice
25980,Patrick Béthune
25981,Patrick Catalifo
25982,Patrick Creery
25983,Patrick Criado
25984,Patrick Cronen
25985,Patrick Davis
25986,Patrick Delmas
25987,Patrick Dempsey
25988,Patrick Descamps
25989,Patrick Diabuah
25990,Patrick Doyle
25991,Patrick Duffy
25992,Patrick Durham
25993,Patrick Egan
25994,Patrick Fabian
25995,Patrick Fischler
25996,Patrick Fugit
25997,Patrick Gagnon
25998,Patrick Garrow
25999,Patrick Gibson
26000,Patrick Gilmore
26001,Patrick Gorman
26002,Patrick Heusinger
26003,Patrick Hivon
26004,Patrick Huard
26005,Patrick Hurd-Wood
26006,Patrick J. Adams
26007,Patrick John Flueger
26008,Patrick Johnson
26009,Patrick Kennedy
26010,Patrick Lee
26011,Patrick Lyster
26012,Patrick Magee
26013,Patrick McAuley
26014,Patrick McKenna
26015,Patrick Mofokeng
26016,Patrick Murney
26017,Patrick Médioni
26018,Patrick Ndlovu
26019,Patrick O'Brien Demsey
26020,Patrick O'Neal
26021,Patrick Onyeke
26022,Patrick Otoro
26023,Patrick Pinney
26024,Patrick Poole
26025,Patrick Raynal
26026,Patrick Ridremont
26027,Patrick Roach
26028,Patrick Robinson
26029,Patrick Roche
26030,Patrick Schwarzenegger
26031,Patrick Seitz
26032,Patrick St. Esprit
26033,Patrick Stewart
26034,Patrick Stoof
26035,Patrick Stump
26036,Patrick Swayze
26037,Patrick Tam
26038,Patrick Tang
26039,Patrick Teoh
26040,Patrick Theo
26041,Patrick Timsit
26042,Patrick Tse
26043,Patrick Warburton
26044,Patrick Wilson
26045,Patrick Wood
26046,Patrick d'Assumçao
26047,Patrik Baboumian
26048,Patrik Nökkvi Pétursson
26049,Patrika Darbo
26050,Patrizio Rispo
26051,Patrycja Widlak
26052,Patrícia Bargalló
26053,Patrícia de Sabrit
26054,Patsomtat Sudprasert
26055,Patsy Garrett
26056,Patsy Kelly
26057,Pattanachai Adirek
26058,Pattarasaya Kreuasuwansri
26059,Patti Allan
26060,Patti Harrison
26061,Patti LuPone
26062,Patti Smith
26063,Patton Oswalt
26064,Patty Mattson
26065,Patty Wirtz
26066,Patxi Santamaría
26067,Paty Blanco
26068,Paty Cofré
26069,Pau Cólera
26070,Pau Durà
26071,Pau Gasol
26072,Pau Poch
26073,Paul A. Partain
26074,Paul Adams
26075,Paul Adelstein
26076,Paul Alayo
26077,Paul Alwright
26078,Paul Amato
26079,Paul Anderson
26080,Paul Anthony
26081,Paul Bandey
26082,Paul Barrett
26083,Paul Basagoitia
26084,Paul Ben-Victor
26085,Paul Benjamin
26086,Paul Bettany
26087,Paul Blackthorne
26088,Paul Blake
26089,Paul Blott
26090,Paul Brannigan
26091,Paul Braunstein
26092,Paul Briganti
26093,Paul Briggs
26094,Paul Buckley
26095,Paul Butler
26096,Paul Calderon
26097,Paul Campbell
26098,Paul Capsis
26099,Paul Chahidi
26100,Paul Choza
26101,Paul Christian Chukwudi
26102,Paul Chun
26103,Paul Connolly
26104,Paul Currie
26105,Paul Dano
26106,Paul Darnell
26107,Paul Dillon
26108,Paul Dobson
26109,Paul Dooley
26110,Paul Doucette
26111,Paul Eilers
26112,Paul F. Tompkins
26113,Paul Farrell
26114,Paul Fitzgerald
26115,Paul Foster
26116,Paul Francis
26117,Paul Freeman
26118,Paul Genovese
26119,Paul Giamatti
26120,Paul Goldblatt
26121,Paul Greenberg
26122,Paul Greene
26123,Paul Greengrass
26124,Paul Gross
26125,Paul Guilfoyle
26126,Paul Guyet
26127,Paul Gäbler
26128,Paul Haapaniemi
26129,Paul Hamy
26130,Paul He
26131,Paul Herman
26132,Paul Higgins
26133,Paul Hipp
26134,Paul Hogan
26135,Paul Hollywood
26136,Paul Hsu
26137,Paul Iacono
26138,Paul James
26139,Paul Johansson
26140,Paul Jurewicz
26141,Paul Kalkbrenner
26142,Paul Karmiryan
26143,Paul Kasey
26144,Paul Kaye
26145,Paul Kenny
26146,Paul Killam
26147,Paul Kwo
26148,Paul L. Smith
26149,Paul Lambert
26150,Paul Langlois
26151,Paul Lieberstein
26152,Paul Logan
26153,Paul Luebke
26154,Paul Lynde
26155,Paul Mann
26156,Paul Mason
26157,Paul Mazursky
26158,Paul McCartney
26159,Paul McCrane
26160,Paul McGillion
26161,Paul McGuigan
26162,Paul Mercurio
26163,Paul Merson
26164,Paul Michael Glaser
26165,Paul Moniz de Sa
26166,Paul Mooney
26167,Paul Nakauchi
26168,Paul Nazak
26169,Paul Newman
26170,Paul Nicholls
26171,Paul Nutarariaq
26172,Paul Obazele
26173,Paul P. Card IV
26174,Paul Paddick
26175,Paul Panting
26176,Paul Rae
26177,Paul Regina
26178,Paul Reid
26179,Paul Reiser
26180,Paul Reubens
26181,Paul Riley
26182,Paul Rodriguez
26183,Paul Rodriguez Jr.
26184,Paul Roebling
26185,Paul Rudd
26186,Paul Rugg
26187,Paul Rust
26188,Paul Sambo
26189,Paul Scheer
26190,Paul Schneider
26191,Paul Schrier
26192,Paul Schulze
26193,Paul Shaffer
26194,Paul Sidhu
26195,Paul Sloan
26196,Paul Soles
26197,Paul Sorvino
26198,Paul Sparks
26199,Paul Stafford
26200,Paul Stewart
26201,Paul Sun-Hyung Lee
26202,Paul Tassone
26203,Paul Taylor
26204,Paul Tei
26205,Paul Tylak
26206,Paul Utomi
26207,Paul Vincent O'Connor
26208,Paul W. Downs
26209,Paul Walker
26210,Paul Wall
26211,Paul Walter Hauser
26212,Paul Weitz
26213,Paul Wesley
26214,Paul Wight
26215,Paul Wilson
26216,Paul Winfield
26217,Paul du Toit
26218,Paul-Mikél Williams
26219,Paula Beer
26220,Paula Brancati
26221,Paula Burrows
26222,Paula Carruega
26223,Paula Castaño
26224,Paula Cohen
26225,Paula Donner
26226,Paula Echevarría
26227,Paula Garcés
26228,Paula Jai Parker
26229,Paula Malcomson
26230,Paula Malia
26231,Paula Manzone
26232,Paula Morado
26233,Paula Newsome
26234,Paula Patton
26235,Paula Paul
26236,Paula Pell
26237,Paula Pier
26238,Paula Prentiss
26239,Paula Ransenberg
26240,Paula Rhodes
26241,Paula Rivera
26242,Paula Sartor
26243,Paula Scher
26244,Paula Serrano
26245,Paula Soldevila
26246,Paula Taylor
26247,Paula Trickey
26248,Paula Trueman
26249,Paula Usero
26250,Paula Vázquez
26251,Paulette Lamori
26252,Pauley Perrette
26253,Paulin Jaccoud
26254,Paulina Andreeva
26255,Paulina Chapko
26256,Paulina Chávez
26257,Paulina Dávila
26258,Paulina Gaitán
26259,Paulina Garcia
26260,Paulina García
26261,Paulina Gałązka
26262,Paulina Goto
26263,Paulina Matos
26264,Paulina Montemayor
26265,Paulina Porizkova
26266,Paulina Urrutia
26267,Paulina Álvarez Muñoz
26268,Pauline Collins
26269,Pauline Deshons
26270,Pauline Egan
26271,Pauline Etienne
26272,Pauline Haddad
26273,Pauline Lynch
26274,Pauline Newstone
26275,Pauline Quirke
26276,Paulino Nunes
26277,Paulo Americano
26278,Paulo André
26279,Paulo Angeles
26280,Paulo Avelino
26281,Paulo Betti
26282,Paulo Calatré
26283,Paulo Costanzo
26284,Paulo Gorgulho
26285,Paulo Sanchez Lima
26286,Paulo Sánchez Lima
26287,Paulo Tiefenthaler
26288,Paulo Vieira
26289,Paulo Vilhena
26290,Pauly Shore
26291,Pauly Valsan
26292,Paulyn Sun
26293,Pavadee Komchokpaisan
26294,Pavail Gulati
26295,Pavan Malhotra
26296,Pavarit Mongkolpisit
26297,Pavel Douglas
26298,Pavel Kríz
26299,Pavel Navageethan
26300,Pavel Priluchnyy
26301,Pavel Tomeš
26302,Pavel Trubiner
26303,Pavel Vorontsov
26304,Pavleen Gujral
26305,Pavlo Bubryak
26306,Pavun Shetty
26307,Paw Hee Ching
26308,Pawan Chopra
26309,Pawan Kalra
26310,Pawan Kanodia
26311,Pawan Singh
26312,Pawarith Monkolpisit
26313,Paxton Singleton
26314,Paxton Whitehead
26315,Payal Rajput
26316,Payel Sarkar
26317,Payidar Tüfekçioglu
26318,Payman Maadi
26319,Paz Bascuñán
26320,Paz Vega
26321,Peace Yang
26322,Peanut Omatsola
26323,Pearce Quigley
26324,Pearl Nkiru Waturuocha
26325,Pearl Okorie
26326,Pearl Thusi
26327,Pearle Maaney
26328,Peder Holm Johansen
26329,Pedja Bjelac
26330,Pedro Alonso
26331,Pedro Andreu
26332,Pedro Armendáriz Jr.
26333,Pedro Benevides
26334,Pedro Caetano
26335,Pedro Campos
26336,Pedro Casablanc
26337,Pedro Correa
26338,Pedro Godoy
26339,Pedro Mari Sánchez
26340,Pedro Miguel Arce
26341,Pedro Miguel Martínez
26342,Pedro Monteiro
26343,Pedro Ottoni
26344,Pedro Pascal
26345,Pedro Rezende
26346,Pedro Rodman Rodriguez
26347,Pedro Ruminot
26348,Pedro Suárez
26349,Pedro Wagner
26350,Pedro de Tavira Egurrola
26351,Pedroca Monteiro
26352,Peemapol Panichtamrong
26353,Peeratchai Roompol
26354,Peerawat Herabat
26355,Peerawit Boonark
26356,Peggy Ann Blow
26357,Peggy Lipton
26358,Peggy Tseng
26359,Pei Hsi Chen
26360,Pei Zitian
26361,Peijia Huang
26362,Pej Vahdat
26363,Pelin Acar
26364,Pelin Körmükçü
26365,Pell James
26366,Pemy Peramin Thabkaew
26367,Penelope Ann Miller
26368,Penelope Mitchell
26369,Penelope Rawlins
26370,Penelope Wilton
26371,Peng Sun
26372,Peng Yuchang
26373,Penn Badgley
26374,Penny Cook
26375,Penny Downie
26376,Penpak Sirikul
26377,Penélope Cruz
26378,Penélope Guerrero
26379,Pep Ambròs
26380,Pep Anton Muñoz
26381,Pep Jové
26382,Pep Tosar
26383,Pepa Charro
26384,Pepa López
26385,Pepe Herrera
26386,Pepe Ocio
26387,Pepe Rapazote
26388,Pepe Serna
26389,Pepi Sonuga
26390,Pepper Binkley
26391,Pepper Schwartz
26392,Peppino De Filippo
26393,Peppino Mazzotta
26394,Pepón Nieto
26395,Per-Olav Sorensen
26396,Percelle Ascott
26397,Percy Anane-Dwumfour
26398,Percy Edwards
26399,Percy Hynes White
26400,Perdita Weeks
26401,Pere Ponce
26402,Perfume
26403,Peri Baumeister
26404,Peri Gilpin
26405,Perizaad Zorabian
26406,Perla Bautista
26407,Perla Haney-Jardine
26408,Pernilla August
26409,Perran Kutman
26410,Perrey Reeves
26411,Perry Fitzpatrick
26412,Perry Mattfeld
26413,Persia White
26414,Pervin Dastur
26415,Peta Murgatroyd
26416,Peta Rutter
26417,Peta Shannon
26418,Petar Zakavitsa
26419,Petchpatchara Kitkrairaj
26420,Petchtai Wongkamlao
26421,Pete Davidson
26422,Pete Edochie
26423,Pete Evans
26424,Pete Gardner
26425,Pete Herron
26426,Pete Postlethwaite
26427,Pete Rock
26428,Pete Seeger
26429,Pete Spyropoulos
26430,Pete Thongchua
26431,Petelo Sealeu
26432,Peter Andersson
26433,Peter Archer
26434,Peter Bartlett
26435,Peter Baynham
26436,Peter Berg
26437,Peter Bergared
26438,Peter Blok
26439,Peter Boal
26440,Peter Bogdanovich
26441,Peter Bowles
26442,Peter Breitmayer
26443,Peter Bryant
26444,Peter Campion
26445,Peter Capaldi
26446,Peter Carlberg
26447,Peter Cassidy
26448,Peter Clayton-Luce
26449,Peter Coonan
26450,Peter Coyote
26451,Peter Cugno
26452,Peter Cullen
26453,Peter Dante
26454,Peter Dinklage
26455,Peter Donat
26456,Peter Dunning
26457,Peter Eastway
26458,Peter Egan
26459,Peter Facinelli
26460,Peter Farrelly
26461,Peter Ferdinando
26462,Peter Ferriero
26463,Peter Firth
26464,Peter Fonda
26465,Peter Francis James
26466,Peter Friedman
26467,Peter Gadiot
26468,Peter Gallagher
26469,Peter Gantzler
26470,Peter Gerety
26471,Peter Gilroy
26472,Peter Gorissen
26473,Peter Gray Lewis
26474,Peter Greene
26475,Peter Hastings
26476,Peter Hedges
26477,Peter Hermann
26478,Peter Ho
26479,Peter Jacobson
26480,Peter James
26481,Peter James Haworth
26482,Peter Jason
26483,Peter Jaymes Jr.
26484,Peter Jordan
26485,Peter Kelamis
26486,Peter Keleghan
26487,Peter Ketnath
26488,Peter Kim
26489,Peter King
26490,Peter King Nzioki Mwania
26491,Peter Kurth
26492,Peter Lanzani
26493,Peter Lawford
26494,Peter Licassi
26495,Peter Linz
26496,Peter Lohmeyer
26497,Peter Lord
26498,Peter Lorimer
26499,Peter MacNeill
26500,Peter MacNicol
26501,Peter Macdissi
26502,Peter Mackenzie
26503,Peter Mak
26504,Peter Maloney
26505,Peter Martins
26506,Peter Mayer
26507,Peter McAllum
26508,Peter McRobbie
26509,Peter Meehan
26510,Peter Mel
26511,Peter Mensah
26512,Peter Michael
26513,Peter Michael Goetz
26514,Peter Mochrie
26515,Peter Mullan
26516,Peter Mygind
26517,Peter Nikolas
26518,Peter O'Brien
26519,Peter O'Connor
26520,Peter O'Toole
26521,Peter Oldring
26522,Peter Ostrum
26523,Peter Outerbridge
26524,Peter Parros
26525,Peter Renaday
26526,Peter Ritchie
26527,Peter Rowley
26528,Peter Rowsthorn
26529,Peter Sarsgaard
26530,Peter Scanavino
26531,Peter Schneider
26532,Peter Scolari
26533,Peter Sellers
26534,Peter Serafinowicz
26535,Peter Simonischek
26536,Peter Skagen
26537,Peter Stebbings
26538,Peter Stormare
26539,Peter Strauss
26540,Peter Sudarso
26541,Peter Sullivan
26542,Peter Sumner
26543,Peter Thomas
26544,Peter Turnbull
26545,Peter Ustinov
26546,Peter Vack
26547,Peter Van den Begin
26548,Peter Verby
26549,Peter Vives
26550,Peter Weller
26551,Peter Whitford
26552,Peter Wight
26553,Peter Yarrow
26554,Peter Yu
26555,Petey Majik Nguyen
26556,Petio Petkov
26557,Peto Menahem
26558,Petr Cerha
26559,Petra Mede
26560,Petra Schmidt-Schaller
26561,Petrice Jones
26562,Petronela Grigorescu
26563,Petrônio Gontijo
26564,Pets Tseng
26565,Pevita Pearce
26566,Peyman Moaadi
26567,Peyton Alex Smith
26568,Peyton Chesson-Fohl
26569,Peyton Clark
26570,Peyton Kennedy
26571,Peyton List
26572,Peyton Meyer
26573,Pfifer Chastain
26574,Phakin Khamwilaisak
26575,Pham Anh Khoa
26576,Pham Dinh Thai Ngan
26577,Phan Thanh Nhien
26578,Phantira Pipityakorn
26579,Phanuroj Chalermkijporntavee
26580,Pharanyu Rojanawuthitham
26581,Pharrell Williams
26582,Phattharanarin Mueanarit
26583,Phellipe Haagensen
26584,Phellyx Moura
26585,Phenphet Phenkul
26586,Phi Nguyen
26587,Phichet Iamchaonaa
26588,Phichikorn Ployphimana
26589,Phil Brown
26590,Phil Burgers
26591,Phil Burke
26592,Phil Cheadle
26593,Phil Collins
26594,Phil Crowley
26595,Phil Davis
26596,Phil Hartman
26597,Phil Hendrie
26598,Phil LaMarr
26599,Phil Lollar
26600,Phil Proctor
26601,Phil Vischer
26602,Phil Wang
26603,Philaiwan Khamphirathat
26604,Philbert Falakeza
26605,Philece Sampler
26606,Philip Arditti
26607,Philip Baker Hall
26608,Philip Bosco
26609,Philip Bulcock
26610,Philip Cabrita
26611,Philip Chan
26612,Philip Ettinger
26613,Philip Froissant
26614,Philip Glasser
26615,Philip Goodwin
26616,Philip Granger
26617,Philip Jackson
26618,Philip Keung
26619,Philip Kwok
26620,Philip Maurice Hayes
26621,Philip Mould
26622,Philip Ng
26623,Philip Pope
26624,Philip Proctor
26625,Philip Rham
26626,Philip Rosenthal
26627,Philip Seymour Hoffman
26628,Philip Sternberg
26629,Philip Stone
26630,Philip Wiegratz
26631,Philip Wright
26632,Philipp Hochmair
26633,Philipp Laude
26634,Philippe Akiki
26635,Philippe Aractingi
26636,Philippe Duquesne
26637,Philippe Dusseau
26638,Philippe Koo
26639,Philippe Rebbot
26640,Philippine Leroy-Beaulieu
26641,Philippine Martinot
26642,Phillip Andrew
26643,Phillip Boyd
26644,Phillip Choi
26645,Phillip David Lewis
26646,Phillip Glasser
26647,Phillip Jeanmarie
26648,Phillip Ko
26649,Phillip Mitchell
26650,Phillip Rhee
26651,Phillip Vasquez
26652,Phillipa Alexander
26653,Phillipa Soo
26654,Philypa Phoenix
26655,Phiravich Attachitsataporn
26656,Phoebe Dynevor
26657,Phoebe Givron-Taylor
26658,Phoebe Huang
26659,Phoebe Lin
26660,Phoebe Robinson
26661,Phoebe Robinson-Galvin
26662,Phoebe Tonkin
26663,Phoebe Waller-Bridge
26664,Phoebe Yuan
26665,Phoenix
26666,Phoenix Ezendu
26667,Phoenix Raei
26668,Phollawat Manuprasert
26669,Phoomjai Tangsanga
26670,Phua Yida
26671,Phumelele Mthembu
26672,Phumphat Chartsuriyakiat
26673,Phuong Mai
26674,Phutharit Prombandal
26675,Phuwin Tangsakyuen
26676,Phylicia Rashad
26677,Phyllida Law
26678,Phyllis Logan
26679,Phyllis Smith
26680,Phyllis Somerville
26681,Pia Lanciotti
26682,Pia Mia
26683,Pia Shah
26684,Piaa Bajpai
26685,Pibunsonggram Kritsanapoom
26686,Pico Alexander
26687,Piera Degli Esposti
26688,Pierce Brosnan
26689,Pierce Cravens
26690,Pierce Gagnon
26691,Piercey Dalton
26692,Pierfrancesco Diliberto
26693,Pierfrancesco Favino
26694,Pierfrancesco Poggi
26695,Pierra Makena
26696,Pierre Andrau
26697,Pierre Angelo
26698,Pierre Aussedat
26699,Pierre Baitelli
26700,Pierre Benezit
26701,Pierre Berriau
26702,Pierre Bokma
26703,Pierre Cartonnet
26704,Pierre Cevaër
26705,Pierre Deladonchamps
26706,Pierre Edwards
26707,Pierre Francois Pistori
26708,Pierre Holloway
26709,Pierre Lebeau
26710,Pierre Lottin
26711,Pierre Louis
26712,Pierre Perrier
26713,Pierre Png
26714,Pierre Porquet
26715,Pierre Rabbat
26716,Pierre Salvadori
26717,Pierre Seyoufr
26718,Pierre Taki
26719,Pierre-Alain de Garrigues
26720,Pierre-François Martin-Laval
26721,Piers Morgan
26722,Piers Taylor
26723,Pierson Fode
26724,Piet De Praitere
26725,Pietro Mario
26726,Pietro Ragusa
26727,Pietro Sibille
26728,Pigeon John
26729,Pihla Viitala
26730,Pihu Myra Vishwakarma
26731,Pii Liu
26732,Pik Sen Lim
26733,Pilar Aranda
26734,Pilar Benitez Vibart
26735,Pilar Castro
26736,Pilar Gamboa
26737,Pilar Gómez
26738,Pilar Pascual
26739,Pilar Pilapil
26740,Pilar Ronderos
26741,Pili Groyne
26742,Pilita Corrales
26743,Pilot Paisley-Rose
26744,Pilou Asbæk
26745,Pim Pimjira Jaroenlak
26746,Pimchanok Leuwisetpaiboon
26747,Pimchanok Luevisadpaibul
26748,Pimmara Charoenpakdee
26749,Pimpakan Bangchawong
26750,Pimthong Washirakom
26751,Pinchoo Kapoor
26752,Pink Yang
26753,Pinky Amador
26754,Pinky Pal Rajput
26755,Pio Marmaï
26756,Piolo Pascual
26757,Piotr Adamczyk
26758,Piotr Bajor
26759,Piotr Biedron
26760,Piotr Cyrwus
26761,Piotr Fronczewski
26762,Piotr Garlicki
26763,Piotr Gasowski
26764,Piotr Głowacki
26765,Piotr Kąkolewski
26766,Piotr Machalica
26767,Piotr Michael
26768,Piotr Pacek
26769,Piotr Trojan
26770,Pip Pellens
26771,Pip Torrens
26772,Piper Curda
26773,Piper Laurie
26774,Piper Mackenzie Harris
26775,Piper Perabo
26776,Pippa Bennett-Warner
26777,Pippa Haywood
26778,Pippa Mackie
26779,Pirjo Lonka
26780,Pirkko Hämäläinen
26781,Pisamai Pakdeevijit
26782,Pisamai Wilaisak
26783,Pisay Pao
26784,Pitchanart Sakakorn
26785,Pitchatorn Santinatornkul
26786,Pitchawat Petchayahon
26787,Pitcho Womba Konga
26788,Pitisak Yaowananon
26789,Pitobash
26790,Pitta Na Pattalung
26791,Piu Dutt
26792,Pius Fatoke
26793,Pixie Davies
26794,Piyathida Woramusik
26795,Piyush Mishra
26796,Piyush Raina
26797,Plabita Borthakur
26798,Platon
26799,Plerng Pollapakk Vacharaponghiran
26800,Ploy Jindachote
26801,Ployshompoo Supasap
26802,Point Cholawit Meetongcom
26803,Pok Piyatida Woramusik
26804,Pokchat Thiamchai
26805,Pokwang
26806,Pol Monen
26807,Pola Król
26808,Polat Bilgin
26809,Polina Kutepova
26810,Polly Draper
26811,Polly Holliday
26812,Polly Lewis
26813,Polly Niles
26814,Polly Walker
26815,Pollyanna McIntosh
26816,Polo Morín
26817,Pom Klementieff
26818,Pongkool Suebsung
26819,Pongsak Pongsuwan
26820,Pongsathon Laiwrakoran
26821,Pongsatorn Jongwilak
26822,Pongsatorn Jongwilas
26823,Ponlawit Ketprapakorn
26824,Pooch Hall
26825,Pooja
26826,Pooja Batra
26827,Pooja Bedi
26828,Pooja Bhamrah
26829,Pooja Bhatt
26830,Pooja Chopra
26831,Pooja Hegde
26832,Pooja Nayak
26833,Pooja Punabi
26834,Pooja Punjabi
26835,Pooja Ramachandran
26836,Pooja Ruparel
26837,Pooja Sawant
26838,Pooja Tandon
26839,Poom Rungsrithananon
26840,Poon Chan-leung
26841,Poon Wang Ban
26842,Poonam Basu
26843,Poonam Chitale
26844,Poonam Dhillon
26845,Poonam Jhawer
26846,Poonam Kaur
26847,Poonam Mathur
26848,Poonam Pandey
26849,Poonam Rajput
26850,Poonam Sinha
26851,Poonam Sood
26852,Pooneh Hajimohammadi
26853,Poorna
26854,Poorna Jagannathan
26855,Pooya Mohseni
26856,Pope Francis
26857,Popetorn Soonthornyanakij
26858,Poppy Drayton
26859,Poppy Jabbal
26860,Pornchai Hongrattanaporn
26861,Porntip Tipsiri
26862,Porscha Coleman
26863,Porscha Radcliffe
26864,Porter Hansen
26865,Portia Doubleday
26866,Portia de Rossi
26867,Poulomi Das
26868,Prabal Panjabi
26869,Prabh Grewal
26870,Prabhas
26871,Prabhjyot Singh
26872,Prabhu Deva
26873,Prabhu Lakshman
26874,Prabhu Mundkur
26875,Prachakorn Piyasakulkaew
26876,Prachi Desai
26877,Prachi Shah
26878,Pradeep Kalipurayath
26879,Pradeep Nagar
26880,Pradeep Singh Rawat
26881,Pradeep Velankar
26882,Pradhuman Singh
26883,Pradip Mukherjee
26884,Praewa Suthamphong
26885,Pragathi
26886,Prajakta Koli
26887,Prakash Bare
26888,Prakash Belawadi
26889,Prakash Gadhu
26890,Prakash Raj
26891,Prakash Tuminadu
26892,Prakashchandra Roy
26893,Pramod Moutho
26894,Pramod Pathak
26895,Pramod Shetty
26896,Pramote Pathan
26897,Pran
26898,Pranav Ratheesh
26899,Pranav Vaidya
26900,Pranay Pachauri
26901,Praneet Akilla
26902,Praneet Bhatt
26903,Praneetha Patnaik
26904,Prarthana Behere
26905,Pras
26906,Prasad
26907,Prasad Barve
26908,Prasad Labhe
26909,Prasad Oak
26910,Prasad Purandhare
26911,Prasad Reddy
26912,Prasad Vanarse
26913,Prasanna
26914,Prasanna Ketkar
26915,Prasanth
26916,Prasenjit Chatterjee
26917,Prashant
26918,Prashant Barot
26919,Prashant Chainani
26920,Prashant Narayanan
26921,Prashant Prakash
26922,Prashanth
26923,Prashantt Guptha
26924,Prashasti Singh
26925,Pratap Phad
26926,Pratap Pothan
26927,Pratap Pothen
26928,Prateeksha Lonkar
26929,Prateik
26930,Prateik Babbar
26931,Prathamesh Parab
26932,Pratik Dixit
26933,Pratik Gandhi
26934,Pratima Devi
26935,Pratima Kazmi
26936,Praveen
26937,Praveen Tarde
26938,Praveen Tej
26939,Praveena
26940,Praveena Paruchuri
26941,Prayaga Martin
26942,Precious Mustapha
26943,Precious Udoh
26944,Preechaya Pongthananikorn
26945,Preeti Desai
26946,Preeti Ganguli
26947,Preeti Gupta
26948,Preeti Jhangiani
26949,Preetika Chawla
26950,Preeyada Sitthachai
26951,Preity Zinta
26952,Prem Chopra
26953,Prem Kathir
26954,Prem Modgil
26955,Prem Nath
26956,Prem Prakash
26957,Premanan Sripanich
26958,Premgi Amaren
26959,Premmanat Suwannanon
26960,Presciliana Esparolini
26961,President Barack Obama
26962,Presley Richardson
26963,Preston Bailey
26964,Preston Jones
26965,Preston Nyman
26966,Price Carson
26967,Prilly Latuconsina
26968,Prim Bulakul
26969,Prince Daniel
26970,Prince Kanwaljit Singh
26971,Prince Mingle
26972,Prince Sontoye
26973,Prince Sube
26974,Princesa Yamal
26975,Princess
26976,Princess Martinez
26977,Princey Shukla
26978,Prinz Nithik
26979,Priscila Assum
26980,Priscila Bellora
26981,Priscila Espinoza
26982,Priscila Sol
26983,Priscilla Opoku Agyeman
26984,Priscilla Pointer
26985,Priscilla Presley
26986,Priscilla Quintana
26987,Priscilla-Anne Forder
26988,Prisha Dabbas
26989,Prisia Nasution
26990,Prit Kamani
26991,Prithvik Pratap
26992,Prithviraj Sukumaran
26993,Priti Sapru
26994,Priya
26995,Priya Anand
26996,Priya Bapat
26997,Priya Malik
26998,Priya Marathe
26999,Priya Raina
27000,Priya Tendulkar
27001,Priyaa Lal
27002,Priyadarshan Jadhav
27003,Priyadarshi Pullikonda
27004,Priyamani
27005,Priyamvada Krishnan
27006,Priyanka Bose
27007,Priyanka Chopra
27008,Priyanka Chopra Jonas
27009,Priyanka Jawalkar
27010,Priyanka Kothari
27011,Priyanka Sarkar
27012,Priyanka Setia
27013,Priyanka Sharma
27014,Priyanka Verma
27015,Priyanka Xi
27016,Priyanshu Chatterjee
27017,Priyanshu Painyuli
27018,Priyesh Kaushik
27019,Prudence Liew
27020,Prue Leith
27021,Pruitt Taylor Vince
27022,Pua Magasiva
27023,Puff Kuo
27024,Pujitha Ponnada
27025,Pulkit Samrat
27026,Puma Robinson
27027,Punam Patel
27028,Puneet Issar
27029,Punit Pathak
27030,Punkie Johnson
27031,Purab Kohli
27032,Purav Bhandare
27033,Puri Hiranyapluek
27034,Purnima Varma
27035,Puru Chibber
27036,Puru Rajkumar
27037,Pushkar Goggiaa
27038,Pushkar Jog
27039,Pushkar Shrotri
27040,Pushpa
27041,Pushtii Shakti
27042,Pushy Anand
27043,Puteri Aishah
27044,Puteri Balqis
27045,Puteri Octovia
27046,Putri Ayudya
27047,Putri Marino
27048,Puttachat Pongsuchat
27049,Puttichai Kasetsin
27050,Putu Winchester
27051,Pyo Ji-hoon
27052,Pyotr Fyodorov
27053,Pyper Braun
27054,Pádraic Delaney
27055,Pál Mácsai
27056,Pål Sverre Hagen
27057,Pêpê Rapazote
27058,Pía Sanz
27059,Pınar Deniz
27060,Q'orianka Kilcher
27061,Q-Tip
27062,Qahtan Alqahtani
27063,Qavi Khan
27064,Qayam Devji
27065,Qays Sheikh Najib
27066,Qi Shu
27067,Qi Wei
27068,Qi Yu Wu
27069,Qian Chen
27070,Qianyuan Wang
27071,Qiao Shan
27072,Qin Hailu
27073,Qin Lan
27074,Qing Ye
27075,Qingfu Pan
27076,Qinyi Du
27077,Qiu Yongli
27078,Qiu Yuen
27079,Qiuyan Huang
27080,Qu Chuxiao
27081,Qu Jingjing
27082,Qu Ying
27083,Qu Zheming
27084,Quang Su
27085,Quddus Newton
27086,Queen Latifah
27087,Queen Wei
27088,Queenie Chu
27089,Quei Tann
27090,Quentin Krog
27091,Quentin Tarantino
27092,Quentin Thébault
27093,Quera South
27094,Questlove
27095,Quetzalli Cortés
27096,Quim Gutiérrez
27097,Quincy Brown
27098,Quincy Fouse
27099,Quincy Harris
27100,Quincy Jones
27101,Quincy Jones III
27102,Quinn Greene
27103,Quinn Liebling
27104,Quinn Shephard
27105,Quintessa Swindell
27106,Quinton Aaron
27107,Qutaiba Abdelhaq
27108,Quvenzhané Wallis
27109,R. Bruce Elliott
27110,R. Kelly
27111,R.G. Armstrong
27112,R.H. Thomson
27113,R.J. Mitte
27114,R.L. Stine
27115,R.R. Melati Pinaring
27116,R.V. Udhaykumar
27117,RJ Anmol
27118,RJ Balaji
27119,RJ Cyler
27120,RJ Fetherstonhaugh
27121,RK Bagatsing
27122,RZA
27123,Ra Chapman
27124,Ra Mi-ran
27125,Raad Rawi
27126,Raaghav Chanana
27127,Raaj Kumar
27128,Raashi Khanna
27129,Raashul Tandon
27130,Raayo S. Bakhirta
27131,Rabbit Chen
27132,Rabbit Yang
27133,Rachael Bella
27134,Rachael Blake
27135,Rachael Dickson
27136,Rachael Harris
27137,Rachael Leigh Cook
27138,Rachael Lillis
27139,Rachael Louise Miller
27140,Rachael Okonkwo
27141,Rachael Oniga
27142,Rachael Stirling
27143,Rachael Taylor
27144,Rachanee Siralert
27145,Rachaya Tupkunanon
27146,Rachel Amanda
27147,Rachel Bilson
27148,Rachel Bloom
27149,Rachel Boston
27150,Rachel Brann
27151,Rachel Braunschweig
27152,Rachel Brosnahan
27153,Rachel Crow
27154,Rachel D'Sena
27155,Rachel Dratch
27156,Rachel Feinstein
27157,Rachel Gage
27158,Rachel Griffiths
27159,Rachel Harrison
27160,Rachel Hilson
27161,Rachel House
27162,Rachel Hurd-Wood
27163,Rachel Keller
27164,Rachel Khoo
27165,Rachel Kimsey
27166,Rachel Korine
27167,Rachel Lascar
27168,Rachel Leskovac
27169,Rachel Maryam Sayidina
27170,Rachel McAdams
27171,Rachel Momo
27172,Rachel Nichols
27173,Rachel Oniga
27174,Rachel Paulson
27175,Rachel Resheff
27176,Rachel Roberts
27177,Rachel Saanchita Gupta
27178,Rachel Shelley
27179,Rachel Staman
27180,Rachel Ticotin
27181,Rachel True
27182,Rachel Vanduzer
27183,Rachel Watts
27184,Rachel Weisz
27185,Rachel Wilson
27186,Rachel Winfree
27187,Rachel Zeiger-Haag
27188,Rachelle Gillis
27189,Rachelle Heger
27190,Rachelle Lefevre
27191,Rachid El Adouani
27192,Rachit Behl
27193,Racquel Belmonte
27194,Rade Serbedzija
27195,Radek Lord
27196,Radek Petráš
27197,Radha Bessy
27198,Radha Blank
27199,Radha Mitchell
27200,Radha Ravi
27201,Radhika Apte
27202,Radhika Madan
27203,Radhika Menon
27204,Radhika Narayan
27205,Raditya Dika
27206,Radosław Pazura
27207,Radu Botar
27208,Rady Gamal
27209,Rae Gray
27210,Rae Latt
27211,Rae-won Kim
27212,Raekwon
27213,Raf Vallone
27214,Rafa Al Sanea
27215,Rafael Amaya
27216,Rafael Casal
27217,Rafael De La Fuente
27218,Rafael Feldman
27219,Rafael Ferro
27220,Rafael Logan
27221,Rafael Lozano
27222,Rafael Medrado
27223,Rafael Montalvo
27224,Rafael Petardi
27225,Rafael Portugal
27226,Rafael Primot
27227,Rafael Rojas Doria
27228,Rafael Sieg
27229,Rafael Spregelburd
27230,Rafael Tan
27231,Rafael Téllez
27232,Rafał Banaś
27233,Rafał Cieszyński
27234,Rafał Pacześ
27235,Rafał Rutkowski
27236,Rafał Zawierucha
27237,Rafał Zimowski
27238,Rafe Spall
27239,Rafeaa El Shal
27240,Raffa Esplana
27241,Raffey Cassidy
27242,Rafi Gavron
27243,Rafik Ali Ahmad
27244,Rafinha Bastos
27245,Rag Mayur
27246,Ragaa Al-Geddawy
27247,Ragaa Hussein
27248,Raghav Dutt
27249,Raghav Juyal
27250,Raghav Raj Kakker
27251,Raghavan
27252,Raghavendra Kadkol
27253,Raghu Ram
27254,Raghuvaran
27255,Raghuvir Yadav
27256,Ragi Jani
27257,Ragia Omran
27258,Ragini Khanna
27259,Ragnhild Gudbrandsen
27260,Ragıp Savaş
27261,Rag’n’Bone Man
27262,Rahama Sadau
27263,Rahart Adams
27264,Rahasya Gorak
27265,Rahat Kazmi
27266,Raheem Devaughn
27267,Rahim Razali
27268,Rahma Hassan
27269,Rahmah Hasan
27270,Rahman
27271,Rahmania Astrini
27272,Rahmi Dilligil
27273,Rahne Jones
27274,Rahul
27275,Rahul Abburi
27276,Rahul Amin
27277,Rahul Bagga
27278,Rahul Bairagi
27279,Rahul Bhat
27280,Rahul Bhatt
27281,Rahul Bose
27282,Rahul Dev
27283,Rahul Gautam Sarma
27284,Rahul Jugraj
27285,Rahul Jungral
27286,Rahul Khanna
27287,Rahul Kohli
27288,Rahul Kumar
27289,Rahul Mittra
27290,Rahul Patel
27291,Rahul Pethe
27292,Rahul Ram
27293,Rahul Roy
27294,Rahul Singh
27295,Rahul Subramanian
27296,Rahul Vohra
27297,Raima Sen
27298,Raimo Grönberg
27299,Rain
27300,Rain Shuaiyu
27301,Raina Bassnet
27302,Rainbow Wedell
27303,Rainer Bock
27304,Rainer Reiners
27305,Raini Rodriguez
27306,Rainie Yang
27307,Rainky Wai
27308,Rainn Wilson
27309,Raj Arjun
27310,Raj B. Shetty
27311,Raj Babbar
27312,Raj Bajaj
27313,Raj Bhansali
27314,Raj Dhaliwal
27315,Raj Ghatak
27316,Raj Jhinger
27317,Raj Kapoor
27318,Raj Kesaria
27319,Raj Labade
27320,Raj Mehra
27321,Raj Premi
27322,Raj Singh Jhinger
27323,Raj Virk
27324,Raja Al-Jeddawi
27325,Raja Ema
27326,Raja Goutham
27327,Raja Hudda
27328,Raja Ilya
27329,Raja Krishnamoorthy
27330,Rajan Bhise
27331,Rajat Barmecha
27332,Rajat Ganguly
27333,Rajat Kapoor
27334,Rajat Kaul
27335,Rajatabha Dutta
27336,Rajbir Kaur
27337,Rajeev Anand
27338,Rajeev Gaursingh
27339,Rajeev Gupta
27340,Rajeev Khandelwal
27341,Rajeev Panday
27342,Rajeev Ravindranathan
27343,Rajeev Siddhartha
27344,Rajeev Varma
27345,Rajeev Verma
27346,Rajender Sethi
27347,Rajendra Gupta
27348,Rajendra Kumar
27349,Rajendra Nath
27350,Rajendra Sethi
27351,Rajendran
27352,Rajendranath Zutshi
27353,Rajendraprasad
27354,Rajesh
27355,Rajesh Jais
27356,Rajesh Kava
27357,Rajesh Kawa
27358,Rajesh Khanna
27359,Rajesh Khattar
27360,Rajesh Khera
27361,Rajesh Kumar
27362,Rajesh More
27363,Rajesh Puri
27364,Rajesh Sharma
27365,Rajesh Shringarpure
27366,Rajesh Shukla
27367,Rajesh Tailang
27368,Rajesh Vivek
27369,Rajeshwari
27370,Rajeshwari Kharat
27371,Rajeshwari Sachdev
27372,Rajia Baroudi
27373,Rajisha Vijayan
27374,Rajit Kapoor
27375,Rajiv Gupta
27376,Rajiv Kapoor
27377,Rajiv Lakshman
27378,Rajiv Pathak
27379,Rajiv Thakur
27380,Rajiv Verma
27381,Rajkiran
27382,Rajkumar Pitchumani
27383,Rajkummar Rao
27384,Rajneesh Duggal
27385,Rajni Basumatary
27386,Rajnikanth
27387,Rajo Zakic
27388,Rajpal Yadav
27389,Rajshri Deshpande
27390,Raju
27391,Rajvir Boparai
27392,Rakchawan Maroukasonti
27393,Rakeen Sa'ad
27394,Rakeen Saad
27395,Rakesh
27396,Rakesh Bapat
27397,Rakesh Batra
27398,Rakesh Bedi
27399,Rakesh Chaturvedi Om
27400,Rakesh Roshan
27401,Rakesh Srivastava
27402,Rakesh Varre
27403,Rakhee Gulzar
27404,Rakhi Sawant
27405,Rakim Kelly
27406,Rakim Mayers
27407,Rakshan
27408,Rakul Preet Singh
27409,Raleigh Cain
27410,Ralf Jameson
27411,Ralf Little
27412,Raline Shah
27413,Ralph Amoussou
27414,Ralph Bellamy
27415,Ralph Brown
27416,Ralph Fiennes
27417,Ralph Garman
27418,Ralph Gilles
27419,Ralph Herforth
27420,Ralph Ineson
27421,Ralph Macchio
27422,Ralph Palka
27423,Ralph Richardson
27424,Ralph Rodriguez
27425,Ralph Seymour
27426,Ralph Waite
27427,Ralphie May
27428,Raluca Aprodu
27429,Ram
27430,Ram Dass
27431,Ram Gopal Bajaj
27432,Ram John Holder
27433,Ram Kapoor
27434,Ram Manjjonaath
27435,Ram Pothineni
27436,Raman Trikha
27437,Ramanathan
27438,Rambha
27439,Ramblin' Jack Elliott
27440,Ramdane Aala
27441,Ramdas
27442,Rameet Kaur
27443,Ramesh Bhat
27444,Ramesh Deo
27445,Ramesh Thilak
27446,Ramez Galal
27447,Rami Doueiri
27448,Rami Malek
27449,Ramin Yazdani
27450,Ramiro Blas
27451,Ramiro Meneses
27452,Ramiz Monsef
27453,Ramon Rodriguez
27454,Ramon Thompson
27455,Ramon Tikaram
27456,Ramona Kunze-Libnow
27457,Ramona Marquez
27458,Ramona Milano
27459,Ramona Young
27460,Ramone Hamilton
27461,Ramsey Moore
27462,Ramsey Nouah
27463,Ramsés Ramos
27464,Ramy Essam
27465,Ramya Krishnan
27466,Ramya Nambeeshan
27467,Ramya Subramanian
27468,Ramzi
27469,Ramzy Bedia
27470,Ramzy Bédia
27471,Ramón Agirre
27472,Ramón Aguirre
27473,Ramón Barea
27474,Ramón Esquinas
27475,Ramón Gómez Valdez de Castillo
27476,Ramón Langa
27477,Ramón Llao
27478,Ramón Medína
27479,Ramón O. Torres
27480,Rana Alamuddin
27481,Rana Daggubati
27482,Rana Eid
27483,Rana Jung Bahadur
27484,Rana Ranbir
27485,Rana Roy
27486,Ranbir Chakma
27487,Ranbir Kapoor
27488,Rance Howard
27489,Randa Asmar
27490,Randa El Behery
27491,Randal Edwards
27492,Randall Batinkoff
27493,Randall Duk Kim
27494,Randall Newsome
27495,Randall Park
27496,Randall Tex Cobb
27497,Randee Heller
27498,Randeep Hooda
27499,Randeep Jha
27500,Randhir
27501,Randhir Kapoor
27502,Randolph Roberts
27503,Randolph Thompson
27504,Randy Couture
27505,Randy Green
27506,Randy Havens
27507,Randy Kerber
27508,Randy McDowell
27509,Randy Newman
27510,Randy Nidji
27511,Randy Quaid
27512,Randy Savage
27513,Randy Schulman
27514,Randy Smith
27515,Randy Thom
27516,Randy Wayne
27517,Ranee Campen
27518,Rani Mukerji
27519,Rania Elkhatib
27520,Rania Farid Shawki
27521,Rania Mahmoud Yassin
27522,Rania Mallah
27523,Rania Yousef
27524,Ranjan Raj
27525,Ranjan Sehgal
27526,Ranjeet
27527,Ranjeeta Kaur
27528,Ranjit Barot
27529,Ranjit Bawa
27530,Ranjit Singh Shubh
27531,Ranjita Thakur
27532,Ranjith
27533,Rannvijay Singh
27534,Rano Karno
27535,Ranveer Singh
27536,Ranvir Shorey
27537,Rao Ramesh
27538,Raouf Mustafa
27539,Raoul Bhaneja
27540,Raoul Trujillo
27541,Rapeepat Ekpankul
27542,Rapha Vélez
27543,Raphael
27544,Raphael Alejandro
27545,Raphael Desprez
27546,Raphael Sowole
27547,Raphael Viana
27548,Raphaelle Bruneau
27549,Raphaël Romand
27550,Raphaëlle Agogué
27551,Rapsody
27552,Rapulana Seiphemo
27553,Raquel Alessi
27554,Raquel Antonia
27555,Raquel Bianca John
27556,Raquel Camón
27557,Raquel Cassidy
27558,Raquel Christiana
27559,Raquel Garza
27560,Raquel Presa
27561,Raquel Robles
27562,Raquel Salvador
27563,Raquel Sierra
27564,Raquel Virgínia
27565,Raquel Welch
27566,Rarecho
27567,Ras Kass
27568,Rasaq Olayiwola
27569,Rasha Amin
27570,Rashad Hossain
27571,Rashed Al Shamrani
27572,Rasheed Naz
27573,Rashi Khanna
27574,Rashi Mal
27575,Rashid Abdul
27576,Rashid Farooqi
27577,Rashid Khan
27578,Rashid Salleh
27579,Rashida Jones
27580,Rashidi Athuman
27581,Rashmika Mandanna
27582,Rasika Agashe
27583,Rasika Dugal
27584,Rasika Joshi
27585,Rasim Öztekin
27586,Rasmus Bjerg
27587,Rasmus Hardiker
27588,Ratchanont Sukpragawp
27589,Ratchawin Wongviriya
27590,Rath Rattasin Nalintanapat
27591,Rathaa Krishnan P.
27592,Rathna Shekar Reddy
27593,Rati Agnihotri
27594,Ratko Turčinović
27595,Ratna Galih
27596,Ratna Pathak Shah
27597,Ratna Riantiarno
27598,Ratnabali Bhattacharjee
27599,Ratnamala
27600,Ratnawati Sutandar
27601,Rattanapond Klinkulabhiran
27602,Ratthanant Janyajirawong
27603,Raudel Raúl Martiato
27604,Raul
27605,Raul Ribera
27606,Raul Rosario
27607,Raul-Gomez Pina
27608,Raunaq Chopra
27609,Rauno Ahonen
27610,Raury Rolander
27611,Raveena Singh
27612,Raveena Tandon
27613,Ravel Andrade
27614,Ravel Cabral
27615,Raven Goodwin
27616,Raven-Symoné
27617,Ravi Babu
27618,Ravi Baswani
27619,Ravi Bhushan Bhartiya
27620,Ravi Cabot-Conyers
27621,Ravi Coltrane
27622,Ravi Gossain
27623,Ravi Goswami
27624,Ravi Jhankal
27625,Ravi Kale
27626,Ravi Kapoor
27627,Ravi Khanwilkar
27628,Ravi Kishan
27629,Ravi Kumar
27630,Ravi Patel
27631,Ravi Prakash
27632,Ravi Rajesh
27633,Ravi Teja
27634,Ravi V. Patel
27635,Ravidev Singh
27636,Ravil Isyanov
27637,Ravin Makhija
27638,Ravinder Grewal
27639,Ravindra Mankani
27640,Ravindra Vijay
27641,Ravish Desai
27642,Raviyanun Takerd
27643,Raviza Chauhan
27644,Ravjeet Singh
27645,Ravshana Kurkova
27646,Rawan Mahdi
27647,Rawia Elchab
27648,Rawsan Hallak
27649,Rawya Ahmed
27650,Ray Baker
27651,Ray Chang
27652,Ray Charles
27653,Ray Chase
27654,Ray Contreras
27655,Ray Cordova
27656,Ray Faiola
27657,Ray Fearon
27658,Ray Galletti
27659,Ray Haratian
27660,Ray J
27661,Ray Liotta
27662,Ray Lovelock
27663,Ray Lui
27664,Ray McKinnon
27665,Ray Panthaki
27666,Ray Reboul
27667,Ray Romano
27668,Ray Sahetapy
27669,Ray Santiago
27670,Ray Sitoresmi
27671,Ray Stevenson
27672,Ray Walston
27673,Ray Winstone
27674,Ray Wise
27675,Ray Yang
27676,Rayana Diniz
27677,Raye Birk
27678,Rayen Panday
27679,Rayes Mohiuddin
27680,Raylene Jacobs
27681,Raymond Ablack
27682,Raymond Anthony Thomas
27683,Raymond Carr
27684,Raymond Chiu
27685,Raymond Cruz
27686,Raymond J. Barry
27687,Raymond Lauchengco
27688,Raymond Lee
27689,Raymond Ma
27690,Raymond Mearns
27691,Raymond Nicholson
27692,Raymond Pinharry
27693,Raymond Serra
27694,Raymond Thiry
27695,Raymond Wong
27696,Raymond Wong Ho-Yin
27697,Rayson Tan
27698,Rayver Cruz
27699,Raza Jaffrey
27700,Raza Murad
27701,Razaaq Adoti
27702,Razak Khan
27703,Razane Jammal
27704,Razia Sukhvir
27705,Razmik Mansuryan
27706,Razmus Nyström
27707,Razor Ramon HG
27708,Razor Ramon RG
27709,Raïa Haidar
27710,Raúl Arévalo
27711,Raúl Briones
27712,Raúl Castillo
27713,Raúl Fernández
27714,Raúl Hochman
27715,Raúl Jiménez
27716,Raúl Medina
27717,Raúl Meneses
27718,Raúl Méndez
27719,Raúl Prieto
27720,Raúl Sandoval
27721,Raúl Valerio
27722,Raúl Villegas
27723,Reagan Yates
27724,Reba Buhr
27725,Reba McEntire
27726,Reba Monica John
27727,Rebeca Montero
27728,Rebecca Banatvala
27729,Rebecca Da Costa
27730,Rebecca Dalton
27731,Rebecca Dayan
27732,Rebecca De Mornay
27733,Rebecca Delgado Smith
27734,Rebecca Front
27735,Rebecca Gayheart
27736,Rebecca Hall
27737,Rebecca Hanssen
27738,Rebecca Hazlewood
27739,Rebecca Henderson
27740,Rebecca Husain
27741,Rebecca Jones
27742,Rebecca Klopper
27743,Rebecca Koon
27744,Rebecca Liddiard
27745,Rebecca Lim
27746,Rebecca Mader
27747,Rebecca Massey
27748,Rebecca Miller
27749,Rebecca Naomi Jones
27750,Rebecca Pan
27751,Rebecca Riedy
27752,Rebecca Rittenhouse
27753,Rebecca Romijn
27754,Rebecca Root
27755,Rebecca Santhosh
27756,Rebecca Shoichet
27757,Rebecca Silvera
27758,Rebecca Smart
27759,Rebecca Soler
27760,Rebecca Spence
27761,Rebecca Spiro
27762,Rebecca Staab
27763,Rebecca Wisocky
27764,Rebecka Hemse
27765,Rebeka Thomas
27766,Rebekah Asselstine
27767,Rebekah Graf
27768,Rebekka Johnson
27769,Rebel Rodriguez
27770,Red Grant
27771,Reda Hamed
27772,Reda Idrees
27773,Reda Kateb
27774,Reda Khoury
27775,Redaric Williams
27776,Redman
27777,Redouane Bougheraba
27778,Redwan Alremey
27779,Reece Cody
27780,Reece Pockney
27781,Reece Ritchie
27782,Reed Birney
27783,Reem Abd El Kader
27784,Reem Abdel Aziz
27785,Reem Abdullah
27786,Reem Al Baroudi
27787,Reem Alhabib
27788,Reem Ali
27789,Reem Kherici
27790,Reem Saadeh
27791,Reem Shaikh
27792,Reema Debnath
27793,Reema Lagoo
27794,Reema Shaikh
27795,Reena Aggarwal
27796,Reese Alexander
27797,Reese Hartwig
27798,Reese Witherspoon
27799,Reeth Mazumder
27800,Reeve Carney
27801,Refal Hady
27802,Reg E. Cathey
27803,Reg Rogers
27804,Reggie Carter
27805,Reggie De Leon
27806,Reggie Johnson
27807,Reggie Rolle
27808,Reggie Watts
27809,Reggie Yates
27810,Regina Anikiy
27811,Regina Bikkinina
27812,Regina Blandón
27813,Regina Braga
27814,Regina Cassandra
27815,Regina Hall
27816,Regina King
27817,Regina Lamm
27818,Regina Orquín
27819,Regina Pavón
27820,Regina Reynoso
27821,Regina Soto
27822,Regina Spektor
27823,Regina Taylor
27824,Regina Torné
27825,Regina Van Helvert
27826,Regina Wan
27827,Reginald C. Hayes
27828,Regine Nehy
27829,Regé-Jean Page
27830,Rehab Hussien
27831,Reham Kassar
27832,Rehan Khan
27833,Rehan Mudannayake
27834,Rehan Sheikh
27835,Rehana Sultan
27836,Reid Miller
27837,Reid Scott
27838,Reign Edwards
27839,Reika Kirishima
27840,Reiko Kataoka
27841,Reiko Suzuki
27842,Reiley McClendon
27843,Reilly Dolman
27844,Reina Hardesty
27845,Reina Kondo
27846,Reina Triendl
27847,Reina Ueda
27848,Reinaldo Zavarce
27849,Reine Brynolfsson
27850,Reiner Schöne
27851,Reinhilde Decleir
27852,Reinout Bussemaker
27853,Reinout Scholten van Aschat
27854,Reiya Downs
27855,Rekha
27856,Rekiya Attah
27857,Rekiya Ibrahim Atta
27858,Rel Hunt
27859,Remas Mansoor
27860,"Remilekun ""Reminisce"" Safaru"
27861,Remo Girone
27862,Remo Greene
27863,Remon Lim
27864,Remus Kam
27865,Remy Hii
27866,Remy Ishak
27867,Remy Munasifi
27868,Remya Nambeesan
27869,Ren Ishikawa
27870,Ren Meguro
27871,Ren Osugi
27872,Ren Zhengbin
27873,Rena Maeda
27874,Rena Matsui
27875,Rena Strober
27876,Rena Takeda
27877,Rena Tanaka
27878,Renae Bluitt
27879,Renan Bilek
27880,Renan Medeiros
27881,Renan Prévot
27882,Renan Tenca
27883,Renata Notni
27884,Renata Toscano
27885,Renata del Castillo
27886,Renate Stuurman
27887,Renato Carpentieri
27888,Renato Gutz
27889,Renato López
27890,Renato Marchetti
27891,Renato Quattordio
27892,Renaud Rutten
27893,Rendi Jhon
27894,Rendy Ahmad
27895,Rendy Khrisna
27896,Rene Auberjonois
27897,Rene Medvesek
27898,Rene Naufahu
27899,Rene Russo
27900,Renee Lim
27901,Renee Olstead
27902,Renee Stein
27903,Reni Santoni
27904,Renji Panicker
27905,Renny Grames
27906,Reno Wilson
27907,Renu Sharda
27908,Renuka Daftardar
27909,Renuka Shahane
27910,René Kortekaas
27911,René Lavan
27912,René Miranda
27913,René Pérez Joglar
27914,Renée Dick
27915,Renée Elise Goldsberry
27916,Renée Marino
27917,Renée Soutendijk
27918,Renée Taylor
27919,Renée Zellweger
27920,Reo Sano
27921,Rermthon Kemapech
27922,Reshad Strik
27923,Resham Tipnis
27924,Reshma Rajan
27925,Reshma Shetty
27926,Reshmi Ghosh
27927,Retta
27928,Reuben Sallmander
27929,Reut Alush
27930,Reva Timbers
27931,Revalina S. Temat
27932,Revathi
27933,Revathi Pillai
27934,Revathy
27935,Rex Allen
27936,Rex Harrison
27937,Rex Lee
27938,Rex Linn
27939,Rex Nosa
27940,Rexen Cheng
27941,Rey Bong
27942,Reylynn Caster
27943,Reynaldo Gallegos
27944,Reynold Hamzah
27945,Rez Cortez
27946,Rez Kempton
27947,Reza Nangin
27948,Reza Rahadian
27949,Rezca Syam
27950,Rezeta Veliu
27951,Rhashan Stone
27952,Rhea Chakraborty
27953,Rhea Perlman
27954,Rhea Seehorn
27955,Rhenzy Feliz
27956,Rhett Fisher
27957,Rhiannon Fish
27958,Rhiannon Mcgavin
27959,Rhod Gilbert
27960,Rhoda Griffis
27961,Rhoda Montemayor
27962,Rhona Mitra
27963,Rhona Rees
27964,Rhosinah Sekeleti
27965,Rhys Connah
27966,Rhys Darby
27967,Rhys Gannon
27968,Rhys Ifans
27969,Rhys Matthew Bond
27970,Rhys Nicholson
27971,Rhys Wakefield
27972,RiRia
27973,Ria Atayde
27974,Ria Ricis
27975,Ria Vandervis
27976,Riaad Moosa
27977,Riann Steele
27978,Rianti Cartwright
27979,Ric Reitz
27980,Ric Young
27981,Rica Matsumoto
27982,Rica Peralejo
27983,Ricard Lawrence
27984,Ricardo Abarca
27985,Ricardo Chavira
27986,Ricardo Dalmacci
27987,Ricardo Darín
27988,Ricardo Gómez
27989,Ricardo Hoyos
27990,Ricardo Hurtado
27991,Ricardo Iazzetta
27992,Ricardo Medina Jr.
27993,Ricardo Mejia
27994,Ricardo Merkin
27995,Ricardo Montalban
27996,Ricardo Nkosi
27997,Ricardo O'Farrill
27998,Ricardo Pereira
27999,Ricardo Polanco
28000,Ricardo Quevedo
28001,Ricardo Vesga
28002,Ricardo de Barreiro
28003,Riccardo Goretti
28004,Riccardo Mandolini
28005,Riccardo Rossi
28006,Riccardo Scamarcio
28007,Ricci Chan
28008,Rich Froning
28009,Rich Fulcher
28010,Rich Hall
28011,Rich Hutchman
28012,Rich Lee Gray
28013,Rich Skidmore
28014,Rich Sommer
28015,Richa Chadda
28016,Richa Chadha
28017,Richa Moorjani
28018,Richard Akinlade
28019,Richard Alan Reid
28020,Richard Armitage
28021,Richard Ashton
28022,Richard Ayoade
28023,Richard Balin
28024,Richard Bekins
28025,Richard Berry
28026,Richard Beymer
28027,Richard Bohringer
28028,Richard Brake
28029,Richard Brancatisano
28030,Richard Branson
28031,Richard Burgi
28032,Richard C. Jones
28033,Richard C. Sarafian
28034,Richard Cabral
28035,Richard Caruso
28036,Richard Cetrone
28037,Richard Clarkin
28038,Richard Coleman
28039,Richard Collins-Moore
28040,Richard Conte
28041,Richard Cordery
28042,Richard Coyle
28043,Richard David-Caine
28044,Richard Davies
28045,Richard DeManincor
28046,Richard Dean Anderson
28047,Richard Dillane
28048,Richard Donat
28049,Richard Dreyfuss
28050,Richard Dumont
28051,Richard Durden
28052,Richard E. Grant
28053,Richard Easton
28054,Richard Edson
28055,Richard Elfyn
28056,Richard Ellis
28057,Richard Epcar
28058,Richard Farnsworth
28059,Richard Foronjy
28060,Richard Foster-King
28061,Richard Gant
28062,Richard Gere
28063,Richard Gomez
28064,Richard Gore
28065,Richard Goulding
28066,Richard Grieco
28067,Richard Grieve
28068,Richard Griffiths
28069,Richard Gross
28070,Richard Gunn
28071,Richard Gutierrez
28072,Richard Harmon
28073,Richard Harrington
28074,Richard Harris
28075,Richard Harrison
28076,Richard Haydn
28077,Richard Hempton
28078,Richard Herd
28079,Richard Hope
28080,Richard Howland
28081,Richard Ian Cox
28082,Richard Jenkins
28083,Richard Johnson
28084,Richard Jordan
28085,Richard Kahan
28086,Richard Karn
28087,Richard Karron
28088,Richard Keats
28089,Richard Kharpuri
28090,Richard Kiel
28091,Richard Kind
28092,Richard Kohnke
28093,Richard Lawson
28094,Richard Lee
28095,Richard Libertini
28096,Richard Linklater
28097,Richard Lintern
28098,Richard Lippert
28099,Richard Low
28100,Richard Lukunku
28101,Richard Madden
28102,Richard Manabat
28103,Richard Marcus
28104,Richard Marner
28105,Richard Masur
28106,Richard McCabe
28107,Richard McGonagle
28108,Richard Mofe-Damijo
28109,Richard Montoya
28110,Richard Mylan
28111,Richard Nedvěd
28112,Richard Neil
28113,Richard Newman
28114,Richard O'Brien
28115,Richard Oh
28116,Richard Pepple
28117,Richard Portnow
28118,Richard Pryor
28119,Richard Rabago
28120,Richard Rankin
28121,Richard Reid
28122,Richard Ridings
28123,Richard Riehle
28124,Richard Romanus
28125,Richard Rosenblatt
28126,Richard Roundtree
28127,Richard Roxburgh
28128,Richard Ryan
28129,Richard Sammel
28130,Richard Schiff
28131,Richard Simpson
28132,Richard Speight Jr.
28133,Richard Spencer
28134,Richard Steven Horvitz
28135,Richard T. Jones
28136,Richard Thomson
28137,Richard Tyson
28138,Richard Walters
28139,Richard Webber
28140,Richard Wershe Jr.
28141,Richard Wilson
28142,Richard Yee
28143,Richard Zeman
28144,Richard l’Anson
28145,Richard van Weyden
28146,Richelle Georgette Skornicki
28147,Richenda Carey
28148,Richie Campbell
28149,Richie Chance
28150,Richie Jackson
28151,Richie Mestre
28152,Richie Ren
28153,Richy Müller
28154,Rick Coffill
28155,Rick D. Wasserman
28156,Rick Dees
28157,Rick Dial
28158,Rick Ducommun
28159,Rick Fox
28160,Rick Glassman
28161,Rick Gomez
28162,Rick Gonzalez
28163,Rick Harrison
28164,Rick Hearst
28165,Rick Jones
28166,Rick Keeling
28167,Rick Miller
28168,Rick Moranis
28169,Rick Overton
28170,Rick Rossovich
28171,Rick Skene
28172,Rick Vermeulen
28173,Rick Warden
28174,Rick Warner
28175,Rick Worthy
28176,Rick Yune
28177,Ricki Stern
28178,Rickman Chia
28179,Rickson Tevez
28180,Ricky Davao
28181,Ricky Garcia
28182,Ricky Gervais
28183,Ricky Jay
28184,Ricky Mabe
28185,Ricky Martin
28186,Ricky Marty-Pahtaykan
28187,Ricky Memphis
28188,Ricky Merino
28189,Ricky Norwood
28190,Ricky Pascua
28191,Ricky Schroder
28192,Ricky Tribord
28193,Ricky Whittle
28194,Rico
28195,Rico Paris
28196,Rico Rodriguez
28197,Rico Torres
28198,Rico Verhoeven
28199,Ridder van Kooten
28200,Riddhi Sen
28201,Riddlore
28202,Ridho Hafiedz
28203,Ridvan Kirtan
28204,Rie Kugimiya
28205,Rie Miyazawa
28206,Rie Murakawa
28207,Rie Nakagawa
28208,Rie Takahashi
28209,Rie Tanaka
28210,Riele Downs
28211,Rif Hutton
28212,Rifaat Tarabay
28213,Rifka Lodeizen
28214,Riham Abdel Ghafour
28215,Riham Ayman
28216,Riham Hagag
28217,Rihanna
28218,Riho Yoshioka
28219,Rii
28220,Riisa Naka
28221,Rik Aby
28222,Rik Mayall
28223,Rika Ishige
28224,Rikako Aikawa
28225,Riki Lindhome
28226,Rikiya Koyama
28227,Rikke Lylloff
28228,Rikki Simons
28229,Riko Hisada
28230,Riku Nieminen
28231,Rila Fukushima
28232,Riley Hawk
28233,Riley Keough
28234,Riley Murdock
28235,Riley O'Donnell
28236,Riley Osborne
28237,Riley Smith
28238,Riley St. John
28239,Riley Thomas Stewart
28240,Riley Voelkel
28241,Riley Wang
28242,Rima Kallingal
28243,Rima Te Wiata
28244,Rimal Ali
28245,Rimi Sen
28246,Rina Endo
28247,Rina Hidaka
28248,Rina Inoue
28249,Rina Nienaber
28250,Rina Sa
28251,Rina Sato
28252,Rina Satou
28253,Rina Shin
28254,Rina Takasaki
28255,Rincon Sapiência
28256,Ringgo Agus Rahman
28257,Ringo Starr
28258,Rinke Khanna
28259,Rinkle Chopde
28260,Rinko Kikuchi
28261,Rinku Rajguru
28262,Rinna Hassim
28263,Rinrada Inthaisong
28264,Rio Dewanto
28265,Rio Locsin
28266,Rio Mangini
28267,Rio Suzuki
28268,Rip Esselstyn
28269,Rip Taylor
28270,Rip Torn
28271,Ririka
28272,Risa Mizuno
28273,Risa Nakamura
28274,Risa Sudou
28275,Risa Taneda
28276,Rishabh Chaddha
28277,Rishabh Jain
28278,Rishi Bhat
28279,Rishi Bhutani
28280,Rishi Gambhir
28281,Rishi Kapoor
28282,Rishina Kandhari
28283,Rita Batata
28284,Rita Bhaduri
28285,Rita Dominic
28286,Rita El Khoury
28287,Rita Harb
28288,Rita Lengyel
28289,Rita Martinson
28290,Rita Moreno
28291,Rita Pauls
28292,Rita Pokk
28293,Rita Rani Kaul
28294,Rita Rudaini
28295,Rita Tuckett
28296,Rita Wilson
28297,Ritabhari Chakraborty
28298,Ritchie Coster
28299,Ritchie Montgomery
28300,Riteish Deshmukh
28301,Ritesh Rajan
28302,Ritika Badiani
28303,Ritika Singh
28304,Ritisha Vijayvargya
28305,Ritu Arya
28306,Ritu Varma
28307,Rituparna Sengupta
28308,Ritwick Chakraborty
28309,Ritwik Bhaumik
28310,Ritwik Sahore
28311,Ritwika Pal
28312,Riva Arora
28313,Riva Quenery
28314,River Huang
28315,River Phoenix
28316,Rivka Michaeli
28317,Riya Kothari
28318,Riya Sen
28319,Riya Shukla
28320,Riythvika
28321,Riz Ahmed
28322,Rizka Dwi Septiana
28323,Rizky Hanggono
28324,Rizky Mocil
28325,Rizwan Manji
28326,Roan Curtis
28327,Rob Baker
28328,Rob Benedict
28329,Rob Brown
28330,Rob Brydon
28331,Rob Collins
28332,Rob Corddry
28333,Rob Degnan
28334,Rob Edwards
28335,Rob Estes
28336,Rob Fuller
28337,Rob Garrison
28338,Rob Hayter
28339,Rob Heaps
28340,Rob Huebel
28341,Rob James-Collier
28342,Rob Lowe
28343,Rob Machado
28344,Rob Mariano
28345,Rob Morgan
28346,Rob Morrow
28347,Rob North
28348,Rob Paulsen
28349,Rob Rackstraw
28350,Rob Ramsay
28351,Rob Ray
28352,Rob Reiner
28353,Rob Riggle
28354,Rob Schneider
28355,Rob Sitch
28356,Rob Tinkler
28357,Rob Van Dam
28358,Rob Zabrecky
28359,Rob van Vuuren
28360,Robb Wells
28361,Robbert Bleij
28362,Robbie Amell
28363,Robbie Coltrane
28364,Robbie Daymond
28365,Robbie Gee
28366,Robbie Magasiva
28367,Robbie Rist
28368,Robbie Sublett
28369,Robby Benson
28370,Robby Tumewu
28371,Robert Adamson
28372,Robert Agengo
28373,Robert Anderson
28374,Robert Aramayo
28375,Robert Axelrod
28376,Robert Bailey Jr.
28377,Robert Bathurst
28378,Robert Beltran
28379,Robert Bockstael
28380,Robert Brouillette
28381,Robert Buckley
28382,Robert Capron
28383,Robert Carlyle
28384,Robert Carradine
28385,Robert Catrini
28386,Robert Christopher Riley
28387,Robert Clotworthy
28388,Robert Cormier
28389,Robert Costanzo
28390,Robert Crayton
28391,Robert Culp
28392,Robert Curtis Brown
28393,Robert Daniel Sloan
28394,Robert David
28395,Robert De Niro
28396,Robert Downey Jr.
28397,Robert Drivas
28398,Robert Duncan McNeill
28399,Robert Duvall
28400,Robert Eddison
28401,Robert Emms
28402,Robert F. Kennedy
28403,Robert Finster
28404,Robert Florence
28405,Robert Forster
28406,Robert G. Chiu
28407,Robert Gant
28408,Robert Glenister
28409,Robert Gossett
28410,Robert Goulet
28411,Robert Gulaczyk
28412,Robert Gustafsson
28413,Robert Haley
28414,Robert Hall
28415,Robert Hansen
28416,Robert Hara Gaeb
28417,Robert Hays
28418,Robert Helpmann
28419,Robert Hobbs
28420,Robert Jack
28421,Robert James-Collier
28422,Robert Jayne
28423,Robert John Burke
28424,Robert Joy
28425,Robert Kazinsky
28426,Robert Kelly
28427,Robert Klein
28428,Robert Knepper
28429,Robert Krantz
28430,Robert LaSardo
28431,Robert Lazar
28432,Robert Long
28433,Robert Longstreet
28434,Robert Lonsdale
28435,Robert Lopez
28436,Robert Maillet
28437,Robert Mammone
28438,Robert Miano
28439,Robert Miranda
28440,Robert Mitchell
28441,Robert Morse
28442,Robert Naylor
28443,Robert O'Mahoney
28444,Robert Palfrader
28445,Robert Pastorelli
28446,Robert Patrick
28447,Robert Pattinson
28448,Robert Picardo
28449,Robert Pine
28450,Robert Plagnol
28451,Robert Portal
28452,Robert Powell
28453,Robert Prosky
28454,Robert Pugh
28455,Robert Racki
28456,Robert Random
28457,Robert Redford
28458,Robert Reich
28459,Robert Ri'chard
28460,Robert Ridgely
28461,Robert Schupp
28462,Robert Shaw
28463,Robert Sheehan
28464,Robert Skjærstad
28465,Robert Stack
28466,Robert Stanton
28467,Robert Stephens
28468,Robert Styles
28469,Robert Taylor
28470,Robert Tinkler
28471,Robert Torti
28472,Robert Townsend
28473,Robert Trujillo
28474,Robert Tsai
28475,Robert V. Barron
28476,Robert Vataj
28477,Robert Vaughn
28478,Robert Villar
28479,Robert Wagner
28480,Robert Wall
28481,Robert Wisdom
28482,Robert Więckiewicz
28483,Roberta Fox
28484,Roberta Lemons
28485,Roberta Maxwell
28486,Roberta Migliucci
28487,Roberto Beck
28488,Roberto Berindelli
28489,Roberto Blandón
28490,Roberto Bonacini
28491,Roberto Bonfim
28492,Roberto Cano
28493,Roberto De Francesco
28494,Roberto Enríquez
28495,Roberto Escobar
28496,Roberto Farías
28497,Roberto Fiesco
28498,Roberto Gómez Bolaños
28499,Roberto Herlitzka
28500,Roberto Leal
28501,Roberto Mateos
28502,Roberto Moll
28503,Roberto Palazuelos
28504,Roberto Quijano
28505,Roberto Sosa
28506,Roberto Suárez
28507,Roberto Vallejos
28508,Roberto Weiss
28509,Roberto Álamo
28510,Robin Atkin Downes
28511,Robin Bartlett
28512,Robin Boissevain
28513,Robin Chalk
28514,Robin Das
28515,Robin Dunne
28516,Robin Gammell
28517,Robin Givens
28518,Robin Harris
28519,Robin Lord Taylor
28520,Robin McLeavy
28521,Robin Padilla
28522,Robin Shou
28523,Robin Slonina
28524,Robin Soans
28525,Robin Thomas
28526,Robin Thorsen
28527,Robin Tunney
28528,Robin Weaver
28529,Robin Weigert
28530,Robin Williams
28531,Robin Wright
28532,Robin de Jesús
28533,Robinne Lee
28534,Robinson Díaz
28535,Robinson Stévenin
28536,Robson Nunes
28537,Robyn Brophy
28538,Robyn Fairchild
28539,Robyn Hitchcock
28540,Robyn Lively
28541,Robyn Scott
28542,Robyn Slade
28543,Rocco Luna
28544,Rocco Siffredi
28545,Rochelle Aytes
28546,Rochelle Davis
28547,Rochelle Hudson
28548,Rochenda Sandall
28549,Rockmond Dunbar
28550,Rockwelle Dortch
28551,Rocky Bhardwaj
28552,Rocky Carroll
28553,Rocky Kanaka
28554,Rocío García
28555,Rocío Rodríguez Presedo
28556,Rocío Tavera
28557,Rocío Verdejo
28558,Rod Alexander
28559,Rod Hallett
28560,Rod Lousich
28561,Rod McLachlan
28562,Rod Paradot
28563,Rod Serling
28564,Rod Steiger
28565,Rod Wilson
28566,Roda Fawaz
28567,Rodger Bumpass
28568,Rodger Corser
28569,Rodger Parsons
28570,Rodney Afif
28571,Rodney Carrington
28572,Rodney El Haddad
28573,Rodney Grant
28574,Rodney Haddad
28575,Rodolfo Corsato
28576,Rodolfo Sancho
28577,Rodolfo Silva
28578,Rodolfo Valente
28579,Rodrigo Abed
28580,Rodrigo Cachero
28581,Rodrigo Duarte Clark
28582,Rodrigo Fagundes
28583,Rodrigo Fernandez-Stoll
28584,Rodrigo Guardiola
28585,Rodrigo Jerez
28586,Rodrigo Mendoza
28587,Rodrigo Murray
28588,Rodrigo Oviedo
28589,Rodrigo Palacios
28590,Rodrigo Pandolfo
28591,Rodrigo Romero
28592,Rodrigo Salinas
28593,Rodrigo Santoro
28594,Rodrigo Sánchez Patiño
28595,Rodrigo Treviño
28596,Rodrigo de la Serna
28597,Rodrigue Sleiman
28598,Rodriguez
28599,Roe Hartrampf
28600,Roel Vanderstukken
28601,Roeland Fernhout
28602,Roger Aaron Brown
28603,Roger Allam
28604,Roger Ashton-Griffiths
28605,Roger Assaf
28606,Roger Bart
28607,Roger Black
28608,Roger Brice Sobgo
28609,Roger Casamajor
28610,Roger Craig Smith
28611,Roger Cross
28612,Roger Davies
28613,Roger E. Mosley
28614,Roger Gregg
28615,Roger Griffiths
28616,Roger Guenveur Smith
28617,Roger Hawa
28618,Roger Kwok
28619,Roger L. Jackson
28620,Roger McGuinn
28621,Roger Mendoza
28622,Roger Moore
28623,Roger Mosley
28624,Roger Narayan
28625,Roger Narayanan
28626,Roger Rees
28627,Roger Stone
28628,Roger Taylor
28629,Roger Velasco
28630,Roger Ward
28631,Roger Yuan
28632,Roget Ellis
28633,Roh Joo-hyun
28634,Rohan
28635,Rohan Campbell
28636,Rohan Chand
28637,Rohan Grover
28638,Rohan Joshi
28639,Rohan Khurana
28640,Rohan Mobarsa
28641,Rohan Vinod Mehra
28642,Rohini Hattangadi
28643,Rohit Bakshi
28644,Rohit Chaudhury
28645,Rohit Kokate
28646,Rohit Mittal
28647,Rohit Purohit
28648,Rohit Roy
28649,Rohit Saraf
28650,Rohit Shetty
28651,Rohn Malhotra
28652,Roisin Conaty
28653,Roisin Murphy
28654,Rojda Demirer
28655,Roji Oyama
28656,Rokeya Prachy
28657,Rola Al Amin
28658,Rola Beksmati
28659,Rolan Bykov
28660,Roland Buck III
28661,Roland Manookian
28662,Roland Mqwebu
28663,Roland Møller
28664,Roland Powell
28665,Roland Riebeling
28666,Roland Vouilloz
28667,Rolando T. Inocencio
28668,Rolf Kristian Larsen
28669,Rolf Lassgård
28670,Rolf Peter Kahl
28671,Rolf Petersen
28672,Rolling Wang
28673,Rolonda Watts
28674,Roma
28675,Roma Maffia
28676,Romain Duris
28677,Romain Lancry
28678,Romain Vissol
28679,Romaine Waite
28680,Roman Atwood
28681,Roman Gancarczyk
28682,Roman Karev
28683,Roman Lutterotti
28684,Roman Skamene
28685,Roman Wilhelmi
28686,Romane Bohringer
28687,Romann Berrux
28688,Romanus Amuta
28689,Romany Malco
28690,Romeo Miller
28691,Romeo Tan
28692,Romi Park
28693,Romina Mondello
28694,Romina Peluffo
28695,Romina Richi
28696,Rommel Canlas
28697,Romola Garai
28698,Romy Rafael
28699,Romy Weltman
28700,Ron Canada
28701,Ron Cephas Jones
28702,Ron Eldard
28703,Ron Funches
28704,Ron Glass
28705,Ron Haddrick
28706,Ron Halder
28707,Ron Howard
28708,Ron Lea
28709,Ron Lester
28710,Ron Livingston
28711,Ron McClary
28712,Ron Mizuma
28713,Ron Moody
28714,Ron Morales
28715,Ron Mueck
28716,Ron O'Neal
28717,Ron Perlman
28718,Ron Rifkin
28719,Ron Roccia
28720,Ron Roggé
28721,Ron Smoorenburg
28722,Ron Thomas
28723,Ron Turner
28724,Ron Vawter
28725,Ron White
28726,Ron Yuan
28727,RonReaco Lee
28728,Rona Figueroa
28729,Rona-Lee Shim'on
28730,Ronald Cheng
28731,Ronald Guttman
28732,Ronald Lacey
28733,Ronald Lee Clark
28734,Ronald Ollie
28735,Ronald Peet
28736,Ronald Zehrfeld
28737,Ronaldo Valdez
28738,Ronan Raftery
28739,Ronan Vibert
28740,Ronda Rousey
28741,Ronee Blakley
28742,Ronen Rubenstein
28743,Rong Rong
28744,Roni Fischer
28745,Ronit Asheri
28746,Ronit Roy
28747,Ronjini Chakroborty
28748,Ronke Adekoluejo
28749,Ronn Moss
28750,Ronnawee Sereerat
28751,Ronni Ancona
28752,Ronni Hawk
28753,Ronnie Alonte
28754,Ronnie Clark
28755,Ronnie Coleman
28756,Ronnie Hawkins
28757,Ronnie James Dio
28758,Ronnie Lazaro
28759,Ronnie Quizon
28760,Ronnie Rowe Jr.
28761,Ronnie Van Zandt
28762,Ronnie Wood
28763,Ronny Chieng
28764,Ronny Cox
28765,Ronny Jhutti
28766,Ronwaldo Martin
28767,Rooney Mara
28768,Roopa Bhimani
28769,Roopa Divatia
28770,Roopa Koduvayur
28771,Roopesh Kumar
28772,Roos Dickmann
28773,Ropie Cecupak
28774,Roque Ruíz
28775,Rorke Denver
28776,Rorrie D. Travis
28777,Rory Cochrane
28778,Rory Culkin
28779,Rory Fleck Byrne
28780,Rory J. Saper
28781,Rory Keenan
28782,Rory Kinnear
28783,Rory Markham
28784,Rory McCann
28785,Rory O'Malley
28786,Rory Scovel
28787,Rosa Blasi
28788,Rosa Catalano
28789,Rosa María Bianchi
28790,Rosa María Sardà
28791,Rosa Romay
28792,Rosa Salazar
28793,Rosabell Laurenti Sellers
28794,Rosalba Battaglia
28795,Rosalina Leigh
28796,Rosalind Chao
28797,Rosalind Harris
28798,Rosalinda Rodríguez
28799,Rosaline Meurer
28800,Rosamund Kwan
28801,Rosamund Marks
28802,Rosamund Pike
28803,Rosanna Arquette
28804,Rosanna DeSoto
28805,Rosanna Roces
28806,Rosanna Sapia
28807,Rosanne Mulholland
28808,Rosario Dawson
28809,Roschdy Zem
28810,Roscoe Lee Browne
28811,Rosdeen Suboh
28812,Rose Abdoo
28813,Rose Byrne
28814,Rose Chan
28815,Rose Leslie
28816,Rose McIver
28817,Rose Rathod
28818,Rose Reid
28819,Rose Siggins
28820,Roselyn Ngissah
28821,Roselyn Sanchez
28822,Rosemarie DeWitt
28823,Rosemary Clooney
28824,Rosemary Dunsmore
28825,Rosemary Harris
28826,Rosemary Shrager
28827,Roshan
28828,Roshan Mathew
28829,Roshan Prince
28830,Roshan Seth
28831,Roshdy El Shamy
28832,Roshini
28833,Roshon Fegan
28834,Rosie Cavaliero
28835,Rosie Dwyer
28836,Rosie Fellner
28837,Rosie King
28838,Rosie O'Donnell
28839,Rosie Perez
28840,Rosie Reyes
28841,Rosie Shaw
28842,Rosie Simon
28843,Rosin Jolly
28844,Rosina Carbone
28845,Rosina Soto
28846,Roslyn Ruff
28847,Rosmeri Marval
28848,Rosnah Johari
28849,Ross Bickell
28850,Ross Breen
28851,Ross Butler
28852,Ross Clarke-Jones
28853,Ross Duffer
28854,Ross Fleming
28855,Ross Grant
28856,Ross Lynch
28857,Ross Marquand
28858,Ross McCall
28859,Ross Noble
28860,Ross O'Hennessy
28861,Ross Philips
28862,Ross Thomas
28863,Rossana San Juan
28864,Rossif Sutherland
28865,Rossy Mendoza
28866,Rossy de Palma
28867,Rotem Keinan
28868,Rotimi
28869,Rotimi Adelagan
28870,Rotimi Salami
28871,Rouel Beukes
28872,Rowan Atkinson
28873,Rowan Blanchard
28874,Rowan Hills
28875,Rowell Santiago
28876,Rowena King
28877,Roxana Saucedo
28878,Roxann Dawson
28879,Roxanne Barcelo
28880,Roxanne Guinoo
28881,Roxanne McKee
28882,Roxton Garcia
28883,Roxy Antak
28884,Roxy Nel
28885,Roy Armstrong
28886,Roy Azman
28887,Roy Billing
28888,Roy Brocksmith
28889,Roy Chang
28890,Roy Chiao
28891,Roy Chiu
28892,Roy Choi
28893,Roy Dirnbeck
28894,Roy Dotrice
28895,Roy Haylock
28896,Roy Jenson
28897,Roy Kinnear
28898,Roy Marsden
28899,Roy Miller
28900,Roy Quiroga
28901,Roy Scheider
28902,Roy Sungkono
28903,Royal Dano
28904,Royce Cabrera
28905,Royce D. Applegate
28906,Royce Pierreson
28907,Royston Stoffels
28908,Rozi Baker
28909,Rozie Rashid
28910,RuPaul
28911,RuPaul Charles
28912,Ruairí O'Connor
28913,Ruangroj Prachaya
28914,Ruba Blal
28915,Ruba Zarour
28916,Ruben Lopez
28917,Ruben Niborski
28918,Ruben Santiago-Hudson
28919,Ruby
28920,Ruby Akubueze
28921,Ruby Ashbourne Serkis
28922,Ruby Barker
28923,Ruby Barnhill
28924,Ruby Dee
28925,Ruby Jay
28926,Ruby Jerins
28927,Ruby Lin
28928,Ruby O. Fee
28929,Ruby Rose
28930,Ruby Rose Turner
28931,Ruby Ruiz
28932,Ruby Stokes
28933,Ruby Wong
28934,Ruby Zhan
28935,Rubén Aguirre Fuentes
28936,Rubén Blades
28937,Rubén González Garza
28938,Rubén Ochandiano
28939,Rubén Rodríguez
28940,Rubén Yuste
28941,Rubén de Eguia
28942,Rudi Dharmalingam
28943,Rudklao Amratisha
28944,Rudolf Kowalski
28945,Rudolf Martin
28946,Rudranil Ghosh
28947,Rudy Greatorex
28948,Rudy Mancuso
28949,Rudy Pankow
28950,Ruffa Gutierrez
28951,Rufus
28952,Rufus Jones
28953,Rufus Sewell
28954,Ruhi Khan
28955,Ruhi Sarı
28956,Ruhi Singh
28957,Rui En
28958,Rui Unas
28959,Rukhsar
28960,Rukhsar Ahmed
28961,Rukiya Bernard
28962,Rukman Rosadi
28963,Rukshar Dhillon
28964,Rumer Willis
28965,Rumi Ochiai
28966,Rumi Okubo
28967,Rumi Oyama
28968,Rumiko Ukai
28969,Runa Akiyama
28970,Runa Onodera
28971,Rune Temte
28972,Ruobing
28973,Ruoyun Zhang
28974,Rup Magon
28975,Rupa Bhimani
28976,Rupa Ganguly
28977,Rupa Tamang
28978,Rupan Bal
28979,Rupert Boneham
28980,Rupert Degas
28981,Rupert Evans
28982,Rupert Everett
28983,Rupert Frazer
28984,Rupert Friend
28985,Rupert Graves
28986,Rupert Grint
28987,Rupert Penry-Jones
28988,Rupert Reid
28989,Rupinder Nagra
28990,Rupinder Roopi
28991,Rus Blackwell
28992,Rushad Rana
28993,Rushil Juglall
28994,Rushiraj Pawar
28995,Rushita Pandya
28996,Ruslaan Mumtaz
28997,Russ Tamblyn
28998,Russ Walko
28999,Russell Brand
29000,Russell Crowe
29001,Russell Curry
29002,Russell Dykstra
29003,Russell G. Jones
29004,Russell Geoffrey Banks
29005,Russell Harvard
29006,Russell Hodgkinson
29007,Russell Hornsby
29008,Russell Howard
29009,Russell Lawrence
29010,Russell Mercado
29011,Russell Peters
29012,Russell Posner
29013,Russell Roberts
29014,Russell Simmons
29015,Russell Tovey
29016,Russell Wilson
29017,Rusty Joiner
29018,Rutger Hauer
29019,Ruth Bickelhaupt
29020,Ruth Bradley
29021,Ruth Bratt
29022,Ruth Buzzi
29023,Ruth Dudding
29024,Ruth Díaz
29025,Ruth Gemmell
29026,Ruth Gordon
29027,Ruth Kearney
29028,Ruth Marini
29029,Ruth McCabe
29030,Ruth Natalie Fallon
29031,Ruth Negga
29032,Ruth Platt
29033,Ruth Reichl
29034,Ruth Sheen
29035,Ruth Vega Fernandez
29036,Ruth Wilson
29037,Ruthie Ann Miles
29038,Rutina Wesley
29039,Rutledge Wood
29040,Ruzana Ibrahim
29041,Ry Barrett
29042,Ryan Allen
29043,Ryan Andes
29044,Ryan Bang
29045,Ryan Bartley
29046,Ryan Baumann
29047,Ryan Begay
29048,Ryan Belleville
29049,Ryan Bingham
29050,Ryan Blakely
29051,Ryan Boudreau
29052,Ryan Cheng
29053,Ryan Clark
29054,Ryan Cooley
29055,Ryan Corr
29056,Ryan Delon
29057,Ryan Devlin
29058,Ryan Dillon
29059,Ryan Dorsey
29060,Ryan Doucette
29061,Ryan Doyle
29062,Ryan Duncan
29063,Ryan Eggold
29064,Ryan Ferguson
29065,Ryan Friedlinghaus
29066,Ryan Gaul
29067,Ryan Gosling
29068,Ryan Guzman
29069,Ryan Hamilton
29070,Ryan Hansen
29071,Ryan Harrison
29072,Ryan Howard
29073,Ryan Jamaal Swain
29074,Ryan Ketzner
29075,Ryan Kiera Armstrong
29076,Ryan Kwanten
29077,Ryan Lee
29078,Ryan Lincoln
29079,Ryan Malaty
29080,Ryan McDonald
29081,Ryan McDonell
29082,Ryan Merriman
29083,Ryan Montano
29084,Ryan Munzert
29085,Ryan Newman
29086,Ryan Nicodemus
29087,Ryan O'Connell
29088,Ryan O'Flanagan
29089,Ryan O'Neal
29090,Ryan Phillippe
29091,Ryan Pierce
29092,Ryan Potter
29093,Ryan Reynolds
29094,Ryan Robbins
29095,Ryan Sampson
29096,Ryan Simpkins
29097,Ryan Tarran
29098,Ryan Walter
29099,Ryan Ward
29100,Ryan Wiesbrock
29101,Ryan Zhu
29102,Rycardo Agbor
29103,Rydhen Afexi
29104,Ryken A. Whitfield
29105,Ryle De Morny
29106,Rynn Lim
29107,Ryo
29108,Ryo Hirohashi
29109,Ryo Horikawa
29110,Ryo Ishibashi
29111,Ryo Iwamatsu
29112,Ryo Kato
29113,Ryo Katsuji
29114,Ryo Kimura
29115,Ryo Matsuda
29116,Ryo Narita
29117,Ryo Sugisaki
29118,Ryo Yoshizawa
29119,Ryohei Abe
29120,Ryohei Kimura
29121,Ryohei Otani
29122,Ryohei Shima
29123,Ryoka Yuzuki
29124,Ryoko Ono
29125,Ryoko Shiraishi
29126,Ryoo Jeom-hee
29127,Ryosuke Kanemoto
29128,Ryosuke Yamada
29129,Ryosuke Yusa
29130,Ryota Matsushima
29131,Ryota Miyadate
29132,Ryota Osaka
29133,Ryota Takeuchi
29134,Ryota Yamasato
29135,Ryotaro Okiayu
29136,Ryotaro Sakaguchi
29137,Ryszarda Hanin
29138,Rytasha Rathore
29139,Rythvika Suriya
29140,Ryu Abell
29141,Ryu Gyeong-soo
29142,Ryu Gyeong-su
29143,Ryu Hye-young
29144,Ryu Jun-yeol
29145,Ryu Seung-ryong
29146,Ryuichi Kijima
29147,Ryuji Akiyama
29148,Ryuji Sato
29149,Ryusei Fujii
29150,Ryusei Yokohama
29151,Ryushin Tei
29152,Ryuta Sato
29153,Ryutaro Ninomiya
29154,Ryuzaburo Otomo
29155,Ryuzo Hasuike
29156,Réal Bossé
29157,Réka Tenki
29158,Róbert Bolla
29159,Rômulo Arantes Neto
29160,Rüzgar Aksoy
29161,Răzvan Vasilescu
29162,Rıza Akın
29163,Rıza Kocaoğlu
29164,S I Neelambari
29165,S'Thandiwe Kgoroge
29166,S. Epatha Merkerson
29167,S. Joshi
29168,S.J. Surya
29169,S.M. Zaheer
29170,S.N. Banerjee
29171,S.P. Balasubrahmanyam
29172,S.V. Krishna Shankar
29173,SABINA MALIK
29174,SEOLA
29175,SR Leela
29176,Sa-hee Kim
29177,Sa-rang Kim
29178,Saad Abdullah
29179,Saad El Soghayar
29180,Saadhika Randhawa
29181,Saadiya Ali
29182,Saagar Kale
29183,Saahil Prem
29184,Saamer Usmani
29185,Saanve Megghana
29186,Saara Chaudry
29187,Sab Shimono
29188,Saba Azaad
29189,Saba Mubarak
29190,Saba Zaidi Abdi
29191,Sabeeka Imam
29192,Sabina Ajrula
29193,Sabina Gadecki
29194,Sabina Malik
29195,Sabina Mole
29196,Sabina Sheema
29197,Sabine Azéma
29198,Sabine Karsenti
29199,Sabine Timoteo
29200,Sabitha Jayaraj
29201,Sabri Abdulmonem
29202,Sabrina Bartlett
29203,Sabrina Bryan
29204,Sabrina Carpenter
29205,Sabrina Greve
29206,Sabrina Haskett
29207,Sabrina Hassan Abdulle
29208,Sabrina Jalees
29209,Sabrina Kern
29210,Sabrina Klüber
29211,Sabrina Leurquin
29212,Sabrina Nonata
29213,Sabrina Ouazani
29214,Sabrina Pitre
29215,Sabrina Revelle
29216,Sabrina Rochelle Kalangie
29217,Sabrina Sato
29218,Sabrine
29219,Sabriye Günüç
29220,Sabry Abdel Moniem
29221,Sabry Fawwaz
29222,Sabryn Rock
29223,Sabyasachi Chakraborty
29224,Sacha Bali
29225,Sacha Baron Cohen
29226,Sacha Carlson
29227,Sacha Horler
29228,Sacha Stevenson
29229,Sachiin Joshi
29230,Sachiko Kojima
29231,Sachin
29232,Sachin Khedekar
29233,Sachin Mondkar
29234,Sachin Sahel
29235,Sachit Patil
29236,Sad Al-Saghir
29237,Sadaf Kanwal
29238,Sadao Abe
29239,Sadashiv Amrapurkar
29240,Sade Alder-Hayes
29241,Sadeem Alshehri
29242,Sadhil Kapoor
29243,Sadi Celil Cengiz
29244,Sadia
29245,Sadia Khateeb
29246,Sadie Calvano
29247,Sadie Lapidus
29248,Sadie Sandler
29249,Sadie Simm
29250,Sadie Sink
29251,Sadie Soverall
29252,Sadie Stanley
29253,Sadiq Daba
29254,Sadiya Siddiqui
29255,Sae-ron Kim
29256,Saeed Akhtar Mirza
29257,Saeed Al-Sheryani
29258,Saeed Arjumand
29259,Saeed Jaffrey
29260,Saeed Mohammed
29261,Saeed Saleh
29262,Saeed Tarabeek
29263,Safaa El-Toukhy
29264,Saffron Burrows
29265,Saffron Henderson
29266,Safia Hanifah
29267,Safia el-Emari
29268,Safinaz
29269,Safinaz Sattar
29270,Safira Ratu
29271,Saga Alyasery
29272,Sagar Arya
29273,Sagar Deshmukh
29274,Sagarika Ghatge
29275,Sage Stallone
29276,Saghar Sehrai
29277,Saginaw Grant
29278,Sagine Semajuste
29279,Sahabanu Zolghadr
29280,Sahajak Boonthanakit
29281,Sahana Srinivasan
29282,Saharat Sangkapreecha
29283,Saharsh Kumar Shukla
29284,Saharul Ridzwan
29285,Sahatchai 'Stop' Chumrum
29286,Saheb Bhattacharjee
29287,Sahidur Rahaman
29288,Sahil Gilbile
29289,Sahil Joshi
29290,Sahil Uppal
29291,Sahil Vaid
29292,Sahil Vedoliyaa
29293,Sahila Chaddha
29294,Sai Pallavi
29295,Sai Tamhankar
29296,Said Faraj
29297,Said Khalil
29298,Said Saleh
29299,Said Sandoval
29300,Said Tarabeek
29301,Said Tarchani
29302,Saidah Arrika Ekulona
29303,Saidah Jules
29304,Saidi Balogun
29305,Saif Abu-Kandil
29306,Saif Ali Khan
29307,Saii Ranade
29308,Saiju Kurup
29309,Saikumar
29310,Sainty Nelsen
29311,Saira Banu
29312,Sairaj
29313,Sairi Ito
29314,Saiyami Kher
29315,Sajal Ali
29316,Sajid Hasan
29317,Sajin Cherukayil
29318,Sajith Nampiyar
29319,Sajitha Madathil
29320,Sajjad Delafrooz
29321,Sajjan
29322,Sakha Kalyani
29323,Sakhi Gokhale
29324,Saki Fujita
29325,Saki Ogasawara
29326,Saki Tsukamoto
29327,Sakiko Tamagawa
29328,Sakina Jaffrey
29329,Sakshi Bhat
29330,Sakshi Gulati
29331,Sakshi Shivanand
29332,Sakshi Tanwar
29333,Saksit Tangtong
29334,Sakuljaroensuk Apinya
29335,Sakura Ando
29336,Sakura Tange
29337,Sal Lopez
29338,Sal Masekela
29339,Sal Mineo
29340,Sal Rendino
29341,Sal Stowers
29342,Sal Velez Jr.
29343,Sala Baker
29344,Salah Abdallah
29345,Salah Abdullah
29346,Salah Bensalah
29347,Salah El-Saadany
29348,Salah Hanoun
29349,Salah Zo El Faqqar
29350,Salahuddin Tunio
29351,Salama Almazrouei
29352,Salamina Mosese
29353,Saleem Mairaj
29354,Saleh Bakri
29355,Saleha Aref
29356,Salem Klass
29357,Sali Levent
29358,Salih Kalyon
29359,Salim
29360,Salim Baig
29361,Salim Kechiouche
29362,Salim Kumar
29363,Salim Samatou
29364,Sallehuddin Abu Bakar
29365,Salli Richardson-Whitfield
29366,Salli Saffioti
29367,Salloum Haddad
29368,Sally Ann Howes
29369,Sally Field
29370,Sally Hawkins
29371,Sally Hughes
29372,Sally Jennings
29373,Sally Kirkland
29374,Sally Martin
29375,Sally McDaid
29376,Sally Phillips
29377,Salma Ashai
29378,Salma Hasan
29379,Salma Hayek
29380,Salma Lahmer
29381,Salma Malhas
29382,Salma Saied
29383,Salma Salem
29384,Salman
29385,Salman Alfarizi
29386,Salman Bokhari
29387,Salman Khan
29388,Salman Shahid
29389,Saloni Batra
29390,Salsabiela
29391,Salvador Montenegro
29392,Salvador Sánchez
29393,Salvador Zerboni
29394,Salvatore Antonio
29395,Salvatore Coco
29396,Salvatore Esposito
29397,Salvatore Pelliccia
29398,Salvita Decorte
29399,Salwa Mohammed
29400,Salwa Othman
29401,Sam Adegoke
29402,Sam Ashe Arnold
29403,Sam Behrens
29404,Sam Bell
29405,Sam Benjamin
29406,Sam Bottoms
29407,Sam Callis
29408,Sam Campbell
29409,Sam Carter
29410,Sam Chong
29411,Sam Claflin
29412,Sam Concepcion
29413,Sam Cooke
29414,Sam Dede
29415,Sam Easton
29416,Sam Eidson
29417,Sam Eliad
29418,Sam Elliott
29419,Sam Favret
29420,Sam Gittins
29421,Sam Gold
29422,Sam Golzari
29423,Sam Hammer
29424,Sam Hammington
29425,Sam Hayden-Smith
29426,Sam Hazeldine
29427,Sam Heughan
29428,Sam Hill
29429,Sam Hoare
29430,Sam Horrigan
29431,Sam Huntington
29432,Sam Jaeger
29433,Sam James White
29434,Sam Jay
29435,Sam Jones
29436,Sam Jones III
29437,Sam Keeley
29438,Sam Kinison
29439,Sam Lavagnino
29440,Sam Lee
29441,Sam Lerner
29442,Sam Lin
29443,Sam Louwyck
29444,Sam Ly
29445,Sam Marra
29446,Sam McCarthy
29447,Sam McMurray
29448,Sam Medina
29449,Sam Milby
29450,Sam Neill
29451,Sam Oz Stone
29452,Sam Page
29453,Sam Palladio
29454,Sam Phillips
29455,Sam Raimi
29456,Sam Redford
29457,Sam Reid
29458,Sam Richardson
29459,Sam Riegel
29460,Sam Riley
29461,Sam Robards
29462,Sam Robert Muik
29463,Sam Rockwell
29464,Sam Sarpong
29465,Sam Shepard
29466,Sam Skoryna
29467,Sam Smith
29468,Sam Spruell
29469,Sam Strike
29470,Sam Swainsbury
29471,Sam Trammell
29472,Sam Troughton
29473,Sam Upton
29474,Sam Vincent
29475,Sam Vincenti
29476,Sam Wang
29477,Sam Waterston
29478,Sam Wolfson
29479,Sam Worthington
29480,Samaa Ibrahem
29481,Samadhi Zendejas
29482,Samaira Rao
29483,Samaire Armstrong
29484,Saman Amini
29485,Saman Ansari
29486,Samantha Acuña
29487,Samantha Armstrong
29488,Samantha Barks
29489,Samantha Bee
29490,Samantha Bond
29491,Samantha Dagnino
29492,Samantha Esteban
29493,Samantha Ferris
29494,Samantha Gracie
29495,Samantha Grecchi
29496,Samantha Isler
29497,Samantha Kim
29498,Samantha Ko
29499,Samantha Liana Cole
29500,Samantha Logan
29501,Samantha Marie Ware
29502,Samantha Mathis
29503,Samantha Moon
29504,Samantha Morton
29505,Samantha Mumba
29506,Samantha Munro
29507,Samantha Orozco
29508,Samantha Robinson
29509,Samantha Ruth Prabhu
29510,Samantha Scaffidi
29511,Samantha Schmütz
29512,Samantha Siqueiros
29513,Samantha Sloyan
29514,Samantha Smith
29515,Samantha Spiro
29516,Samantha Win
29517,Samar Gaber
29518,Samar Sami
29519,Samara Naeymi
29520,Samara Weaving
29521,Samart Saengsa-Ngiam
29522,Sambasa Nzeribe
29523,Sambhaji Sasane
29524,Sameer Dharmadhikari
29525,Sameer Kochhar
29526,Sameer Paranjape
29527,Sameera Barody
29528,Sameera Reddy
29529,Sameh Hussain
29530,Samer Elkhal
29531,Samer Ismael
29532,Samer Ismail
29533,Samer al Masri
29534,Sami Bouajila
29535,Sami Darr
29536,Sami Gawhar
29537,Sami Gayle
29538,Sami Hawat
29539,Sami Hifny
29540,Sami Maghouri
29541,Sami Nasser
29542,Samia Asaad
29543,Samia Kuzmoz Bakri
29544,Samia Said
29545,Samia Trabelsi
29546,Samiha Ayyoub
29547,Samiksha Bhatnagar
29548,Samiksha Singh
29549,Samin Nosrat
29550,Samina Ahmad
29551,Samina Peerzada
29552,Samir Decazza
29553,Samir Ghanem
29554,Samir Guesmi
29555,Samir Sabri
29556,Samir Soni
29557,Samir Waley Eldein
29558,Samir Youssef
29559,Samira Maqroun
29560,Samira Sarkis
29561,Samira Wiley
29562,Samita Bangargi
29563,Samiya Mumtaz
29564,Samm Levine
29565,Sammi Cheng
29566,Sammi Haney
29567,Sammi Rotibi
29568,Sammie Eddie
29569,Sammir Dattani
29570,Sammo Kam-Bo Hung
29571,Sammy Davis Jr.
29572,Sammy Obeid
29573,Sammy Pérez
29574,Sammy Scheuritzel
29575,Sammy Sheik
29576,Samo Rafael
29577,Sampath Raj
29578,Samr Ismaiel
29579,Samrat Chakrabarti
29580,Samrat Mukherjee
29581,Samrat Reddy
29582,Samriddhi Shukla
29583,Samriddhi Shuklaa
29584,Samruddhi Shukla
29585,Samson Coulter
29586,Samson Kayo
29587,Samuel Abiola Robinson
29588,Samuel Anderson
29589,Samuel Arnold
29590,Samuel Asa'ah
29591,Samuel Collings
29592,Samuel Davis
29593,Samuel E. Wright
29594,Samuel Finzi
29595,Samuel González
29596,Samuel Gould
29597,Samuel Gu
29598,Samuel Joslin
29599,Samuel Jouy
29600,Samuel Ku
29601,Samuel L. Jackson
29602,Samuel Landea
29603,Samuel Larsen
29604,Samuel Marty
29605,Samuel Olasehinde
29606,Samuel Pang
29607,Samuel Patrick Chu
29608,Samuel Rizal
29609,Samuel Robinson
29610,Samuel Roukin
29611,Samuel West
29612,Samuel de Assis
29613,Samuele Caruana
29614,Samuell Benta
29615,Samuthirakani
29616,Samy Maghawry
29617,Samy Seghir
29618,Samya Pascotto
29619,Samyuktha Hegde
29620,Samyuktha Hornad
29621,Samyuktha Menon
29622,San Nam Hung
29623,Sana Althaf
29624,Sana Javed
29625,Sana Saeed
29626,Sana Serrai
29627,Sana Shaikh
29628,Sana'a Shaik
29629,Sanaa Lathan
29630,Sanaa Younes
29631,Sanae Kobayashi
29632,Sanah Kapur
29633,Sanaj Naval
29634,Sanam Saeed
29635,Sananthachat Thanapatpisal
29636,Sanath
29637,Sanath Menon
29638,Sanchana Natarajan
29639,Sanchari Vijay
29640,Sanchit Wartak
29641,Sandeep Avchat
29642,Sandeep Bharadwaj
29643,Sandeep Bose
29644,Sandeep Dhabale
29645,Sandeep Gaikwad
29646,Sandeep Kaur Sandy
29647,Sandeep Khare
29648,Sandeep Kulkarni
29649,Sandeep Parikh
29650,Sandeep Pathak
29651,Sandeep Varanasi
29652,Sandeepa Dhar
29653,Sander Thomas
29654,Sandershika Tamang
29655,Sandesh Jadhav
29656,Sandhanam
29657,Sandhya Mridul
29658,Sandi Schultz
29659,Sandi Toksvig
29660,Sandile Sand Zulu
29661,Sandip Pathak
29662,Sandor Funtek
29663,Sandra Borgmann
29664,Sandra Bullock
29665,Sandra Corveloni
29666,Sandra Drzymalska
29667,Sandra Echeverría
29668,Sandra Ellis Lafferty
29669,Sandra Escacena
29670,Sandra Itzel
29671,Sandra Ma
29672,Sandra Mae Frank
29673,Sandra Ng Kwan Yue
29674,Sandra Oh
29675,Sandra Reyes
29676,Sandra Sade
29677,Sandrine Holt
29678,Sandrine Kretz
29679,Sandrine Pinna
29680,Sandrinna M Skornicki
29681,Sandrinna Michelle
29682,Sandro Calderón
29683,Sandro Demaio
29684,Sandy Andolong
29685,Sandy Barnett
29686,Sandy Dennis
29687,Sandy Fox
29688,Sandy Heribert
29689,Sandy McMaster
29690,Sandy Robson
29691,Sanet Ackermann
29692,Sang Chon
29693,Sang Ping
29694,Sang-Myeon Park
29695,Sang-hee Lee
29696,Sang-hun Jeong
29697,Sang-hyun Um
29698,Sang-min Lee
29699,Sang-soon Lee
29700,Sanga Jagir
29701,Sangeeta Krishnasamy
29702,Sangeeth Shoban
29703,Sangeetha Balan
29704,Sangeetha Mohan
29705,Sanghmitra Hitaishi
29706,Sangili Murugan
29707,Sangpotirat Perawat
29708,Sani Danja
29709,Sani Muazu
29710,Sani Mu’azu
29711,Sanin Milavic
29712,Saniyya Sidney
29713,Sanjay Bhatia
29714,Sanjay Chaudhri
29715,Sanjay Chauhan
29716,Sanjay Dutt
29717,Sanjay Goradia
29718,Sanjay Gurbaxani
29719,Sanjay Jadhav
29720,Sanjay Kapoor
29721,Sanjay Keni
29722,Sanjay Khapre
29723,Sanjay Mishra
29724,Sanjay Mone
29725,Sanjay Narvekar
29726,Sanjay Sharma
29727,Sanjay Singh
29728,Sanjay Suri
29729,Sanjeeda Sheikh
29730,Sanjeeta Bhattacharya
29731,Sanjeev Bhaskar
29732,Sanjeev Kohli
29733,Sanjeev Kumar
29734,Sanjeev Tiwari
29735,Sanjeev Vats
29736,Sanjith Hegde
29737,Sanjivani Khanvilkar
29738,Sanju Salonki
29739,Sankalp
29740,Sankalp Rastogi
29741,Sanket Choukse
29742,Sanket Mhatre
29743,Santana Dempsey
29744,Santhanam
29745,Santhiran Moonsamy
29746,Santhosh Keezhattoor
29747,Santhosh Prathap
29748,Santi Pons
29749,Santiago Artemis
29750,Santiago Cabrera
29751,Santiago Cuquejo
29752,Santiago Felipe Gomez
29753,Santiago Korovsky
29754,Santiago Meléndez
29755,Santiago Moure
29756,Santiago Saez
29757,Santiago Segura
29758,Santiago Talledo
29759,Santiago Torres
29760,Santinatornkul Chanon
29761,Santino Fontana
29762,Santiwithi Phrombut
29763,Santo Cilauro
29764,Santosh Juvekar
29765,Santu Mukherjee
29766,Sanya Arora
29767,Sanya Malhotra
29768,Sanya Shamshad
29769,Saoirse Ronan
29770,Saoirse-Monica Jackson
29771,Saori Goto
29772,Saori Hayami
29773,Saori Onishi
29774,Saowaluck Siriaran
29775,Saphia Stoney
29776,Sapna Bassi
29777,Sapna Bhavnani
29778,Sapna Pabbi
29779,Sapol Assawamunkong
29780,Sapthagiri
29781,Saqib Ayub
29782,Saqib Saleem
29783,Sara Abi Kanaan
29784,Sara Ali
29785,Sara Ali Khan
29786,Sara Botsford
29787,Sara Canning
29788,Sara Casasnovas
29789,Sara Celler Jezierska
29790,Sara Chase
29791,Sara Coates
29792,Sara Craddick
29793,Sara Cravens
29794,Sara Crowe
29795,Sara De Bosschere
29796,Sara Derzawy
29797,Sara Dögg Ásgeirsdóttir
29798,Sara El Mhamdi Elaaloui
29799,Sara Gesawat
29800,Sara Giraudeau
29801,Sara Hjort Ditlevsen
29802,Sara Isabel Quintero
29803,Sara Kashif
29804,Sara Khorami
29805,Sara Lazzaro
29806,Sara Lloyd-Gregory
29807,Sara Loren
29808,Sara Malakul Lane
29809,Sara Maldonado
29810,Sara McMann
29811,Sara Minami
29812,Sara Paxton
29813,Sara Ramirez
29814,Sara Rue
29815,Sara Sanderson
29816,Sara Sanz
29817,Sara Serraiocco
29818,Sara Stewart
29819,Sara Sálamo
29820,Sara Waisglass
29821,Sara Weaver
29822,Sara Wijayanto
29823,Sara Yu
29824,Sarabjit Cheema
29825,Sarah Adler
29826,Sarah Ann Kennedy
29827,Sarah Anne Williams
29828,Sarah Baker
29829,Sarah Baldwin
29830,Sarah Bishop
29831,Sarah Bolger
29832,Sarah Brooks
29833,Sarah Brown
29834,Sarah Buckland
29835,Sarah Burgess
29836,Sarah Burns
29837,Sarah Butler
29838,Sarah Carmosino
29839,Sarah Carter
29840,Sarah Chalke
29841,Sarah Constible
29842,Sarah Cooper
29843,Sarah Davenport
29844,Sarah Desjardins
29845,Sarah Douglas
29846,Sarah Dunsworth
29847,Sarah Edmondson
29848,Sarah Fisher
29849,Sarah G. Buxton
29850,Sarah Gadon
29851,Sarah Geronimo
29852,Sarah Goldberg
29853,Sarah Greene
29854,Sarah Grey
29855,Sarah Habel
29856,Sarah Hassan
29857,Sarah Henderson
29858,Sarah Hoare
29859,Sarah Hyland
29860,Sarah Jane Morris
29861,Sarah Jeffery
29862,Sarah Jessica Parker
29863,Sarah Jones
29864,Sarah Jurgens
29865,Sarah Lambert
29866,Sarah Lancashire
29867,Sarah Lancaster
29868,Sarah Levy
29869,Sarah Lind
29870,Sarah Lyle
29871,Sarah Lynn Strange
29872,Sarah May Sommers
29873,Sarah McVie
29874,Sarah Mezzanotte
29875,Sarah Michelle Gellar
29876,Sarah Minnich
29877,Sarah Natochenny
29878,Sarah Niles
29879,Sarah Parish
29880,Sarah Paulson
29881,Sarah Podemski
29882,Sarah Roemer
29883,Sarah Rose Karr
29884,Sarah Sechan
29885,Sarah Shahi
29886,Sarah Silverman
29887,Sarah Smith
29888,Sarah Snook
29889,Sarah Solemani
29890,Sarah Steele
29891,Sarah Stephens
29892,Sarah Stern
29893,Sarah Stiles
29894,Sarah Sumeray
29895,Sarah Thompson
29896,Sarah Thomson
29897,Sarah Thyre
29898,Sarah Tiana
29899,Sarah Trigger
29900,Sarah Troyer
29901,Sarah Viktoria Bjerregaard
29902,Sarah Vowell
29903,Sarah Wayne Callies
29904,Sarah Wright
29905,Sarah Wright Olsen
29906,Sarah-Jane Dias
29907,Sarah-Jane Potts
29908,Sarah-Jeanne Labrosse
29909,Sarah-Sofie Boussnina
29910,Sarain Boylan
29911,Saran Rai
29912,Sarang Sathaye
29913,Saranya Ponvannan
29914,Sarath Kumar
29915,Sarathbabu
29916,Saravajeet Tiwari
29917,Saravanan
29918,Sarawut Phumthong
29919,Sarayu Blue
29920,Sardar Sohi
29921,Sarder Saniat Hossain
29922,Sareh Bayat
29923,Sarel Piterman
29924,Sarena Parmar
29925,Sarfaraz Khan
29926,Sargun Mehta
29927,Sari Koeswoyo
29928,Sari Lennick
29929,Sari Nila
29930,Sarika
29931,Sarika Choy
29932,Sarika Sartsilpsupa
29933,Sarika Singh
29934,Sarina Farhadi
29935,Sarinrat Thomas
29936,Sarit Trilertvichien
29937,Sarita Choudhury
29938,Sarita Joshi
29939,Sarp Akkaya
29940,Sarrah Abdelrahman
29941,Sartaaj Kakkar
29942,Sarun Cinsuvapala
29943,Sarutoki Minagawa
29944,Sarvajith Santosh Sivan
29945,Sarwar Ahuja
29946,Sascha Alexander Gersak
29947,Sascha Radetsky
29948,Sasha Alexander
29949,Sasha Compère
29950,Sasha Craig
29951,Sasha Grey
29952,Sasha Lane
29953,Sasha Pieterse
29954,Sasha Roiz
29955,Sasha Rojen
29956,Sasha Rosoff
29957,Sasheer Zamata
29958,Sasho
29959,Sasi Kalinga
29960,Sasin Chow
29961,Sasithorn Panichnok
29962,Saskia Bernaola
29963,Saskia Hampele
29964,Saskia Maarleveld
29965,Saskia Portway
29966,Saskia Reeves
29967,Saskia Rosendahl
29968,Sasqia Dahuri
29969,Sasson Gabai
29970,Sassy Bermudez
29971,Saswata Chatterjee
29972,Satarupa Das
29973,Satarupa Pyne
29974,Satchit Puranik
29975,Sathish
29976,Sathyaraj
29977,Satinder Sartaaj
29978,Satish Alekar
29979,Satish Kaushik
29980,Satish Phulekar
29981,Satish Pulekar
29982,Satish Rajwade
29983,Satish Shah
29984,Satish Sharma
29985,Satnam Singh Bhamara
29986,Sato Kondo
29987,Satomi Akesaka
29988,Satomi Arai
29989,Satomi Koorogi
29990,Satomi Sato
29991,Satoru Kawaguchi
29992,Satoshi Hino
29993,Satoshi Mikami
29994,Satoshi Tsuruoka
29995,Satsuki Yukino
29996,Satsumi Matsuda
29997,Sattaphong Phiangphor
29998,Satti Sembi
29999,Satwant Kaur
30000,Satya Bhabha
30001,Satya Dev
30002,Satya Prakash
30003,Satya Priya Chakraborty
30004,Satyadeep Misra
30005,Satyadev Dubey
30006,Satyaraj
30007,Satyen Kappu
30008,Satyendra Kapoor
30009,Saul Nanni
30010,Saul Reichlin
30011,Saul Rubinek
30012,Saumya Daan
30013,Saumya Tandon
30014,Saurabh Dubey
30015,Saurabh Pandey
30016,Saurabh Sachdeva
30017,Saurabh Saraswat
30018,Saurabh Shukla
30019,Sauraseni Maitra
30020,Saurav Chakrabarty
30021,Saurav Chakraborty
30022,Savannah Baker
30023,Savannah Gordon-Liburd
30024,Savannah Kennick
30025,Savannah Lee May
30026,Savannah Smith Boucher
30027,Saveliy Kudryashov
30028,Saverio Guerra
30029,Saverio Raimondo
30030,Savika Chaiyadej
30031,Savin Phillip
30032,Savita Bajaj
30033,Savita Bhatti
30034,Savita Malpekar
30035,Savita Prabhune
30036,Savithri Sredharan
30037,Sawako Yoshida
30038,Sawanee Utoomma
30039,Sawanya Paisarnpayak
30040,Sawitree Samipak
30041,Sawsan Arsheed
30042,Sawsan Badr
30043,Sawsan Saad
30044,Sawyer Barth
30045,Sawyer Shipman
30046,Sayaji Shinde
30047,Sayaka Akimoto
30048,Sayaka Aoki
30049,Sayaka Ohara
30050,Sayaka Senbongi
30051,Sayaka Yamamoto
30052,Sayali Bhagat
30053,Sayani Gupta
30054,Saycon Sengbloh
30055,Sayed Gul
30056,Sayed Rajab
30057,Sayed Sadek
30058,Saygin Asan
30059,Saygın Soysal
30060,Saykoji
30061,Sayli Patil
30062,Sayumi Suzushiro
30063,Sayumi Watabe
30064,Sayyid El Alami
30065,Saïd Taghmaoui
30066,Saïda Bekkouche
30067,Saúl Craviotto
30068,Saúl Lisazo
30069,Scaachi Koul
30070,Scali Delpeyrat
30071,Scarlet Gruber
30072,Scarlet Rivera
30073,Scarlet Spencer
30074,Scarlett Estevez
30075,Scarlett Johansson
30076,Schemci Lauth
30077,Schuyler Fisk
30078,Scoot McNairy
30079,Scorcher
30080,Scotia Anderson
30081,Scott  Kreamer
30082,Scott Adkins
30083,Scott Adsit
30084,Scott Alexander Young
30085,Scott Aukerman
30086,Scott Baio
30087,Scott Bakula
30088,Scott C. Roe
30089,Scott Caan
30090,Scott Cavalheiro
30091,Scott Chambers
30092,Scott Cohen
30093,Scott Dixon
30094,Scott Eastwood
30095,Scott Edwards
30096,Scott Evans
30097,Scott Foley
30098,Scott Gibbs
30099,Scott Glaves
30100,Scott Glenn
30101,Scott Haze
30102,Scott Innes
30103,Scott Johnson
30104,Scott Jurek
30105,Scott Keiji Takeda
30106,Scott Kelly
30107,Scott King
30108,Scott Kyle
30109,Scott Langley
30110,Scott Lawrence
30111,Scott MacArthur
30112,Scott Major
30113,Scott Martin
30114,Scott McCord
30115,Scott McNeil
30116,Scott Mechlowicz
30117,Scott Menville
30118,Scott Mescudi
30119,Scott Michael Foster
30120,Scott Mulligan
30121,Scott Parker
30122,Scott Patey
30123,Scott Patterson
30124,Scott Porter
30125,Scott Pryor
30126,Scott Shepherd
30127,Scott Speedman
30128,Scott Spiegel
30129,Scott Thompson
30130,Scott Weinger
30131,Scott Whyte
30132,Scott Wilkinson
30133,Scott William Winters
30134,Scott Wilson
30135,Scottie Epstein
30136,Scottie Pippen
30137,Scottie Ray
30138,Scottie Thompson
30139,Scout Taylor-Compton
30140,Se-ha Ahn
30141,Se-jin Park
30142,Se-yeon Jin
30143,Se-yoon Yoo
30144,Seamus Malone
30145,"Sean ""P. Diddy"" Combs"
30146,Sean Amsing
30147,Sean Astin
30148,Sean Bean
30149,Sean Berdy
30150,Sean Bishop
30151,Sean Bridgers
30152,Sean Brock
30153,Sean CW Johnson
30154,Sean Carrigan
30155,Sean Connery
30156,Sean Connolly
30157,Sean Cullen
30158,Sean Dominic
30159,Sean Dulake
30160,Sean Faris
30161,Sean Giambrone
30162,Sean Gunn
30163,Sean Hankinson
30164,Sean Harris
30165,Sean Hartley
30166,Sean Hayes
30167,Sean Huang
30168,Sean Jindachot
30169,Sean Kanan
30170,Sean Keenan
30171,Sean Kenin
30172,Sean Kingston
30173,Sean Lee
30174,Sean Maher
30175,Sean Mahon
30176,Sean Marquette
30177,Sean McBride
30178,Sean McCann
30179,Sean McGinley
30180,Sean McNamara
30181,Sean Murray
30182,Sean Nelson
30183,Sean O'Bryan
30184,Sean Panting
30185,Sean Patrick Flanery
30186,Sean Patrick Thomas
30187,Sean Penn
30188,Sean Pertwee
30189,Sean Quan
30190,Sean Russel Herman
30191,Sean Ryan Fox
30192,Sean Skene
30193,Sean Sprawling
30194,Sean Suozzi
30195,Sean T. Krishnan
30196,Sean Teale
30197,Sean Tyson
30198,Sean Xiao
30199,Sean Young
30200,Seandrea Sledge
30201,Seann Gallagher
30202,Seann Walsh
30203,Seann William Scott
30204,Sebastian Arcelus
30205,Sebastian Armesto
30206,Sebastian Bach
30207,Sebastian Billingsley-Rodriguez
30208,Sebastian Cavazza
30209,Sebastian Dela
30210,Sebastian Eslava
30211,Sebastian Fabijański
30212,Sebastian Fräsdorf
30213,Sebastian Goldspink
30214,Sebastian Jakob Doppelbauer
30215,Sebastian Koch
30216,Sebastian Maniscalco
30217,Sebastian Marx
30218,Sebastian Perry
30219,Sebastian Pigott
30220,Sebastian Rosas
30221,Sebastian Rudolph
30222,Sebastian Saraceno
30223,Sebastian Sporsén
30224,Sebastian Stan
30225,Sebastian Stankiewicz
30226,Sebastian Urzendowsky
30227,Sebastian Zimmler
30228,Sebastiano Kiniger
30229,Sebastián Aguirre
30230,Sebastián Ayala
30231,Sebastián Cordova
30232,Sebastián Eslava
30233,Sebastián Ferrat
30234,Sebastián Marcelo Wainraich
30235,Sebastián Mogordoy
30236,Sebastián Monteghirfo
30237,Sebastián Osorio
30238,Sebastián Rulli
30239,Sebastián Silva
30240,Sebastián Sánchez
30241,Sebastián Wainraich
30242,Sebastián Zurita
30243,Sebnem Sönmez
30244,Sechaba Morojele
30245,Secret
30246,Secun de la Rosa
30247,Secunda Wood
30248,Seda Bakan
30249,Seda Güven
30250,Seda Tosun
30251,Seda Türkmen
30252,Sedat Erdiş
30253,Sedat Kirtan
30254,Sedef Avcı
30255,Sedky Sakhr
30256,Sedthawut Anusit
30257,Seema
30258,Seema Adhikari
30259,Seema Al Khalidi
30260,Seema Biswas
30261,Seema Deshmukh
30262,Seema G. Nair
30263,Seema Kapoor
30264,Seema Kaushal
30265,Seema Pahwa
30266,Seema Rahmani
30267,Seerat Kapoor
30268,Seeta Indrani
30269,Seethabaala
30270,Sefa Vlaarkamp
30271,Sefik Taylan
30272,Segilola Ogidan
30273,Segun Arinze
30274,Sehun
30275,Sei Matobu
30276,Seidy Lopez
30277,Seif Abdelrahman
30278,Seiichiro Yamashita
30279,Seiki Chiba
30280,Seiko Iwaido
30281,Seiko Matsuda
30282,Seiko Tamura
30283,Seiran Kobayashi
30284,Seiro Ogino
30285,Seishu Uragami
30286,Seiyo Uchino
30287,Seizo Kato
30288,Sejal Kumar
30289,Sekoati Sk Tsubane
30290,Sela Ward
30291,Selah Victor
30292,Selahattin Paşalı
30293,Selami Şahin
30294,Selda Özer
30295,Selen Domaç
30296,Selen Soyder
30297,Selen Uçer
30298,Selen Öztürk
30299,Selena Gomez
30300,Selena-Marie Alphonse
30301,Selenis Leyva
30302,Selim Bayraktar
30303,Selima Taibi
30304,Selin Uludoğan
30305,Selina Giles
30306,Selina Lo
30307,Seline Hizli
30308,Sello Maake Ka-Ncube
30309,Sello Sebotsane
30310,Selma Blair
30311,Selma Ergeç
30312,Selma Kutluğ
30313,Selma Lopes
30314,Selma Sonat
30315,Selman Ünlüsoy
30316,Selton Mello
30317,Selva Rasalingam
30318,Selvaah
30319,Selwyn Ward
30320,Sema Poyraz
30321,Sema Şimşek
30322,Sencer Serta
30323,Sendhil Ramamurthy
30324,Sendy Febrina
30325,Senen Reyes
30326,Senthil Kumaran Muniandy
30327,Seo Eun-ah
30328,Seo Hyun-jin
30329,Seo Hyun-woo
30330,Seo In-guk
30331,Seo Jae-hee
30332,Seo Jang-hoon
30333,Seo Ji-hye
30334,Seo Kang-jun
30335,Seo Sang-won
30336,Seo Woo-jin
30337,Seo Ye-ji
30338,Seo Yea-ji
30339,Seo Yi-sook
30340,Seo-ra Kim
30341,SeoJu Park
30342,Seohyun
30343,Seok-Hwan An
30344,Seok-jeong Hwang
30345,Seok-woo Kang
30346,Seol-hyun Kim
30347,Seolhyun
30348,Seon-a Kim
30349,Seong Hye-min
30350,Seong-guk Choi
30351,Seong-il Bae
30352,Seong-joo Kim​
30353,Seong-kun Mun
30354,Seong-mo Jeong
30355,Ser'Darius Blain
30356,Seraph Sun
30357,Serayah
30358,Serdar Deniz
30359,Serdar Gökhan
30360,Serdar Yeğin
30361,Serdar Özer
30362,Serena Dalrymple
30363,Serena Fang
30364,Serena Gordon
30365,Serena Po
30366,Serenity Reign Brown
30367,Serge Christianssens
30368,Serge Cockburn
30369,Serge Houde
30370,Serge Noujaim
30371,Sergei Goroshko
30372,Sergei Polunin
30373,Sergey Leskov
30374,Sergey Sosnovskiy
30375,Sergi Lopez
30376,Sergi López
30377,Sergi Subirà
30378,Sergio Acosta
30379,Sergio Basañez
30380,Sergio Bustamante
30381,Sergio Calderón
30382,Sergio Cilli
30383,Sergio Di Zio
30384,Sergio Dorado
30385,Sergio Freire
30386,Sergio Galliani
30387,Sergio Goyri
30388,Sergio Hernández
30389,Sergio IJssel
30390,Sergio Mamberti
30391,Sergio Mayer
30392,Sergio Melone
30393,Sergio Montalvo
30394,Sergio Mur
30395,Sergio Nicolai
30396,Sergio Pablos
30397,Sergio Peris-Mencheta
30398,Sergio Pizzorno
30399,Sergio Quintana
30400,Sergio Quiñonez Román
30401,Sergio Rizzuto
30402,Sergio Rubini
30403,Sergio Ruggeri
30404,Sergio Sendel
30405,Serhat Tutumluer
30406,Serhat Özcan
30407,Serkan Ercan
30408,Serkan Keskin
30409,Serkan Çayoğlu
30410,Sermet Yeşil
30411,Sermiyan Midyat
30412,Serra Hirsch
30413,Serra Yılmaz
30414,Seth Carr
30415,Seth Cassell
30416,Seth Gilliam
30417,Seth Green
30418,Seth Gueko
30419,Seth MacFarlane
30420,Seth Meyers
30421,Seth Michaels
30422,Seth Morris
30423,Seth Numrich
30424,Seth Rogen
30425,Seth Rollins
30426,Sethu Darwin
30427,Sethu Lakshmi
30428,Sethulekshmi Amma
30429,Setsuji Sato
30430,Setsuko Karasuma
30431,Settar Tanrıöğen
30432,Seu Jorge
30433,Seul-ong Im
30434,Seun Ajayi
30435,Seun Akindele
30436,Seun Kentebe
30437,Seun Kuti
30438,Seung-Yeon Han
30439,Seung-ah Yoon
30440,Seung-do Baek
30441,Seung-ho Yoo
30442,Seung-hyeon Han
30443,Seung-mok Yoo
30444,Seung-soo Ryu
30445,Seung-un Hwang
30446,Seung-woo Cho
30447,Seung-yeon Gong
30448,Seungri
30449,Sevak Hakoyan
30450,Seven Tan
30451,Severija Janusauskaite
30452,Severn Thompson
30453,Seweryna Broniszówna
30454,Seychelle Gabriel
30455,Seyi Law
30456,Seyi Shay
30457,Seyilaw
30458,Seyneb Saleh
30459,Seán Cullen
30460,Seán Óg Cairns
30461,Seána Kerslake
30462,Sha Ine Febriyanti
30463,Shaad Randhawa
30464,Shaan Grover
30465,Shaan Shahid
30466,Shaana Diya
30467,Shaanthala
30468,Shaban Arifi
30469,Shabana Azmi
30470,Shabbir Ahluwalia
30471,Shabbir Khan
30472,Shabbir Rana
30473,Shabhir
30474,Shabib Alkhaleefa
30475,Shad Gaspard
30476,Shad Kabango
30477,Shadab Kamal
30478,Shadi Alfons
30479,Shadi Mar'i
30480,Shadia
30481,Shae Smolik
30482,Shaffy Bello
30483,Shafi Inamdar
30484,Shafieq Shazwan
30485,Shafin Karim
30486,Shafin Patel
30487,Shafira Umm
30488,Shafqat Cheema
30489,Shaghayegh Beheshti
30490,Shah Rukh Khan
30491,Shahab Hosseini
30492,Shahad Alahmari
30493,Shahana Goswami
30494,Shahd El Yaseen
30495,Shaheizy Sam
30496,Shahid Kapoor
30497,Shahid Naqvi
30498,Shahira Fahmy
30499,Shahira Kamal
30500,Shahkrit Yamnarm
30501,Shahnawaz Bhat
30502,Shai Avivi
30503,Shaila Sabt
30504,Shailashree
30505,Shailendra Pandey
30506,Shailene Garnett
30507,Shailene Woodley
30508,Shailesh Dattar
30509,Shailesh Prajapati
30510,Shaily Dube
30511,Shaily Dubey
30512,Shailyn Pierre-Dixon
30513,Shaima Saif
30514,Shaimaa Abdelkader
30515,Shaimaa Ali
30516,Shaina Magdayao
30517,Shaista Latif
30518,Shaji John
30519,Shakeel Khan
30520,Shakil Imtiaz
30521,Shakira Barrera
30522,Shakira Ja-nai Paye
30523,Shakira Jasmine
30524,Shakti Chen
30525,Shakti Kapoor
30526,Shakti Singh
30527,Shaleen Surtie
30528,Shalin Naik
30529,Shalini
30530,Shalini Mohan
30531,Shalini Vadnikatti
30532,Shalini Vatsa
30533,Shalom Brune-Franklin
30534,Shalu
30535,Sham Ka Ki
30536,Shama Deshpande
30537,Shama Sikander
30538,Shamaine Centenera
30539,Shameik Moore
30540,Shamier Anderson
30541,Shamil Suleimanov
30542,Shamilla Miller
30543,Shamim Basharat
30544,Shamim Hilaly
30545,Shamita Shetty
30546,Shammi
30547,Shammi Kapoor
30548,Shamol Mawla
30549,Shamoon Abbasi
30550,Shan Cheng-ju
30551,Shan George
30552,Shanawas
30553,Shandy Aulia
30554,Shane Bartle
30555,Shane Brolly
30556,Shane Callahan
30557,Shane Carruth
30558,Shane Casey
30559,Shane Dawson
30560,Shane Dean
30561,Shane Dundas
30562,Shane Graham
30563,Shane Harper
30564,Shane Harte
30565,Shane Jacobsen
30566,Shane McRae
30567,Shane Nigaam
30568,Shane Paul McGhie
30569,Shane Pow
30570,Shane West
30571,Shane Zaza
30572,Shaneigha-Monik Greyson
30573,Shankar Ashwath
30574,Shankar Thas
30575,Shanley Caswell
30576,Shanmugha Rajan
30577,Shanna Collins
30578,Shanna Forrestall
30579,Shanna Olson
30580,Shanna Reed
30581,Shannon Chan-Kent
30582,Shannon Chandler
30583,Shannon Cochran
30584,Shannon Elizabeth
30585,Shannon Hartman
30586,Shannon Kane
30587,Shannon Kook
30588,Shannon Leroux
30589,Shannon McKain
30590,Shannon Purser
30591,Shannon Woodward
30592,Shannyn Sossamon
30593,Shanola Hampton
30594,Shanoor Mirza
30595,Shantanu Gangane
30596,Shantel VanSanten
30597,Shanthnu Bhagyaraj
30598,Shantilal Mukherjee
30599,Shantol Jackson
30600,Shany Nadan
30601,Shanyn Leigh
30602,Shao Bing
30603,Shao Tong
30604,Shao Xiang
30605,Shaquila Angela Griszell
30606,Shaquille O'Neal
30607,Shar Jackson
30608,Shara Lin
30609,Sharad Kapoor
30610,Sharad Kelkar
30611,Sharad Ponkshe
30612,Sharada
30613,Sharanya
30614,Sharat Saxena
30615,Sharda Agnihotri
30616,Shardul Bhardwaj
30617,Shardul Rana
30618,Shareefa Daanish
30619,Shareena Clanton
30620,Shari Sebbens
30621,Shari Watson
30622,Shari Weiser
30623,Sharib Hashmi
30624,Sharif Atkins
30625,Sharifah Aleya
30626,Sharifah Amani
30627,Sharifah Aryana
30628,Sharifah Haslinda
30629,Sharifah Sakinah
30630,Sharisse Baker-Bernard
30631,Sharjil Rasool
30632,Sharlto Copley
30633,Sharman Joshi
30634,Sharmila Tagore
30635,Sharmin Segal
30636,Sharon Conley
30637,Sharon Cuneta
30638,Sharon Horgan
30639,Sharon Hsu
30640,Sharon Jones
30641,Sharon Lawrence
30642,Sharon Leal
30643,Sharon Maughan
30644,Sharon Miller
30645,Sharon Muthu
30646,Sharon Ooja
30647,Sharon Percy
30648,Sharon Rose
30649,Sharon Small
30650,Sharon Stone
30651,Sharona Elimelech
30652,Sharrieff Pugh
30653,Sharry Mann
30654,Sharvani Suryavanshi
30655,Sharvari Jamenis
30656,Sharvil Patel
30657,Sharwani Ns
30658,Shashank Arora
30659,Shashank Purushotham
30660,Shashank Shende
30661,Shashanka Ghosh
30662,Shashawnee Hall
30663,Shashi Bhushan
30664,Shashi Kala
30665,Shashi Kapoor
30666,Shashi Sharma
30667,Shashi Tharan
30668,Shashikala
30669,Shataf Figar
30670,Shatina Chen
30671,Shatrughan Sinha
30672,Shaun Austin-Olsen
30673,Shaun Benson
30674,Shaun Chen
30675,Shaun Dingwall
30676,Shaun Dooley
30677,Shaun Fletcher
30678,Shaun Gerardo
30679,Shaun Jindachote
30680,Shaun Johnston
30681,Shaun Pye
30682,Shaun Smyth
30683,Shaun Toub
30684,Shaun Williamson
30685,Shaun Wu
30686,Shauna MacDonald
30687,Shauna Macdonald
30688,Shauna Shim
30689,Shaunak Sengupta
30690,Shaurya Bhardawaj
30691,Shavaughn Ruakere
30692,Shavendra Mahal
30693,Shavidee Trotter
30694,Shavinder Mahal
30695,Shawankorn Wanthanapisitkul
30696,Shawar Ali
30697,Shawn Ashmore
30698,Shawn Christian
30699,Shawn Doyle
30700,Shawn Faqua
30701,Shawn Fitzgibbon
30702,Shawn Hatosy
30703,Shawn Levy
30704,Shawn Mendes
30705,Shawn Michaels
30706,Shawn Pilot
30707,Shawn Prince
30708,Shawn Roberts
30709,Shawn Thompson
30710,Shawn Wayans
30711,Shawn Yue
30712,Shawna Waldron
30713,Shawne Merriman
30714,Shawqi Shamekh
30715,Shawtane Bowen
30716,Shay Mitchell
30717,Shay Rudolph
30718,Shayan Munshi
30719,Shayle Simons
30720,Shaylee Mansfield
30721,Shayne Topp
30722,Shaz Khan
30723,Shazad Latif
30724,Shazia Nicholls
30725,Shea Buckner
30726,Shea Whigham
30727,Sheeba
30728,Sheeba Chaddha
30729,Sheela Rajkumar
30730,Sheetal Singh
30731,Sheetal Thakur
30732,Shefali
30733,Shefali Chauhan
30734,Shefali Shah
30735,Shehab Ibrahim
30736,Sheheryar Munawar
30737,Shehzad Khan
30738,Sheila Campbell
30739,Sheila Collings
30740,Sheila Dara
30741,Sheila E.
30742,Sheila Frazier
30743,Sheila Gish
30744,Sheila Hancock
30745,Sheila Moylette
30746,Sheila Sim
30747,Sheila Vand
30748,Shek Sau
30749,Shekar Shukla
30750,Shelby Alicea
30751,Shelby Leverington
30752,Shelby Simmons
30753,Shelby Wulfert
30754,Sheldon A. Smith
30755,Sheldon Best
30756,Shelia Dara
30757,Shelley Calene-Black
30758,Shelley Duvall
30759,Shelley Hennig
30760,Shelley Long
30761,Shelley Longworth
30762,Shelley Thompson
30763,Shelley Winters
30764,Shemar Moore
30765,Shen Chan
30766,Shen Chang Hung
30767,Shen Hai Jung
30768,Shen Hai-jung
30769,Shen Lin
30770,Shen Teng
30771,Shen Yu
30772,Shen Yue
30773,Shenaz Treasury
30774,Shenell Edmonds
30775,Sheng Chiang
30776,Sheng Fu
30777,Sheng Guansen
30778,Shengyi Huang
30779,Shenina Cinnamon
30780,Shenthy Feliziana
30781,Shenty Feliziana
30782,Shepsut Wilson
30783,Sheranut Yusananda
30784,Shereen Reda
30785,Sheri Foster
30786,Sheridan Smith
30787,Sherie Merlis
30788,Sherif Boray
30789,Sherif Mounir
30790,Sherif Salama
30791,Sherihan
30792,Sherilyn Fenn
30793,Sherilyn Pang Li Ching
30794,Sherine
30795,Sherine Reda
30796,Sherman Chung
30797,Sherman Howard
30798,Sherman Wong
30799,Shernaz Patel
30800,Shernaza
30801,Sherri Saum
30802,Sherri Shepherd
30803,Sherry Alhadad
30804,Sherry Stringfield
30805,Shery Adel
30806,Sheryl Crow
30807,Sheryl Lee
30808,Sheryl Lee Ralph
30809,Sheryl Sheinafia
30810,Sheryl Underwood
30811,Shi An
30812,Shi Liang
30813,Shi Shi
30814,Shi-hoo Kim
30815,Shia LaBeouf
30816,Shido Nakamura
30817,Shiga Lin
30818,Shigeo Kiyama
30819,Shigeru Chiba
30820,Shigeru Sugimoto
30821,Shigeru Ushiyama
30822,Shih Chieh King
30823,Shih Ming-shuai
30824,Shikha Shalu Varma
30825,Shiki Aoki
30826,Shikoo
30827,Shiloh Fernandez
30828,Shiloh Nelson
30829,Shiloh Verrico
30830,Shilpa Iyer
30831,Shilpa Mehta
30832,Shilpa Shetty
30833,Shilpa Shukla
30834,Shim Dal-gi
30835,Shim Eun-kyung
30836,Shim Hye-jin
30837,Shim Hyoung-tak
30838,Shim So-young
30839,Shima Anuar
30840,Shimon Okura
30841,Shin Ae-ra
30842,Shin Dong-mi
30843,Shin Eun-jung
30844,Shin Eun-soo
30845,Shin Gu
30846,Shin Ha-kyun
30847,Shin Hye-sun
30848,Shin Hyeon-seung
30849,Shin Hyun-joon
30850,Shin Jae-ha
30851,Shin Jung-geun
30852,Shin Koyanagi
30853,Shin Min-a
30854,Shin Mina
30855,Shin Mun-seong
30856,Shin Sae-kyeong
30857,Shin Seung-ho
30858,Shin So-yul
30859,Shin Su-ho
30860,Shin Sung-rok
30861,Shin Yi
30862,Shin Yong-woo
30863,Shin-ae Seo
30864,Shin-il Kang
30865,Shine Tom Chacko
30866,Shinee
30867,Shinei Ueki
30868,Shiney Ahuja
30869,Shiney Prakash
30870,Shingo Kato
30871,Shinichi Shinohara
30872,Shinichiro Miki
30873,Shinji Aramaki
30874,Shinji Kawada
30875,Shinji Rokkaku
30876,Shinji Saito
30877,Shinji Uchiyama
30878,Shinnosuke Mitsushima
30879,Shinnosuke Ogami
30880,Shinnosuke Tachibana
30881,Shino Ikenami
30882,Shinobu Adachi
30883,Shinobu Terajima
30884,Shinpachi Tsuji
30885,Shinsuke Kato
30886,Shintaro Asanuma
30887,Shintaro Tanaka
30888,Shiny Gogoi
30889,Shiny Yao
30890,Shinya Niiro
30891,Shinya Tsukamoto
30892,Shioli Kutsuna
30893,Shion Shimizu
30894,Shiori Doi
30895,Shiori Enatsu
30896,Shiori Izawa
30897,Shiori Mikami
30898,Shira Haas
30899,Shireen Strooker
30900,Shirin Sewani
30901,Shirin Yazdanbakhsh
30902,Shirine Boutella
30903,Shirish
30904,Shirley Henderson
30905,Shirley Knight
30906,Shirley MacLaine
30907,Shirley Marulanda
30908,Shirley Rumierk
30909,Shirley Setia
30910,Shirley Souagnon
30911,Shiro Saito
30912,Shishir Inocalla
30913,Shishir Sharma
30914,Shitanshu Kumar Sharad
30915,Shiv Pandit
30916,Shiva
30917,Shiva Dawar
30918,Shiva Negar
30919,Shivaji Guruvayoor
30920,Shivaji Satham
30921,Shivalati Bokil
30922,Shivam Patil
30923,Shivam Pradhan
30924,Shivani Bhai
30925,Shivani Ghai
30926,Shivani Joshi
30927,Shivani Raghuvanshi
30928,Shivani Rangole
30929,Shivani Tanksale
30930,Shivantha Wijesinha
30931,Shivatmika Rajasekhar
30932,Shiviske Shivisi
30933,Shivkumar Subramaniam
30934,Shizuka Ishigami
30935,Shizuka Ito
30936,Shlomo Shitrit
30937,Shmulik Levy
30938,Sho Aoyagi
30939,Sho Hayami
30940,Sho Ikushima
30941,Sho Kasamatsu
30942,Shobana
30943,Shodai Fukuyama
30944,Shofia Shireen
30945,Shohei Miura
30946,Shohei Uno
30947,Shohreh Aghdashloo
30948,Shoko Nakagawa
30949,Shoko Nakajima
30950,Shoko Takada
30951,Shola Adewusi
30952,Shona Ferguson
30953,Shona Hamill
30954,Shondrella Avery
30955,Shone Romulus
30956,Shono Hayama
30957,Shoq Emara
30958,Shosei Oda
30959,Shoshana Sperling
30960,Shoshannah Stern
30961,Shota Shimoda
30962,Shota Sometani
30963,Shota Watanabe
30964,Shotaro Mamiya
30965,Shotty Horroh
30966,Shoukath Ansari
30967,Shoukry Sarhan
30968,Showkar Janaki
30969,Showtaro Morikubo
30970,Shoya Chiba
30971,Shoya Ishige
30972,Shozo Iizuka
30973,Shraddha Kapoor
30974,Shraddha Srinath
30975,Shradha Das
30976,Shray Rai Tiwari
30977,Shree Cooks
30978,Shree Crooks
30979,Shree Gopika
30980,Shreedhar Dubey
30981,Shreeram
30982,Shreeram Lagoo
30983,Shreiya Sabharwal
30984,Shresth Kumar
30985,Shrey Bawa
30986,Shreya Anchan
30987,Shreya Chawla
30988,Shreya Mehta
30989,Shreya Narayan
30990,Shreya Reddy
30991,Shreya Sharma
30992,Shreyas Gurav
30993,Shreyas Talpade
30994,Shri Vallabh Vyas
30995,Shridhar Watsar
30996,Shrijato Banerjee
30997,Shrikant Naidu
30998,Shrikant Verma
30999,Shrikant Yadav
31000,Shrikanth Iyyangar
31001,Shriram Ranade
31002,Shriswara
31003,Shriya Pilgaonkar
31004,Shriya Saran
31005,Shriya Sharma
31006,Shrusti Dange
31007,Shruthi Haasan
31008,Shruthy Menon
31009,Shruti Bapna
31010,Shruti Haasan
31011,Shruti Marathe
31012,Shruti Seth
31013,Shruti Sharma
31014,Shruti Sodhi
31015,Shruti Viswan
31016,Shu Pei Sun
31017,Shu Qi
31018,Shuaibu Ebenesi Adams
31019,Shubh Ghumman
31020,Shubha Khote
31021,Shubham Chintamani
31022,Shubham Saraf
31023,Shubham Tukaram
31024,Shubhangi Damle
31025,Shubhangi Latkar
31026,Shubhangi Tambale
31027,Shubhankar Atre
31028,Shubhankar Tawde
31029,Shubrajyoti Barat
31030,Shugo Nagashima
31031,Shuhei Uesugi
31032,Shuichi Ikeda
31033,Shujoon
31034,Shun Oguri
31035,Shun Sugata
31036,Shun Takagi
31037,Shunji Fujimura
31038,Shunori Ramanathan
31039,Shunsuke Daitoh
31040,Shunsuke Motoi
31041,Shunsuke Sakuya
31042,Shunsuke Takeuchi
31043,Shunsuke Tanaka
31044,Shuntaro Yanagi
31045,Shunya Shiraishi
31046,Shuri Tanaka
31047,Shushu Abubakar
31048,Shuya Chang
31049,Shweta Basu Prasad
31050,Shweta Bhardwaj
31051,Shweta Kumar
31052,Shweta Mehendale
31053,Shweta Menon
31054,Shweta Pandit
31055,Shweta Prasad
31056,Shweta Tripathi
31057,Shwetambari Ghute
31058,Shwetha
31059,Shy Carlos
31060,Shylo Molina
31061,Shyrley Rodriguez
31062,Shô Kosugi
31063,Si Chao
31064,Si Nguyen
31065,Si Won Ryu
31066,Si-eon Lee
31067,Si-kyung Sung
31068,Sia
31069,Sian Proctor
31070,Sian Reese-Williams
31071,Sian Taylor
31072,Sibabalwe Ngqayana
31073,Sibongile Khumalo
31074,Sibongile Mlambo
31075,Sibulele Gcilitshana
31076,Sibusiso Msimang
31077,Sibusiso Nxumalo
31078,Sibylla Deen
31079,Sicily Johnson
31080,Sid Burston
31081,Sid Caesar
31082,Sid Haig
31083,Sid Mallya
31084,Siddarth
31085,Siddarth Jadhav
31086,Siddartha Basu
31087,Siddhant Kapoor
31088,Siddhant Karnick
31089,Siddharth
31090,Siddharth Bharadwaj
31091,Siddharth Boro
31092,Siddharth Chandekar
31093,Siddharth Dudeja
31094,Siddharth Jadhav
31095,Siddharth Kak
31096,Siddharth Kher
31097,Siddharth Koirala
31098,Siddharth Menon
31099,Siddharth Randeria
31100,Siddharth Vasudev
31101,Siddhu Jonnalagadda
31102,Siddique
31103,Sidharth Malhotra
31104,Sidharth Shukla
31105,Sidhartha Maadhyamika
31106,Sidhartha Siva
31107,Sidney Alexandre
31108,Sidney Blackmer
31109,Sidney Kean
31110,Sidné Anderson
31111,Sidse Babett Knudsen
31112,Sieger Sloot
31113,Siena Agudong
31114,Siena Goines
31115,Sienna Bohn
31116,Sienna Guillory
31117,Sienna Miller
31118,Sierra Aylina McClain
31119,Sierra Bustos
31120,Sierra Capri
31121,Sierra Li
31122,Sierra McCormick
31123,Sifiso Ntuli
31124,Sigourney Weaver
31125,Sigrid Bouaziz
31126,Sigrid Thornton
31127,Sigrid ten Napel
31128,Sigurdur Jonsson
31129,Sigurður Skúlason
31130,Sihame Haddad
31131,Sihle Xaba
31132,Sijoy Varghese
31133,Sika Osei
31134,Sikander Kher
31135,Silas Carson
31136,Silje Drensgrud
31137,Silje Torp
31138,Silk Road
31139,Silk Smitha
31140,Silma López
31141,Silvanus Saow
31142,Silverio Palacios
31143,Silvestre Rasuk
31144,Silvetty Montilla
31145,Silvia Abascal
31146,Silvia Alonso
31147,Silvia Busuioc
31148,Silvia D'Amico
31149,Silvia Gallerano
31150,Silvia Mariscal
31151,Silvia Marty
31152,Silvia Navarro
31153,Silvia Pasquel
31154,Silvia Pérez
31155,Silvia Pérez Cruz
31156,Silvio Muccino
31157,Silvio Pollio
31158,Silvio Rodas
31159,Simbi Khali
31160,Simbiatu Ajikawo
31161,Simeon Henderson
31162,Simi Adejumo
31163,Simi Ogunleye
31164,Simi Raheal
31165,Simja Dujov
31166,Simo Mogwaza
31167,Simon Amstell
31168,Simon Baker
31169,Simon Bird
31170,Simon Burke
31171,Simon Callow
31172,Simon Cowell
31173,Simon Delaney
31174,Simon Dutton
31175,Simon Ehrlacher
31176,Simon Elrahi
31177,Simon Emanuel
31178,Simon Farnaby
31179,Simon Foster
31180,Simon Greenall
31181,Simon Hatzl
31182,Simon Helberg
31183,Simon Ibarra
31184,Simon Kunz
31185,Simon Lian
31186,Simon Lipkin
31187,Simon MacCorkindale
31188,Simon McBurney
31189,Simon Merrells
31190,Simon Mezher
31191,Simon Paisley-day
31192,Simon Paul Mutuyimana
31193,Simon Pegg
31194,Simon Phillips
31195,Simon Prebble
31196,Simon Pryce
31197,Simon Quarterman
31198,Simon Rex
31199,Simon Reynolds
31200,Simon Russell Beale
31201,Simon Schwarz
31202,Simon Sears
31203,Simon Ward
31204,Simon Woods
31205,Simon Yam
31206,Simona Berman
31207,Simona Brown
31208,Simona Stasová
31209,Simona Wang
31210,Simone Bailly
31211,Simone Baker
31212,Simone Borelli
31213,Simone Colombari
31214,Simone Craddock
31215,Simone Kessell
31216,Simone Kirby
31217,Simone McAullay
31218,Simone Missick
31219,Simone Singh
31220,Simone Walker
31221,Simple Kapadia
31222,Simran
31223,Simran Choudhary
31224,Simran Jehani
31225,Simran Kaur Mundi
31226,Simran Natekar
31227,Simran Sehajpal
31228,Simrat Kaur
31229,Simu Liu
31230,Sin Wong
31231,Sinan Bengier
31232,Sinan Farhangmehr
31233,Sinan Çalışkanoğlu
31234,Sinbad
31235,Sindbad Phgura
31236,Sindhu Sreenivasa Murthy
31237,Sinead Matthews
31238,Sinem Kobal
31239,Singam Puli
31240,Singh Hartihan Bitto
31241,Singri Gowda
31242,Sinjai Plengpanich
31243,Sinoj Varghese
31244,Sinqua Walls
31245,Sinéad Cusack
31246,Siobhan Fallon Hogan
31247,Siobhan Finneran
31248,Siobhan McKenna
31249,Siobhan McSweeney
31250,Siobhan Murphy
31251,Siobhan Williams
31252,Siphosethu Ngcetane
31253,Sippy Gill
31254,Sir Roger Moore
31255,Sira Alonso de Alarcón
31256,Sirachuch Chienthaworn
31257,Sirapop Daongern
31258,Siria Simeoni
31259,Siribanchawan Jidapa
31260,Sirin Horwang
31261,Sirinya Tantipongwatana
31262,Sirivennela Yanamandhala
31263,Sisanda Henna
31264,Sisca JKT48
31265,Sisca Jessica
31266,Sisir Tanah
31267,Sisley Choi
31268,Sissi Duparc
31269,Sissi Fleitas
31270,Sissy Priscillia
31271,Sissy Spacek
31272,Sistar
31273,Sister Carol East
31274,Sita Maharavidejakorn
31275,Sita Nursanti
31276,Sitang Punnapob
31277,Sitaram Panchal
31278,Sitha Marino
31279,Siti Saleha
31280,Siu Yam Yam
31281,Siu-Ho Chin
31282,Siu-See Hung
31283,Siva Ananth
31284,Sivagorn Muttamara
31285,Sivakorn Adulsuttikul
31286,Sivakumar Palakrishnan
31287,Sivan Alyra Rose
31288,SixTONES
31289,Sixtine Murat
31290,Skai Jackson
31291,Skand Thakur
31292,Skeet Ulrich
31293,Skei Saulnier
31294,Ski Carr
31295,Sky Alexis
31296,Sky Elobar
31297,Sky Ferreira
31298,Sky Sudberry
31299,Sky Teotico
31300,Skye Nateeton Wongrawee
31301,Skye Sutherland
31302,Skylan Brooks
31303,Skylar Astin
31304,Skylar Gaertner
31305,Skylar Gasper
31306,Skyler Gisondo
31307,Skyler Shaye
31308,Skyler Stone
31309,Sladen Peltier
31310,Slaine
31311,Slamet Rahardjo
31312,Slavoj Zizek
31313,Slick Woods
31314,Slimane
31315,Slimane Dazi
31316,Sloane Shelton
31317,Sloane Warren
31318,Smaran Sahu
31319,Smeep Kang
31320,Smile Weng
31321,Smiley Suri
31322,Smita Bansal
31323,Smita Jaykar
31324,Smita Malhotra
31325,Smita Patil
31326,Smita Shewale
31327,Smita Tambe
31328,Smith Foreman
31329,Smith Seth
31330,Sne Mbatha
31331,Sneha Kapoor
31332,Sneha Koorse
31333,Sneha Ravishankar
31334,Sneha Ullal
31335,Snoop Dogg
31336,Snow Man
31337,So Ji-sub
31338,So Joo-yeon
31339,So Wai Chuen
31340,So-hui Yoon
31341,So-hyun Kim
31342,So-min Jung
31343,So-ri Moon
31344,So-yeon
31345,So-yeon Kim
31346,So-yeon Lee
31347,So-yeong Hong
31348,So-yeong Lee
31349,So-yi Yoon
31350,So-young Yoo
31351,Soad Nasr
31352,Sobhita Dhulipala
31353,Socheata Sveng
31354,Socratis Otto
31355,Soefira Jaafar
31356,Sofia Andres
31357,Sofia Bent
31358,Sofia Black D'Elia
31359,Sofia Black-D'Elia
31360,Sofia Boutella
31361,Sofia Bryant
31362,Sofia Carson
31363,Sofia Coppola
31364,Sofia Deler
31365,Sofia Eng
31366,Sofia Hasmik
31367,Sofia Hublitz
31368,Sofia Lesaffre
31369,Sofia Shinas
31370,Sofia Vassilieva
31371,Sofia Wylie
31372,Sofian Khammes
31373,Sofiane Zermani
31374,Sofie Gråbøl
31375,Sofiko Chiaureli
31376,Sofinar
31377,Sofía Araujo
31378,Sofía Castro
31379,Sofía Gala
31380,Sofía Gala Castiglione
31381,Sofía Garza
31382,Sofía Lama
31383,Sofía Niño de Rivera
31384,Sofía Sisniega
31385,Sofía Vergara
31386,Sofía de Llaca
31387,Soha Ali Khan
31388,Sohag Sen
31389,Sohai Ali Abro
31390,Sohail Khan
31391,Sohail Malik
31392,Sohail Shaikh
31393,Sohaila Kapoor
31394,Soham Chakraborty
31395,Sohayb Godus
31396,Sohee
31397,Sohn Chang-min
31398,Sohrab Ardeshir
31399,Sohrab Nazari
31400,Sohta Arai
31401,Sohum Shah
31402,Soibifaa Dokubo
31403,Soichi Hirama
31404,Soichiro Hoshi
31405,Sok Visal
31406,Soki Matsumoto
31407,Sol Gaschetto
31408,Sol Miranda
31409,Sol Moreno
31410,Sola Fosudo
31411,Sola Sobowale
31412,Solange Ojong
31413,Solbi
31414,Solbjørg Højfeldt
31415,Soledad Silveyra
31416,Soledad Villamil
31417,Soleh Solihun
31418,Soleiman Eid
31419,Soliman Cruz
31420,Soliman Elyassin
31421,Solo
31422,"Solvan ""Slick"" Naim"
31423,Soma Bhatia
31424,Soma Chhaya
31425,Soma Saito
31426,Somaya El Khashab
31427,Somchai Kemglad
31428,Somegoro Ichikawa
31429,Somer Karvan
31430,Somkele Iyamah
31431,Somlek Sakdikul
31432,Sommore
31433,Somnath Awghade
31434,Somy Ali
31435,Somyos Matures
31436,Son Byung-ho
31437,Son Dam-bi
31438,Son Eun-seo
31439,Son Ho-jun
31440,Son Hyeon-ju
31441,Son Hyun-joo
31442,Son Khoury
31443,Son Na-eun
31444,Son Sang-yeon
31445,Son Se-bin
31446,Son Songpaisarn
31447,Son Suk-ku
31448,Son Sung-yoon
31449,Son Tae-young
31450,Son Tung M-TP
31451,Son Ye-jin
31452,Sona Eyambe
31453,Sonakshi Sinha
31454,Sonal Chauhan
31455,Sonal Jha
31456,Sonal Joshi
31457,Sonal Kaushal
31458,Sonal Sehgal
31459,Sonalee Kulkarni
31460,Sonali Bendre
31461,Sonali Kulkarni
31462,Sonali Sachdev
31463,Sonalli Sehgall
31464,Sonam
31465,Sonam Bajwa
31466,Sonam Kapoor
31467,Sonam Stobgais
31468,Sonamoni Jayant Gadekar
31469,Sondra Locke
31470,Sonequa Martin-Green
31471,Song Chae-yun
31472,Song Geon-hee
31473,Song Ha-rim
31474,Song Hanyu
31475,Song Hye-kyo
31476,Song Il-gook
31477,Song Jae-ryong
31478,Song Ji-eun
31479,Song Ji-hyo
31480,Song Ji-in
31481,Song Jia
31482,Song Jong-ho
31483,Song Joong-ki
31484,Song Kang
31485,Song Kang-ho
31486,Song Naigang
31487,Song Sae-byeok
31488,Song Sang-eun
31489,Song Seung-heon
31490,Song Seung-hwan
31491,Song Sun-mi
31492,Song Wenzuo
31493,Song Yoon-a
31494,Song Young-chang
31495,Song Young-kyu
31496,Songha
31497,Songsit Roongnophakunsri
31498,Songül Öden
31499,Soni Bringas
31500,Soni Razdan
31501,Sonia Acevedo
31502,Sonia Almarcha
31503,Sonia Bindra
31504,Sonia Braga
31505,Sonia Couling
31506,Sonia Dhillon
31507,Sonia Giri
31508,Sonia Hussain
31509,Sonia Mann
31510,Sonia Sahni
31511,Sonia Sui
31512,Soniya Mehra
31513,Sonja Ball
31514,Sonja Halla-aho
31515,Sonja Herholdt
31516,Sonja Richter
31517,Sonja Sohn
31518,Sonja Vukićević
31519,Sonny Bustamante
31520,Sonny Chiba
31521,Sonny Lindberg
31522,Sonny McDon
31523,Sonny Rollins
31524,Sonny Surowiec
31525,Sonosuke Hattori
31526,Sonoya Mizuno
31527,Sonu Sood
31528,Sonya Balmores
31529,Sonya Balmores Chung
31530,Sonya Cassidy
31531,Sonya Jehan
31532,Sonya Leslie
31533,Sonya Priss
31534,Sonya Smith
31535,Sonya Walger
31536,Soo-an Kim
31537,Soo-bin
31538,Soo-bin Bae
31539,Soo-geun Lee
31540,Soo-hyun Hong
31541,Soo-hyun Lee
31542,Soo-jeong Ye
31543,Soo-jin Kyung
31544,Soo-kyung Lee
31545,Soo-yeon Kim
31546,Soo-young Park
31547,Soon-Tek Oh
31548,Soon-won Lee
31549,Sooraj Balaji
31550,Sooraj Pancholi
31551,Sooraj Tapar
31552,Soori
31553,Sophia Albarakbah
31554,Sophia Bush
31555,Sophia Crawford
31556,Sophia Di Martino
31557,Sophia Ellis
31558,Sophia Getz
31559,Sophia Isabella
31560,Sophia La Porta
31561,Sophia Latjuba
31562,Sophia Lillis
31563,Sophia Loren
31564,Sophia Morrison
31565,Sophia Myles
31566,Sophia Tatum
31567,Sophia Thomalla
31568,Sophie Alakija
31569,Sophie Alexander-Katz
31570,Sophie Cookson
31571,Sophie Faulkenberry
31572,Sophie Fletcher
31573,Sophie Grace
31574,Sophie Guillemin
31575,Sophie Gómez
31576,Sophie Kennedy Clark
31577,Sophie Kim
31578,Sophie Landresse
31579,Sophie Letourneur
31580,Sophie Linfield
31581,Sophie Lowe
31582,Sophie Marceau
31583,Sophie McShera
31584,Sophie Mounicot
31585,Sophie Mousel
31586,Sophie Nélisse
31587,Sophie Okonedo
31588,Sophie Robinson
31589,Sophie Rois
31590,Sophie Rundle
31591,Sophie Simnett
31592,Sophie Skelton
31593,Sophie Stevens
31594,Sophie Thatcher
31595,Sophie Thompson
31596,Sophie Traub
31597,Sophie Turner
31598,Sophie Vavasseur
31599,Sophie Verbeeck
31600,Sophie Ward
31601,Sophie Winkleman
31602,Sophie Wu
31603,Sophiya Chaudhary
31604,Sopitnapa Choompanee
31605,Sora Amamiya
31606,Sora Aoi
31607,Sora Ma
31608,Soranut Yupanun
31609,Soraya Khoury
31610,Sorcha Cusack
31611,Sorcha Groundsell
31612,Sornam
31613,Sornram Tappituk
31614,Sornsin Maneewan
31615,Sosie Bacon
31616,Soso Rungqu
31617,Sota Fukushi
31618,Sota Shinohara
31619,Sothea Khoun
31620,Sotida Arpon
31621,Souad Abdullah
31622,Souad Massi
31623,Souad al-Husseini
31624,Soubin Shahir
31625,Soufiane Guerrab
31626,Souheir El Morshidy
31627,Souleymane M'Baye
31628,Souleymane Sy Savane
31629,Soumitra Chatterjee
31630,Soumyak Kanti DeBiswas
31631,Soundar
31632,Soundos El Ahmadi
31633,Soungdok
31634,Sourav Chakraborty
31635,Soussan Farrokhnia
31636,Soxy Topacio
31637,Soyeon
31638,Spalding Gray
31639,Spark Chen
31640,Sparsh Shrivastava
31641,Spencer Boldman
31642,Spencer Breslin
31643,Spencer Drever
31644,Spencer Garrett
31645,Spencer Grammer
31646,Spencer House
31647,Spencer Liff
31648,Spencer List
31649,Spencer Locke
31650,Spencer MacPherson
31651,Spencer Neville
31652,Spencer Rothbell
31653,Spencer Sutherland
31654,Spencer Treat Clark
31655,Spike Jonze
31656,Spike Lee
31657,Spike Spencer
31658,Sprague Grayden
31659,Spruha Joshi
31660,Sqikin Kamal
31661,Sreejith Ravi
31662,Sreekanth Dasan
31663,Sreekanth Menon
31664,Sreekanth Murali
31665,Sreekumar
31666,Sreela Mazumdar
31667,Sreelekha Mitra
31668,Sreenath Bhasi
31669,Sreenivasan
31670,Sreymoch Sareum
31671,Sreyneang Oun
31672,Sri Lakshmi
31673,Sri Muktha
31674,Sridevi
31675,Sridhar Rangayan
31676,Srikanth Mullagiri
31677,Srilekha Rajendran
31678,Srinivas Avasarala
31679,Srishti Jain
31680,Srishti Shrivastava
31681,Sruthi Hariharan
31682,Stacey Asaro
31683,Stacey Dash
31684,Stacey DePass
31685,Stacey Oristano
31686,Stacey Sargeant
31687,Stacii Jae Johnson
31688,Stacy Haiduk
31689,Stacy Keach
31690,Stacy Martin
31691,Stacy Rock
31692,Stafford Douglas
31693,Stafford Perry
31694,Stan Carp
31695,Stan Lee
31696,Stan Nze
31697,Stan Walker
31698,Stana Katic
31699,Stanislas Merhar
31700,Stanislav Boklan
31701,Stanislav Moskvin
31702,Stanislaw Tym
31703,Stanisław Cywka
31704,Stanisława Celińska
31705,Stanley Anderson
31706,Stanley Baker
31707,Stanley Chibunna
31708,Stanley DeSantis
31709,Stanley Fung Sui-Fan
31710,Stanley Holloway
31711,Stanley Moore
31712,Stanley Sui-Fan Fung
31713,Stanley Tucci
31714,Stanley Unwin
31715,Starletta DuPois
31716,Stavroula Mountzouris
31717,Steef de Bot
31718,Steele Stebbins
31719,Steen Raskopoulos
31720,Steevens Benjamin
31721,Stef Aerts
31722,Stef Dawson
31723,Stefaan De Winter
31724,Stefan Brogren
31725,Stefan Gierasch
31726,Stefan Kapicic
31727,Stefan Kurt
31728,Stefan Merki
31729,Stefan Weinert
31730,Stefanee Martin
31731,Stefania LaVie Owen
31732,Stefanie Martini
31733,Stefanie Scott
31734,Stefano Cassetti
31735,Stefano DiMatteo
31736,Stefanía Gómez
31737,Steinar Sagen
31738,Steinunn Ólína Þorsteinsdóttir
31739,Stella Chung
31740,Stella Cornelia
31741,Stella Dlangalala
31742,Stella Gonet
31743,Stella Maeve
31744,Stella McCusker
31745,Stella Miranda
31746,Stella Schnabel
31747,Stella Shute
31748,Stellan Skarsgard
31749,Stellan Skarsgård
31750,Steph DuVall
31751,Steph Song
31752,Stephan James
31753,Stephan Kampwirth
31754,Stephan Lee Benson
31755,Stephane Cornicard
31756,Stephanie Anne Mills
31757,Stephanie Arcila
31758,Stephanie Beatriz
31759,Stephanie Bennett
31760,Stephanie Beran
31761,Stephanie Cayo
31762,Stephanie Cole
31763,Stephanie Courtney
31764,Stephanie D'Abruzzo
31765,Stephanie Escajeda
31766,Stephanie Figueira
31767,Stephanie Gil
31768,Stephanie Honoré
31769,Stephanie Jacobsen
31770,Stephanie Kurtzuba
31771,Stephanie Lee
31772,Stephanie Lemelin
31773,Stephanie Linus
31774,Stephanie Lynn Robinson
31775,Stephanie March
31776,Stephanie McVay
31777,Stephanie Nogueras
31778,Stephanie Okereke
31779,Stephanie Panisello
31780,Stephanie Romanov
31781,Stephanie Salas
31782,Stephanie Salem
31783,Stephanie Schildknecht
31784,Stephanie Sheh
31785,Stephanie Sigman
31786,Stephanie Simbari
31787,Stephanie Stremler
31788,Stephanie Sy
31789,Stephanie Szostak
31790,Stephanie Turner
31791,Stephanie Vogt
31792,Stephanie Young
31793,Stephanía Duque
31794,Stephen Ahanonu
31795,Stephen Amell
31796,Stephen Baldwin
31797,Stephen Barrington
31798,Stephen Bishop
31799,Stephen Boxer
31800,Stephen Campbell Moore
31801,Stephen Chow
31802,Stephen Clinch
31803,Stephen Colbert
31804,Stephen Collins
31805,Stephen Conroy
31806,Stephen Curry
31807,Stephen Demian
31808,Stephen Dillane
31809,Stephen Dorff
31810,Stephen Dunham
31811,Stephen Dupont
31812,Stephen Fry
31813,Stephen Fung
31814,Stephen Garlick
31815,Stephen Gevedon
31816,Stephen Graham
31817,Stephen Guarino
31818,Stephen Hawking
31819,Stephen Henderson
31820,Stephen Huszar
31821,Stephen Jennings
31822,Stephen Kramer Glickman
31823,Stephen Lang
31824,Stephen Lord
31825,Stephen Macht
31826,Stephen Mangan
31827,Stephen McGann
31828,Stephen McHattie
31829,Stephen Mendel
31830,Stephen Merchant
31831,Stephen Moyer
31832,Stephen O'Rourke
31833,Stephen Rannazzisi
31834,Stephen Rea
31835,Stephen Rider
31836,Stephen Root
31837,Stephen Schneider
31838,Stephen Singer
31839,Stephen Snedden
31840,Stephen Sondheim
31841,Stephen Spinella
31842,Stephen Stanton
31843,Stephen Stills
31844,Stephen Thorne
31845,Stephen Tobolowsky
31846,Stephen Wallem
31847,Stephen Walters
31848,Stephnie Weir
31849,Stephon Marbury
31850,Sterling Beaumon
31851,Sterling Hyltin
31852,Sterling Jerins
31853,Sterling K. Brown
31854,Sterling Knight
31855,Sterling Magee
31856,Sterling Sulieman
31857,Steve Agee
31858,Steve Aoki
31859,Steve Austin
31860,Steve Bacic
31861,Steve Baran
31862,Steve Bastoni
31863,Steve Berg
31864,Steve Bisley
31865,Steve Blount
31866,Steve Blum
31867,Steve Buscemi
31868,Steve Byers
31869,Steve Cardenas
31870,Steve Carell
31871,Steve Coogan
31872,Steve Coulter
31873,Steve Cumyn
31874,Steve Daron
31875,Steve Downes
31876,Steve Eastin
31877,Steve Evets
31878,Steve Gaines
31879,Steve Greene
31880,Steve Gutierrez
31881,Steve Guttenberg
31882,Steve Harris
31883,Steve Harvey
31884,Steve Hawk
31885,Steve Hicks
31886,Steve Hofmeyr
31887,Steve Howey
31888,Steve Kasan
31889,Steve Lantz
31890,Steve Leonard
31891,Steve Little
31892,Steve Lund
31893,Steve Madden
31894,Steve Martin
31895,Steve McQueen
31896,Steve Mouzakis
31897,Steve Nicolson
31898,Steve O'Connell
31899,Steve Oram
31900,Steve Oropeza
31901,Steve Park
31902,Steve Pemberton
31903,Steve Rackman
31904,Steve Rosenbaum
31905,Steve Sandvoss
31906,Steve Schirripa
31907,Steve Staley
31908,Steve Stamp
31909,Steve Tientcheu
31910,Steve Toussaint
31911,Steve Wall
31912,Steve Whitmire
31913,Steve Yap
31914,Steve Young
31915,Steve Zahn
31916,Steve-O
31917,Steven Afrikaner
31918,Steven Bauer
31919,Steven Berkoff
31920,Steven Blades
31921,Steven Bognar
31922,Steven Cabral
31923,Steven Cheung
31924,Steven Chiang
31925,Steven Cree
31926,Steven Crowley
31927,Steven Dell
31928,Steven Grayhm
31929,Steven Krueger
31930,Steven Kynman
31931,Steven Lee Johnson
31932,Steven Love
31933,Steven M. Porter
31934,Steven Mackintosh
31935,Steven Martini
31936,Steven Michael Quezada
31937,Steven Moffat
31938,Steven Ogg
31939,Steven Pasquale
31940,Steven Prescod
31941,Steven R. McQueen
31942,Steven Richens
31943,Steven Rinella
31944,Steven Rishard
31945,Steven Seagal
31946,Steven Sean Garland
31947,Steven Silver
31948,Steven Skyler
31949,Steven Spielberg
31950,Steven Strait
31951,Steven Swadling
31952,Steven Tan
31953,Steven Van Zandt
31954,Steven Waddington
31955,Steven Weber
31956,Steven Williams
31957,Steven Yaffee
31958,Steven Yeun
31959,Stevie Lynn Jones
31960,Stevie Payne
31961,Stevie Wonder
31962,Stewart Lee
31963,Sthembiso Khoza
31964,Sticky Fingaz
31965,Stig Alred
31966,Stig Amdam
31967,Stig Eldred
31968,Stig R. Amdam
31969,Stijn Fransen
31970,Stijn Van Opstal
31971,Stina Rautelin
31972,Sting
31973,Stink Fisher
31974,Stipe Erceg
31975,Stockard Channing
31976,Stony Blyden
31977,Storm Reid
31978,Stormi Henley
31979,Strother Martin
31980,Stu Bennett
31981,Stuart Allan
31982,Stuart Bowman
31983,Stuart Graham
31984,Stuart Greer
31985,Stuart Manning
31986,Stuart Martin
31987,Stuart Pankin
31988,Stuart Stone
31989,Stuart Varnam-Atkin
31990,Stuart Wells
31991,Stuart Wilson
31992,Studs Terkel
31993,Stuti Dwivedi
31994,Stycie Waweru
31995,Stéfi Celma
31996,Stéphan Castang
31997,Stéphane Audran
31998,Stéphane Brel
31999,Stéphane Caillard
32000,Stéphane De Groodt
32001,Stéphane Debac
32002,Stéphane Guillon
32003,Stéphane Jobert
32004,Stéphane Pitti
32005,Stéphane Rideau
32006,Su Ae
32007,Su Douglas
32008,Su Ke
32009,Su Kutlu
32010,Su Li-hsin
32011,Su Mengdi
32012,Su Yen-ti
32013,Su-Yun Ko
32014,Su-jong Choi
32015,Suangporn Jaturaphut
32016,Suanne Braun
32017,Suat Sungur
32018,Suave
32019,Subaru Kimura
32020,Subba Rao Vepada
32021,Subbaraju
32022,Subbu Panchu
32023,Subbu Talabi
32024,Subhajit Das
32025,Subhash Ghai
32026,Subhashini Ali
32027,Subhrajyoti Barat
32028,Subiksha
32029,Subodh Bhave
32030,Suboi
32031,Subrat Dutta
32032,Suchada Tongam
32033,Suchandra Vaaniya
32034,Suchao Pongwilai
32035,Suchaya Saenkhot
32036,Suchendra Prasad
32037,Sucheta Khanna
32038,Suchita Trivedi
32039,Suchitra Bandekar
32040,Suchitra Krishnamoorthi
32041,Suchitra Pillai
32042,Suda Chuenban
32043,Sudeep
32044,Sudeepa Singh
32045,Sudha Chandran
32046,Sudha Shivpuri
32047,Sudhakar
32048,Sudhanshu Aggarwal
32049,Sudhanshu Pandey
32050,Sudheer Babu
32051,Sudheer Karamana
32052,Sudheesh
32053,Sudhi Koppa
32054,Sudhir
32055,Sudhir Chowdhary
32056,Sudhir Joshi
32057,Sudhir Mishra
32058,Sudhir Nema
32059,Sudhir Pandey
32060,Sudip Mukherjee
32061,Sudipta Chakraborty
32062,Sudipto Chattopadhyay
32063,Sue Elliot Nicholls
32064,Sue Johnston
32065,Sue Lyon
32066,Sue Perkins
32067,Sue Prado
32068,Sue Ramirez
32069,Sue Son
32070,Sue Swan
32071,Sue-Ann Leeds
32072,Sugar Ray Leonard
32073,Sugeeta Chandran
32074,Suguru Inoue
32075,Suha Gezen
32076,Suhaas Ahuja
32077,Suhaas Khandke
32078,Suhail Dabbach
32079,Suhail Haddad
32080,Suhail Nayyar
32081,Suhair El-Babili
32082,Suhani Bhatnagar
32083,Suhartini
32084,Suhas Bhalekar
32085,Suhas Joshi
32086,Suhas P
32087,Suhas Palshikar
32088,Suhas Sirsat
32089,Suhasini
32090,Suhasini Mulay
32091,Suhel Seth
32092,Suhita Thatte
32093,Sujan Mukherjee
32094,Sujata Bakshi
32095,Sujata Kumar
32096,Sujata Sehgal
32097,Sujaya Dasgupta
32098,Sujit Kumar
32099,Sujith Sankar
32100,Sujith Shankar
32101,Sujiwo Tedjo
32102,Suk-kyu Han
32103,Sukania Venugopal
32104,Sukant Goel
32105,Sukha Belle Potter
32106,Sukhbir Kaur Lamba
32107,Sukhbir Singh
32108,Sukhdev Barnala
32109,Sukhjinder Shera
32110,Sukhmani Sadana
32111,Sukhwinder Chahal
32112,Sukhwinder Sohi
32113,Suki Waterhouse
32114,Sukirti Kandpal
32115,Sukki Singapora
32116,Sukollawat Kanarot
32117,Sulabha Arya
32118,Sulakshana Baruah
32119,Sulakshana Pandit
32120,Sulayman Id
32121,Suleka Mathew
32122,Sulekha Talvalkar
32123,Suliane Brahim
32124,Sullivan Jones
32125,Sullivan Loyez
32126,Sullivan Stapleton
32127,Sulochana Chatterjee
32128,Sultan
32129,Sultan Al Assaf
32130,Sultan Alkhail
32131,Sultan Hussain
32132,Sultan Köroğlu Kılıç
32133,Suma Bhattacharya
32134,Sumalee Montano
32135,Suman
32136,Suman Banerjee
32137,Suman Mukhopadhyay
32138,Suman Talwar
32139,Sumanta Mukherjee
32140,Sumanth Shailendra
32141,Sumanto Chattopadhyay
32142,Sumeet Nijhawan
32143,Sumeet Raghvan
32144,Sumeet Sandhu
32145,Sumeet Thakur
32146,Sumeet Vyas
32147,Sumesh
32148,Sumet Ong-Art
32149,Sumi Shimamoto
32150,Sumiko Fuji
32151,Sumire
32152,Sumire Morohoshi
32153,Sumire Uesaka
32154,Sumit Chakravarti
32155,Sumit Kaul
32156,Sumit Suri
32157,Sumita Majumdar
32158,Sumitra Bhave
32159,Sumitra Duangkaew
32160,Summer Bishil
32161,Summer Fontana
32162,Summer Glau
32163,Summer H. Howell
32164,Summer Meng
32165,Summer Strallen
32166,Sumona Chakravarti
32167,Sumontha Suanpolrat
32168,Sumret Muengput
32169,Sumriddhi Shukla
32170,Sumruddhi Shukla
32171,Sun Chenjun
32172,Sun Chien
32173,Sun Jialing
32174,Sun Ke-fang
32175,Sun Li
32176,Sun Li Man
32177,Sun Lulu
32178,Sun Ning
32179,Sun Qian
32180,Sun Sung-wook
32181,Sun Xilun
32182,Sun Yizhou
32183,Sun-Young Park
32184,Sun-gyu Jin
32185,Sun-kyung Kim
32186,Suna Yıldızoğlu
32187,Sunaina
32188,Sunanta Yoonniyom
32189,Sundeep Kishan
32190,Sunder
32191,Sunder Ramu
32192,Suneel Sinha
32193,Sung Dong-il
32194,Sung Hoon
32195,Sung Jun
32196,Sung Kang
32197,Sung-hyun Baek
32198,Sung-min Kim
32199,Sung-rok Shin
32200,Sung-woong Park
32201,Sung-yeol Lee
32202,Sunil Barve
32203,Sunil Dutt
32204,Sunil Grover
32205,Sunil Kumar
32206,Sunil Shetty
32207,Sunil Sukhada
32208,Sunil Sukthankar
32209,Sunil Tawde
32210,Sunil Thapa
32211,Sunita Dhir
32212,Sunita Mani
32213,Sunita Sharma
32214,Sunitha
32215,Sunnee Yang
32216,Sunni Westbrook
32217,Sunnie Wang
32218,Sunny Banerjee
32219,Sunny Charles
32220,Sunny Deol
32221,Sunny Gill
32222,Sunny Hinduja
32223,Sunny Kaushal
32224,Sunny Lau
32225,Sunny Leone
32226,Sunny Mabrey
32227,Sunny Pang
32228,Sunny Pawar
32229,Sunny Sandler
32230,Sunny Singh
32231,Sunny Suljic
32232,Sunny Suwanmethanont
32233,Sunny Wayne
32234,Sunnyi Melles
32235,Sunshine Cruz
32236,Suon Kan
32237,Supachai Suwanon
32238,Supakson Chaimongkol
32239,Supanaree Sutavijitvong
32240,Supanart Jittaleela
32241,Supanut Sudjinda
32242,Supapunpinyo Teeradon
32243,Suparna Krishna
32244,Suparna Marwah
32245,Supasawad Buranawech
32246,Supasit Chinvinijkul
32247,Supassra Thanachat
32248,Supatra Roongsawang
32249,Supavitch Nepremwattana
32250,Suphachai Subprasert
32251,Supoj Chancharoen
32252,Supoj Pongpancharoen
32253,Suppakorn Chaiyo
32254,Suppapong Udomkaewkanjana
32255,Supranee Charoenpol
32256,Supriya Joshi
32257,Supriya Karnik
32258,Supriya Pathak
32259,Supriya Pilgaonkar
32260,Supriya Shukla
32261,Suquan Bulakul
32262,Sura Berditchevsky
32263,Sura Sankum
32264,Sura Theerakon
32265,Surabhi Lakshmi
32266,Surabhi Pandey
32267,Suraj Pawar
32268,Suraj Sharma
32269,Suraj Venjaramoodu
32270,Surangana Banerjee
32271,Suranne Jones
32272,Surapol Poonpiriya
32273,Surasak Vongthai
32274,Surbhi Jyoti
32275,Surbhi Mahendru
32276,Surekha Sikri
32277,Surendra Pal
32278,Suresh
32279,Suresh Chatwal
32280,Suresh Gopi
32281,Suresh Menon
32282,Suresh Oberoi
32283,Suresh Vishwakarma
32284,Suri Marrero
32285,Surinder Shinda
32286,Suriya
32287,Surleen Kaur
32288,Suruchi Aulakh
32289,Surveen Chawla
32290,Surya Amitrano
32291,Surya Ganapathy
32292,Surya Saputra
32293,Susan Africa
32294,Susan Bachtiar
32295,Susan Backlinie
32296,Susan Bain
32297,Susan Barnes
32298,Susan Beaubian
32299,Susan Blackwell
32300,Susan Blommaert
32301,Susan Boyd
32302,Susan Boyle
32303,Susan Brown
32304,Susan Chuang
32305,Susan Coetzer
32306,Susan Cookson
32307,Susan Danford
32308,Susan Davis
32309,Susan Eisenberg
32310,Susan Floyd
32311,Susan French
32312,Susan Hahn
32313,Susan Heyward
32314,Susan Jane Tanner
32315,Susan Leong
32316,Susan Lucci
32317,Susan Lynch
32318,Susan May Pratt
32319,Susan Oliver
32320,Susan Peters
32321,Susan Pourfar
32322,Susan Prior
32323,Susan Radder
32324,Susan Ruttan
32325,Susan Sameh
32326,Susan Sarandon
32327,Susan Strasberg
32328,Susan Sullivan
32329,Susan Traylor
32330,Susan Vidler
32331,Susan Walters
32332,Susan Wokoma
32333,Susan Wood
32334,Susan Yeagley
32335,Susana Abaitua
32336,Susana Dans
32337,Susana Hidalgo
32338,Susana Manchini
32339,Susana Pérez
32340,Susana Ribeiro
32341,Susana Zabaleta
32342,Susanna Herbert
32343,Susanna Thompson
32344,Susanne Bartsch
32345,Susanne Blakeslee
32346,Susanne Böwe
32347,Susanne Storm
32348,Susanne Timms
32349,Susanne Wuest
32350,Sushama Deshpande
32351,Sushant Pujari
32352,Sushant Singh
32353,Sushant Singh Rajput
32354,Sushanth
32355,Sushanth Reddy
32356,Sushar Manaying
32357,Sushil Pandey
32358,Sushma Bakshi
32359,Sushma Seth
32360,Sushmita Mukherjee
32361,Sushmita Sen
32362,Susi Sánchez
32363,Susie Abromeit
32364,Susie Essman
32365,Susie Lindeman
32366,Susie Power
32367,Susumu Chiba
32368,Sutatta Udomsilp
32369,Suteerush Channukool
32370,Suthada Jongjaiphar
32371,Suthep Po-ngam
32372,Suthipongse Thatphithakkul
32373,Suthpong Kanithanon
32374,Sutthatip Wutichaipradit
32375,Sutthirak Subvijitra
32376,Sutton Foster
32377,Suty Karno
32378,Suun Lin
32379,Suvela Sharma
32380,Suvinder Vicky
32381,Suvinder Vikky
32382,Suwaphat Techaviriyawong
32383,Suyog Rajendra Gorhe
32384,Suzan Aksoy
32385,Suzan Crowley
32386,Suzanna Mukherjee
32387,Suzanna Papian
32388,Suzannah Lipscomb
32389,Suzanne Clément
32390,Suzanne Ford
32391,Suzanne Krull
32392,Suzanne Rault-Balet
32393,Suzanne Snyder
32394,Suzette Ranillo
32395,Suzi Dougherty
32396,Suzu Hirose
32397,Suzuki Matsuo
32398,Suzuko Mimori
32399,Suzy Myers
32400,Suzzanne Douglas
32401,Sveinn Geirsson
32402,Sven De Ridder
32403,Sven Nordin
32404,Sven Ruygrok
32405,Sven-Bertil Taube
32406,Svenja Jung
32407,Sverrir Gudnason
32408,Svetlana Efremova
32409,Svetlana Khodchenkova
32410,Svetlana Tsimokhina
32411,Svetlana Ustinova
32412,Sveva Simeone
32413,Swagata Basu
32414,Swanand Kirkire
32415,Swandand Raikar
32416,Swanky JKA
32417,Swann Arlaud
32418,Swann Nambotin
32419,Swantje Kohlhof
32420,Swapnil
32421,Swapnil Kumari
32422,Swara Bhaskar
32423,Swara Bhasker
32424,Swarangi Maharte
32425,Swastika Mukherjee
32426,Swati Chitnis
32427,Swati Das
32428,Swati Rajput
32429,Swati Semwal
32430,Sweety Pala
32431,Swen Temmel
32432,Swizz Beatz
32433,Syafie Naswip
32434,Syafiq Kyle
32435,Syakir Daulay
32436,Syamsul Yusof
32437,Syazwan Zulkifli
32438,Sydelle Noel
32439,Sydney Cope
32440,Sydney Egere
32441,Sydney Elise Johnson
32442,Sydney Lassick
32443,Sydney Lucas
32444,Sydney McCallister
32445,Sydney Meyer
32446,Sydney Mikayla
32447,Sydney Park
32448,Sydney Rae White
32449,Sydney Schafer
32450,Sydney Scotia
32451,Sydney Sweeney
32452,Sydney Tamiia Poitier
32453,Sydney Wade
32454,Sylvain Jailloux
32455,Sylvain Marcel
32456,Sylvain Quimene
32457,Sylvaine Strike
32458,Sylvana Joyce
32459,Sylvester Groth
32460,Sylvester McCoy
32461,Sylvester Stallone
32462,Sylvia Earle
32463,Sylvia Hoeks
32464,Sylvia Meals
32465,Sylvia Oluchy
32466,Sylvia Rands
32467,Sylvia Salustti
32468,Sylvia Sanchez
32469,Sylvia Syms
32470,Sylvia Wang
32471,Sylvia Yang
32472,Sylvie Testud
32473,Sylvie de Neef
32474,Symara Templeman
32475,Symera Jackson
32476,Syna Anand
32477,Syndy Emade
32478,Synnøve Macody Lund
32479,Syra Shehroz
32480,Syrus Shahidi
32481,Szabolcs Thuróczy
32482,Szu Shih
32483,Szu-Chia Chen
32484,Szymon Bobrowski
32485,Szymon Roszak
32486,Sári Vida
32487,Sébastien Brottet-Michel
32488,Sébastien Chassagne
32489,Sébastien Houbani
32490,Sébastien Lalanne
32491,Sébastien Libessart
32492,Sérgio Cantú
32493,Sérgio Malheiros
32494,Sílvia Abril
32495,Sílvia Bel
32496,Sílvia Lourenço
32497,Sílvio Guindane
32498,Sólveig Arnarsdóttir
32499,Sönke Möhring
32500,Søren Malling
32501,Søren Spanning
32502,Søren Sætter Lassen
32503,Sümeyye Aydoğan
32504,T'Nia Miller
32505,T-Bone
32506,T. Pana Wynchester
32507,T.C. Stallings
32508,T.D. Jakes
32509,T.I.
32510,T.J. Atoms
32511,T.J. Miller
32512,T.J. Power
32513,T.J. Storm
32514,T.P. Gajendran
32515,T.R. Knight
32516,T.V. Carpio
32517,TJ
32518,TJ Smith
32519,TJ Trinidad
32520,TK Sebothoma
32521,TT The Artist
32522,TVV Ramanujam
32523,Taapsee Pannu
32524,Taaruk Raina
32525,Tabitha Nauser
32526,Tabitha St. Germain
32527,Tabu
32528,Tachakorn Boonlupyanun
32529,Tachatorn Supanan
32530,Tack Parunyu Rojanawuttitum
32531,Tadahiro Nakamura
32532,Tadanobu Asano
32533,Tadashi Miyazawa
32534,Tadeusz Pluciński
32535,Tadeusz Schmidt
32536,Tae Hang-ho
32537,Tae In-ho
32538,Tae Won-seok
32539,Tae-goo Eom
32540,Tae-ho Ryu
32541,Tae-hwan Choi
32542,Tae-hwan Kang
32543,Tae-hyun Nam
32544,Tae-im Lee
32545,Tae-yeol Jeon
32546,Taecyeon
32547,Taeko Kawata
32548,Tagel Eliyahu
32549,Taha Sönmezisik
32550,Tahar Rahim
32551,Taher Abu Lela
32552,Taher Farouz
32553,Taher Shabbir
32554,Taheya Cariocca
32555,Tahir Raj Bhasin
32556,Tahirah Sharif
32557,Tahmoh Penikett
32558,Tai Berdinner-Blades
32559,Tai Bo
32560,Tai Nguyen
32561,Tai-Lo Ma
32562,Tai-Ping Yu
32563,Taichi Saotome
32564,Taiga Nakano
32565,Taiga Suzuki
32566,Taiga Tsubaki
32567,Taika Waititi
32568,Taiki Sato
32569,Taim Hasan
32570,Taina Elg
32571,Tainá Medina
32572,Tainá Müller
32573,Taishi Murata
32574,Taissa Farmiga
32575,Taisuke Nakano
32576,Tait Blum
32577,Tait Fletcher
32578,Taiten Kusunoki
32579,Taito Ban
32580,Taiwo Ajai-Lycett
32581,Taiwo Arimoro
32582,Taiwo Familoni
32583,Taiwo Obileye
32584,Tajja Isen
32585,Tak Yuen
32586,Takaaki Torashima
32587,Takahiro
32588,Takahiro Azuma
32589,Takahiro Fujiwara
32590,Takahiro Hamada
32591,Takahiro Mizushima
32592,Takahiro Sakurai
32593,Takako Fuji
32594,Takako Honda
32595,Takako Matsu
32596,Takamasa Mogi
32597,Takanori Hoshino
32598,Takanori Iwata
32599,Takashi Matsuyama
32600,Takashi Onozuka
32601,Takashi Sorimachi
32602,Takashi Taniguchi
32603,Takashi Yamanaka
32604,Takaya Hashi
32605,Takaya Kamikawa
32606,Takaya Kuroda
32607,Takaya Yamauchi
32608,Takayo Fischer
32609,Takayuki Kondo
32610,Takayuki Nakatsukasa
32611,Takayuki Sugo
32612,Takayuki Yamada
32613,Takeaki Masuyama
32614,Takehiro Hira
32615,Takehiro Murozono
32616,Takehito Koyasu
32617,Takemi Fujii
32618,Takenori Goto
32619,Takeo Chii
32620,Takeo Otsuka
32621,Takeru Sato
32622,Takeru Satoh
32623,Takeshi Kaga
32624,Takeshi Kaneshiro
32625,Takeshi Koyama
32626,Takeshi Maeda
32627,Takeshi Masu
32628,Taketora
32629,Takla Chamoun
32630,Taksaorn Paksukcharern
32631,Taku Yashiro
32632,Takuma Terashima
32633,Takumi Saitoh
32634,Takumi Yamasaki
32635,Takumi Yamazaki
32636,Takumu Miyazono
32637,Takuro Hijioka
32638,Takuro Nakakuni
32639,Takuya Eguchi
32640,Takuya Iba
32641,Takuya Kirimoto
32642,Takuya Sato
32643,Takuya Wakabayashi
32644,Tala Ashe
32645,Talal El-Jordi
32646,Talal Jarday
32647,Talal Mahmood
32648,Talat Bulut
32649,Talat Hussain
32650,Taleia Gilliam
32651,Talha Arshad Reshi
32652,Talha Öztürk
32653,Talia Balsam
32654,Talia Jackson
32655,Talia Pura
32656,Talia Shire
32657,Taliah Webster
32658,Taliana Vargas
32659,Talib Mehdi
32660,Taline Stewart
32661,Talisa Soto
32662,Talitha Eliana Bateman
32663,Taliyah Whitaker
32664,Tallulah Haddon
32665,Tallulah Milligan
32666,Tam Sin Yin
32667,Tam Williams
32668,Tamae Ando
32669,Tamaki Ogawa
32670,Tamala Jones
32671,Tamannaah Bhatia
32672,Tamar Amit-Joseph
32673,Tamar Braxton
32674,Tamar Novas
32675,Tamara Arciuch
32676,Tamara Canosa
32677,Tamara Dobson
32678,Tamara Duarte
32679,Tamara Kiper
32680,Tamara Mazarraza
32681,Tamara Mello
32682,Tamara Smart
32683,Tamara Taylor
32684,Tamara Tunie
32685,Tamara Vallarta
32686,Tamer Burjaq
32687,Tamer Hagras
32688,Tamer Hassan
32689,Tamer Hosny
32690,Tamer Shaltout
32691,Tamera Mowry-Housley
32692,Tami Roman
32693,Tami Sagher
32694,Tamim Abdou
32695,Tamina Pollack-Paris
32696,Tamir Ben-Yehuda
32697,Tamir Kapelian
32698,Tamla Kari
32699,Tamlyn Tomita
32700,Tammi Øst
32701,Tammy Anderson
32702,Tammy Blanchard
32703,Tammy Chen
32704,Tammy Gillis
32705,Tammy Lynn Michaels
32706,Tammy MacIntosh
32707,Tammy Townsend
32708,Tamotsu Kanshuji
32709,Tamsen McDonough
32710,Tamsin Egerton
32711,Tamsin Greig
32712,Tamsin Heatley
32713,Tamzin Merchant
32714,Tan Ai-Chen
32715,Tan France
32716,Tan Hau Yen
32717,Tan Jin Chor
32718,Tan Quan
32719,Tanaaz Currim Irani
32720,Tanaji Galgunde
32721,Tanawat Cheawaram
32722,Tanay Chheda
32723,Tanea Heke
32724,Taneea Rajawat
32725,Taner Birsel
32726,Tang Chen-Kang
32727,Tang Jun-sang
32728,Tang Yinuo
32729,Tangie Ambrose
32730,Tania
32731,Tania Alvarado
32732,Tania Dutel
32733,Tania Gunadi
32734,Tania Staite
32735,Tanikella Bharani
32736,Tanishaa Mukerji
32737,Tanja Ribič
32738,Tanja Schleiff
32739,Tanju Tuncel
32740,Tanmay Dhanania
32741,Tanna Barthel
32742,Tanner Beard
32743,Tanner Buchanan
32744,Tanner Stine
32745,Tanner Thomason
32746,Tannishtha Chatterjee
32747,Tanny Tien Ni
32748,Tansu Biçer
32749,Tanta Ginting
32750,Tantimedh Chisanusha
32751,Tantoo Cardinal
32752,Tanuj Virwani
32753,Tanuja
32754,Tanushree Dutta
32755,Tanushree Kaushal
32756,Tanusree Chakraborty
32757,Tanutchai Wijitvongtong
32758,Tanveer Ghani
32759,Tanvi Azmi
32760,Tanvi Ram
32761,Tanvi Vyas
32762,Tanvir Singh
32763,Tanya Chisholm
32764,Tanya Fear
32765,Tanya Franks
32766,Tanya Liyah
32767,Tanya Maniktala
32768,Tanya Nasr
32769,Tanya Newbould
32770,Tanya Reynolds
32771,Tanya Roberts
32772,Tanya Streeter
32773,Tanya Winsor
32774,Tanya van Graan
32775,Tao Somchai Khemklad
32776,Tao Tsuchiya
32777,Tapsee Pannu
32778,Tara Basro
32779,Tara Breathnach
32780,Tara Buck
32781,Tara Deshpande
32782,Tara Emad
32783,Tara Fitzgerald
32784,Tara Leigh
32785,Tara Lynne Barr
32786,Tara Lynne O'Neill
32787,Tara Macri
32788,Tara Meyer
32789,Tara Morice
32790,Tara Pacheco
32791,Tara Reid
32792,Tara Rios
32793,Tara Robinson
32794,Tara Sands
32795,Tara Sharma
32796,Tara Strong
32797,Taraana Raja
32798,Taraji P. Henson
32799,Taran Bajaj
32800,Taran Killam
32801,Tarana Marwah
32802,Taranjit Kaur
32803,Taranjit Singh
32804,Taras Gotovtsev
32805,Tardu Flordun
32806,Tarek Abdel Aziz
32807,Tarek El Ebiary
32808,Tarek El Tilmisany
32809,Tarek Lotfy
32810,Tarek Yaacoub
32811,Tareq Abdalla
32812,Tarik Belmekki
32813,Tarik Davis
32814,Tarik Ergin
32815,Tariq Almuhairi
32816,Tariq Tamim
32817,Tarisa Preechatangkit
32818,Tarita
32819,Tarlochan Singh
32820,Taro Ishida
32821,Taro Kiuchi
32822,Taro Suruga
32823,Taro Yamaguchi
32824,Taron C. Hensley
32825,Taron Egerton
32826,Tarra Budiman
32827,Tarra Riggs
32828,Tarryn Alberts
32829,Tarsem Paul
32830,Tarun Arora
32831,Tarun Bajaj
32832,Tarun Khanna
32833,Tarun Mehta
32834,Tarun Ratnani
32835,Tarun Wadhwa
32836,Tarusuke Shingaki
32837,Taryn Manning
32838,Tarynn Wyngaard
32839,Tarzan
32840,Tarık Akan
32841,Tarık Papuççuoğlu
32842,Tarık Ünlüoğlu
32843,Tasha & Tracie Okereke
32844,Tasha Smith
32845,Tashneem Lyngdoh
32846,Taskya Namya
32847,Tasma Walton
32848,Tasuku Emoto
32849,Tasuku Hatanaka
32850,Tat-Ming Cheung
32851,Tata Vega
32852,Tatanka Means
32853,Tatchapol Thitiapichai
32854,Tate Donovan
32855,Tate Ellington
32856,Tate Taylor
32857,Tathastu
32858,Tati Gabrielle
32859,Tatiana Maslany
32860,Tatiana Pauhofová
32861,Tatjana Saphira
32862,Tato
32863,Tato Alexander
32864,Tatsuhisa Suzuki
32865,Tatsuomi Hamada
32866,Tatsuya Fukazawa
32867,Tatsuya Kageyama
32868,Tatsuya Nakamura
32869,Tatum Marilyn Hall
32870,Tatum McCann
32871,Tatum O'Neal
32872,Tau Logo
32873,Tau Wan Yue
32874,Taufiq Hanafi
32875,Tauquir Ahmed
32876,Tava Smiley
32877,Tavi Gevinson
32878,Tawfeek Barhom
32879,Tawfik El Deken
32880,Tawheda Begum
32881,Tawny Newsome
32882,Tay Ping Hui
32883,Tay Zonday
32884,Tayam Amar
32885,Taye Diggs
32886,Taylar Hender
32887,Taylor Abrahamse
32888,Taylor Caniff
32889,Taylor Clarke-Hill
32890,Taylor Dearden
32891,Taylor Dooley
32892,Taylor Frost
32893,Taylor Henry
32894,Taylor Hill
32895,Taylor James
32896,Taylor John Smith
32897,Taylor Kinney
32898,Taylor Kitsch
32899,Taylor Lautner
32900,Taylor Momsen
32901,Taylor Mosby
32902,Taylor Negron
32903,Taylor Nichols
32904,Taylor Richardson
32905,Taylor Rouviere
32906,Taylor Russell
32907,Taylor Schilling
32908,Taylor Swift
32909,Taylor Thorne
32910,Taylor Tomlinson
32911,Taylor Zakhar Perez
32912,Taylour Paige
32913,Tayo Amokade
32914,Tayo Faniran
32915,Taz Skylar
32916,Tchéky Karyo
32917,Te-Lo Mai
32918,Teach Grant
32919,Teairra Mari
32920,Teca Pereira
32921,Ted Atherton
32922,Ted Danson
32923,Ted Duran
32924,Ted Dykstra
32925,Ted Ferguson
32926,Ted Grossman
32927,Ted Hartley
32928,Ted Kaczynski
32929,Ted Lange
32930,Ted Levine
32931,Ted Lewis
32932,Ted McGinley
32933,Ted Raimi
32934,Ted Sutherland
32935,Ted Welch
32936,Ted Williams
32937,Tedd Chan
32938,Teddy Chen
32939,Teddy Cole
32940,Teddy Corpuz
32941,Teddy Moynihan
32942,Teddy Sears
32943,Tedros Teclebrhan
32944,Teera Pratumtree
32945,Teeradon Supapunpinyo
32946,Teeranai Na Nongk้hai
32947,Teeshay
32948,Teetatch Ratanasritai
32949,Tegan Moss
32950,Tegan West
32951,Tegwen Tucker
32952,Teiyu Ichiryusai
32953,Tej Raj
32954,Tej Sapru
32955,Teja Sajja
32956,Tejas Parvatkar
32957,Tejashree Pradhan
32958,Tejaswini Kolhapure
32959,Tejaswini Pandit
32960,Tejpal Singh
32961,Telma Hopkins
32962,Telma Souza
32963,Temarii Buillard
32964,Temi Otedola
32965,Temisan Emmanuel
32966,Tempestt Bledsoe
32967,Temuera Morrison
32968,Tendai Nguni
32969,Tendaiishe Chitima
32970,Tengku Putri Najuwa
32971,Teni Entertainer
32972,Teni Panosian
32973,Tenika Davis
32974,Teniola Aladese
32975,Tenkyu Fukuda
32976,Tenoch Huerta
32977,Tenz McCall
32978,Tenzin Dalha
32979,Tenzing Dalha
32980,Tenzing Norgay Trainor
32981,Teo Briones
32982,Teo García
32983,Teo Halm
32984,Teo Planell
32985,Teo Yoo
32986,Teodora Duhovnikova
32987,Teoman Kumbaracıbaşı
32988,Teotola Maka
32989,Tequan Richmond
32990,Tere Monroy
32991,Terele Pávez
32992,Terence Bayler
32993,Terence Blanchard
32994,Terence Bridgett
32995,Terence J. Rotolo
32996,Terence Maynard
32997,Terence Rosemore
32998,Terence Siufay
32999,Terence Stamp
33000,Teresa Biter
33001,Teresa Daley
33002,Teresa Gallagher
33003,Teresa Loyzaga
33004,Teresa Marczewska
33005,Teresa Monroy
33006,Teresa Palmer
33007,Teresa Rabal
33008,Teresa Riott
33009,Teresa Wright
33010,Teresa Yenque
33011,Teresita Evuy
33012,Tereza Srbová
33013,Teri Hatcher
33014,Teri McMinn
33015,Teri Polo
33016,Teri Reeves
33017,Terje Lien
33018,Terje Strømdahl
33019,Terrance Smith
33020,Terrence 'T.C.' Carson
33021,Terrence Howard
33022,Terrence Little Gardenhigh
33023,Terrence Mann
33024,Terrence Scammell
33025,Terri Abney
33026,Terri Douglas
33027,Terri Kwan
33028,Terri Oliver
33029,Terris Brown
33030,Terry Chen
33031,Terry Courier
33032,Terry Crews
33033,Terry Dale Parks
33034,Terry Farrell
33035,Terry Gilliam
33036,Terry Holland
33037,Terry Jones
33038,Terry Kinney
33039,Terry Klassen
33040,Terry McGurrin
33041,Terry O'Quinn
33042,Terry Pheto
33043,Terry Rogers
33044,Terry Scott
33045,Terry Serpico
33046,Terry Stone
33047,Terry Walters
33048,Teruaki Ogawa
33049,Tesarnia Oree
33050,Tess Fowler
33051,Tess Haubrich
33052,Tess Meyer
33053,Tessa Albertson
33054,Tessa Ia
33055,Tessa Rao
33056,Tessa Thompson
33057,Tessho Genda
33058,Tetchie Agbayani
33059,Tetsu Inada
33060,Tetsu Shiratori
33061,Tetsu Watanabe
33062,Tetsuhiro Ikeda
33063,Tetsuji Tamayama
33064,Tetsushi Tanaka
33065,Tetsuya Bessho
33066,Tetsuya Chiba
33067,Tetsuya Iwanaga
33068,Tetsuya Kakihara
33069,Tetta Sugimoto
33070,Teté Espinoza
33071,Teuila Blakely
33072,Teuku Rifnu Wikana
33073,Teun Kuilboer
33074,Teun Peters
33075,Tewfik Jallab
33076,Texas Battle
33077,Teya Patt
33078,Teyana Taylor
33079,Teyonah Parris
33080,Thabang Molaba
33081,Thabo Malema
33082,Thabo Rametsi
33083,Thaddea Graham
33084,Thaddeus Shafer
33085,Thaer Al-Shayei
33086,Thagubothu Ramesh
33087,Thai Nguyen
33088,Thaia Perez
33089,Thaila Ayala
33090,Thalaivasal Vijay
33091,Thali García
33092,Thamela Mpumlwana
33093,Thames Sanpakit
33094,Thami Buti
33095,Thammegowda S.
33096,Thamyra Thâmara
33097,Thana Srisuke
33098,Thanabordee Jaiyen
33099,Thanadol Auepongs
33100,Thanapatpisal Sananthachat
33101,Thanapob Leeratanakachorn
33102,Thanapob Leeratanakajorn
33103,Thanawat Rattanakitpaisan
33104,Thanawetch Siriwattanakul
33105,Thanawin Teeraphosukarn
33106,Thanawut Ketsaro
33107,Thandeka Nodada
33108,Thandi Modise
33109,Thandie Newton
33110,Thaneth Warakulnukroh
33111,Thanh Hoa
33112,Thanh Pham
33113,Thanmayi
33114,Thanongsak Suphakan
33115,Thanuja Karthik
33116,Thanusree Ghosh
33117,Thanya López
33118,Thanyanan Pipatchaisiri
33119,Thapelo Mokoena
33120,Tharaa Jubail
33121,Tharoth Sam
33122,Thassapak Hsu
33123,Thati Lopes
33124,Thawat Pornrattanaprasert
33125,Thayer David
33126,Thaynara Og
33127,Thaís Schier
33128,The Kid Mero
33129,The Notorious B.I.G.
33130,Thea Petrie
33131,Theebaan Govindasamy
33132,Theeradej Wongpuapan
33133,Theerapat Sajakul
33134,Thekla Reuten
33135,Thelma Buabeng
33136,Thelma Ezeamaka
33137,Thelma Farnes Ottersen
33138,Thelmo Fernandes
33139,Thelonious Monk
33140,Thelonius Serrell-Freed
33141,Thembi Seete
33142,Thembisa Mdoda
33143,Thenjiwe Moseley
33144,Theo Campbell
33145,Theo Devaney
33146,Theo Germaine
33147,Theo James
33148,Theo Marcuse
33149,Theo Rossi
33150,Theo Stockman
33151,Theo Tagand
33152,Theo Taplitz
33153,Theo Trebs
33154,Theo Von
33155,Theodore Barnes
33156,Theodore Bikel
33157,Theodore Pellerin
33158,Theodore Slauson
33159,Theresa Frostad Eggesbø
33160,Theresa Randle
33161,Theresa Russell
33162,Theresa Saldana
33163,Theresa Sutera
33164,Theresa Tilly
33165,Thiago Amaral
33166,Thiago Martins
33167,Thiago Mendonça
33168,Thiago Ventura
33169,Thibault De Montalembert
33170,Thich Nhat Hanh
33171,Thierry Ballarin
33172,Thierry Godard
33173,Thierry Hancisse
33174,Thierry Henry
33175,Thierry Jahn
33176,Thierry Mercier
33177,Thijs Römer
33178,Thime Pichitsurakit
33179,Thirawat Ngosawang
33180,Thiti Mahayotaruk
33181,Thitinan Khlangphet
33182,Thitipoom Techaapaikhun
33183,Thitirat Rojsangrat
33184,Thobani Mseleni
33185,Thom Barry
33186,Thom Green
33187,Thom Rivera
33188,Thom Yorke
33189,Thomas Arnold
33190,Thomas Bair
33191,Thomas Barbusca
33192,Thomas Blanchard
33193,Thomas Brodie-Sangster
33194,Thomas Bruggemann
33195,Thomas Chaanhing
33196,Thomas Cocquerel
33197,Thomas Davison
33198,Thomas Dekker
33199,Thomas Doherty
33200,Thomas Doret
33201,Thomas Elms
33202,Thomas F. Wilson
33203,Thomas Francis Murphy
33204,Thomas Gibson
33205,Thomas Gonzalez
33206,Thomas Guitard
33207,Thomas Gullestad
33208,Thomas Gumede
33209,Thomas Haden Church
33210,Thomas Hanzon
33211,Thomas Howes
33212,Thomas Ian Griffith
33213,Thomas J. Kannampuzha
33214,Thomas Jane
33215,Thomas Jay Ryan
33216,Thomas Kretschmann
33217,Thomas Lacey
33218,Thomas Lennon
33219,Thomas Levin
33220,Thomas Loibl
33221,Thomas Mann
33222,Thomas McDonell
33223,Thomas Middleditch
33224,Thomas Mitchell Barnet
33225,Thomas Nawilis
33226,Thomas Ong
33227,Thomas Padley
33228,Thomas Prenn
33229,Thomas Rosales Jr.
33230,Thomas Sagols
33231,Thomas Scimeca
33232,Thomas Stipsits
33233,Thomas Thieme
33234,Thomas Trabacchi
33235,Thomas Turgoose
33236,Thomas Vandenberghe
33237,Thomas Velderman
33238,Thomas W. Gabrielsson
33239,Thomasin McKenzie
33240,Thomás Aquino
33241,Thomás Lepera
33242,Thongkanthom Thongchai
33243,Thongpoom Siripipat
33244,Thony
33245,Thor Bishopric
33246,Thor Kristjansson
33247,Thor Lok
33248,Thora Birch
33249,Thorbjørn Harr
33250,Thorsten Merten
33251,Thorston Manderlay
33252,Thu Trang
33253,Thure Lindhardt
33254,Thusitha Jayasundera
33255,Thuy Trang
33256,Théo Cholbi
33257,Théo Christine
33258,Théo Costa-Marini
33259,Théo Fernandez
33260,Tia Carrere
33261,Tia Hendricks
33262,Tia Lee
33263,Tia Lynn Ballard
33264,Tia Mowry-Hardrict
33265,Tiago Correa
33266,Tian Gao
33267,Tian Xiaojie
33268,Tian Yu
33269,Tian Zhi-jie
33270,Tiarnie Coupland
33271,Tiaré Scanda
33272,Tiberio Cruz
33273,Ticha Wongthipkanont
33274,Tichina Arnold
33275,Ticoon Kim
33276,Tien Hsiang Lung
33277,Tien Hsin
33278,Tien Pham
33279,Tien-chi Cheng
33280,Tiera Skovbye
33281,Tiet Wo Chu
33282,Tiffani Thiessen
33283,Tiffany Boone
33284,Tiffany Brouwer
33285,Tiffany Elefano
33286,Tiffany Espensen
33287,Tiffany Fallon
33288,Tiffany Haddish
33289,Tiffany Hsu
33290,Tiffany Kathryn
33291,Tiffany Leong
33292,Tiffany Mulheron
33293,Tiffany Pisani
33294,Tiffany Shepis
33295,Tiffany Smith
33296,Tiffany Snow
33297,Tiffany Tang
33298,Tiffany Tenille
33299,Tiffany Zhou
33300,Tig Notaro
33301,Tiger Chen
33302,Tiger Chung Lee
33303,Tiger Shroff
33304,Tight Eyez
33305,Tigmanshu Dhulia
33306,Tihana Lazovic
33307,Tijmen Govaerts
33308,Tika Bravani
33309,Tika Panggabean
33310,Tikhon Zhiznevskiy
33311,Tiki Barber
33312,Tikriti Shabudin
33313,Tiku Talsania
33314,Til Schweiger
33315,Tilda Cobham-Hervey
33316,Tilda Jenkins
33317,Tilda Swinton
33318,Tiler Peck
33319,Tilky Jones
33320,Tillie Amartey
33321,Tillotama Shome
33322,Tilman Pörzgen
33323,Tilo Nest
33324,Tim Abell
33325,Tim Ahern
33326,Tim Allen
33327,Tim Aslam
33328,Tim Bagley
33329,Tim Barlow
33330,Tim Bee
33331,Tim Blake Nelson
33332,Tim Burns
33333,Tim Connolly
33334,Tim Conway
33335,Tim Curry
33336,Tim Daly
33337,Tim DeKay
33338,Tim Dillon
33339,Tim Donadt
33340,Tim Downie
33341,Tim Frank
33342,Tim Griffin
33343,Tim Grothe
33344,Tim Guinee
33345,Tim Gunn
33346,Tim Heidecker
33347,Tim Herlihy
33348,Tim Hodge
33349,Tim Hopper
33350,Tim Kalkhof
33351,Tim Kalpakis
33352,Tim Kelleher
33353,Tim Key
33354,Tim Lagasse
33355,Tim Man
33356,Tim Matheson
33357,Tim McGraw
33358,Tim McInnerny
33359,Tim Meadows
33360,Tim Minchin
33361,Tim Noonan
33362,Tim Oliver Schultz
33363,Tim Piggott-Smith
33364,Tim Pigott-Smith
33365,Tim Plester
33366,Tim Pocock
33367,Tim Post
33368,Tim Quill
33369,Tim Reid
33370,Tim Rice
33371,Tim Robbins
33372,Tim Robinson
33373,Tim Rose
33374,Tim Roth
33375,Tim Rozon
33376,Tim Russ
33377,Tim Seyfi
33378,Tim Steed
33379,Tim Thomerson
33380,Tim Tolin
33381,Time Winters
33382,Timini Egbuson
33383,Timm Sharp
33384,Timm Vladimir
33385,Timmy Hung
33386,Timmy Reyes
33387,Timo Nieminen
33388,Timon Kyle Durrett
33389,Timothy Balme
33390,Timothy Busfield
33391,Timothy Castillo
33392,Timothy Dalton
33393,Timothy Davis-Reed
33394,Timothy E. Brummund
33395,Timothy Eulich
33396,Timothy F. Crowley
33397,Timothy Hutton
33398,Timothy Lee DePriest
33399,Timothy Olyphant
33400,Timothy Omundson
33401,Timothy Radford
33402,Timothy Renouf
33403,Timothy Simons
33404,Timothy Spall
33405,Timothy Ware-Hill
33406,Timothée Chalamet
33407,Tina Bursill
33408,Tina Casciani
33409,Tina Chou
33410,Tina Cook
33411,Tina Desae
33412,Tina Fey
33413,Tina Haller
33414,Tina Holmes
33415,Tina Mba
33416,Tina Munim
33417,Tina Pica
33418,Tina Sáinz
33419,Tina Wesson
33420,Tinarie van Wyk Loots
33421,Tine Stapelfeldt
33422,Tinesh Sarathi Krishnan
33423,Ting Chiang
33424,Ting Chun-cheng
33425,Ting Liu
33426,Ting Tan
33427,Tini Tom
33428,Tinka Furst
33429,Tinker Hatfield
33430,Tinna Harahap
33431,Tinna Hrafnsdóttir
33432,Tinnu Anand
33433,Tino Martinez
33434,Tinu Verghese
33435,Tiny Bertels
33436,Tio Pakusadewo
33437,Tioreore Ngatai-Melbourne
33438,Tiosha Bojórquez
33439,Tiphaine Daviot
33440,Tiriel Mora
33441,Tirso Cruz III
33442,Tirth Sharma
33443,Tisca Chopra
33444,Tisha Campbell
33445,Tisha Campbell-Martin
33446,Tishuan Scott
33447,Titi Kamal
33448,Titi Kuti
33449,Titikarn Tongprasearth
33450,Tito Ortiz
33451,Tito Valverde
33452,Tito Wilson
33453,Titus Covington
33454,Titus Kinimaka
33455,Titus Makin Jr.
33456,Titus Welliver
33457,Tituss Burgess
33458,Tiwari
33459,Tiya Sircar
33460,Tizoc Arroyo
33461,Tj Isa
33462,Toa Yukinari
33463,"Tobechukwu ""iLLbliss"" Ejiofor"
33464,Tobey Maguire
33465,Tobi Bakare
33466,Tobi Bamtefa
33467,Tobias Borchers
33468,Tobias Jelinek
33469,Tobias Kersloot
33470,Tobias Menzies
33471,Tobias Santelmann
33472,Tobias Truvillion
33473,Tobie Dela Cruz
33474,Tobin Bell
33475,Toby Huss
33476,Toby Jaffe
33477,Toby Jones
33478,Toby Kebbell
33479,Toby Lee
33480,Toby Leonard Moore
33481,Toby Mac
33482,Toby Nichols
33483,Toby Onwumere
33484,Toby Poser
33485,Toby Regbo
33486,Toby Sebastian
33487,Toby Stephens
33488,Toby Truslove
33489,Toby Wallace
33490,Tod Fennell
33491,Todd Barry
33492,Todd Bishop Monrad Vistven
33493,Todd Black
33494,Todd Cummings
33495,Todd Duffee
33496,Todd Field
33497,Todd Glass
33498,Todd Grimes
33499,Todd Grinnell
33500,Todd Haberkorn
33501,Todd Louiso
33502,Todd Scott
33503,Todd Standing
33504,Todrick Hall
33505,Todsapol Maisuk
33506,Togo Igawa
33507,Toinette Laquiere
33508,Tokala Black Elk
33509,Toke Makinwa
33510,Toki Pilioko
33511,Tokio Emoto
33512,Toko Miura
33513,Toks Olagundoye
33514,Tokunbo Idowu
33515,Tolga Canbeyli
33516,Tolga Karaçelik
33517,Tolga Pancaroğlu
33518,Tolga Tekin
33519,Tolga Çevik
33520,Tolu Ogunmefun
33521,Tom Aldredge
33522,Tom Alter
33523,Tom Amandes
33524,Tom Andrews
33525,Tom Arnold
33526,Tom Audenaert
33527,Tom Barnett
33528,Tom Barrer
33529,Tom Basden
33530,Tom Bateman
33531,Tom Bennett
33532,Tom Berenger
33533,Tom Berninger
33534,Tom Bower
33535,Tom Brittney
33536,Tom Brogan
33537,Tom Brokaw
33538,Tom Brooke
33539,Tom Budge
33540,Tom Burke
33541,Tom Canton
33542,Tom Cavanagh
33543,Tom Chambers
33544,Tom Clarke-Hill
33545,Tom Costanzo
33546,Tom Courtenay
33547,Tom Crisp
33548,Tom Cruise
33549,Tom Cullen
33550,Tom Dingler
33551,Tom Dyckhoff
33552,Tom Ellis
33553,Tom Everett
33554,Tom Everett Scott
33555,Tom Fairfoot
33556,Tom Fassaert
33557,Tom Felton
33558,Tom Fujita
33559,Tom Gleisner
33560,Tom Glynn-Carney
33561,Tom Goodman-Hill
33562,Tom Green
33563,Tom Guiry
33564,Tom Hanks
33565,Tom Hardy
33566,Tom Hern
33567,Tom Hiddleston
33568,Tom Hines
33569,Tom Holland
33570,Tom Hollander
33571,Tom Hopper
33572,Tom Hughes
33573,Tom Hulce
33574,Tom Hulshof
33575,Tom Hygreck
33576,Tom Irwin
33577,Tom Jones
33578,Tom Kane
33579,Tom Kenny
33580,Tom Kilgallon
33581,Tom Lenk
33582,Tom Lipinski
33583,Tom Maden
33584,Tom Malley
33585,Tom Mayhue
33586,Tom McCamus
33587,Tom McCarthy
33588,Tom McGrath
33589,Tom McKay
33590,Tom Meighan
33591,Tom Morton
33592,Tom Njemanze
33593,Tom Noonan
33594,Tom Nowicki
33595,Tom O'Brien
33596,Tom Paolino
33597,Tom Papa
33598,Tom Payne
33599,Tom Pelphrey
33600,Tom Petty
33601,Tom Poon
33602,Tom Rhys Harries
33603,Tom Rodriguez
33604,Tom Savini
33605,Tom Scarlett
33606,Tom Schilling
33607,Tom Segura
33608,Tom Selleck
33609,Tom Sizemore
33610,Tom Skerritt
33611,Tom Stoddart
33612,Tom Stokes
33613,Tom Sturridge
33614,Tom Sweet
33615,Tom Taylor
33616,Tom Trouffier
33617,Tom Turner
33618,Tom Van Dyck
33619,Tom Van Steenbergen
33620,Tom Vermeir
33621,Tom Virtue
33622,Tom Waes
33623,Tom Waits
33624,Tom Ward
33625,Tom Wayland
33626,Tom Welling
33627,Tom Weston-Jones
33628,Tom Whyte
33629,Tom Wilkinson
33630,Tom Wlaschiha
33631,Tom Wood
33632,Tom Woodruff Jr.
33633,Tom Wright
33634,Tom Wu
33635,Tom Wyner
33636,Tomas Arana
33637,Tomas Bergström
33638,Tomas Bie
33639,Tomas Milian
33640,Tomas von Brömssen
33641,Tomasz Bagiński
33642,Tomasz Jachimek
33643,Tomasz Karolak
33644,Tomasz Oświeciński
33645,Tomasz Stockinger
33646,Tomasz Włosok
33647,Tomer Kapon
33648,Tomer Sisley
33649,Tomi May
33650,Tomi Odunsi
33651,Tomiwa Edun
33652,Tomiwa Kukoyi
33653,Tomiwa Tegbe
33654,Tommaso Basili
33655,Tommaso Buscetta
33656,Tommaso Paradiso
33657,Tommaso Ragno
33658,Tommi Korpela
33659,Tommie-Amber Pirie
33660,Tommy 'Tiny' Lister
33661,Tommy Avallone
33662,Tommy Caldwell
33663,Tommy Cash
33664,Tommy Chong
33665,Tommy Davidson
33666,Tommy Esguerra
33667,Tommy Flanagan
33668,Tommy James Murphy
33669,Tommy Karlsen
33670,Tommy Kenter
33671,Tommy Kijas
33672,Tommy Kuan
33673,Tommy Lee Baïk
33674,Tommy Lee Jones
33675,Tommy Lewis
33676,Tommy Limmm
33677,Tommy McDonnell
33678,Tommy Miller
33679,Tommy Morrison
33680,Tommy Nohilly
33681,Tommy Párraga
33682,Tommy Ramone
33683,Tommy Redmond Hicks
33684,Tommy Swerdlow
33685,Tommy Tiernan
33686,Tommy Vasquez
33687,Tommy Vásquez
33688,Tommy Wiseau
33689,Tommy Yuen
33690,Tommy the Clown
33691,Tomo Muranaka
33692,Tomo Sakurai
33693,Tomo Yanagishita
33694,Tomoaki Maeno
33695,Tomoharu Hasegawa
33696,Tomohiro Kaku
33697,Tomohiro Kamiyama
33698,Tomohiro Shiozaki
33699,Tomohiro Tsuboi
33700,Tomohiro Yamaguchi
33701,Tomohisa Hashizume
33702,Tomoka Kuzutani
33703,Tomokazu Seki
33704,Tomokazu Sugita
33705,Tomoki Hirose
33706,Tomoko Fujita
33707,Tomoko Kobashi
33708,Tomoko Miyadera
33709,Tomomi Maruyama
33710,Tomomi Yamakawa
33711,Tomori Kusunoki
33712,Tomorowo Taguchi
33713,Tomoya Maeno
33714,Tomoya Nakamura
33715,Tomoyo Chujo
33716,Tomoyo Kurosawa
33717,Tomoyuki Dan
33718,Tomoyuki Shimura
33719,Tomoyuki Yara
33720,Tomris Çetinel
33721,Tomás Hanák
33722,Tomás Manterola
33723,Tomás Ottaviano
33724,Tomás Pozzi
33725,Tomás Raimondi
33726,Tomás Ruiz
33727,Tomás Wahrmann
33728,Tomás Wicz
33729,Tomás del Estal
33730,Tomáš Matonoha
33731,Tone Bell
33732,Tone-Loc
33733,Toney Montana
33734,Toni Braxton
33735,Toni Collette
33736,Toni Gomila
33737,Toni Gonzaga
33738,Toni Gómez
33739,Toni O'Rourke
33740,Toni Rakkaen
33741,Toni Salgado
33742,Toni Sevilla
33743,Toni Tones
33744,Tonia Chukwurah
33745,Tonio Schneider
33746,Tonita Castro
33747,Tono Pakin Kumwilaisuk
33748,Tonto Dikeh
33749,Tonton Gutierrez
33750,Tony Alatis
33751,Tony Amendola
33752,Tony Azzolino
33753,Tony B. Lesika
33754,Tony Benn
33755,Tony Bentley
33756,Tony Bonner
33757,Tony Briggs
33758,Tony Burton
33759,Tony Cacciotti
33760,Tony Caprari
33761,Tony Cavalero
33762,Tony Ciccone
33763,Tony Curran
33764,Tony D. Head
33765,Tony Dalton
33766,Tony Danza
33767,Tony Darling
33768,Tony Darrow
33769,Tony Denham
33770,Tony Dulzaidez
33771,Tony Eusoff
33772,Tony Finnegan
33773,Tony Garza
33774,Tony Genaro
33775,Tony Glover
33776,Tony Goldwyn
33777,Tony Goodman
33778,Tony Hale
33779,Tony Hawk
33780,Tony Issa
33781,Tony Jaa
33782,Tony Jay
33783,Tony Kgoroge
33784,Tony King
33785,Tony Labrusca
33786,Tony Law
33787,Tony Leondis
33788,Tony Lestingi
33789,Tony Leung Chiu Wai
33790,Tony Leung Chiu-wai
33791,Tony Leung Ka Fai
33792,Tony Leung Ka-fai
33793,Tony Luke
33794,Tony Martin
33795,Tony Massil
33796,Tony McCoy
33797,Tony Nappo
33798,Tony Nikolakopoulos
33799,Tony O'Dell
33800,Tony Oliver
33801,Tony Panterra
33802,Tony Parker
33803,Tony Pitts
33804,Tony Plana
33805,Tony Quinones
33806,Tony Revolori
33807,Tony Robbins
33808,Tony Robinow
33809,Tony Rohr
33810,Tony Sampson
33811,Tony Schiena
33812,Tony Shalhoub
33813,Tony Spitz
33814,Tony Sun
33815,Tony Todd
33816,Tony Tsz-Tung Wu
33817,Tony Way
33818,Tony Yang
33819,Tonya Kay
33820,Tonya Pinkins
33821,Tonya Rapley
33822,Tonye Patano
33823,Too $hort
33824,Toomtam Yuthana Puengklarng
33825,Tooni Afolayan
33826,Tope Tedela
33827,Topher Grace
33828,Topol
33829,Topp Dogg
33830,Toprak Sergen
33831,Tor Techathuwanan
33832,Tora Sudiro
33833,Torben Liebrecht
33834,Torbjørn Jensen
33835,Torfinn Nag
33836,Tori Anderson
33837,Tori Kristiansen
33838,Tori Osborn
33839,Tori Spelling
33840,Torrance Coombs
33841,Torrey DeVitto
33842,Torri Higginson
33843,Torsten Michaelis
33844,Toru Furuya
33845,Toru Kazama
33846,Toru Nara
33847,Toru Okawa
33848,Toru Sakurai
33849,Toru Takizawa
33850,Toru Tezuka
33851,Toru Watanabe
33852,Tory Belleci
33853,Tory Devon Smith
33854,Tory Freeth
33855,Tory Kittles
33856,Tory Trowbridge
33857,Tosan Edremoda Ugbeye
33858,Tosatid Darnkhuntod
33859,Toshihiko Seki
33860,Toshiki Ayata
33861,Toshiki Masuda
33862,Toshinori Omi
33863,Toshio Furukawa
33864,Toshiro Hisaki
33865,Toshiro Yanagiba
33866,Toshiyuki Morikawa
33867,Toshiyuki Toyonaga
33868,Tosin Cole
33869,Tosin Sido
33870,Tota Roy Chowdhury
33871,Toto Vega
33872,Tovino Thomas
33873,Towanda Braxton
33874,Toya Turner
33875,Toygan Avanoğlu
33876,Toyin Abraham
33877,Toyin Aimakhu
33878,Toyin Alabi
33879,Toyin Oshinaike
33880,Toyosi Benjamin
33881,Toño Valdés
33882,Toño Vega
33883,Trace Adkins
33884,Trace Beaulieu
33885,Tracee Chimo
33886,Tracee Ellis Ross
33887,Tracey Ashley
33888,Tracey Gold
33889,Tracey Hoyt
33890,Tracey Ullman
33891,Tracey Walter
33892,Traci Ann Wolfe
33893,Traci Braxton
33894,Traci Lords
33895,Tracie Thoms
33896,Tracy Ann Oberman
33897,Tracy Davis
33898,Tracy Gotoas
33899,Tracy Letts
33900,Tracy Lynn Cruz
33901,Tracy Middendorf
33902,Tracy Morgan
33903,Tracy Pfau
33904,Tracy Vilar
33905,Trae Ireland
33906,Trae Robin
33907,Tran Nghia
33908,Tran Phong
33909,Trang Le Hong
33910,Trapa Majumder
33911,Travaris Spears
33912,Travis Coles
33913,Travis Dresden
33914,Travis Hammer
33915,Travis Japan
33916,Travis McCoy
33917,Travis Mills
33918,Travis Nelson
33919,Travis Scott
33920,Travis Tope
33921,Travis Turner
33922,Travis Van Winkle
33923,Travis Willingham
33924,Travis Winfrey
33925,Treat Williams
33926,Tremaine Brown
33927,Trent 'Maxi' Maxwell
33928,Trent Brya
33929,Trent Haaga
33930,Tress MacNeille
33931,Trestin George
33932,Trevante Rhodes
33933,Trevor Berbick
33934,Trevor Dawkins
33935,Trevor Devall
33936,Trevor Einhorn
33937,Trevor Fox
33938,Trevor Gagnon
33939,Trevor Goddard
33940,Trevor Gretzky
33941,Trevor Gumbi
33942,Trevor Howard
33943,Trevor Jackson
33944,Trevor Long
33945,Trevor Noah
33946,Trevor Peacock
33947,Trevor St. John
33948,Trevor Tordjman
33949,Trevor White
33950,Trey Edward Shults
33951,Trey Gondokusumo
33952,Trey McCurley
33953,Trey Parker
33954,Trey Schafer
33955,Trey Tucker
33956,Trezzo Mahoro
33957,Tricia Helfer
33958,Tricia Leigh Fisher
33959,Tricia Paoluccio
33960,Tridha Choudhury
33961,Trieste Kelly Dunn
33962,Trieu Tran
33963,Trilby Glover
33964,Trilok Kapoor
33965,Trilok Patel
33966,Trimala Adhikari
33967,Trin Miller
33968,Trina Braxton
33969,Trine Dyrholm
33970,Trine Wiggen
33971,Trinidad González
33972,Tripathi Anupam
33973,Tripti Dimri
33974,Trish Stratus
33975,Trisha Kale
33976,Trisha Krishnan
33977,Trisha LaFache
33978,Trishara
33979,Tristan Farge
33980,Tristan Lake Leabu
33981,Tristen Marty-Pahtaykan
33982,Tristán
33983,Tristán Ulloa
33984,Troi Zee
33985,Troian Bellisario
33986,Trond Fausa
33987,Trond Halbo
33988,Troy Anthony Hogan
33989,Troy Baker
33990,Troy Curvey III
33991,Troy Evans
33992,Troy Garity
33993,Troy Gentile
33994,Troy Iwata
33995,Troy Leigh-Anne Johnson
33996,Trpimir Jurkic
33997,Truc Anh
33998,Trudi Conradie
33999,Trudy Goodman
34000,Trula Hoosier
34001,Truong Hoang Hanh Thy
34002,Trupti Khamkar
34003,Trupti Toradmal
34004,Trystan Pütter
34005,Tsahi Halevi
34006,Tsai Chen-nan
34007,Tsai Yi-chen
34008,Tsao Yu-ning
34009,Tseng Ching-hua
34010,Tseng Yun-fan
34011,Tshepo Maseko
34012,Tsholofelo Matshaba
34013,Tsisia Qumsishvili
34014,Tsu Terry
34015,Tsubasa Honda
34016,Tsubasa Yonaga
34017,Tsui Ling Yu
34018,Tsulan Cooper
34019,Tsung-Hua To
34020,Tsutomu Isobe
34021,Tsuyoshi Abe
34022,Tsuyoshi Ihara
34023,Tsuyoshi Koyama
34024,Tsuyoshi Muro
34025,Tsuyoshi Takishita
34026,Tu Men
34027,Tu Nokwe
34028,Tuba Büyüküstün
34029,Tuba Ünsal
34030,Tuc Watkins
34031,Tuck Boriboon
34032,Tucker Albrizzi
34033,Tucker Chandler
34034,Tucker Smallwood
34035,Tudor Smoleanu
34036,Tuesday Weld
34037,Tuface Idibia
34038,Tuhin Mitra
34039,Tulip Joshi
34040,Tumi Morake
34041,Tuna Dwek
34042,Tuna Orhan
34043,Tuna Çevik
34044,Tunbosun Aiyedehin
34045,Tuncel Kurtiz
34046,Tuncer Necmioğlu
34047,Tuncer Salman
34048,Tunde Adebimpe
34049,Tunde Aladese
34050,Tunde Bernard
34051,Tungia Baker
34052,Tunku Hanis
34053,Tupac Shakur
34054,Tuppence Middleton
34055,"Turabi ""Turbo"" Çamkıran"
34056,Turgay Tanülkü
34057,Turki Al-Yusuf
34058,Turlough Convery
34059,Tushar Dalvi
34060,Tushar Pandey
34061,Tushar Phulke
34062,Tusshar Kapoor
34063,Tutie Kirana
34064,Tuulia Eloranta
34065,Tuva Novotny
34066,Tuva Olivia Remman
34067,Tuvana Türkay
34068,Tuğba Melis Türk
34069,Tuğba Sarıünal
34070,Tuğrul Tülek
34071,Twinkle Jaiswal
34072,Twinkle Khanna
34073,Txell Aixendri
34074,Txema Blasco
34075,Ty Burrell
34076,Ty Consiglio
34077,Ty O'Neal
34078,Ty Olsson
34079,Ty Olwin
34080,Ty Panitz
34081,Ty Shelton
34082,Ty Simpkins
34083,Ty Wood
34084,Tye Sheridan
34085,Tye White
34086,Tyger Drew-Honey
34087,Tygh Runyan
34088,Tygo Gernandt
34089,Tyler Alvarez
34090,Tyler Barish
34091,Tyler Blackburn
34092,Tyler Bourke
34093,Tyler Bunch
34094,Tyler Cameron
34095,Tyler Christopher
34096,Tyler Coppin
34097,Tyler Crumley
34098,Tyler Elliot Burke
34099,Tyler Fleming
34100,Tyler Hanson
34101,Tyler Hendrix
34102,Tyler Hoechlin
34103,Tyler Howitt
34104,Tyler Jacob Moore
34105,Tyler Jade Nixon
34106,Tyler James Williams
34107,Tyler Jon Olson
34108,Tyler Joseph Campbell
34109,Tyler Labine
34110,Tyler Mane
34111,Tyler McCaul
34112,Tyler Nathan
34113,Tyler Oakley
34114,Tyler Patrick Jones
34115,Tyler Perez
34116,Tyler Perry
34117,Tyler Posey
34118,Tyler Rasch
34119,Tyler Ritter
34120,Tyler Ross
34121,Tyler Sanders
34122,Tyler Shamy
34123,Tyler Weaks
34124,Tyler Young
34125,Tymberlee Hill
34126,Tyne Daly
34127,Tyra Banks
34128,Tyra Ferrell
34129,Tyra Kristiansen
34130,Tyree Brown
34131,Tyreese Burnett
34132,Tyrel Jackson Williams
34133,Tyrese Gibson
34134,Tyrone Benskin
34135,Tyrone Huggins
34136,Tyrone Keogh
34137,Tyrone Parsons
34138,Tyson Ritter
34139,Tzi Ma
34140,Tzu-Chuan Liu
34141,Tzu-chiang Chao
34142,Tássia Reis
34143,Táta Vega
34144,Téa Leoni
34145,Tómas Lemarquis
34146,Tülay Bursa
34147,Tülay Günal
34148,Tülin Özen
34149,Türkü Turan
34150,U-ie
34151,U-kwon
34152,Uche Elumelu
34153,Uche Jumbo
34154,Uche Nwaefuna
34155,Uchemba Williams
34156,Uday Nene
34157,Uday Tikekar
34158,Udaya Soundari
34159,Udhay
34160,Udhayanidhi Stalin
34161,Udo Kier
34162,Udo Kroschwald
34163,Udo Samel
34164,Udoka Onyeka
34165,Udoka Oyeka
34166,Udom Taephanit
34167,Ufoma Ejenobor
34168,Ufuk Şen
34169,Ufuoma McDermott
34170,Ugam Khetani
34171,Ugur Ekeroglu
34172,Uko
34173,Uli Herdinansyah
34174,Uli Latukefu
34175,Ulises González
34176,Ulises Soto
34177,Ulka Gupta
34178,Ulrich Mühe
34179,Ulrich Noethen
34180,Ulrich Que
34181,Ulrich Thomsen
34182,Ulrich Tukur
34183,Ulvi Alacakaptan
34184,Uly Schlesinger
34185,Ulyana Chan
34186,Um Apasiri Nitibhon
34187,Um Chae-young
34188,Um Hyo-sup
34189,Um Mun-suk
34190,Um Sang-hyun
34191,Um Tae-goo
34192,Uma Bracaglia
34193,Uma Thurman
34194,Uma Yg
34195,Umang Jain
34196,Umeji Sasaki
34197,Umesh Jagtap
34198,Umesh Kamat
34199,Umesh Mehra
34200,Umesh Shukla
34201,Umesh Tamang
34202,Umie Aida
34203,Umika Kawashima
34204,Umur Bugay
34205,Umut Kurt
34206,Umut Kırcalı
34207,Umut Tanyolu
34208,Una Stubbs
34209,Unax Ugalde
34210,Uneek
34211,Ungku Hariz
34212,Ungku Ismail
34213,Ungsumalynn Sirapatsakmetha
34214,Unique Priscilla
34215,Unni Rajan P. Dev
34216,Unnop Chanpaibool
34217,Unsho Ishizuka
34218,Upen Patel
34219,Upendra Limaye
34220,Upyendra Limaye
34221,Uqasha Senrose
34222,Urara Takano
34223,Uraysha Ramrachia
34224,Uraz Kaygılaroğlu
34225,Uri Gavriel
34226,Uriah Shelton
34227,Uriel Emil
34228,Uriel del Toro
34229,Urmila Kanitkar
34230,Urmila Mahanta
34231,Urmila Matondkar
34232,Urs Rechn
34233,Ursula Reit
34234,Ursula Stolf
34235,Ursula Strauss
34236,Urszula Dudziak
34237,Uru Eke
34238,Urvashi
34239,Urvashi Rautela
34240,Urvi Singh
34241,Urwa Hocane
34242,Urzila Carlson
34243,Usain Bolt
34244,Usashi Chakraborty
34245,Usha
34246,Usha Bhandary
34247,Usha Jadhav
34248,Usha Kiran
34249,Usha Nadkarni
34250,Usha Naik
34251,Usha Uthup
34252,Ushan Çakır
34253,Usher Barilka
34254,Usher Raymond
34255,Ushio Shinohara
34256,Usman Mukhtar
34257,Usop Wilcha
34258,Ususmango
34259,Utkarsh Ambudkar
34260,Utkarsh Mazumdar
34261,Utpal Dutt
34262,Utpal Sawant
34263,Utsav Chakraborty
34264,Uttam Kumar
34265,Uttara Baokar
34266,Uwe Preuss
34267,Uzee Usman
34268,Uzikwendu
34269,Uzo Aduba
34270,Uzor Arukwe
34271,Uzor Osimkpa
34272,Uğur Bilgin
34273,Uğur Demirpehlivan
34274,Uğur Yücel
34275,V. K. Naresh
34276,V.K. Sriraman
34277,V.M. Badola
34278,VIXX
34279,VJ Vineeth
34280,VK Naresh
34281,Vachirawich Aranthanawong
34282,Vadhir Derbez
34283,Vadim Michman
34284,Vadivelu
34285,Vahid Gold
34286,Vahldin Prelic
34287,Vaibhav Mangale
34288,Vaibhav Raj Gupta
34289,Vaibhav Reddy
34290,Vaibhav Talwar
34291,Vaibhav Tatwawaadi
34292,Vaibhav Thakkar
34293,Vaidehi Parshurami
34294,Vaidotas Martinaitis
34295,Vaidya Advai
34296,Vaishnavi Dhanraj
34297,Vaishwath Shankar
34298,Vaisnavi RP
34299,Vajdaan Shah
34300,Vajèn van den Bosch
34301,Val Kilmer
34302,Val Maloku
34303,Valarie Pettiford
34304,Valente Rodriguez
34305,Valentijn Dhaenens
34306,Valentin Ganev
34307,Valentin Kretz
34308,Valentin Merlet
34309,Valentin Popescu
34310,Valentina Abu-'Aksa
34311,Valentina Acosta
34312,Valentina Bellè
34313,Valentina Cervi
34314,Valeria Alonso
34315,Valeria Bertuccelli
34316,Valeria Bilello
34317,Valeria Cotto
34318,Valeria Emiliani
34319,Valeria Golino
34320,Valeria Gálviz
34321,Valeria Schoneveld
34322,Valeria Seciu
34323,Valeria Shkirando
34324,Valeria Vera
34325,Valerie Arem
34326,Valerie Bader
34327,Valerie Bertinelli
34328,Valerie Chow
34329,Valerie Harper
34330,Valerie Landsburg
34331,Valerie Mahaffey
34332,Valerie Tian
34333,Valerie Vernon
34334,Valerie Wildman
34335,Valerio Mastandrea
34336,Valeriu Andriuță
34337,Valeriya Polyanychko
34338,Valin Shinyei
34339,Valsala Menon
34340,Valur Freyr Einarsson
34341,Valéria Vitoriano
34342,Valérie Bonneton
34343,Valérie Damidot
34344,Valérie Kaprisky
34345,Vamsi raj Nekkanti
34346,Van Hansis
34347,Van Veronica Ngo
34348,Vance Banzo
34349,Vance Larena
34350,Vanda Margraf
34351,Vandana Gupte
34352,Vandana Hart
34353,Vanesa González
34354,Vanesha Prescilla
34355,Vanessa Aleksander
34356,Vanessa Angel
34357,Vanessa Bauche
34358,Vanessa Bayer
34359,Vanessa Bell Calloway
34360,Vanessa Chaplot
34361,Vanessa Guide
34362,Vanessa Haywood
34363,Vanessa Howard
34364,Vanessa Hudgens
34365,Vanessa Kirby
34366,Vanessa Lachey
34367,Vanessa Lengies
34368,Vanessa Marano
34369,Vanessa Marshall
34370,Vanessa Morgan
34371,Vanessa Paradis
34372,Vanessa Pose
34373,Vanessa Redgrave
34374,Vanessa Rubio
34375,Vanessa Williams
34376,Vanetta Smith
34377,Vaneza Oliveira
34378,Vangie Labalan
34379,Vania Gill
34380,Vanilla Ice
34381,Vanna White
34382,Vannapoom Songsuparp
34383,Vanness Wu
34384,Vansh Bhardwaj
34385,Varalakshmi Sarathkumar
34386,Varatta Vajrathon
34387,Vargus Mason
34388,Varoon Kessop
34389,Varot Makaduangkeo
34390,Varsha Usgaonkar
34391,Varun Bandola
34392,Varun Dhawan
34393,Varun Kapoor
34394,Varun Khandelwal
34395,Varun Khettry
34396,Varun Mehra
34397,Varun Sharma
34398,Varun Thakur
34399,Varuth Waratham
34400,Varzu
34401,Vasana Chalakorn
34402,Vasanth Ravi
34403,Vassili Zappa
34404,Vasu Vikram
34405,Vasuki
34406,Vasundhara Kaul
34407,Vasundhara Rajput
34408,Vathusiri Phuwapunyasiri
34409,Vatsal Dubey
34410,Vatsal Seth
34411,Vaughn Taylor
34412,Vauxhall Jermaine
34413,Vayu Kessuvit
34414,Veanne Cox
34415,Vebjørn Enger
34416,Vector
34417,Ved Rao
34418,Ved Thappar
34419,Vedabrata Rao
34420,Vedant Desai
34421,Vedashree Rao
34422,Vedat Erincin
34423,Vedika
34424,Veena Gaud
34425,Veena Jamkar
34426,Veena Malik
34427,Veena Nair
34428,Veena Nandakumar
34429,Veena Sundar
34430,Veeni Paranjape Joglekar
34431,Veer Rajwant Singh
34432,Veera Kapur Ee
34433,Veera Saxena
34434,Veerendra Saxena
34435,Veerle Baetens
34436,Veeru Krishnan
34437,Vega Tamotia
34438,Vega Tsai
34439,Vegar Hoel
34440,Vela Ramamoorthy
34441,Velibor Topic
34442,Vella Lovell
34443,Venantino Venantini
34444,Venecia Troncoso
34445,Vengo Gao
34446,Venita Akpofure
34447,Venkatesh Harinathan
34448,Venkatesh Kakumanu
34449,Vennela Kishore
34450,Venus Wong
34451,Vera Chen
34452,Vera Cherny
34453,Vera Farmiga
34454,Vera Panfilova
34455,Vera Spinetta
34456,Vera Vitali
34457,Vera Yen
34458,Vera-Ellen
34459,Verda Bridges
34460,Verdi Solaiman
34461,Vered Feldman
34462,Verna Bloom
34463,Verne Troyer
34464,Vernon Dobtcheff
34465,Vernon Vaughn
34466,Vernon Wells
34467,Veronica Afflerbach
34468,Veronica Cartwright
34469,Veronica Falcón
34470,Veronica Hampson
34471,Veronica Osorio
34472,Veronica Taylor
34473,Veronica Webb
34474,Veronika Bozeman
34475,Veronika Shostak
34476,Veronika Vernadskaya
34477,Veronique Sandler
34478,Veruska Rossi
34479,Very Tri Yulisman
34480,Verónica Alva
34481,Verónica Bravo
34482,Verónica Castro
34483,Verónica Echegui
34484,Verónica Forqué
34485,Verónica Intile
34486,Verónica Jaspeado
34487,Verónica Langer
34488,Verónica Llinás
34489,Verónica Montes
34490,Verónica Orozco
34491,Verónica Perrotta
34492,Verónica Sánchez
34493,Verónica Terán
34494,Verónica Velásquez
34495,Verónika Moral
34496,Vetri
34497,Via Antonio
34498,Vianey Rodríguez
34499,Viann Zhang
34500,Vibha Chhibber
34501,Vibhavari Deshpande
34502,Vibhawari Deshpande
34503,Vic Chao
34504,Vic Chou
34505,Vic Mignogna
34506,Vic Reeves
34507,Vic Tablian
34508,Vic Tayback
34509,Vica Kerekes
34510,Vice Ganda
34511,Vicellous Shannon
34512,Vicenta N'Dongo
34513,Vicente Romero
34514,Vicente Vergara
34515,Vichuda Pindum
34516,Vicki Pepperdine
34517,Vickie Papavs
34518,Vicky Chen
34519,Vicky Hernández
34520,Vicky Jeudy
34521,Vicky Kaushal
34522,Vicky Krieps
34523,Vicky Liang
34524,Vicky Luengo
34525,Vicky McClure
34526,Vicky Peña
34527,Vicky R
34528,Victoire Du Bois
34529,Victor Allen
34530,Victor Anastacio
34531,Victor Argo
34532,Victor Artus Solaro
34533,Victor Assié
34534,Victor Banerjee
34535,Victor Boccard
34536,Victor Bonilla
34537,Victor Bonnel
34538,Victor Carvalho
34539,Victor Erabie
34540,Victor French
34541,Victor Garber
34542,Victor Gojcaj
34543,Victor Huggo Martin
34544,Victor J. Ho
34545,Victor Lamoglia
34546,Victor Laplace
34547,Victor Le Blond
34548,Victor Leal
34549,Victor McGuire
34550,Victor Mendes
34551,Victor Meutelet
34552,Victor Mohale
34553,Victor Neri
34554,Victor Polster
34555,Victor Rasuk
34556,Victor Rivers
34557,Victor Silayan
34558,Victor Sparapane
34559,Victor Valdes
34560,Victor Williams
34561,Victor Wong
34562,Victor Yerrid
34563,Victoria Abril
34564,Victoria Almeida
34565,Victoria Baldesarra
34566,Victoria Barabas
34567,Victoria Bewick
34568,Victoria Broom
34569,Victoria Bruno
34570,Victoria Cartagena
34571,Victoria Clare
34572,Victoria Diamond
34573,Victoria Elizabeth Staley
34574,Victoria Fairchild
34575,Victoria Grace
34576,Victoria Hamilton
34577,Victoria Haralabidou
34578,Victoria Jackson
34579,Victoria Justice
34580,Victoria Micheals
34581,Victoria Monfort
34582,Victoria Pedretti
34583,Victoria Ramos
34584,Victoria Raposo
34585,Victoria Smurfit
34586,Victoria Song
34587,Victoria Tomazelli
34588,Victoria Trauttmansdorff
34589,Victoria Vida
34590,Victoria Viera
34591,Victoria Yeates
34592,Victoria Zeutzius
34593,Victorio D'Alessandro
34594,Victòria Pagès
34595,Vidhu
34596,Vidhur Rajarajan
34597,Vidit Kumar
34598,Vidushi Mehra
34599,Vidya Balan
34600,Vidya Karanjikar
34601,Vidya Malavade
34602,Vidya Malvade
34603,Vidya Shankar
34604,Vidya Sinha
34605,Vidyadhar Joshi
34606,Vidyullekha Raman
34607,Vidyut Jammwal
34608,Vidyut Jamwal
34609,Vienna Hehir
34610,Viet Anh Do
34611,View Wannarot Sontichai
34612,Viggo Mortensen
34613,Vihaan Samat
34614,Vihang Nayak
34615,Viineet Kumar
34616,Vijay
34617,Vijay Babu
34618,Vijay Bhatia
34619,Vijay Crishna
34620,Vijay Deverakonda
34621,Vijay Kashyap
34622,Vijay Kaushik
34623,Vijay Kenkre
34624,Vijay Kumar
34625,Vijay Maurya
34626,Vijay Nikam
34627,Vijay Pande
34628,Vijay Raaz
34629,Vijay S. Kumar
34630,Vijay Salve
34631,Vijay Sethupathi
34632,Vijay Varma
34633,Vijayant Kohli
34634,Vijayaraghavan
34635,Vijayendra Ghatge
34636,Viji Chandrasekhar
34637,Vijilesh
34638,Viju Khote
34639,Vikas Bhalla
34640,Vikas Kadam
34641,Vikas Kumar
34642,Vikas Pandurang Patil
34643,Vikas Shukla
34644,Vikas Vasistha
34645,Vikas Verma
34646,Vikram
34647,Vikram Chatwal
34648,Vikram Gokhale
34649,Vikram Grover
34650,Vikram Inamdar
34651,Vikram Kapadia
34652,Vikram Kochhar
34653,Vikram Prabhu
34654,Vikram Sakhalkar
34655,Vikram Singh
34656,Vikramjeet Virk
34657,Vikrant Massey
34658,Vikrant Singh
34659,Vikri Septiawan
34660,Viktor Axelsson
34661,Viktor Proskurin
34662,Viktor Saraykin
34663,Viktoriya Agalakova
34664,Viktoriya Isakova
34665,Ville Virtanen
34666,Vilma Santos
34667,Vimal
34668,Vimala Pons
34669,Vin Diesel
34670,Vin Morreale Jr.
34671,Vinay Apte
34672,Vinay Forrt
34673,Vinay Jain
34674,Vinay Pathak
34675,Vinay Sharma
34676,Vinay Varma
34677,Vinaya Sungkur
34678,Vinayak Gupta
34679,Vinayakan
34680,Vince Carter
34681,Vince Kao
34682,Vince Miranda
34683,Vince Poletto
34684,Vince Rillon
34685,Vince Staples
34686,Vince Swann
34687,Vince Vaughn
34688,Vincent Caso
34689,Vincent Cassel
34690,Vincent Curatola
34691,Vincent D'Onofrio
34692,Vincent Darmuzey
34693,Vincent Deniard
34694,Vincent Desagnat
34695,Vincent Ebrahim
34696,Vincent Elbaz
34697,Vincent Giovagnoli
34698,Vincent Grass
34699,Vincent Hoss-Desmarais
34700,Vincent Kartheiser
34701,Vincent Kok
34702,Vincent Lacoste
34703,Vincent Launay-Franceschini
34704,Vincent Lindon
34705,Vincent Londez
34706,Vincent Martinez
34707,Vincent Matile
34708,Vincent McDaniel
34709,Vincent Pastore
34710,Vincent Perez
34711,Vincent Piazza
34712,Vincent Regan
34713,Vincent Rodriguez III
34714,Vincent Scarito
34715,Vincent Schiavelli
34716,Vincent Sze
34717,Vincent Tirel
34718,Vincent Tong
34719,Vincent Trouilleux
34720,Vincent Vermignon
34721,Vincent Walsh
34722,Vincent Ward
34723,Vincent Wei
34724,Vincent Zhao
34725,Vincenzo Amato
34726,Vincenzo Crea
34727,Vincenzo Fabricino
34728,Vincenzo Nicoli
34729,Vincy Aloshious
34730,Vineet Kumar Singh
34731,Vineet Sharma
34732,Vineeth
34733,Vineeth Mohan
34734,Vineeth Vishwam
34735,Vinessa Shaw
34736,Ving Rhames
34737,Vinnie Jones
34738,Vinny Sharp
34739,Vinod Acharya
34740,Vinod Khanna
34741,Vinod Kulkarni
34742,Vinod Mehra
34743,Vinod Nagpal
34744,Vinod Ramani
34745,Vinod Rawat
34746,Vinod Sagar
34747,Vinod Sharawat
34748,Vinodhini
34749,Vinoth
34750,Vinoth Kishan
34751,Vinson Tran
34752,Vinícius Garcia
34753,Viola Davis
34754,Viola Martinsen
34755,Violante Placido
34756,Violet McGraw
34757,Violet Nelson
34758,Violetta Schurawlow
34759,Violette Wautier
34760,Vipin Bhali
34761,Vipin Sharma
34762,Vipul Roy
34763,Vir Das
34764,Viraaj Modgill
34765,Viraf Patel
34766,Virast Sandhu
34767,Virender Nath Lubana
34768,Virendra Saxena
34769,Virendra Saxenda
34770,Virgil Aioanei
34771,Virgile Bramly
34772,Virgilio Riento
34773,Virgina Diop
34774,Virginia Gardner
34775,Virginia Louise Smith
34776,Virginia Madsen
34777,Virginia Rodriguez
34778,Virginia Williams
34779,Virginie Efira
34780,Virginie Fortin
34781,Virginie Laverdure
34782,Virginie Ledoyen
34783,Virithipa Phakdeeprasong
34784,Virti Vaghani
34785,Visaka Banhansupavat
34786,Vishagan Vanangamudi
34787,Vishakha Singh
34788,Vishal
34789,Vishal Bhosle
34790,Vishal Kotian
34791,Vishal Malhotra
34792,Vishal Om Prakash
34793,Vishal Sharma
34794,Vishesh Bansal
34795,Vishesh Tiwari
34796,Vishnu Agasthya
34797,Vishnu Vinay
34798,Vishwa Badola
34799,Vishwajeet Pradhan
34800,Vishwaksen Naidu
34801,Vishwas Kamble
34802,Vishwas Kini
34803,Vismaya
34804,Viswanathan Sridhar
34805,Vitali Khayev
34806,Vitaliya Kornienko
34807,Vitaly Zdorovetskiy
34808,Vithaya Pansringarm
34809,Vito Sanz
34810,Vito Viscuso
34811,Vitta Mariana Barrazza
34812,Vitthal Kale
34813,Vitthal Patil
34814,Vittoria Puccini
34815,Vittorio De Sica
34816,Vitória Falcão
34817,Viv Leacock
34818,Viva Bianca
34819,Viva Harsha
34820,Vivaan Shah
34821,Vivan Bhatena
34822,Viveca Lindfors
34823,Vivek Ghamande
34824,Vivek Gomber
34825,Vivek Mishra
34826,Vivek Mushran
34827,Vivek Oberoi
34828,Vivek Rajgopal
34829,Vivek Rana
34830,Vivek Ranadivé
34831,Vivek Shaq
34832,Vivek Yadav
34833,Vivekanand Walake
34834,Vivi Lee
34835,Vivian Chan
34836,Vivian Drew
34837,Vivian Duarte
34838,Vivian Hsu
34839,Vivian Lai
34840,Vivian Smallwood
34841,Vivian Wu
34842,Viviana Coles
34843,Viviana Santos
34844,Viviane Porto
34845,Vivica A. Fox
34846,Vivien Lyra Blair
34847,Vivienne Tseng
34848,Viña Machado
34849,Vlad Ivanov
34850,Vlad Logigan
34851,Vladimir Alenikov
34852,Vladimir Burlakov
34853,Vladimir Caamaño
34854,Vladimir Consigny
34855,Vladimir Kulich
34856,Vladimir Steklov
34857,Vladimir Zelenskiy
34858,Vladimír Javorský
34859,Vladimír Polívka
34860,Vlado Mihailov
34861,Vlasta Vrana
34862,Vlastra Vrana
34863,Vojislav Brajovic
34864,Voke Victoria
34865,Volkan Çalışkan
34866,Volkan Ünal
34867,Volker Bruch
34868,Volkmar Kleinert
34869,Vondie Curtis-Hall
34870,Vonny Cornellya
34871,Vorarit Fuangarom
34872,Vrajesh Hirjee
34873,Vrijesh Hirjee
34874,Vrinda Gajendra
34875,Vrishasen Dabholkar
34876,Vrund Rao
34877,Vu Le Hong
34878,Vusi Mahlasela
34879,Vuyo Dabula
34880,Vyacheslav Kataev
34881,Vyjayanthimala
34882,Vyjayantimala
34883,Víctor Elías
34884,Víctor Mallarino
34885,Víctor Quezada
34886,Víctor Trujillo
34887,W. Earl Brown
34888,W. Ellington Felton
34889,W. Kamau Bell
34890,W. Tré Davis
34891,Waad Mohammed
34892,Waco O'Guin
34893,Wade Allain-Marcus
34894,Wade Davis
34895,Wade Everett
34896,Wade Randolph
34897,Wael Sami
34898,Wafaa Amer
34899,Wafaa Sadeq
34900,Wafda Saifan
34901,Wafeeq Narimab
34902,Wagner Follare
34903,Wagner Moura
34904,Wah Yuen
34905,Wahab Chaudhry
34906,Waheeda Rehman
34907,Wai Ai
34908,Wai Ching Ho
34909,Wai Yee Chan
34910,Waje
34911,Wakana Kowaka
34912,Wakana Sakai
34913,Wakana Yamazaki
34914,Waldo Urrego
34915,Wale Adebayo
34916,Wale Akorede
34917,Wale Ojo
34918,Waleed Algadi
34919,Waleed Alyasi
34920,Waleed Zuaiter
34921,Walid Abdul Salam
34922,Walid Al-Atiyat
34923,Walid Fawaz
34924,Walker Borba
34925,Wallace Chung
34926,Wallace Huo
34927,Wallace Shawn
34928,Wallie Ruy
34929,Wallis Currie-Wood
34930,Wally Dunn
34931,Wally Wingert
34932,Walt Dohrn
34933,Walter Bercht
34934,Walter Cornás
34935,Walter Díaz
34936,Walter Fauntleroy
34937,Walter Huston
34938,Walter Jakob
34939,Walter Jones
34940,Walter Koenig
34941,Walter Matthau
34942,Walter Mercado
34943,Walter Pidgeon
34944,Walton Goggins
34945,Waluscha D'Souza
34946,Waly Dia
34947,Wan Hanafi Su
34948,Wan Sharmila
34949,Wan-kyung Sung
34950,Wanda Seux
34951,Wanda Stanisławska-Lothe
34952,Wanda Sykes
34953,Wandile Molebatsi
34954,Wandy She
34955,Wang Baoqiang
34956,Wang Bowen
34957,Wang Chuan
34958,Wang Deshun
34959,Wang Duo
34960,Wang Gongliang
34961,Wang Haoxuan
34962,Wang Herun
34963,Wang Hsi-hua
34964,Wang Jian Long
34965,Wang Jingchun
34966,Wang Kai
34967,Wang Ko-yuan
34968,Wang Likun
34969,Wang Longzheng
34970,Wang Man-chiao
34971,Wang Naixun
34972,Wang Ou
34973,Wang Po-chieh
34974,Wang Qianyuan
34975,Wang Qingxiang
34976,Wang Qiuzi
34977,Wang Runze
34978,Wang Sen
34979,Wang Si Ping
34980,Wang Simin
34981,Wang Wei
34982,Wang Xiao Chen
34983,Wang Xu Dong
34984,Wang Xueqi
34985,Wang Xun
34986,Wang Yibo
34987,Wang Yizhe
34988,Wang Yu-ping
34989,Wang Yutian
34990,Wang Yuwei
34991,Wang Zhener
34992,Wang Zhuocheng
34993,Wang Zijian
34994,Wang Ziwen
34995,Wang Zixuan
34996,Wang Ziyi
34997,Wanida Termthanaporn
34998,Wannasak Sirilar
34999,Wannisa Peungpa
35000,Wanny Mustahfah
35001,Waraphat Phatsathit
35002,Waratthaya Wongchayaporn
35003,Warawut Poyim
35004,Ward El Kal
35005,Warda Rammach
35006,Wardeh Dukwar
35007,Wardeh Jubran
35008,Warina Hussain
35009,Warisara Jitpreedasakul
35010,Warisara Yu
35011,Warot Pitakanonda
35012,Warren Beatty
35013,Warren Brown
35014,Warren Bullock
35015,Warren Christie
35016,Warren Clarke
35017,Warren Dsouza
35018,Warren Frost
35019,Warren Masemola
35020,Warren Oates
35021,Warren Rusher
35022,Warren Stevens
35023,Warwick Davis
35024,Waseem Abbas
35025,Wasu Sansingkeaw
35026,Wataru Hatano
35027,Wataru Takagi
35028,Wati Sudiyono
35029,Wavyy Jonez
35030,Wayne Brady
35031,Wayne Chua
35032,Wayne Collins
35033,Wayne Duvall
35034,Wayne Federman
35035,Wayne Forester
35036,Wayne Grayson
35037,Wayne Hope
35038,Wayne Huang
35039,Wayne Knight
35040,Wayne Kramer
35041,Wayne Lynch
35042,Wayne Newton
35043,Wayne Pére
35044,Wayne Rogers
35045,Waël Sersoub
35046,Weber Yang
35047,Wedad Abdel Aziz Abdou
35048,Wei Daxun
35049,Wei Hao Teng
35050,Wei Lin
35051,Wei Qing
35052,Wei Xiang
35053,Wei Yibo
35054,Weird Al Yankovic
35055,Welile Nzunza
35056,Welile Nzuza
35057,Welker White
35058,Wen Chen-ling
35059,Wen Sen
35060,Wen Shaoping
35061,Wen Xin
35062,Wen-Chu Yang
35063,Wen-lin Fang
35064,Wenche Myhre
35065,Wendee Lee
35066,Wendel Clark
35067,Wendell Pierce
35068,Wendell Ramos
35069,Wendi McLendon-Covey
35070,Wendi Peters
35071,Wendie Malick
35072,Wendy Baron
35073,Wendy Craig
35074,Wendy Crewson
35075,Wendy Gazelle
35076,Wendy McColm
35077,Wendy Moniz
35078,Wendy Paulson
35079,Wendy Phillips
35080,Wendy Raquel Robinson
35081,Wendy Robie
35082,Wenpei Ju
35083,Wentworth Miller
35084,Wenty Mamenda
35085,Werner Daehn
35086,Werner Herzog
35087,Werner Schünemann
35088,Weruche Opia
35089,Wes Bentley
35090,Wes Bergmann
35091,Wes Chatham
35092,Wes Lo
35093,Wes Studi
35094,Wesam Hanna
35095,Wesley Andrew
35096,Wesley Barker
35097,Wesley Guimarães
35098,Wesley Mann
35099,Wesley Morgan
35100,Wesley Snipes
35101,Westny Dj
35102,Weston Meredith
35103,Whindersson Nunes
35104,Whip Hubley
35105,Whitmer Thomas
35106,Whitney Able
35107,Whitney Cummings
35108,Whitney Goin
35109,Whitney Rose Pynn
35110,Whoopi Goldberg
35111,Whyn Wu
35112,Wi Ha-jun
35113,Widika Sidmore
35114,Widuri Puteri
35115,Widyawati
35116,Wiesław Komasa
35117,Wiktoria Filus
35118,Wiktoria Gąsiewska
35119,Wil King
35120,Wil Traval
35121,Wil Wheaton
35122,Wil Willis
35123,Wilbur Fitzgerald
35124,Wiley M. Pickett
35125,Wilf Scolding
35126,Wilford Brimley
35127,Wilfred Benaïche
35128,Wilfred Hyde-White
35129,Wilfred Lau
35130,Wilfred Lee
35131,Wilfree Vasquez
35132,Will 'Spank' Horton
35133,Will Arnett
35134,Will Bowes
35135,Will Brill
35136,Will Brittain
35137,Will Buie Jr.
35138,Will Denton
35139,Will Ennis
35140,Will Ferrell
35141,Will Forte
35142,Will Friedle
35143,Will Janowitz
35144,Will Keen
35145,Will Kemp
35146,Will King
35147,Will Lee
35148,Will McCormack
35149,Will Mellor
35150,Will Merrick
35151,Will Meyers
35152,Will Millard
35153,Will Oldham
35154,Will Patton
35155,Will Peltz
35156,Will Poulter
35157,Will Roberts
35158,Will Rothhaar
35159,Will Ryan
35160,Will Sasso
35161,Will Shadley
35162,Will Sharpe
35163,Will Smith
35164,Will Stephen
35165,Will Strongheart
35166,Will Thorp
35167,Will Tilston
35168,Will Tsai
35169,Will Yun Lee
35170,Willa Fitzgerald
35171,Willa Holland
35172,Willam Belli
35173,Wille Lindberg
35174,Willeke van Ammelrooy
35175,Willem Dafoe
35176,Willem Rebergen
35177,William Abadie
35178,William Ackman
35179,William Ainscough
35180,William Allen Young
35181,William Ash
35182,William Atherton
35183,William Baldwin
35184,William Bornkessel
35185,William Calvert
35186,William Chan Wai-ting
35187,William Christopher Ford
35188,William Christopher Stephens
35189,William Daniels
35190,William Davis
35191,William DeMeo
35192,William Devane
35193,William Fichtner
35194,William Forsythe
35195,William H. Macy
35196,William Hardie
35197,William Haresceugh
35198,William Hickey
35199,William Hill
35200,William Hope
35201,William Hopper
35202,William Houston
35203,William Hurt
35204,William Jackson Harper
35205,William Jordan
35206,William Katt
35207,William Knight
35208,William Lacey
35209,William Lawandi
35210,William Lee Scott
35211,William Levy
35212,William Liao
35213,William Lodder
35214,William Lucking
35215,William Mapother
35216,William Mark McCullough
35217,William Marquez
35218,William McInnes
35219,William McNamara
35220,William Moseley
35221,William Murray Weiss
35222,William Powell
35223,William R. Moses
35224,William Romain
35225,William Russ
35226,William Rützou
35227,William Sadler
35228,William Sanderson
35229,William Shatner
35230,William Shewfelt
35231,William Spetz
35232,William Sterchi
35233,William Townsend
35234,William Vail
35235,William Vanderpuye
35236,William Walker
35237,William Zabka
35238,Williams Uchemba
35239,Willie C. Carpenter
35240,Willie Garson
35241,Willie Jones
35242,Willie Nelson
35243,Willie Robertson
35244,Willie Ruengrit McIntosh
35245,Willie Taylor
35246,Willow Shields
35247,Willow Smith
35248,Wills Sia
35249,Willy Dozan
35250,Willy Semler
35251,Willy T. Ribbs
35252,Willy Toledo
35253,Wilma Bonet
35254,Wilmer Calderon
35255,Wilmer Valderrama
35256,Wilson Bethel
35257,Wilson Chen Bo-Lin
35258,Wilson Hsu
35259,Wilson Lam
35260,Wilson Radjou-Pujalte
35261,Wilza Lubis
35262,Wimolphan Chaleejunghan
35263,Win Morisaki
35264,Winai Kraibutr
35265,Windy Apsari
35266,Wing Cho
35267,Winky Wiryawan
35268,Winnie Böwe
35269,Winnie Chang
35270,Winona Ryder
35271,Winslow Fegley
35272,Winston Chao
35273,Winston Duke
35274,Wiolka Walaszczyk
35275,Wiradit Srimalai
35276,Wissam Fares
35277,Wiwat Kongrasri
35278,Wiwattanawarang Oabnithi
35279,Wiyona Yeung
35280,Wiz Khalifa
35281,Wladimir Tarasjanz
35282,Wofai Egu Ewa
35283,Wofai Fada
35284,Wofai Samuel
35285,Wojciech Bocianowski
35286,Wojciech Dolatowski
35287,Wojciech Kalinowski
35288,Wojciech Klata
35289,Wojciech Mecwaldowski
35290,Wojciech Solarz
35291,Wojciech Zieliński
35292,Wojciech Łozowski
35293,Wole Olowomojuore
35294,Wolf Kahler
35295,Wolfgang Bodison
35296,Wolfgang Novogratz
35297,Wolfgang Puck
35298,Won Jin-ah
35299,Won-joong Jung
35300,Won-keun Lee
35301,Won-sang Park
35302,Wong Jing
35303,Wong Kung-miu
35304,Wong Suet-yin
35305,Wong Sum-yin
35306,Wong You-nam
35307,Wong Yu
35308,Wongsakorn Rassamitat
35309,Wonho Chung
35310,Woo Do‑hwan
35311,Woo Shik Choi
35312,Woo-Sung Hyun
35313,Woo-bin Kim
35314,Woo-hee Chun
35315,Woo-jin Jo
35316,Woo-sung Jung
35317,Wood Harris
35318,Woodrow Parfrey
35319,Woody Harrelson
35320,Woody Strode
35321,Woon Young Park
35322,Woong-in Jeong
35323,Woranuch Wongsawan
35324,Worrawech Danuwong
35325,Wotan Wilke Möhring
35326,Wrenn Schmidt
35327,Wu Chi Liu
35328,Wu Chien-ho
35329,Wu Chun
35330,Wu Gang
35331,Wu Jing
35332,Wu Jinyan
35333,Wu Kang-jen
35334,Wu Kang-ren
35335,Wu Kunda
35336,Wu Ma
35337,Wu Shuangyi
35338,Wu Tai-ling
35339,Wu Ting-chien
35340,Wu Xiong
35341,Wu Xudong
35342,Wu Yue
35343,Wulan Guritno
35344,Wumi Toriola
35345,Wunmi Mosaku
35346,Wyatt Cenac
35347,Wyatt Oleff
35348,Wyatt Russell
35349,Wyatt Smith
35350,Wyatt White
35351,Wyclef Jean
35352,Wymen Yang
35353,Wynn Everett
35354,Wynton Marsalis
35355,Wynton Odd
35356,Władysław Kowalski
35357,Włodzimierz Boruński
35358,X Ambassadors
35359,Xabiani Ponce de León
35360,Xabier Deive
35361,Xan Cejudo
35362,Xana Tang
35363,Xand van Tulleken
35364,Xander Berkeley
35365,Xander Crowell
35366,Xavi Hernández
35367,Xavi Lite
35368,Xavi Sáez
35369,Xavier Beauvois
35370,Xavier Cervantes
35371,Xavier Estévez
35372,Xavier Lebel
35373,Xavier Ruvalcaba
35374,Xavier Samuel
35375,Xavier Ywaya
35376,Xavier de Guzman
35377,Xenia França
35378,Xenia Goodwin
35379,Xi Man-Ning
35380,Xi Wei Lun
35381,Xia Teng-hong
35382,Xia Vigor
35383,Xia Yu
35384,Xian Gao
35385,Xian Lim
35386,Xiang Dong Xu
35387,Xiang Yun
35388,Xiao Man
35389,Xiao Ran
35390,Xiao Shen-Yang
35391,Xiao Xiao Bin
35392,Xiao Yan
35393,Xie Binbin
35394,Xie Jing-jing
35395,Ximena Duque
35396,Ximena Guzmán
35397,Ximena Herrera
35398,Ximena Lamadrid
35399,Ximena Romo
35400,Ximena Sariñana
35401,Xin Liu
35402,Xin Zhilei
35403,Xing Yu
35404,Xinyi Zhang
35405,Xiu Qin
35406,Xochitl Gomez
35407,Xolile Tshabalala
35408,Xolo Maridueña
35409,Xosé Antonio Touriñán
35410,Xu Bin
35411,Xu Fan
35412,Xu Kai
35413,Xu Kaicheng
35414,Xu Ke
35415,Xu Mengyuan
35416,Xu Ming-jie
35417,Xu Minghu
35418,Xu Qing
35419,Xu Xiaonuo
35420,Xuan Lu
35421,Xuan Xiaoming
35422,Xyriel Manabat
35423,Xzibit
35424,Ya Hui
35425,YaYa Gosselin
35426,Yaani King Mondschein
35427,Yadhira Carrillo
35428,Yael Eitan
35429,Yael Grobglas
35430,Yael Sharoni
35431,Yael Stone
35432,Yael Yurman
35433,Yafit Asulin
35434,Yahir Alday
35435,Yahya Abdul-Mateen II
35436,Yaima Ramos
35437,Yakub Akhmedov
35438,Yakubu Mohammed
35439,Yalany Marschner
35440,Yalitza Aparicio
35441,Yama Gilgamesh
35442,Yamam Al Hassan
35443,Yamaneika Saunders
35444,Yameen Shah
35445,Yami Gautam
35446,Yamila Saud
35447,Yamini Das
35448,Yamini Singh
35449,Yamée Couture
35450,Yan An
35451,Yan Feldman
35452,Yan Gakharmanov
35453,Yan Hai
35454,Yan Yu-lin
35455,Yana Gupta
35456,Yana Marinova
35457,Yancey Arias
35458,Yanchat Sankey
35459,Yancy Butler
35460,Yanee Tramoth
35461,Yang Chen
35462,Yang Chiang
35463,Yang Di
35464,Yang Dong-geun
35465,Yang Hak Jin
35466,Yang Hao Ming
35467,Yang Haoyu
35468,Yang Hye-ji
35469,Yang Hyeon-min
35470,Yang Ik-june
35471,Yang Jeong-hwa
35472,Yang Jin-sung
35473,Yang Lixin
35474,Yang Mi
35475,Yang Se-Jong
35476,Yang Se-na
35477,Yang Shuming
35478,Yang Tianxiang
35479,Yang Tindong
35480,Yang Wei
35481,Yang Yang
35482,Yang Zheng
35483,Yang Zi
35484,Yangzom Brauen
35485,Yani Gellman
35486,Yani Tramod
35487,Yanic Truesdale
35488,Yanin Opassathaworn
35489,Yanina Ávila
35490,Yaniv Moyal
35491,Yankel Stevan
35492,Yann Gael
35493,Yann Goven
35494,Yannick Konnan
35495,Yannick van de Velde
35496,Yany Prado
35497,Yao Ai-ning
35498,Yao Chen
35499,Yao Wenlong
35500,Yao Yichen
35501,Yao Yuan Hao
35502,Yaphet Kotto
35503,Yara Bou Nassar
35504,Yara Mustafa
35505,Yara Pilartz
35506,Yara Shahidi
35507,Yare Santana
35508,Yareli Arizmendi
35509,Yarichada Wattanawongsri
35510,Yaroslav Zhalnin
35511,Yasa
35512,Yasemin Allen
35513,Yasemin Conka
35514,Yaser Alneyadi
35515,Yaser Hassan
35516,Yash Shashank Dholye
35517,Yash Tonk
35518,Yashaswini Dayama
35519,Yashodhan Bal
35520,Yashpal Sharma
35521,Yashvit Sancheti
35522,Yashwant Wasnik
35523,Yasin Houicha
35524,Yasirah Bhelz
35525,Yasmin Abdulaziz
35526,Yasmin Honeychurch
35527,Yasmin Ponnappa
35528,Yasmin Raeis
35529,Yasmin Thayná
35530,Yasmina Drissi Sales
35531,Yasmine Al Massri
35532,Yasmine Awad
35533,Yasmine Bleeth
35534,Yasser Al Hadi
35535,Yasser Al Jarraf
35536,Yasser Al Zankalouni
35537,Yasser Ali Maher
35538,Yasser El Tobgy
35539,Yassi Pressman
35540,Yassin Albokhari
35541,Yassine Fadel
35542,Yassir Lester
35543,Yasuaki Kurata
35544,Yasuaki Takumi
35545,Yasuhi Nakamura
35546,Yasuhiro Mamiya
35547,Yasuhiro Takato
35548,Yasuko Matsuyuki
35549,Yasunori Matsumoto
35550,Yasuo Yamada
35551,Yasuyuki Kase
35552,Yat Ning Chan
35553,Yatin Karyekar
35554,Yavuz Bingöl
35555,Yaya DaCosta
35556,Yayan Ruhian
35557,Yayaying Rhatha Phongam
35558,Yayo Aguila
35559,Yayo Guridi
35560,Yayu Unru
35561,Yağmur Tanrısevsin
35562,Yağız Atakan Savaş
35563,Ye Chengcheng
35564,Ye Ji-won
35565,Ye Yu-jia
35566,Ye-ji Seo
35567,Ye-jin Lim
35568,Ye-jin Park
35569,Ye-ri Han
35570,Ye-sung
35571,Ye-won Kim
35572,Yeardley Smith
35573,Yee Tong
35574,Yeh Chen-Ting
35575,Yehia Chahine
35576,Yehonatan Vilozny
35577,Yehoram Gaon
35578,Yehuda Levi
35579,Yelena Kravets
35580,Yelena Molina
35581,Yemi Blaq
35582,Yemi Blaque
35583,Yemi Eberechi Alade
35584,Yemi Solade
35585,Yen Cheng-kuo
35586,Yen Santos
35587,Yen Tsao
35588,Yen Yi-wen
35589,Yen-j
35590,Yeni Alvarez
35591,Yenn Teoh
35592,Yennis Cheung
35593,Yeo Hoi-hyun
35594,Yeo Jin-goo
35595,Yeo One
35596,Yeo Yann Yann
35597,Yeo-jin Hong
35598,Yeom Hye-ran
35599,Yeon Je-wook
35600,Yeon Woo-jin
35601,Yeon-seo Kim
35602,Yeong-gyu Park
35603,Yeong-jin Jo
35604,Yeong-mun Kwon
35605,Yeong-wung Jeong
35606,Yesh Burce
35607,Yetkin Dikinciler
35608,Yetunde Oduwole
35609,Yeung Tin-King
35610,Yi Long
35611,Yi Ning Sun
35612,Yi Qin Zhao
35613,Yi Sha
35614,Yi Yang
35615,Yi Zhao
35616,Yi Zi
35617,Yi-Wen Yen
35618,Yichi Zhang
35619,Yiddá Eslava
35620,Yiftach Mizrahi
35621,Yigal Adika
35622,Yijuan Li
35623,Yilmaz Calayir
35624,Yim Chau-wah
35625,Yim Si-wan
35626,Yim Sung-eon
35627,Yin Chao-te
35628,Yin Fang
35629,Yin Fu
35630,Yin Shin
35631,Yin Shuyi
35632,Yin Yuanzhang
35633,Yin Zheng
35634,Ying-Ying Yiu
35635,Yingsak Chonglertjetsadawong
35636,Yingying Sarucha
35637,Yise Loo
35638,Yiğit Kirazcı
35639,Yiğit Özşener
35640,Ylva Thedin Bjørkaas
35641,Ynairaly Simo
35642,Yo Aoi
35643,Yo Inoue
35644,Yo Oizumi
35645,Yo Taichi
35646,Yo-Landi Visser
35647,Yo-Won Lee
35648,Yoakyake Chernyim
35649,Yoann Blanc
35650,Yoav Rotman
35651,Yocelin Coronado
35652,Yoel Falkowitz
35653,Yoel Weisshaus
35654,Yog Japee
35655,Yogendra Tikku
35656,Yogesh Kurme
35657,Yogesh Sonam
35658,Yogi Babu
35659,Yograj Singh
35660,Yohanan Herson
35661,Yohannes Frezgi
35662,Yohei Azakami
35663,Yoichi Masukawa
35664,Yoji Ikuta
35665,Yoji Ueda
35666,Yojiro Noda
35667,Yoka Berretty
35668,Yoko Asagami
35669,Yoko Hikasa
35670,Yoko Maki
35671,Yoko Ono
35672,Yoko Soumi
35673,Yoko Takahashi
35674,Yoko Young
35675,Yoku Shioya
35676,Yolanda Corrales
35677,Yolanda Ramos
35678,Yolanda Sey
35679,Yolanthe Cabau
35680,Yolonda Ross
35681,Yomary Cruz
35682,Yomi Fash-Lanso
35683,Yon González
35684,Yonda Thomas
35685,Yong Armchair
35686,Yong Hwan Kwak
35687,Yong Jang
35688,Yong Lea
35689,Yong-gun Kim
35690,Yong-soo park
35691,Yong-woo Lee
35692,Yong-woo Shin
35693,Yongwoo Shin
35694,Yongxi Liu
35695,Yoo Ah-in
35696,Yoo Byung Jae
35697,Yoo Byung-jae
35698,Yoo Hai-jin
35699,Yoo Hee-je
35700,Yoo In-na
35701,Yoo In-young
35702,Yoo Jae-myung
35703,Yoo Jae-suk
35704,Yoo Ji-tae
35705,Yoo Min-kyu
35706,Yoo Teo
35707,Yoo Yeol
35708,Yoo Yeon-seok
35709,Yook Sung-jae
35710,Yoon Bak
35711,Yoon Du-jun
35712,Yoon Hwa Hong
35713,Yoon Hyun-min
35714,Yoon Je Moon
35715,Yoon Je-moon
35716,Yoon Jin-seo
35717,Yoon Joo-sang
35718,Yoon Kye-sang
35719,Yoon Sa-bong
35720,Yoon Se-a
35721,Yoon So-hui
35722,Yoon-Sik Baek
35723,Yoon-ah Im
35724,Yoon-hee Lee
35725,Yootha Wong-Loi-Sing
35726,Yorgo Voyagis
35727,Yorick van Wageningen
35728,Yoriko Angeline
35729,Yoriko Haraguchi
35730,Yoriko Nagata
35731,Yorke Sun
35732,Yosef Abu Wardeh
35733,Yoshi Sudarso
35734,Yoshihiko Hakamada
35735,Yoshihiko Kumashino
35736,Yoshihisa Kawahara
35737,Yoshika Verma
35738,Yoshiki Nakajima
35739,Yoshiko Miyazaki
35740,Yoshiko Sakakibara
35741,Yoshiko Sakuma
35742,Yoshimasa Hosoya
35743,Yoshimasa Kondo
35744,Yoshimi Tachi
35745,Yoshimi Tokui
35746,Yoshinori Okada
35747,Yoshiro Matsumoto
35748,Yoshito Yasuhara
35749,Yoshitsugu Matsuoka
35750,Yoshiyoshi Arakawa
35751,Yoshiyuki Morishita
35752,Yoshiyuki Shimozuma
35753,Yoshua Sudarso
35754,Yosi Mizrahi
35755,Yosuke Akimoto
35756,Yosuke Eguchi
35757,Yosuke Kubozuka
35758,Yosuke Sugino
35759,You
35760,You Seong-joo
35761,You Yong
35762,You-Mi Ha
35763,Youcef Hosni
35764,Youki Kudoh
35765,Youn Jung-hoon
35766,Youn Yuh-jung
35767,Younes Bachir
35768,Younes Bouab
35769,Younes Shalabi
35770,Young Dais
35771,Young-ae Kim
35772,Young-chang Song
35773,Young-chul Kim
35774,Young-deuk Kwon
35775,Young-hee Na
35776,Young-hoon Joo
35777,Young-hoon Kim
35778,Young-jo Yang
35779,Young-ju Seo
35780,Young-kwang Kim
35781,Yousef Al Balushi
35782,Yousef Aldakheel
35783,Yousef Almahmodi
35784,Yousef Erakat
35785,Yousef Fawzy
35786,Yousef Sweid
35787,Yousra
35788,Yousra El Lozy
35789,Youssef Berouain
35790,Youssef Bougarouane
35791,Youssef Chahine
35792,Youssef Dawood
35793,Youssef Eid
35794,Youssef El Sherif
35795,Youssef Emalhoub
35796,Youssef Fawzy
35797,Youssef Haddad
35798,Youssef Kerkour
35799,Youssef Mohamed
35800,Youssef Wahby
35801,Youssouf Gueye
35802,Youssouff Wague
35803,Youyi
35804,Yovie Widianto
35805,Ysa Penarejo
35806,Yu Aoi
35807,Yu Bai
35808,Yu Bin
35809,Yu Chenghui
35810,Yu Entai
35811,Yu Hai
35812,Yu Hayashi
35813,Yu Hewei
35814,Yu Jae-myeong
35815,Yu Jun-sang
35816,Yu Kang
35817,Yu Kitada
35818,Yu Kobayashi
35819,Yu Lang
35820,Yu Menglong
35821,Yu Mingjia
35822,Yu Mizushima
35823,Yu Nan
35824,Yu Oh-seong
35825,Yu Serizawa
35826,Yu Shimamura
35827,Yu Su-bin
35828,Yu Xia
35829,Yu Yi Jie
35830,Yu-Xuan Wang
35831,Yu-chun Park
35832,Yu-hwan Park
35833,Yu-mi Jung
35834,Yu-seok Kim
35835,Yuan Baizihui
35836,Yuan Francisco
35837,Yuan Hao
35838,Yuan Hong
35839,Yuan Shuai
35840,Yuan Wenkang
35841,Yuchang Peng
35842,Yudai Chiba
35843,Yudhishtir Urs
35844,Yudhveer Bakoliya
35845,Yuen Biao
35846,Yuen Qiu
35847,Yuen Wah
35848,Yugan Naidoo
35849,Yuhei Takagi
35850,Yuhko Kaida
35851,Yuho Yamashita
35852,Yui Horie
35853,Yui Imaizumi
35854,Yui Ishikawa
35855,Yui Makino
35856,Yui Ogura
35857,Yui Takano
35858,Yui Toita
35859,Yui Uemura
35860,Yuichi Iguchi
35861,Yuichi Karasuma
35862,Yuichi Nakamura
35863,Yuiko Tatsumi
35864,Yuina Kuroshima
35865,Yuji Kishimoto
35866,Yuji Kondo
35867,Yuji Okumoto
35868,Yuji Ueda
35869,Yuka Iguchi
35870,Yuka Itaya
35871,Yuka Kuramochi
35872,Yuka Nukui
35873,Yuka Ogura
35874,Yuka Terasaki
35875,Yukana
35876,Yukari Fukui
35877,Yukari Tamura
35878,Yuki Arimoto
35879,Yuki Hayashi
35880,Yuki Kadooka
35881,Yuki Kaji
35882,Yuki Kaneko
35883,Yuki Matsuoka
35884,Yuki Morinaga
35885,Yuki Ono
35886,Yuki Takahashi
35887,Yuki Yamada
35888,Yuki Yoda
35889,Yuki Yokohara
35890,Yukihiro Nozuyama
35891,Yukino Kishii
35892,Yukitoshi Kikuchi
35893,Yukitoshi Tokumoto
35894,Yukiya Kitamura
35895,Yukiyo Fujii
35896,Yukiyoshi Ozawa
35897,Yuko Araki
35898,Yuko Fueki
35899,Yuko Goto
35900,Yuko Hara
35901,Yuko Kaida
35902,Yuko Kobayashi
35903,Yuko Mita
35904,Yuko Miyamura
35905,Yuko Mori
35906,Yuko Nakamura
35907,Yuko Sanpei
35908,Yuko Sasaki
35909,Yuko Sato
35910,Yul Edochie
35911,Yul Vazquez
35912,Yulia Snigir
35913,Yuliia Sobol
35914,Yuly Ferreira
35915,Yuma Uchida
35916,Yuma Yamoto
35917,Yume Miyamoto
35918,Yumi Adachi
35919,Yumi Toma
35920,Yumi Uchiyama
35921,Yumiko Kobayashi
35922,Yuming Hey
35923,Yumiri Hanamori
35924,Yun Bok-in
35925,Yun Ji-on
35926,Yun Jong-seok
35927,Yun Ju-sang
35928,Yun Sang-jeong
35929,Yun Seo-hyun
35930,Yun Yoo-sun
35931,Yun-Hoo Ko
35932,Yune Nogueiras
35933,Yung Ngo
35934,Yunus Parvez
35935,Yura Anno
35936,Yurdaer Okur
35937,Yuri Amano
35938,Yuri Chen
35939,Yuri Fujiwara
35940,Yuri Kolokolnikov
35941,Yuri Krapov
35942,Yuri Kuznetsov
35943,Yuri Lowenthal
35944,Yuri Nashiwa
35945,Yuri Suri
35946,Yuri Vargas
35947,Yurika Hino
35948,Yurika Kubo
35949,Yuriko Yamaguchi
35950,Yuriko Yamamoto
35951,Yuriy Kutsenko
35952,Yuriy Nasonov
35953,Yury Borisov
35954,Yusaku Yara
35955,Yusra Warsama
35956,Yusril Fahriza
35957,Yussra El Abdouni
35958,Yusuf Akgün
35959,Yusuf Aulia
35960,Yusuf Hussain
35961,Yusuf Khan
35962,Yusuke Fukuchi
35963,Yusuke Iseya
35964,Yusuke Kobayashi
35965,Yusuke Shoji
35966,Yuta Koseki
35967,Yuta Nakatsuka
35968,Yutaka Aoyama
35969,Yutaka Matsushige
35970,Yutaka Nakano
35971,Yutaka Takeuchi
35972,Yutaro
35973,Yutaro Watanabe
35974,Yuthana Puengklarng
35975,Yuto Kazama
35976,Yuto Suzuki
35977,Yuto Uemura
35978,Yuu Aoi
35979,Yuu Asakawa
35980,Yuuichirou Umehara
35981,Yuuka Aisaka
35982,Yuuka Nanri
35983,Yuuki Hirose
35984,Yuuki Kuwahara
35985,Yuuki Takada
35986,Yuval Segal
35987,Yuval Semo
35988,Yuvika Chaudhry
35989,Yuvraj Siddharth Singh
35990,Yuwu Qi
35991,Yuya Endo
35992,Yuya Matsuura
35993,Yuzuha Kobayashi
35994,Yuzuka Nakaya
35995,Yuzuru Fujimoto
35996,Yvan Attal
35997,Yvan Naubron
35998,Yves Bright
35999,Yves Flores
36000,Yves Jacques
36001,Yvette Monreal
36002,Yvette Nicole Brown
36003,Yvette Wilson
36004,Yvette Yates
36005,Yvick Letexier
36006,Yvonne Delaine
36007,Yvonne Grundy
36008,Yvonne Hays
36009,Yvonne Jegede
36010,Yvonne Lim
36011,Yvonne Nelson
36012,Yvonne Strahovski
36013,Yvonnick Muller
36014,Yılmaz Erdoğan
36015,Z-Chen
36016,Z. Hera
36017,Zabou Breitman
36018,Zabryna Guevara
36019,Zabyn Khan
36020,Zac Efron
36021,Zac Posen
36022,Zac Titus
36023,Zac Zedalis
36024,Zach Appelman
36025,Zach Avery
36026,Zach Braff
36027,Zach Callison
36028,Zach Cherry
36029,Zach De La Rocha
36030,Zach Galifianakis
36031,Zach Gilford
36032,Zach Grenier
36033,Zach McGowan
36034,Zach Roerig
36035,Zach Timson
36036,Zach Tyler
36037,Zach Woods
36038,Zachary Booth
36039,Zachary Garred
36040,Zachary Gordon
36041,Zachary James Rukavina
36042,Zachary Knighton
36043,Zachary Levi
36044,Zachary Nichols
36045,Zachary Oyama
36046,Zachary Quinto
36047,Zachary Ray Sherman
36048,Zachary Ruane
36049,Zachary S. Williams
36050,Zachary Spicer
36051,Zachary Young
36052,Zack Lee
36053,Zack Orji
36054,Zack Pearlman
36055,Zaela Rae
36056,Zafer Abdeen
36057,Zafer Algöz
36058,Zafer Diper
36059,Zahia Dehar
36060,Zahiril Adzim
36061,Zahn McClarnon
36062,Zahra Ali
36063,Zahra Hassan Malik
36064,Zaid Zoubi
36065,Zaide Silvia Gutiérrez
36066,Zaidi Omar
36067,Zain Hamid
36068,Zain Khan
36069,Zain Khan Durrani
36070,Zain Meghji
36071,Zain Saidan
36072,Zainab Balogun
36073,Zainab Johnson
36074,Zaira Wasim
36075,Zak Hendrikz
36076,Zak Orth
36077,Zak Santiago
36078,Zak Steiner
36079,Zakariya Gouram
36080,Zakariya Mowafi
36081,Zakeeya Patel
36082,Zakes Mokae
36083,Zaki Rostom
36084,Zaki Tolaimat
36085,Zakir Hussain
36086,Zalfa Zin
36087,Zamani Mbatha
36088,Zamokuhle Nxasana
36089,Zandile Lujabe
36090,Zandy Hartig
36091,Zane Holtz
36092,Zanjoe Marudo
36093,Zara Albalushi
36094,Zara JKT48
36095,Zara Phythian
36096,Zara Udofia Ejoh
36097,Zara Zya
36098,Zaria
36099,Zaria Degenhardt
36100,Zarina Wahab
36101,Zarina Zainuddin
36102,Zarine Khan
36103,Zaskia Adya Mecca
36104,Zawe Ashton
36105,Zax Wang
36106,Zayed Khan
36107,Zayed Mohammed Mahmoud
36108,Zayed Sheikh
36109,Zayidiyya Dissou
36110,Zayn Malik
36111,Zayn Marie Khan
36112,Zayne Emory
36113,Zazi Kunene
36114,Zazie Beetz
36115,Zbigniew Waleryś
36116,Zbigniew Zamachowski
36117,Zbyněk Vičar
36118,Zdenka Procházková
36119,Zdenko Jelcic
36120,Zdzislaw Maklakiewicz
36121,Zdzislaw Wardejn
36122,Zeb
36123,Zeb Troostwijk
36124,Zeca Carvalho
36125,Zedrick Restauro
36126,Zeel Thakkar
36127,Zeenat Aman
36128,Zeeshan Ali
36129,Zeeshan Shafa
36130,Zehra Fazal
36131,Zehra Naqvi
36132,Zeina
36133,Zeina Mansour
36134,Zeljko Ivanek
36135,Zell Steele Morrow
36136,Zen Chong
36137,Zen Kajihara
36138,Zena Grey
36139,Zenande Mfenyane
36140,Zendaya
36141,Zenia Starr
36142,Zeno Robinson
36143,Zenobia Shroff
36144,Zeppi Borromeo
36145,Zerrin Sümer
36146,Zerrin Tekindor
36147,Zeynep Ilgin Çelik
36148,Zeynep Koçak
36149,Zeynep Oral
36150,Zeynep Tokuş
36151,Zeynep Çamcı
36152,Zeynep Özder
36153,Zezé Motta
36154,Zezé Polessa
36155,Zhalay Sharhadi
36156,Zhan Yi-chun
36157,Zhan Yuhao
36158,Zhang Benyu
36159,Zhang Bojia
36160,Zhang Chao
36161,Zhang Guang-chen
36162,Zhang Hanyu
36163,Zhang Hao Ming
36164,Zhang He
36165,Zhang Huiwen
36166,Zhang Jiaming
36167,Zhang Jiayi
36168,Zhang Jin
36169,Zhang Jing-chu
36170,Zhang Jingchu
36171,Zhang Jiongmin
36172,Zhang Jungyi
36173,Zhang Meng
36174,Zhang Ming En
36175,Zhang Shui Fa
36176,Zhang Shunyuan
36177,Zhang Songwen
36178,Zhang Tianai
36179,Zhang Weixin
36180,Zhang Xiaochen
36181,Zhang Xiaolong
36182,Zhang Yaodong
36183,Zhang Yi
36184,Zhang Yichi
36185,Zhang Yijie
36186,Zhang Yixing
36187,Zhang Yonggang
36188,Zhang Yu-quan
36189,Zhang Zhang
36190,Zhang Zhehan
36191,Zhang Zhehao
36192,Zhang Zhenhuan
36193,Zhang Zixian
36194,Zhang Ziyi
36195,Zhao Benshan
36196,Zhao Chulun
36197,Zhao Jian
36198,Zhao Jinmai
36199,Zhao Jun
36200,Zhao Lixin
36201,Zhao Lusi
36202,Zhao Shunran
36203,Zhao Wei
36204,Zhao Yao Ke
36205,Zhao Yiqin
36206,Zhaohua Lu
36207,Zharick León
36208,Zheng Geping
36209,Zheng Yawen
36210,Zheng Yingchen
36211,Zhigang Jiang
36212,Zhongyu Han
36213,Zhou Bo
36214,Zhou Dongyu
36215,Zhou Mi
36216,Zhou Xun
36217,Zhou Ye
36218,Zhou Ying
36219,Zhou Zhou
36220,Zhou Zixin
36221,Zhu Houren
36222,Zhu Rongrong
36223,Zhu Xuan
36224,Zhu Yanmanzi
36225,Zhu Zanjin
36226,Zhu Zhiling
36227,Zhu Zhu
36228,Zhuang Kebi
36229,Zhuangzhuang Tian
36230,Ziad Rahbani
36231,Ziesha Nancy
36232,Zihlo
36233,Zijad Gračić
36234,Zimkhitha Nyoka
36235,Zina Bethune
36236,Zindzi Okenyo
36237,Zion Clark
36238,Zion Moreno
36239,Zita Hanrot
36240,Zita Sattar
36241,Zitao Huang
36242,Ziyah Vastani
36243,Zizan Razak
36244,Zizi El-Badrawy
36245,Zlatko Buric
36246,Zo In-sung
36247,Zoa Morani
36248,Zoe Ball
36249,Zoe Boyle
36250,Zoe Elora Ebai Mayohchu
36251,Zoe Graham
36252,Zoe Hatz
36253,Zoe Hochbaum
36254,Zoe Kanters
36255,Zoe Kazan
36256,Zoe Levin
36257,Zoe Lister-Jones
36258,Zoe McLellan
36259,Zoe Robins
36260,Zoe Saldana
36261,Zoe Tay
36262,Zoe Tyson
36263,Zoey Deutch
36264,Zoey Meng
36265,Zoey Rahman
36266,Zoey Siewert
36267,Zofia Cegiełkowa
36268,Zofia Domalik
36269,Zofia Kucówna
36270,Zofia Wichłacz
36271,Zohar Shtrauss
36272,Zohra Sehgal
36273,Zoie Palmer
36274,Zolani Mahola
36275,Zolani Mkiva
36276,Zolisa Xaluva
36277,Zoltán Fenyvesi
36278,Zoltán Mucsi
36279,Zoltán Schneider
36280,Zonghan Li
36281,Zooey Deschanel
36282,Zora Bishop
36283,Zoran Korach
36284,Zosia Mamet
36285,Zouzou Ben Chikha
36286,Zoya Berber
36287,Zoya Hussain
36288,Zozeen Panyanut Jirarottanakasem
36289,Zoé Charron
36290,Zoë Belkin
36291,Zoë Bell
36292,Zoë Chao
36293,Zoë Kravitz
36294,Zoë Straub
36295,Zoë Tapper
36296,Zoë Verbil
36297,Zoë Wanamaker
36298,Zsa Zsa Gabor
36299,Zsuzsa Jaro
36300,Zubby Michael
36301,Zul Ariffin
36302,Zul Vellani
36303,Zulay Henao
36304,Zulfa Maharani
36305,Zulu Adigwe
36306,Zuzanna Galewicz
36307,Zuzanna Szadkowski
36308,Zweden Obias
36309,Zwelakhe Mtsaka
36310,Zydrunas Savickas
36311,Zygmunt Hübner
36312,Zygmunt Zintel
36313,Zynnell Zuh
36314,Zyon Allen
36315,Zélie Rhixon
36316,k.d. lang
36317,plus Whitney Cummings gives suspect dating advice.
36318,this documentary follows the plight of 18 Beluga whales kept in captivity for years.
36319,vivienne Rutherford
36320,Àgata Roca
36321,Àlex Monner
36322,Àngels Bassas
36323,Ágústa Eva Erlendsdóttir
36324,Álex Angulo
36325,Álex Gadea
36326,Álex García
36327,Álex González
36328,Álex de Lucas
36329,Álvaro Bayona
36330,Álvaro Cervantes
36331,Álvaro Espinosa
36332,Álvaro Guerrero
36333,Álvaro Morte
36334,Álvaro Ogalla
36335,Álvaro Rico
36336,Álvaro Rodríguez
36337,Álvaro Roig
36338,Ángel Mosqueda
36339,Ángela Cano
36340,Ángela Lineros
36341,Ángela Molina
36342,Áurea Maranhão
36343,Çağatay Ulusoy
36344,Çağdaş Onur Öztürk
36345,Çağlar Çorumlu
36346,Çetin Altay
36347,Çetin Tekindor
36348,Çiğdem Selışık Onat
36349,Çolpan Ilhan
36350,Ève Landry
36351,Ève Saint-Louis
36352,Édgar Vittorino
36353,Édouard Baer
36354,Édouard Tremblay-Grenier
36355,Élodie Bouchez
36356,Élodie Navarre
36357,Émilie Bierre
36358,Éric Judor
36359,Érico Brás
36360,Érika Mader
36361,Étienne Rotha Moeng
36362,Éva Bata
36363,Ícaro Silva
36364,Íris Tanja Flygenring
36365,Òscar Jarque
36366,Ólafur Darri Ólafsson
36367,Óscar Casas
36368,Óscar Hernández
36369,Óscar Jaenada
36370,Óscar Ladoire
36371,Óscar Rabadán
36372,Óscar Torres
36373,Óscar Zafra
36374,Ömer Duran
36375,Öner Ateş
36376,Öner Erkan
36377,Öykü Karayel
36378,Öykü Çelik
36379,Özay Fecht
36380,Özge Borak
36381,Özge Özberk
36382,Özge Özpirinçci
36383,Özgü Namal
36384,Özgün Karaman
36385,Özgür Emre Yıldırım
36386,Özkan Uğur
36387,Özlem Tekin
36388,Özlem Türkad
36389,Özlem Yılmaz
36390,Özlem Çakar
36391,Øystein Martinsen
36392,Øystein Røger
36393,Úrsula Corberó
36394,Úrsula Pruneda
36395,Ülkü Duru
36396,Ümit Bülent Dinçer
36397,Ümit Erdim
36398,Ünal Yeter
36399,Þorsteinn Bachmann
36400,Þröstur Leó Gunnarsson
36401,Čestmír Řanda
36402,İbrahim Büyükak
36403,İbrahim Çelikkol
36404,İclal Aydın
36405,İdil Dizdar
36406,İdil Fırat
36407,İhsan Ceylan
36408,İkra Külahlıoğlu
36409,İlayda Akdoğan
36410,İlker Aksum
36411,İlker Kaleli
36412,İlker Kızmaz
36413,İlkin Tüfekçi
36414,İlknur Külahlıoglu
36415,İnan Ulaş Torun
36416,İnanç Konukçu
36417,İpek Bilgin
36418,İpek Erdem
36419,İpek Filiz Yazıcı
36420,İrem Sak
36421,İsmail Filiz
36422,İştar Gökseven
36423,"Łukasz ""Lotek” Lodkowski"
36424,Şafak Başkaya
36425,Şafak Pekdemir
36426,Şafak Sezer
36427,Şahin Irmak
36428,Şebnem Bozoklu
36429,Şebnem Sönmez
36430,Şehsuvar Aktaş
36431,Şenay Bozoklar
36432,Şenay Gürler
36433,Şennur Nogaylar
36434,Şerif Sezer
36435,Şevket Çoruh
36436,Şinasi Yurtsever
36437,Şükran Ovalı
36438,Şükrü Özyıldız
36439,Ṣọpẹ́ Dìrísù
