show_id,actor_id
s2,1604
s2,18115
s2,11095
s2,33080
s2,8651
s2,24321
s2,3073
s2,35407
s2,11444
s2,6673
s2,29105
s2,11892
s2,30308
s2,25258
s2,22518
s2,29658
s2,9014
s2,30542
s2,26015
s3,29534
s3,33898
s3,29599
s3,23996
s3,31368
s3,29361
s3,25163
s3,11260
s3,3716
s5,22390
s5,15389
s5,27524
s5,882
s5,693
s5,27933
s5,34240
s5,3144
s6,17416
s6,36031
s6,12207
s6,12688
s6,18651
s6,29513
s6,13228
s6,27287
s6,2587
s6,2582
s6,1116
s6,27275
s6,22064
s6,22984
s6,7143
s6,20183
s7,34364
s7,18372
s7,14130
s7,31362
s7,20001
s7,17795
s7,9515
s7,14286
s7,22894
s7,26598
s8,18503
s8,25605
s8,1242
s8,24697
s8,23921
s8,557
s8,27804
s8,23956
s9,22523
s9,32066
s9,21839
s9,26135
s10,22583
s10,6360
s10,18005
s10,33399
s10,7814
s10,31306
s10,19113
s10,28796
s10,18358
s10,20113
s10,27626
s12,32116
s12,32356
s12,26296
s12,29280
s12,32372
s12,4194
s12,8082
s12,35002
s12,18463
s12,200
s12,25108
s12,18464
s12,3016
s12,14616
s12,25752
s12,25753
s12,18754
s12,26672
s12,13597
s12,17660
s12,25742
s12,32255
s12,32042
s12,34785
s12,26785
s13,20485
s13,14357
s13,23268
s13,9218
s13,2517
s13,21687
s13,34535
s13,10707
s13,3624
s13,23964
s13,9524
s14,18478
s14,20271
s14,16941
s14,21261
s14,18416
s14,10592
s14,11031
s14,5141
s14,19523
s14,13910
s16,20037
s16,4642
s16,8109
s16,2749
s16,15815
s16,3224
s16,21695
s16,11472
s18,20372
s18,5231
s18,30387
s18,29481
s18,9265
s18,31534
s18,1009
s18,3617
s18,34228
s18,12047
s18,11056
s18,21277
s19,10935
s19,20045
s19,28423
s19,22452
s19,29876
s19,12513
s19,21642
s19,4631
s19,2807
s19,6827
s20,4440
s20,13652
s20,36367
s20,528
s20,10785
s20,31729
s20,16598
s20,1416
s22,9864
s22,30359
s22,13115
s22,16970
s22,10127
s22,25560
s22,30358
s22,5712
s22,27922
s22,12251
s23,17074
s23,22429
s23,11271
s23,12591
s23,24225
s23,29171
s24,20868
s24,26146
s24,17920
s24,18
s25,26922
s25,750
s25,31672
s25,24225
s26,4927
s27,3162
s27,17042
s27,26872
s27,24225
s27,29171
s27,11592
s28,344
s28,17997
s28,6373
s28,8028
s28,28354
s28,29379
s28,21333
s28,22351
s28,6901
s28,33359
s28,16426
s29,17908
s29,16280
s29,13706
s29,7290
s29,16982
s29,18886
s29,28011
s29,23940
s29,2649
s29,13987
s30,19674
s30,11186
s30,1693
s30,12394
s30,20269
s30,9656
s30,16636
s30,16284
s30,28049
s30,2310
s31,209
s31,28261
s31,8263
s31,18744
s31,36287
s31,24862
s31,25706
s32,19150
s32,28785
s32,28911
s32,15251
s32,13254
s32,15935
s32,22137
s32,4480
s32,23204
s32,17532
s32,6393
s33,3174
s33,11521
s33,24461
s33,9792
s33,6948
s33,17645
s33,1476
s34,19338
s34,25807
s34,35112
s34,25273
s34,16793
s34,12699
s34,18250
s34,33972
s34,35760
s34,19398
s35,7316
s35,14453
s35,4531
s35,14864
s35,24147
s36,490
s36,9405
s36,16547
s36,34336
s36,34035
s36,34770
s36,27207
s36,26562
s36,4514
s36,7110
s37,11518
s37,17262
s37,10882
s37,544
s37,17899
s37,7188
s37,23021
s37,13215
s37,34692
s37,14661
s38,2816
s38,12636
s38,20545
s38,25907
s38,27609
s39,4350
s39,28726
s39,27081
s39,33030
s39,34383
s39,15353
s39,26622
s39,35383
s39,35828
s40,34409
s40,16698
s40,28975
s40,15232
s40,27356
s40,23817
s40,32420
s41,35943
s41,18352
s41,2814
s41,33935
s41,3957
s41,11896
s41,7939
s41,33579
s41,16549
s41,28610
s41,10901
s42,28901
s42,28462
s42,28049
s42,20132
s42,23904
s42,5324
s42,14748
s42,32295
s42,16012
s42,32926
s43,28901
s43,20132
s43,23904
s43,16240
s43,14748
s43,6916
s43,2475
s43,21599
s43,3789
s43,32311
s44,8349
s44,4122
s44,31187
s44,20168
s44,15822
s44,19246
s44,25616
s44,7360
s44,19995
s44,19917
s45,20132
s45,18992
s45,21516
s45,17245
s45,22775
s45,16541
s45,23467
s45,20544
s47,8365
s47,29093
s47,34453
s47,4686
s47,29465
s47,28936
s47,25110
s47,28446
s47,19669
s47,15576
s48,25541
s48,13415
s48,17779
s48,33743
s48,9135
s48,10122
s48,25989
s48,17254
s48,32965
s48,33382
s49,8365
s49,10171
s49,30100
s49,33532
s49,12391
s49,27686
s49,6816
s49,8966
s49,31335
s49,20633
s49,10244
s50,28108
s50,7285
s50,4362
s50,4448
s50,8483
s50,10186
s50,8361
s50,9025
s50,9367
s50,375
s50,2271
s50,18052
s50,16534
s50,1629
s51,17335
s51,5782
s51,8689
s51,2459
s51,27037
s51,2440
s51,103
s51,1760
s51,20946
s52,17196
s52,29995
s52,23134
s52,18523
s52,12927
s52,18739
s52,25130
s52,17831
s52,33866
s52,13672
s53,17196
s53,29995
s53,18523
s53,12927
s53,18739
s53,17804
s53,821
s53,18169
s54,17196
s54,29995
s54,18523
s54,12927
s54,18739
s54,25130
s54,17804
s54,6230
s54,20991
s54,25053
s55,17196
s55,29995
s55,18523
s55,12927
s55,18739
s55,17831
s55,25130
s55,12834
s55,17804
s55,33703
s56,24778
s56,13899
s57,16835
s57,6139
s57,28226
s57,17615
s57,21946
s57,23132
s57,35862
s57,17827
s57,18565
s57,21949
s58,16835
s58,6139
s58,25127
s58,34217
s58,23808
s58,17615
s58,28226
s58,30969
s58,24127
s58,29992
s58,30874
s59,16835
s59,6139
s59,17615
s59,29992
s59,30969
s59,17888
s59,29123
s59,18512
s59,24127
s59,30874
s59,35663
s59,18517
s59,35877
s60,16835
s60,6139
s60,35663
s60,18517
s60,3593
s60,17685
s60,7269
s60,10970
s60,12754
s60,33068
s60,18444
s60,23508
s60,17563
s60,21949
s60,17676
s60,21961
s60,17615
s60,30969
s60,28692
s60,7271
s60,30287
s61,16835
s61,6139
s61,29992
s61,28226
s61,25046
s61,17834
s61,17676
s61,29772
s61,35919
s61,35902
s61,10959
s61,23924
s61,22378
s61,33866
s62,16835
s62,11113
s62,6139
s62,30969
s62,826
s62,35551
s62,34222
s62,29230
s62,12927
s62,32594
s63,16835
s63,6139
s63,35663
s63,17615
s63,821
s63,18863
s63,21462
s63,34196
s63,21964
s63,12837
s64,16835
s64,25127
s64,6139
s64,17615
s64,35850
s64,34020
s64,12824
s64,16765
s64,12352
s64,13267
s65,35271
s65,19704
s65,18696
s66,4129
s66,7922
s66,21180
s66,33002
s68,21663
s68,33282
s68,21510
s68,19042
s68,9488
s68,9053
s68,8336
s69,22953
s71,13607
s72,10273
s72,10045
s72,14712
s72,10901
s72,10264
s72,14371
s72,31069
s72,6377
s72,12516
s73,13807
s73,22997
s74,31411
s74,405
s74,27860
s74,33463
s74,33743
s74,26188
s74,15228
s74,30646
s76,3862
s76,14431
s77,7264
s77,18512
s77,16760
s77,12815
s77,30969
s77,17888
s77,7269
s77,35749
s77,16824
s77,3530
s77,22482
s77,33694
s77,34016
s77,33068
s77,29992
s77,12832
s77,3372
s77,18526
s77,18579
s77,12801
s77,35026
s77,35862
s77,17836
s77,20995
s77,7271
s77,35915
s77,16761
s78,32169
s78,15231
s78,31457
s78,24579
s78,11119
s78,2586
s78,1955
s78,21076
s79,34631
s79,25876
s79,27128
s80,34631
s80,25876
s80,27128
s81,33193
s81,10533
s81,10911
s81,26033
s81,22438
s81,29731
s81,25093
s82,21845
s82,16766
s82,35319
s82,32532
s82,23502
s82,23107
s82,23262
s83,33552
s83,19157
s83,17945
s83,7219
s83,19559
s83,30074
s83,27136
s83,735
s83,33957
s83,33626
s83,14932
s83,26362
s83,22826
s84,15403
s85,10978
s85,3574
s85,6192
s85,35583
s85,4448
s85,8483
s85,1289
s85,36300
s85,33415
s85,10568
s86,13263
s86,29877
s86,36142
s86,6071
s86,14065
s86,23055
s86,28569
s86,27653
s86,5564
s86,32794
s87,7946
s87,12300
s87,21345
s87,28403
s87,35933
s87,18483
s87,19985
s87,24558
s88,14895
s88,18209
s88,12889
s88,24106
s88,34190
s89,20943
s89,23849
s90,16698
s90,29194
s90,15232
s90,28975
s90,18954
s90,27366
s90,27356
s91,9797
s91,7602
s91,3507
s91,9354
s91,23295
s91,14949
s91,3070
s91,7487
s93,26271
s93,19196
s93,31734
s93,22501
s93,3665
s93,14255
s93,18706
s93,34705
s93,27811
s93,936
s93,23999
s94,9616
s94,23919
s94,16068
s94,20765
s94,20087
s94,973
s94,31190
s94,9610
s94,16207
s94,35661
s95,35133
s95,20339
s95,24313
s95,31713
s95,16150
s95,11029
s95,30606
s95,25432
s95,889
s95,2234
s95,8251
s95,17925
s96,23065
s97,28761
s97,11189
s97,1505
s97,19508
s97,4466
s97,4353
s97,9155
s97,3119
s97,31878
s97,15901
s98,13765
s98,33579
s98,1634
s98,18329
s98,17696
s98,11896
s98,19772
s99,2773
s99,6195
s99,31179
s99,33002
s99,31180
s99,17384
s99,26175
s99,28349
s99,35235
s99,12618
s99,17711
s99,2106
s99,15410
s100,16671
s100,9462
s100,29863
s100,1272
s100,22029
s100,33992
s100,33383
s100,11589
s101,3449
s101,33921
s101,6871
s101,2506
s101,15048
s101,4761
s101,22736
s101,16231
s101,5156
s104,15228
s104,25472
s104,35581
s104,31411
s104,17789
s104,33877
s104,30273
s104,15223
s104,28870
s104,25627
s104,27140
s104,3837
s104,20304
s104,20734
s105,28542
s105,17082
s106,2815
s106,27924
s106,4375
s106,34734
s106,18141
s106,31662
s106,29914
s106,33452
s106,1973
s106,4395
s106,31243
s107,26571
s107,17208
s107,31290
s107,23394
s107,17985
s107,24353
s107,24946
s108,21025
s108,8069
s108,8878
s108,8439
s108,13528
s108,2980
s109,3396
s109,29628
s109,22721
s109,22644
s109,11385
s109,29071
s109,16283
s109,1213
s110,36393
s110,13616
s110,36333
s110,25659
s110,9884
s110,26330
s110,21928
s110,934
s110,23145
s110,13966
s110,10148
s110,7727
s110,18460
s112,19680
s112,8189
s112,11896
s112,16292
s112,17252
s112,16549
s112,1357
s113,22864
s113,31713
s113,1861
s113,31038
s113,3366
s113,32854
s113,19092
s113,6383
s114,34579
s114,23131
s114,28541
s114,301
s114,33402
s114,11662
s114,23930
s114,31653
s115,20682
s115,30490
s115,33432
s115,15909
s115,17066
s115,12782
s115,32045
s115,3904
s115,18405
s116,121
s116,4005
s116,26190
s116,17918
s116,9214
s116,33193
s116,6778
s116,11418
s116,2764
s116,29610
s117,18688
s117,12734
s117,34761
s117,11961
s117,32281
s117,34625
s117,27377
s117,24955
s119,847
s119,25747
s119,27258
s119,42
s119,30532
s119,3210
s120,14347
s120,13716
s120,34530
s120,35606
s120,20142
s121,15932
s121,17723
s121,15523
s121,17018
s122,19324
s122,35594
s122,30851
s122,30339
s122,3687
s122,27051
s122,6237
s122,17134
s122,19283
s122,19389
s122,17141
s122,25860
s122,25267
s123,22445
s123,21635
s123,14841
s123,24676
s123,30652
s123,17952
s123,35426
s123,12561
s126,30166
s126,34952
s126,19208
s126,7914
s126,11174
s126,26060
s126,22109
s127,29
s127,29245
s127,36069
s127,27016
s127,4202
s127,3285
s127,10455
s127,29276
s128,12767
s128,5747
s128,14823
s128,7364
s128,27816
s128,16678
s128,19796
s128,20666
s128,2038
s128,21870
s128,26182
s128,35104
s128,18002
s128,10000
s128,31182
s129,11641
s129,32999
s129,22288
s129,11521
s129,6470
s129,31732
s129,16641
s129,12907
s129,6435
s129,1628
s130,28457
s130,14849
s130,23763
s130,16291
s130,7322
s130,5265
s130,3891
s130,20528
s130,28338
s130,25614
s131,1728
s131,1696
s131,11602
s131,1027
s131,8699
s132,12394
s132,29018
s132,30199
s132,9282
s132,20568
s132,7764
s132,35228
s132,4871
s132,15558
s132,15430
s132,14109
s132,23771
s133,34010
s133,17179
s133,6122
s133,22619
s133,12968
s133,20588
s133,6050
s133,32174
s133,17011
s133,6054
s133,24691
s133,19792
s133,23122
s133,19969
s133,15208
s134,30632
s134,13000
s134,31124
s134,8436
s134,24964
s134,35646
s134,16203
s134,4627
s134,15899
s134,22229
s135,12394
s135,35175
s135,2589
s135,15454
s135,12667
s135,12391
s135,8840
s135,23152
s135,4024
s135,8125
s135,33248
s135,14084
s135,27685
s136,32461
s136,15780
s136,22946
s136,14348
s136,27938
s136,5509
s136,19500
s136,7069
s136,27426
s136,22301
s136,26216
s137,16535
s137,24786
s137,27919
s137,9333
s137,4686
s137,26627
s137,24284
s137,11589
s137,8844
s137,27673
s138,26134
s138,19832
s138,14927
s138,15998
s138,714
s138,990
s138,11436
s138,31903
s138,30368
s138,26182
s138,21559
s138,33440
s138,11821
s138,23235
s139,5816
s139,1663
s139,28082
s139,12688
s139,7224
s139,7153
s139,11240
s139,16201
s139,17706
s139,30124
s140,7631
s140,25564
s140,28924
s140,28054
s140,11472
s140,31656
s140,4302
s140,15858
s140,26085
s140,10867
s140,29601
s140,28839
s140,21771
s140,23152
s141,15463
s141,20400
s141,11954
s141,23978
s141,11431
s141,34584
s141,2054
s142,4964
s142,17722
s142,11537
s142,7218
s142,16334
s142,31872
s142,7359
s142,12557
s143,12771
s143,25987
s143,30100
s143,13324
s143,2896
s143,21491
s143,18649
s143,13842
s143,30393
s143,14437
s143,8140
s143,34376
s144,29093
s144,4429
s144,26529
s144,21647
s144,33371
s144,14572
s144,32567
s144,2295
s145,6578
s145,6564
s145,28518
s145,33444
s145,13
s145,21771
s145,26080
s145,4572
s145,3641
s145,9224
s145,17741
s145,6820
s145,34459
s146,6578
s146,6564
s146,21771
s146,4572
s146,26080
s146,3641
s146,33444
s146,17094
s146,13312
s146,27086
s147,6578
s147,6564
s147,33444
s147,7886
s147,2307
s147,17942
s147,4107
s147,22792
s147,6387
s147,18105
s149,12151
s149,6194
s149,25532
s149,10712
s149,9657
s149,2723
s149,25419
s149,31402
s150,22001
s150,2707
s150,11890
s150,10873
s150,28088
s150,15518
s150,35207
s150,2682
s150,33660
s150,12611
s150,15865
s150,22720
s151,25436
s151,18888
s151,24613
s151,31713
s151,25709
s151,12777
s151,14016
s151,7991
s151,34473
s151,28700
s151,28430
s151,11125
s151,13642
s151,8821
s151,23928
s151,24221
s151,14977
s152,14557
s152,2613
s152,9219
s152,2739
s152,30711
s152,5830
s152,16111
s152,17868
s153,13954
s153,20435
s153,14186
s153,7532
s153,3879
s154,20116
s154,17372
s154,4327
s154,21166
s154,10009
s155,17878
s155,35885
s155,6208
s155,35742
s155,12808
s155,17834
s155,32639
s155,31404
s155,32864
s155,11680
s155,7271
s155,29120
s155,16824
s155,17631
s155,10970
s155,17832
s155,18444
s155,12820
s156,7849
s156,14822
s156,10849
s156,17965
s156,2677
s156,7797
s156,4773
s156,28715
s156,17238
s156,30622
s157,1663
s157,6539
s157,11084
s157,34373
s157,10830
s157,20408
s157,21482
s157,23272
s157,21212
s157,20403
s157,19698
s157,11567
s157,6318
s158,17516
s158,5693
s158,26523
s158,29787
s158,1287
s158,1620
s158,16258
s158,18138
s159,24672
s159,6476
s159,17819
s159,17047
s159,31883
s159,859
s159,3237
s159,9442
s159,24664
s159,22593
s160,23414
s160,30711
s160,31240
s160,13500
s160,6099
s160,22067
s160,6622
s160,27088
s160,5970
s160,34701
s161,11400
s161,30580
s161,24779
s161,6013
s161,21532
s161,22103
s161,4160
s161,15939
s162,13791
s162,11641
s162,2628
s162,26688
s162,7639
s162,21786
s162,29862
s162,22848
s162,28564
s162,33577
s162,20420
s162,24284
s163,5751
s163,16277
s163,17388
s163,31853
s163,7393
s163,14071
s163,17663
s163,28616
s163,8407
s163,3783
s164,3273
s164,32791
s164,14755
s164,2262
s164,22882
s164,15931
s164,7944
s164,5437
s164,17819
s164,32999
s164,23660
s165,3999
s165,12258
s165,35195
s165,14300
s165,17716
s165,26180
s165,35093
s165,11845
s165,11322
s165,19459
s165,9180
s165,3118
s165,26905
s165,6694
s165,33623
s166,25968
s166,1013
s166,30388
s166,21400
s166,1032
s166,7435
s166,24816
s166,32337
s166,11666
s167,28395
s167,14184
s167,9511
s167,33925
s167,34036
s167,5080
s167,15540
s167,7631
s167,35194
s167,14107
s168,15579
s168,23197
s168,14286
s168,4334
s168,7106
s168,31906
s168,11381
s168,8590
s168,6855
s168,10900
s168,25369
s169,6373
s169,19187
s169,7927
s169,4657
s169,35229
s169,28707
s169,18144
s169,3998
s170,16291
s170,18775
s170,13744
s170,28049
s170,9837
s170,23971
s170,23237
s170,17976
s170,10920
s171,33823
s171,3642
s171,18777
s171,7235
s171,11805
s171,30145
s171,6614
s171,8419
s171,8966
s171,9116
s171,20580
s171,12570
s171,19211
s171,13206
s171,35351
s171,27567
s171,16964
s171,18887
s171,20622
s171,7078
s171,22685
s171,17700
s171,24221
s171,33129
s171,22001
s171,27061
s171,27212
s171,27776
s171,30325
s171,5084
s171,27122
s171,7232
s171,10017
s171,34053
s171,365
s171,32018
s172,11845
s172,27919
s172,8744
s172,15973
s172,25370
s173,13752
s173,15421
s173,23240
s173,29886
s173,19394
s173,17399
s173,338
s173,32400
s173,23391
s173,17946
s173,15609
s173,28474
s173,34467
s173,16137
s174,34113
s175,4964
s175,23694
s175,6870
s175,9125
s175,15892
s175,24674
s175,5860
s175,26116
s175,5748
s175,33610
s175,20957
s175,3504
s176,4928
s176,6529
s176,19491
s176,35189
s176,9622
s176,11646
s176,893
s176,12005
s177,9188
s177,13707
s177,5850
s177,5950
s177,34561
s177,27496
s177,14109
s177,30524
s177,32872
s177,33302
s178,11874
s178,7979
s178,2727
s178,31706
s178,2726
s178,14074
s178,13451
s178,11466
s178,14156
s178,28074
s179,14092
s179,30424
s179,20018
s179,27495
s179,8527
s179,33403
s179,27796
s179,14187
s180,9188
s180,13905
s180,14068
s180,19056
s180,7789
s180,15652
s180,25963
s180,14035
s181,9188
s181,14309
s181,19056
s181,15652
s181,28061
s181,2543
s181,22557
s181,14035
s181,11047
s181,6320
s183,21771
s183,14084
s183,16410
s183,21288
s183,23197
s183,23525
s183,5674
s183,24771
s183,22790
s183,20160
s184,6822
s184,15790
s184,27899
s184,9089
s184,11174
s184,10903
s184,15789
s184,11869
s184,15274
s184,29371
s185,21436
s187,30853
s187,18296
s187,19366
s187,11710
s187,18345
s187,6235
s187,13339
s187,19274
s187,5726
s187,17136
s188,17840
s189,27469
s189,36358
s189,4063
s189,18652
s189,36355
s189,36353
s189,10902
s189,25452
s190,34190
s190,25859
s190,17144
s190,12889
s190,18234
s190,19312
s190,31473
s191,30001
s191,27009
s191,4621
s192,14963
s192,9514
s192,15937
s192,11498
s192,17762
s192,32751
s192,32981
s192,22141
s192,12997
s192,16588
s192,14115
s192,9969
s192,21783
s192,21980
s192,11793
s193,23477
s193,34062
s193,2833
s193,27388
s193,27297
s193,8640
s193,29723
s194,16791
s194,18553
s194,18318
s194,31447
s195,10850
s195,25943
s195,6001
s195,25986
s195,21916
s195,28534
s195,16516
s195,11953
s195,6971
s195,21186
s196,29716
s196,3029
s196,20927
s196,111
s196,24523
s196,34231
s196,21071
s196,8095
s196,27038
s196,18727
s197,370
s197,32743
s197,27137
s197,20697
s197,13520
s197,22159
s197,26572
s197,2641
s197,23945
s197,18582
s198,22853
s198,21858
s198,16060
s198,12176
s198,4726
s198,33778
s198,34713
s198,2645
s198,15131
s198,22598
s198,5650
s198,14823
s198,10702
s199,31411
s199,33743
s199,28108
s199,9306
s199,33448
s199,33463
s199,27860
s199,5842
s199,25176
s199,17905
s199,4362
s199,818
s199,20085
s199,25541
s199,32580
s199,26188
s200,566
s200,24327
s200,8711
s200,12784
s200,34295
s200,27042
s200,30536
s200,27347
s201,31390
s201,13556
s201,24327
s201,27593
s201,34872
s201,8727
s201,12845
s201,27352
s202,34062
s202,10115
s202,24327
s202,34872
s202,18784
s202,28281
s202,23749
s202,15909
s202,3199
s202,14690
s203,34062
s203,28300
s203,13556
s203,24514
s203,2833
s203,14579
s204,34062
s204,566
s204,18612
s204,21019
s204,30525
s204,7755
s204,32360
s204,22480
s204,1965
s204,6750
s205,34062
s205,28300
s205,2833
s205,28650
s205,24522
s205,6637
s205,29906
s205,27702
s205,17577
s206,11763
s206,32361
s206,27438
s206,2833
s206,29979
s206,30609
s206,18405
s206,23627
s207,25198
s207,2664
s207,24513
s207,27383
s207,3168
s207,1768
s207,12725
s208,34827
s208,36106
s208,31004
s208,24876
s208,30470
s208,32206
s208,31050
s209,766
s209,9841
s209,17152
s209,26876
s209,27498
s209,24412
s209,3301
s209,3501
s210,846
s210,13334
s210,31453
s210,31460
s210,29925
s210,20800
s210,204
s210,18779
s210,26789
s210,6094
s211,17023
s211,27383
s211,27334
s211,14336
s211,30800
s211,21036
s211,34745
s212,32225
s212,29183
s212,25890
s212,29657
s212,8726
s212,31512
s212,17023
s212,17212
s213,5913
s213,29020
s213,29853
s213,4769
s213,23070
s213,13159
s213,22822
s213,26178
s213,3806
s213,33617
s213,26400
s213,2175
s213,31588
s214,18386
s214,12739
s214,16960
s214,23986
s214,17168
s214,31336
s214,33719
s214,33915
s214,4216
s214,31288
s214,12740
s214,18443
s214,18514
s215,29427
s215,28929
s215,2265
s215,12283
s215,33629
s215,33571
s215,25057
s215,2609
s215,25588
s215,15365
s215,27665
s215,28106
s215,8948
s216,1774
s216,29716
s216,32206
s216,2933
s216,208
s216,34827
s216,34062
s216,28648
s216,30470
s216,8511
s216,1816
s216,24514
s217,30323
s217,34062
s217,24862
s217,26945
s217,32189
s217,27201
s217,26789
s217,11591
s217,1545
s217,32055
s218,34599
s218,9841
s218,34062
s218,24216
s218,27364
s218,13333
s218,2452
s220,32632
s220,23182
s220,28204
s220,12816
s220,30896
s220,30825
s220,30049
s220,12865
s220,18169
s221,20113
s221,33264
s221,2674
s221,32654
s221,13548
s221,5210
s221,16154
s221,28126
s222,4482
s223,36255
s223,4154
s223,471
s223,26667
s223,235
s223,15080
s223,5201
s223,14607
s223,19987
s223,16424
s223,7484
s223,13162
s223,14236
s223,31896
s223,3892
s226,21374
s226,13237
s226,23031
s226,35286
s226,18482
s226,36306
s226,21728
s226,29789
s226,26807
s226,21216
s226,21815
s227,17482
s227,9428
s227,2213
s227,18211
s227,29804
s227,33018
s227,36392
s227,21410
s227,21765
s228,18505
s228,35725
s228,22813
s228,34269
s229,26688
s229,20434
s229,25315
s229,9482
s229,5603
s229,4314
s229,35154
s229,1737
s229,19236
s229,22424
s230,4861
s230,2046
s230,16611
s230,29337
s232,7988
s232,28808
s232,20077
s232,1735
s232,1309
s232,21333
s233,25925
s233,34381
s237,751
s237,34595
s237,32291
s237,20680
s237,26299
s237,3481
s238,751
s238,34595
s238,32291
s238,20680
s238,26299
s238,3481
s239,751
s239,34595
s239,32291
s239,20680
s239,26299
s239,3481
s240,751
s240,34595
s240,32291
s240,20680
s240,26299
s240,3481
s241,33147
s241,21865
s241,19027
s241,11795
s241,33541
s241,7890
s241,14835
s241,17252
s241,22122
s241,7753
s241,17696
s242,22591
s242,16268
s242,3355
s242,13710
s242,20481
s242,13787
s242,25887
s244,20337
s244,10698
s244,13533
s244,26711
s244,22634
s245,630
s245,28919
s245,23568
s245,645
s245,3317
s245,29616
s245,29263
s245,643
s245,2959
s245,12242
s246,25680
s247,28891
s247,2477
s247,34006
s247,6632
s247,18984
s247,26321
s247,12973
s248,14469
s248,13513
s248,21109
s248,1830
s248,463
s248,27699
s248,16854
s248,19617
s248,22937
s249,29674
s249,14559
s249,12870
s249,7975
s249,4464
s249,24126
s249,10309
s250,3201
s250,8036
s250,23071
s250,15251
s250,4807
s250,5632
s250,19735
s250,24854
s250,7123
s250,15083
s250,11896
s250,19026
s251,25765
s251,35586
s251,12313
s251,28931
s251,36308
s251,21367
s251,2988
s251,21425
s252,2757
s252,10533
s252,14846
s252,5888
s252,1142
s252,25343
s252,10665
s252,6353
s252,4008
s252,14235
s253,26613
s253,1391
s253,12301
s253,22641
s253,29574
s253,19708
s253,17436
s253,15487
s253,21250
s253,13298
s254,3162
s254,21051
s254,24227
s254,27329
s255,888
s255,26146
s255,20868
s255,17920
s255,31328
s255,24495
s255,9421
s255,393
s255,15267
s255,2499
s255,26573
s257,13213
s257,24464
s257,17862
s257,36053
s257,4570
s257,4360
s257,4165
s257,4164
s257,19052
s257,30482
s257,6192
s257,34910
s258,9032
s258,24997
s258,26890
s258,19404
s258,34748
s258,27467
s258,31283
s258,15704
s258,26873
s259,20343
s259,11628
s259,11098
s259,16430
s259,9410
s259,10831
s259,9463
s259,23054
s259,9237
s260,2468
s260,13564
s260,21056
s260,3730
s260,4376
s260,20808
s260,28977
s260,29911
s261,32898
s261,24936
s261,20045
s261,22774
s261,34054
s261,20922
s261,22322
s261,30215
s261,2608
s261,19452
s261,4045
s262,19039
s262,33123
s262,4988
s262,8024
s262,20857
s262,10742
s262,17502
s262,27656
s262,25017
s265,9486
s265,14130
s265,11523
s265,29904
s265,10180
s265,4272
s265,17787
s265,19222
s265,1562
s265,7238
s265,15794
s265,35240
s265,25337
s265,25618
s266,17033
s266,3180
s266,24174
s266,3371
s266,20598
s266,35948
s266,13423
s268,12876
s268,12457
s268,29450
s268,2551
s268,17926
s268,11293
s268,34051
s268,13163
s269,22045
s269,13252
s269,26972
s269,4448
s269,19839
s269,9659
s269,26422
s269,30482
s269,25291
s269,6173
s269,10564
s270,20000
s270,12622
s270,19923
s270,17928
s270,11868
s270,7375
s270,22960
s270,32399
s270,6484
s270,7428
s270,30204
s270,27138
s271,15700
s271,4574
s271,1430
s271,34522
s271,19454
s271,25749
s271,21373
s272,28792
s272,9969
s272,5619
s272,14733
s272,21061
s272,12286
s272,25995
s273,34117
s273,5881
s273,16170
s273,5251
s273,20468
s273,27915
s274,10663
s274,24756
s274,11937
s274,11133
s274,24086
s275,14281
s275,19773
s275,21785
s275,29477
s275,16778
s275,4934
s275,10169
s275,3782
s276,6187
s276,24143
s276,15463
s276,26492
s276,22640
s276,8613
s276,34455
s276,24733
s276,34564
s276,29753
s276,25965
s276,1304
s276,8604
s276,25217
s276,7500
s277,8537
s277,31140
s277,26230
s277,33008
s277,22315
s277,13189
s278,2185
s278,27393
s278,25104
s278,35504
s278,15428
s278,29390
s278,24023
s278,27790
s279,20059
s280,3988
s280,10001
s280,7675
s280,4625
s280,31822
s280,5503
s280,11004
s280,7381
s282,23198
s282,16711
s282,2309
s282,12992
s282,5618
s282,24181
s282,8406
s282,6341
s282,243
s282,5677
s283,35399
s283,20599
s283,995
s283,24560
s283,29507
s283,3510
s283,10134
s283,26262
s283,27561
s283,3671
s283,25892
s283,16910
s283,14542
s283,6761
s283,11583
s285,15612
s285,15565
s285,13854
s285,23658
s285,32911
s285,20869
s285,22474
s285,31821
s286,6885
s286,24786
s286,14949
s286,31749
s286,29457
s286,12831
s286,22880
s286,33612
s287,18929
s287,34033
s287,16709
s287,20748
s287,8892
s287,9246
s287,32796
s287,30247
s287,5348
s287,29310
s288,18112
s288,33182
s288,17165
s288,26959
s288,23374
s288,33093
s288,17352
s288,26579
s288,15377
s289,1794
s289,10618
s289,2322
s289,17442
s289,35914
s289,1000
s289,2058
s289,2057
s289,8619
s289,16756
s289,16493
s290,35594
s290,19368
s290,18291
s290,16796
s290,14324
s290,18804
s290,14330
s290,19348
s292,35669
s292,17563
s292,22483
s292,13427
s292,28692
s292,18567
s292,21941
s292,35027
s292,35868
s292,22485
s292,32616
s292,35672
s292,23808
s292,35852
s292,35862
s292,24127
s292,32636
s292,25126
s292,23108
s292,33848
s292,28247
s292,21944
s292,23343
s293,20760
s293,33546
s293,4334
s293,26268
s293,22824
s293,2169
s293,30786
s293,8007
s293,33946
s293,12039
s294,9868
s294,27462
s294,8087
s294,13220
s294,34040
s294,33941
s294,19747
s294,17068
s294,30527
s294,10349
s295,12761
s295,32866
s295,27604
s295,30963
s295,18521
s295,29119
s295,27870
s295,29131
s295,7273
s295,2929
s295,32867
s295,32565
s295,31040
s295,32566
s295,35889
s295,23345
s295,30958
s296,880
s296,28726
s296,23932
s296,13924
s296,22174
s296,16431
s296,27689
s297,19883
s297,16992
s297,29629
s297,23758
s297,19882
s297,11861
s297,11103
s298,32286
s298,34631
s298,27934
s298,26890
s298,31084
s298,25880
s298,8248
s298,11234
s298,2435
s298,35658
s298,427
s298,27868
s298,26853
s298,26941
s298,29139
s298,3162
s298,26913
s298,3350
s298,4508
s298,3262
s298,24483
s298,18446
s299,10418
s299,25176
s299,35238
s299,33743
s299,23068
s299,17254
s299,5039
s299,14766
s299,4448
s299,11255
s299,3680
s300,32123
s300,31372
s300,21443
s300,27549
s300,31996
s300,34537
s300,6414
s300,27881
s300,34693
s301,19803
s301,35641
s301,36260
s301,16514
s301,4812
s301,11659
s301,22946
s301,24778
s302,30490
s302,8227
s302,24876
s302,30006
s302,17088
s302,19440
s302,23866
s304,20364
s304,6167
s304,2787
s304,16735
s304,4142
s304,23710
s304,16484
s304,2087
s304,5668
s304,9893
s305,13814
s306,10621
s306,5663
s306,13319
s306,13099
s306,19535
s306,10511
s306,7962
s306,7114
s306,10078
s306,2778
s307,27462
s307,28285
s307,6134
s307,13185
s307,7496
s307,22615
s307,459
s307,25923
s307,24559
s307,31018
s307,8159
s307,3983
s307,262
s308,3228
s308,30697
s308,30624
s308,4878
s308,8540
s308,28858
s308,14218
s308,33912
s308,32331
s308,14457
s309,7903
s310,21651
s310,30706
s310,6965
s310,33805
s310,23185
s312,1933
s312,22944
s312,35491
s312,36238
s312,20366
s312,29486
s312,20609
s312,10671
s312,2216
s312,25969
s312,13649
s312,35359
s312,25956
s312,28580
s312,28557
s312,22263
s312,19702
s312,33117
s312,27885
s312,3126
s312,17253
s312,2984
s312,1215
s312,24233
s312,21252
s313,25789
s314,540
s314,34383
s314,2477
s314,35334
s314,35391
s315,27021
s315,30763
s315,19982
s315,8149
s315,10255
s315,15522
s315,7991
s315,21389
s316,11294
s316,25472
s316,25243
s316,34180
s316,14731
s316,6802
s316,2471
s316,1945
s316,7607
s316,15959
s317,28891
s317,1397
s317,33262
s317,26010
s317,18766
s317,14178
s317,14303
s319,22327
s320,15503
s320,23353
s320,29476
s320,16421
s320,11558
s320,32010
s320,34957
s320,9321
s322,35046
s322,19800
s322,22460
s322,1637
s322,20281
s322,6078
s323,15503
s323,10173
s323,3780
s323,4220
s323,23990
s323,32714
s324,33412
s324,986
s324,33902
s324,14286
s324,13785
s324,30083
s324,16528
s324,17548
s324,17703
s324,20079
s324,15784
s324,17957
s324,11910
s324,22222
s325,29877
s325,32399
s325,31206
s325,10009
s325,21173
s325,30137
s325,12669
s326,5858
s326,4536
s326,8125
s326,25347
s326,31713
s326,24665
s326,6533
s326,29883
s326,7882
s326,25949
s326,25223
s326,24144
s327,5858
s327,4536
s327,24665
s327,6533
s327,29883
s327,8156
s327,6367
s328,27673
s328,2700
s328,15790
s328,2330
s328,28531
s328,4686
s328,7106
s328,1465
s328,30630
s329,30082
s329,32986
s329,1549
s329,16645
s329,4619
s329,26099
s329,26556
s329,34306
s329,34860
s330,19525
s330,33564
s330,6599
s330,21785
s330,24343
s330,1825
s330,14057
s330,4775
s330,10843
s330,31876
s331,4283
s331,2513
s331,14059
s331,2264
s331,4943
s331,23829
s331,4490
s331,4024
s331,24542
s331,855
s332,35964
s332,27847
s332,24628
s332,32631
s332,35923
s332,697
s332,32616
s332,35749
s333,33214
s333,29264
s333,29601
s333,13890
s333,22936
s333,31749
s333,18888
s333,714
s333,7138
s333,7525
s334,22135
s334,907
s334,22715
s334,14747
s334,14834
s334,6674
s334,20525
s334,9215
s334,5919
s334,18674
s334,3998
s334,8242
s335,12173
s335,6875
s335,23636
s335,18356
s335,25871
s335,6694
s335,9721
s335,11196
s335,7172
s336,29601
s336,16658
s336,9213
s336,28702
s336,35194
s336,3428
s336,2716
s336,18894
s336,6737
s336,26466
s336,8775
s337,18830
s337,6937
s337,737
s337,32898
s337,15057
s337,23362
s337,36031
s337,509
s337,8393
s337,4587
s337,11097
s337,33396
s337,20153
s337,31685
s337,30124
s338,7420
s338,15065
s338,7372
s338,9573
s338,29953
s338,2650
s338,20079
s338,6003
s338,31210
s338,15479
s338,7146
s338,33993
s338,11380
s338,23072
s338,6126
s339,22482
s339,21554
s339,17672
s339,23508
s339,7270
s340,35334
s340,10282
s340,10957
s340,19794
s340,7
s341,19525
s341,16232
s341,9589
s341,33565
s341,17813
s341,8635
s341,6666
s341,33532
s341,21520
s341,26426
s341,22775
s341,20420
s342,15676
s342,26607
s342,33548
s342,16658
s342,26627
s342,35195
s342,14939
s342,14479
s342,22556
s342,2895
s342,20383
s342,28183
s342,1309
s342,22904
s342,22607
s343,7348
s343,17332
s343,35198
s343,22846
s343,947
s343,28849
s343,25518
s343,26568
s343,31935
s344,7355
s344,14222
s344,20611
s344,2502
s344,28105
s344,11898
s344,2482
s344,26513
s344,14282
s344,2729
s345,2502
s345,3461
s345,7355
s345,14222
s345,28105
s345,6496
s345,2332
s346,35233
s346,8889
s346,22595
s346,33935
s346,4763
s346,17463
s346,11160
s346,19391
s346,30581
s346,23087
s346,20129
s346,26485
s347,30424
s347,14092
s347,7658
s347,17971
s347,7083
s347,11174
s347,28839
s347,9146
s347,25112
s347,1693
s348,16880
s348,9066
s348,11186
s348,30203
s348,15072
s348,15690
s348,10908
s349,8562
s349,13809
s349,25709
s349,27953
s349,5689
s349,1455
s349,5922
s350,33464
s350,14696
s350,6308
s350,9486
s350,11191
s350,35195
s350,7967
s350,18392
s350,9183
s350,9156
s350,22912
s350,22742
s350,28905
s350,2638
s350,34331
s351,6822
s351,33674
s351,8844
s351,14100
s351,14071
s351,21213
s351,35192
s351,20089
s351,7056
s351,27194
s351,3743
s351,4414
s352,33953
s352,22117
s352,18634
s352,21960
s352,7702
s352,26597
s352,22235
s352,6017
s352,14965
s352,10901
s353,12130
s353,35319
s353,18866
s353,12173
s353,4428
s353,12511
s353,1202
s353,9963
s354,226
s354,5747
s354,17425
s354,9718
s354,6659
s354,2052
s354,4585
s354,18989
s355,4964
s355,7348
s355,6010
s355,25043
s355,32902
s355,7600
s355,12185
s355,4957
s356,22166
s356,16291
s356,29090
s356,15777
s356,22928
s356,5003
s356,4473
s356,35195
s356,21533
s356,10777
s357,14743
s357,36260
s357,6322
s357,13218
s357,6926
s357,36369
s357,14474
s357,12882
s357,26501
s357,26465
s358,6411
s358,14841
s358,758
s358,15838
s358,22846
s358,19222
s358,27802
s358,2546
s358,22179
s358,28432
s358,6904
s358,7087
s359,29664
s359,14958
s359,8345
s359,8554
s359,35075
s359,17791
s359,27664
s359,7534
s359,18885
s359,28409
s360,31883
s360,7225
s360,5674
s360,4107
s361,15065
s361,17495
s361,15072
s361,4601
s361,9950
s361,25987
s361,12578
s361,14211
s361,14833
s361,33827
s361,2601
s361,3273
s361,27086
s361,32899
s361,11350
s361,30906
s361,9797
s361,16605
s361,32908
s362,20653
s362,29861
s362,22605
s362,28981
s362,30355
s362,9567
s362,5902
s363,34049
s363,25459
s363,33017
s363,2483
s363,2010
s363,14871
s363,3918
s363,2411
s363,31136
s363,33834
s364,10911
s364,3335
s364,29460
s364,19669
s364,16360
s364,20398
s364,9708
s364,3513
s364,7485
s364,10421
s365,18372
s365,22457
s365,25888
s365,6314
s365,22467
s365,15139
s365,16304
s366,18071
s366,31622
s366,32079
s366,20931
s366,20866
s366,34921
s366,24989
s366,2956
s368,22687
s368,8265
s368,34204
s368,666
s368,8629
s368,17117
s368,26409
s368,36149
s368,24595
s368,30314
s368,32017
s368,10585
s368,6665
s368,8267
s371,5980
s371,20667
s371,20689
s371,16008
s371,28949
s371,5852
s371,420
s371,3460
s371,9001
s372,35531
s372,3266
s372,1367
s372,12741
s372,29543
s372,35732
s372,35006
s372,21005
s372,34310
s372,34921
s372,603
s372,35007
s373,32622
s373,17343
s373,13601
s373,24850
s373,21957
s373,17619
s373,35756
s374,14649
s374,939
s374,36358
s374,26041
s374,23379
s374,3325
s374,29552
s374,34344
s374,8743
s374,24231
s375,7337
s375,6289
s375,6624
s375,4448
s375,9367
s375,4255
s376,6476
s376,14576
s376,31244
s376,34125
s376,15017
s376,6460
s376,17236
s376,1214
s376,32512
s376,32457
s376,17604
s377,13994
s377,14462
s377,19871
s377,15560
s377,10857
s377,4310
s377,17709
s377,9271
s377,33057
s377,29120
s377,18169
s377,17615
s377,5756
s378,16935
s378,36268
s378,32484
s378,3812
s378,14361
s378,27236
s378,2761
s378,5724
s378,7685
s378,14256
s378,7324
s381,11811
s381,5281
s381,7605
s381,5412
s381,33542
s381,15051
s381,24544
s381,4876
s381,7604
s381,17712
s381,18207
s382,16502
s382,30237
s382,25960
s382,34494
s382,21897
s382,24797
s382,9258
s382,16625
s382,12009
s382,5393
s382,12625
s382,7997
s382,21301
s382,499
s382,19135
s382,2371
s382,20854
s382,15158
s383,7465
s383,32885
s383,29500
s383,4664
s383,11884
s383,23688
s383,22819
s383,6856
s383,17267
s383,14028
s383,16105
s383,4821
s384,1774
s384,29716
s384,27481
s384,34628
s384,204
s384,20675
s384,8217
s384,2445
s384,21016
s385,14862
s385,16894
s385,9752
s385,16609
s385,25984
s385,28112
s386,22325
s386,7616
s386,19455
s386,7319
s386,19541
s386,20483
s386,4398
s386,28665
s387,14561
s387,36252
s387,22440
s387,9101
s387,34112
s387,19494
s387,23050
s387,13153
s387,10263
s387,2634
s388,18680
s388,25747
s388,29295
s388,21075
s388,32258
s388,10298
s389,15625
s389,35132
s389,23991
s390,8563
s390,21756
s390,5556
s390,28867
s390,35660
s391,2152
s391,31958
s391,25154
s391,5790
s391,22582
s391,19153
s391,7418
s391,924
s391,31470
s391,16292
s391,6445
s391,30416
s391,28857
s391,19469
s391,9738
s391,15937
s392,22543
s392,30540
s392,33375
s392,8809
s392,22815
s392,17440
s392,11848
s392,24297
s393,14211
s393,6521
s393,19525
s393,17927
s393,29601
s393,34944
s393,8333
s393,14154
s393,8031
s393,7407
s393,24663
s393,19100
s393,3367
s393,29567
s393,10111
s393,8823
s394,9741
s394,31747
s394,10233
s394,13364
s394,24948
s394,354
s394,5427
s394,24322
s394,9643
s394,1217
s394,1838
s395,26671
s395,2694
s395,33094
s395,20906
s395,36089
s395,11717
s395,28632
s395,4847
s395,4519
s395,14150
s395,25013
s395,4533
s396,981
s396,27999
s396,24262
s396,10385
s396,30341
s396,21900
s396,11627
s396,30242
s397,26403
s397,1224
s397,17024
s397,5325
s397,11742
s397,28663
s397,6133
s397,17004
s397,11795
s397,8798
s398,27202
s398,1790
s398,28649
s398,17043
s398,32767
s398,23163
s398,31224
s398,29730
s398,29188
s398,31291
s398,36111
s398,24498
s399,11482
s399,25796
s399,18302
s399,18287
s399,18553
s400,21600
s400,19453
s400,6394
s400,29875
s400,19669
s400,31836
s400,8590
s400,11902
s400,33295
s400,12686
s400,901
s400,32309
s400,1428
s400,16880
s400,14466
s400,26598
s400,33815
s400,7094
s400,18022
s400,17969
s400,12366
s401,18043
s401,33295
s401,28394
s401,29875
s401,6394
s401,19669
s401,901
s401,19453
s401,17969
s401,12686
s401,14466
s401,31836
s401,21600
s402,34492
s402,23157
s402,3298
s402,18953
s402,35496
s402,9879
s402,20399
s402,5446
s402,5665
s402,11686
s402,26378
s402,20410
s402,24896
s402,6023
s403,30507
s403,10533
s403,5189
s403,15495
s403,23995
s403,24461
s403,9770
s403,6415
s403,1402
s403,19345
s403,36249
s403,3954
s403,8542
s406,31457
s406,28975
s406,16698
s406,29194
s406,15231
s407,34409
s407,16698
s407,28975
s407,15232
s407,27356
s407,23817
s407,32420
s408,34409
s408,16698
s408,28975
s408,15232
s408,27356
s408,23817
s408,32420
s409,34409
s409,16698
s409,28975
s409,15232
s409,27356
s409,23817
s409,32420
s410,34409
s410,16698
s410,28975
s410,15232
s410,27356
s410,3149
s410,29640
s411,34409
s411,16698
s411,28975
s411,15232
s411,27356
s411,23817
s411,32420
s412,34409
s412,16698
s412,28975
s412,15232
s412,27356
s412,23817
s412,32420
s413,34409
s413,16698
s413,28975
s413,15232
s413,27356
s413,23817
s413,32420
s414,34409
s414,16698
s414,28975
s414,15232
s414,27356
s414,23817
s414,32420
s415,34409
s415,16698
s415,28975
s415,15232
s415,27356
s415,23817
s415,32420
s416,34409
s416,16698
s416,28975
s416,15232
s416,27356
s416,3149
s416,29640
s417,34409
s417,16698
s417,28975
s417,15232
s417,27356
s417,23817
s417,32420
s418,31457
s418,28975
s418,16698
s418,29194
s418,15231
s418,27356
s419,16698
s419,29194
s419,15231
s419,28975
s419,18954
s419,27366
s419,8718
s419,27356
s419,27390
s420,34409
s420,16698
s420,28975
s420,15232
s420,27356
s420,23817
s420,32420
s421,34409
s421,16698
s421,28975
s421,15232
s421,27356
s421,23817
s421,32420
s422,34409
s422,16698
s422,28975
s422,15232
s422,27356
s422,23817
s422,32420
s423,34409
s423,16698
s423,28975
s423,15232
s423,27356
s424,26833
s424,22267
s424,16698
s424,28975
s424,15232
s424,27356
s424,25785
s425,34409
s425,16698
s425,28975
s425,15232
s425,27356
s425,23817
s425,32420
s426,6881
s426,33841
s426,25347
s426,29166
s426,24682
s426,35555
s426,19206
s427,27161
s427,4835
s427,32723
s427,33437
s427,1927
s427,12351
s427,6022
s427,32466
s428,27446
s428,14247
s428,3848
s428,23545
s428,23606
s428,20773
s428,25100
s428,9617
s428,3684
s428,32551
s428,29796
s429,31428
s429,12243
s429,22482
s429,24388
s429,35980
s429,22485
s429,32152
s429,12820
s429,20597
s429,18518
s429,18169
s430,4448
s430,9607
s430,25176
s430,3918
s430,29260
s430,6626
s430,18761
s430,6363
s430,378
s430,5861
s430,9624
s430,33465
s432,4970
s433,9675
s433,19621
s433,5917
s433,17764
s433,10901
s433,31958
s433,6873
s433,1846
s433,16020
s433,33202
s433,19182
s433,8610
s433,32859
s433,24702
s433,24681
s433,6899
s433,1309
s433,26767
s433,17582
s433,2289
s433,14109
s434,23646
s434,25978
s434,28532
s434,3473
s434,376
s435,28596
s435,8592
s435,3001
s435,10832
s435,1896
s435,28845
s435,3423
s435,7680
s435,32338
s435,8550
s436,19286
s436,35700
s436,19365
s436,31448
s436,25268
s436,30837
s436,14327
s436,25819
s436,19336
s437,10407
s437,539
s437,23856
s437,27649
s437,778
s437,1577
s437,29530
s437,12467
s437,13197
s437,30474
s437,154
s437,24016
s437,8495
s438,10841
s438,4964
s438,4652
s438,7003
s438,26410
s438,5120
s438,20034
s438,7048
s438,394
s438,10228
s438,29872
s438,33940
s439,4164
s439,22276
s439,784
s439,15228
s439,33876
s439,25288
s439,8483
s439,30482
s439,33415
s439,9307
s440,25739
s440,17586
s440,32239
s440,18676
s440,35009
s440,9024
s440,18325
s440,26603
s440,35308
s440,4210
s442,18138
s442,3250
s442,11523
s442,25386
s442,4029
s442,7733
s442,29250
s442,9749
s442,22407
s442,16603
s442,10895
s442,16141
s442,16153
s443,14045
s443,33935
s443,21892
s443,9754
s444,7341
s444,26332
s444,8249
s444,16454
s444,1108
s444,11950
s444,10081
s444,19583
s444,20401
s444,9252
s444,21115
s444,29392
s444,10276
s444,13553
s446,6884
s446,24786
s446,18435
s446,9550
s446,25492
s446,2361
s446,371
s446,9786
s447,24189
s447,13933
s447,13876
s447,29886
s447,8128
s447,19359
s447,20644
s447,33820
s447,4502
s447,11409
s448,18636
s448,28447
s448,32899
s448,4332
s448,26459
s448,9517
s448,17722
s448,24887
s448,13831
s448,3228
s449,18636
s449,28447
s449,32899
s449,26459
s449,9517
s449,3228
s449,13831
s449,17722
s449,24887
s449,4332
s450,18636
s450,28447
s450,32899
s450,5016
s450,4332
s450,7289
s450,26459
s450,9517
s450,13831
s450,17722
s450,3228
s450,24887
s451,18636
s451,28447
s451,32899
s451,3228
s451,27190
s451,4332
s451,22957
s451,7289
s451,26459
s451,9517
s451,13831
s451,17722
s451,24887
s451,9211
s452,18636
s452,28447
s452,4332
s452,26459
s452,9517
s452,5199
s452,3228
s452,2531
s452,24887
s452,32899
s452,13831
s452,17722
s453,24058
s453,27801
s453,11572
s453,2349
s453,19140
s453,6498
s453,34214
s453,17279
s453,22026
s453,3590
s453,13121
s453,8812
s453,5004
s453,34900
s453,35560
s453,7799
s454,6156
s454,30050
s454,35885
s454,3371
s454,16840
s454,35915
s454,32620
s454,24192
s454,35752
s454,25048
s454,10963
s454,32586
s454,30063
s454,11302
s454,35860
s454,35900
s454,13268
s454,25581
s454,12744
s454,29335
s454,821
s454,23478
s454,17898
s455,6000
s455,33664
s455,32312
s455,5471
s455,30899
s456,9669
s457,25833
s457,18238
s457,675
s457,16798
s457,25823
s457,18184
s457,20719
s457,18264
s457,18315
s457,19311
s459,26756
s459,1073
s459,16961
s459,1154
s459,15033
s459,12633
s459,16419
s459,20506
s460,20876
s460,26854
s460,28017
s460,14378
s460,7736
s460,15796
s460,27459
s460,19362
s460,30323
s460,347
s460,24830
s460,6854
s460,19763
s460,9185
s461,30815
s461,14696
s461,36281
s461,15950
s461,14184
s461,8590
s461,21498
s461,17760
s461,28343
s461,29338
s462,35768
s462,29346
s462,4565
s462,23572
s462,1990
s462,12475
s462,142
s462,661
s462,27191
s462,23556
s462,134
s462,329
s464,22047
s464,10801
s464,26393
s464,35150
s464,35913
s464,1434
s464,7117
s464,10787
s465,17231
s465,19453
s465,5339
s465,6215
s465,23104
s465,2295
s465,26119
s465,27420
s465,331
s465,22963
s465,10939
s468,7477
s469,20182
s469,36357
s469,5608
s469,35372
s469,13540
s469,11520
s469,1259
s469,14644
s469,20207
s470,12890
s470,29850
s470,15731
s470,20065
s470,9557
s470,7873
s470,16125
s470,28138
s471,8028
s471,20072
s471,10759
s472,25417
s472,8361
s472,11251
s472,15228
s472,13457
s472,25124
s472,33876
s472,4448
s472,4903
s472,13415
s472,8483
s473,13182
s473,19030
s473,7890
s473,34122
s473,10336
s473,3253
s473,32376
s475,15045
s475,18636
s475,33827
s475,6937
s475,34944
s475,15777
s475,4308
s475,33778
s475,19215
s475,31984
s476,13620
s476,20471
s476,7558
s476,26558
s476,25479
s476,27196
s476,36117
s476,26301
s476,24554
s477,23311
s477,20471
s477,33730
s477,10144
s477,23018
s477,28111
s478,14841
s478,17678
s478,22936
s478,4855
s478,1854
s478,14790
s478,11799
s478,24851
s479,20485
s479,15118
s479,476
s479,33228
s479,15367
s479,5458
s479,30214
s480,29250
s480,9749
s480,29096
s480,22407
s480,32934
s480,16141
s480,11523
s480,18138
s480,4029
s480,3250
s480,25386
s480,6123
s480,16153
s481,375
s481,23874
s481,17666
s481,5853
s481,26206
s481,9306
s481,33415
s481,33826
s481,8273
s481,32974
s481,8261
s481,25474
s482,26755
s482,34668
s482,4065
s482,19627
s482,32417
s482,11516
s482,20562
s482,5246
s482,20186
s482,33257
s483,26454
s484,10481
s484,9141
s484,12183
s484,3314
s484,9916
s484,9925
s484,25608
s484,32652
s484,22673
s484,32503
s485,19379
s486,7995
s486,15591
s486,33842
s486,33659
s487,26119
s487,15739
s487,3930
s487,28808
s487,15304
s487,3065
s487,34718
s487,2119
s487,14045
s487,7939
s487,32461
s488,23074
s488,28494
s488,13017
s488,22315
s488,21913
s488,585
s488,26249
s488,14626
s488,36371
s488,10682
s488,24138
s488,31145
s488,23979
s489,1236
s489,21759
s489,33356
s489,2633
s489,6891
s489,14873
s489,19162
s490,14510
s490,136
s490,158
s490,18097
s490,1613
s490,1324
s490,9370
s490,24429
s490,3821
s490,24217
s492,27798
s492,22957
s492,5278
s492,24240
s492,15969
s492,26686
s492,18936
s492,27837
s492,8770
s492,20063
s492,9202
s492,25618
s493,3930
s493,26030
s493,28353
s493,27104
s493,32121
s493,33280
s493,17811
s493,25142
s493,3462
s493,24635
s494,24667
s494,31779
s494,27653
s494,15977
s494,4348
s494,15526
s494,8940
s494,4596
s494,33866
s494,35850
s494,10967
s494,22482
s494,17836
s494,17615
s494,3154
s494,23488
s495,4299
s495,17388
s495,36281
s495,7658
s495,30089
s495,19405
s495,4964
s495,2976
s495,32897
s495,11643
s497,26209
s497,7841
s497,27122
s497,11758
s497,5594
s497,3560
s497,5360
s497,2090
s497,28143
s497,28436
s499,25470
s499,4774
s499,31773
s499,22658
s499,25893
s499,8399
s499,24088
s499,5999
s499,7777
s499,26397
s501,33310
s501,20556
s501,1267
s501,1050
s501,30371
s501,8747
s501,23249
s501,25309
s501,34805
s501,2751
s501,24870
s501,35952
s502,25541
s502,18762
s502,17666
s502,10564
s502,30482
s502,537
s502,6189
s502,25328
s502,27856
s502,25495
s503,11294
s503,16218
s503,15918
s503,33415
s503,662
s503,4362
s503,29240
s504,2195
s504,8083
s504,36270
s504,20738
s504,26761
s504,583
s504,13455
s504,36115
s504,13739
s504,24553
s505,34357
s505,1910
s505,21649
s505,25892
s505,9641
s505,3056
s505,6455
s505,21236
s505,20112
s505,13529
s505,29802
s505,5671
s506,28108
s506,13457
s506,10068
s506,1064
s506,32477
s506,20300
s506,24471
s506,25571
s506,10714
s506,22655
s507,29963
s507,19679
s507,20538
s507,7076
s508,18588
s508,30700
s508,10836
s508,20289
s508,30482
s508,2293
s508,17067
s508,9857
s508,35282
s508,9979
s509,26554
s509,19975
s509,11983
s509,13569
s509,13801
s510,16553
s510,10045
s510,10901
s510,14712
s510,11862
s510,10273
s511,14809
s511,15044
s511,29042
s511,16875
s511,18839
s511,13789
s511,4926
s511,15305
s511,35099
s511,18692
s511,30506
s511,5296
s511,29881
s511,30512
s511,15041
s511,31928
s511,26399
s511,22639
s511,29506
s513,27548
s513,31578
s513,21451
s513,12048
s513,5472
s513,4989
s513,10952
s514,16284
s514,29903
s514,26479
s514,1660
s514,33855
s514,13520
s514,1160
s515,2264
s515,32899
s515,11835
s515,12606
s515,32698
s515,34086
s515,10157
s516,29770
s516,24743
s516,20192
s516,14241
s516,9087
s516,32786
s516,17498
s516,33685
s516,13159
s516,31249
s517,6130
s517,33104
s517,25683
s517,33181
s517,6284
s517,25209
s517,32853
s517,5813
s517,23757
s517,9361
s517,2824
s517,3505
s517,6748
s517,26794
s517,2876
s517,18753
s517,25204
s518,12444
s518,31045
s518,8903
s518,23534
s518,17887
s518,31030
s518,18587
s518,12791
s518,33695
s518,33706
s518,10036
s518,17670
s518,35758
s518,21891
s518,13611
s518,20707
s519,29723
s519,8208
s519,29933
s519,13559
s519,3501
s519,17571
s519,1775
s519,34645
s521,33372
s521,2264
s521,29458
s521,35141
s521,10906
s521,5672
s521,33346
s521,17366
s522,26201
s522,14640
s522,2039
s522,31229
s522,2163
s522,24792
s524,2520
s524,24652
s524,31245
s524,24952
s524,12417
s524,19099
s524,20722
s524,27665
s524,13170
s524,25973
s524,10722
s524,14191
s524,5894
s524,2148
s524,13760
s524,33471
s524,31824
s524,3955
s524,13328
s525,17188
s525,15537
s525,21091
s525,27840
s525,18500
s525,5031
s525,12807
s525,20990
s525,35916
s525,35746
s525,597
s525,18568
s525,35751
s525,16834
s525,32669
s525,33845
s525,18571
s525,23486
s525,33860
s525,30946
s525,32668
s525,28274
s525,3177
s525,32603
s525,35969
s525,17803
s525,23183
s525,18374
s526,3214
s526,32526
s526,32796
s526,2063
s526,5651
s526,24789
s527,32907
s527,17404
s527,19131
s527,14416
s527,24313
s527,22834
s527,34269
s527,7591
s527,29561
s527,7773
s527,30301
s527,24708
s527,35431
s527,32837
s527,19242
s527,22100
s527,9793
s527,34520
s527,19216
s527,25648
s527,20119
s527,28929
s527,519
s527,13815
s527,9518
s528,6360
s528,17398
s528,29375
s528,11408
s528,4793
s528,7731
s529,11923
s529,32109
s529,32285
s529,8197
s529,14406
s529,12003
s529,27704
s529,27323
s530,20892
s530,31626
s530,30967
s530,12991
s530,20824
s530,611
s530,12732
s531,13987
s531,16319
s531,19181
s531,14800
s531,18158
s531,4931
s532,27866
s532,23386
s532,13801
s532,29701
s532,30667
s532,21625
s532,14787
s532,30629
s533,35170
s533,4169
s533,15761
s533,1605
s533,6950
s533,5420
s533,14495
s533,33901
s533,33583
s533,4495
s533,29757
s533,23236
s534,8954
s534,22739
s534,3549
s534,24588
s534,30898
s534,29923
s534,36271
s534,25524
s534,29969
s534,30936
s535,22219
s535,27534
s535,7018
s535,21023
s535,1746
s535,32377
s535,317
s536,18531
s536,12397
s536,5921
s536,32450
s536,33921
s536,9577
s536,9096
s537,7744
s537,3101
s537,18699
s537,26457
s537,28144
s537,13802
s537,16054
s537,2311
s537,9946
s537,31811
s538,35759
s538,27846
s538,35745
s538,3631
s538,29134
s538,30956
s539,19888
s539,9575
s539,30022
s539,6647
s539,9390
s539,13853
s539,28835
s539,13775
s539,22292
s539,25016
s539,23035
s539,11396
s539,13369
s540,5758
s540,20288
s540,16313
s540,9690
s540,16294
s540,16122
s540,14387
s541,3929
s541,6724
s541,22515
s541,27557
s541,14881
s541,23421
s541,32665
s541,35073
s541,30688
s542,20919
s542,18592
s542,23864
s542,21071
s542,31327
s542,30
s542,29288
s542,16913
s543,20924
s543,30547
s543,27127
s543,19402
s543,8509
s543,18740
s544,33622
s544,2512
s544,10844
s544,9467
s544,27694
s544,18597
s544,17998
s544,13061
s545,5626
s545,7425
s545,16836
s545,15039
s545,26628
s545,29048
s545,25418
s545,8329
s545,17440
s545,29873
s545,26486
s546,18401
s546,29045
s546,5020
s546,5577
s546,20301
s546,18835
s547,30328
s547,18205
s547,35710
s547,24107
s547,18330
s547,12230
s547,19294
s547,15184
s547,18294
s547,13070
s547,25266
s547,17135
s547,25838
s547,3695
s547,25855
s547,35925
s547,18285
s547,25829
s547,35928
s547,15180
s547,18278
s548,12084
s548,320
s548,6992
s548,18626
s548,7814
s548,4892
s548,28435
s548,19803
s548,4623
s548,18834
s548,3888
s548,2026
s548,14306
s548,1645
s549,9565
s549,29674
s549,17445
s549,16858
s549,25987
s549,5792
s549,32515
s549,14145
s549,13549
s549,29813
s549,9950
s549,6645
s549,17421
s549,18020
s549,15075
s551,18138
s551,25386
s551,4029
s551,16603
s551,10895
s551,3250
s551,22345
s551,7733
s551,16141
s551,16153
s552,32523
s552,34657
s552,12439
s552,447
s552,3210
s552,35447
s552,8095
s553,6422
s553,21995
s553,20276
s553,23272
s553,25756
s553,12705
s553,8317
s553,10632
s553,10794
s553,1075
s554,5328
s554,24571
s554,21083
s554,6994
s554,2000
s554,10687
s554,27550
s554,21831
s554,20558
s554,3325
s554,31998
s555,31696
s555,25541
s555,5036
s555,25248
s555,9306
s555,9657
s555,9595
s555,25124
s555,4997
s555,6189
s555,31522
s555,6210
s556,6322
s556,31485
s556,9152
s556,15756
s556,33317
s556,14194
s556,25238
s556,10322
s556,1468
s556,453
s556,34849
s556,18485
s556,20459
s557,19386
s557,25806
s557,18338
s557,24105
s557,6259
s557,18206
s557,19287
s558,12613
s558,14424
s558,29888
s558,2366
s558,10660
s558,19097
s558,34096
s558,9124
s558,4961
s559,14649
s559,15519
s559,2567
s559,5934
s559,31897
s559,34227
s559,20163
s559,21616
s559,18671
s559,4222
s560,12394
s560,11186
s560,11641
s560,35074
s560,26125
s560,35195
s560,19707
s560,8132
s560,35364
s560,4314
s560,9636
s560,8044
s560,33553
s560,31644
s560,26607
s562,23220
s562,4170
s562,30417
s562,23006
s562,28479
s562,23349
s562,34463
s562,22775
s562,10899
s563,23220
s563,9503
s563,23006
s563,23321
s563,28479
s563,30417
s563,10353
s563,23349
s563,26107
s563,5871
s563,35140
s564,23220
s564,12554
s564,23006
s564,28479
s564,28342
s564,30417
s564,23349
s564,34463
s564,9503
s564,35140
s565,21652
s565,5079
s565,16658
s565,12554
s565,35195
s565,8817
s565,26627
s565,20383
s565,15676
s565,26607
s566,18371
s566,9493
s566,22712
s566,16623
s566,27302
s566,14199
s566,6592
s567,5206
s567,8988
s567,20327
s567,4299
s567,29463
s567,17744
s567,33335
s567,7106
s567,22091
s567,18888
s567,33562
s567,20467
s568,9107
s568,19118
s568,10083
s568,33335
s568,15514
s568,11813
s568,408
s568,21846
s569,34941
s569,21982
s569,15425
s569,6563
s569,19246
s569,28466
s569,26216
s570,33907
s570,33997
s570,33908
s570,18106
s570,24604
s570,13033
s570,26576
s570,18963
s570,24606
s570,34001
s570,23671
s570,20840
s571,34966
s571,20178
s571,12220
s571,33818
s571,5318
s571,23992
s571,18966
s571,16860
s571,27663
s571,35840
s572,2342
s572,7115
s572,1314
s572,3634
s572,11478
s572,11304
s572,10360
s572,9317
s572,30228
s572,4217
s572,32412
s572,13281
s572,28486
s572,6775
s573,8562
s573,4686
s573,19556
s573,14494
s573,14142
s573,26595
s574,13752
s574,9055
s574,2330
s574,13161
s574,30424
s574,20327
s574,13811
s574,7872
s574,27493
s574,14109
s575,13752
s575,2330
s575,9055
s575,11186
s575,30424
s575,20327
s575,13811
s575,7872
s575,14109
s575,23104
s576,17445
s576,16271
s576,16291
s576,1277
s576,5023
s576,4919
s576,12514
s576,6470
s576,29836
s576,15122
s577,28767
s577,15456
s577,6211
s577,32550
s577,2985
s577,8302
s577,20234
s577,32916
s577,5845
s577,32878
s577,29055
s577,34225
s577,30898
s577,34005
s577,22901
s578,20960
s578,157
s578,22395
s578,18969
s578,35782
s578,13188
s578,24430
s578,31395
s578,30492
s579,36194
s579,17813
s579,18524
s579,23104
s579,17185
s579,35764
s579,11709
s579,5554
s579,20913
s579,24418
s579,17293
s580,28395
s580,5858
s580,35502
s580,15659
s580,8334
s580,15538
s580,28059
s580,28439
s580,13778
s580,35079
s580,26607
s581,17878
s581,27847
s581,16824
s582,6524
s582,28522
s582,19842
s582,5554
s582,4850
s582,32661
s582,33939
s582,6301
s582,10885
s582,17691
s583,14813
s583,17388
s583,16605
s583,14489
s583,4883
s583,33399
s583,21310
s583,30716
s583,13807
s583,12578
s583,15956
s583,19056
s583,5207
s583,113
s583,14833
s583,29840
s584,24284
s584,3273
s584,18005
s584,5552
s584,11880
s584,18936
s584,25391
s584,20339
s584,14000
s584,23347
s584,32653
s585,6645
s585,6322
s585,13969
s585,9947
s585,22708
s585,8372
s585,9962
s585,28709
s585,6862
s585,29431
s585,18898
s585,15411
s585,29564
s585,5715
s586,7283
s586,24189
s586,6830
s586,11351
s586,33557
s586,8466
s586,8794
s586,7277
s587,9277
s587,2690
s587,6708
s587,14376
s587,7728
s587,14465
s587,29899
s587,19941
s587,15297
s587,19449
s588,422
s588,21539
s588,10444
s588,33072
s588,2931
s588,179
s588,34460
s588,18162
s588,4859
s588,28902
s588,35265
s589,26369
s589,16725
s589,36131
s589,26652
s589,730
s590,16538
s590,31570
s590,24952
s590,33572
s590,33012
s590,31800
s590,3977
s590,10910
s590,28524
s590,17984
s591,18573
s591,12833
s591,28252
s591,1733
s591,30935
s591,29108
s591,17836
s591,23430
s592,35163
s592,28808
s592,35319
s592,22813
s592,3802
s592,9608
s592,28533
s592,15536
s592,4314
s592,33352
s592,11541
s592,2255
s592,16558
s592,29860
s593,14553
s593,1393
s593,32511
s593,23237
s593,24339
s593,18696
s593,11315
s593,19857
s593,2123
s593,14395
s593,18828
s594,6320
s594,21655
s594,14639
s594,30077
s594,13229
s594,25709
s594,15834
s594,6100
s594,36138
s594,16302
s595,6368
s595,36046
s595,17292
s595,36260
s595,31193
s595,15688
s595,2757
s595,9941
s595,19514
s595,4950
s595,3954
s595,35270
s596,22848
s596,16033
s596,11259
s596,13002
s596,24363
s597,21158
s597,15936
s597,23016
s597,15253
s597,33475
s597,7357
s597,20542
s597,35105
s598,35140
s598,15676
s598,29225
s598,11174
s598,22790
s598,19563
s598,14289
s598,1825
s598,2262
s598,23660
s599,11336
s599,34755
s599,33134
s599,25763
s599,15631
s599,13467
s599,10645
s599,2518
s599,4400
s600,32798
s600,29463
s600,3666
s600,2602
s600,35089
s600,24709
s600,4957
s600,15731
s600,24647
s600,11505
s601,22811
s601,30187
s601,8165
s601,14151
s601,26455
s601,5539
s601,2530
s601,3063
s602,27421
s602,25921
s602,9462
s602,21767
s602,27497
s602,35237
s602,28722
s602,28337
s603,27421
s603,25921
s603,25045
s603,32699
s603,35867
s603,15618
s603,21153
s603,7651
s603,33799
s603,21767
s603,35237
s604,27421
s604,25921
s604,28540
s604,33212
s604,21767
s604,30169
s604,15995
s604,27497
s604,35187
s605,18045
s605,17422
s605,19118
s605,11035
s605,19505
s605,22070
s605,27962
s605,22583
s605,15263
s605,6391
s606,7857
s606,17690
s606,28384
s606,14117
s606,31689
s606,8349
s606,27511
s606,17956
s606,12403
s606,6549
s606,24640
s606,30751
s606,10526
s606,25723
s606,14154
s606,10771
s606,30026
s606,1869
s606,14179
s607,12613
s607,22957
s607,14071
s607,12612
s607,1137
s607,28603
s607,32469
s607,21564
s608,19982
s608,30127
s608,11278
s608,18399
s608,19121
s608,11645
s608,1122
s608,26448
s609,3945
s609,23763
s609,4846
s609,14071
s609,19710
s609,22773
s609,6918
s609,886
s609,28718
s609,6656
s609,4957
s609,28104
s609,26607
s610,2330
s610,15878
s610,26086
s610,33392
s610,31919
s610,28953
s610,6422
s610,1085
s610,7581
s610,11586
s611,17365
s611,30127
s611,22957
s611,30555
s611,4301
s611,10101
s611,31565
s611,28365
s611,35083
s611,17988
s612,17365
s612,31834
s612,22813
s612,33147
s612,13365
s612,29677
s612,5850
s612,18598
s612,13848
s612,310
s613,22957
s613,4301
s613,27962
s613,31934
s613,17988
s613,7831
s613,11406
s613,19426
s613,1105
s613,9499
s613,14445
s614,34267
s614,35438
s614,3175
s614,29710
s614,27857
s614,300
s614,117
s614,12097
s614,176
s614,24030
s614,242
s614,12545
s614,14248
s615,28530
s615,7152
s615,2574
s615,22312
s615,15073
s615,16300
s615,28796
s615,20306
s615,20755
s615,35253
s615,22111
s615,5316
s615,16776
s615,26173
s615,35086
s616,12185
s616,34845
s616,19031
s616,19442
s616,19962
s616,26157
s616,25723
s616,1278
s617,12289
s617,31615
s617,21413
s617,22664
s617,22114
s617,32113
s617,5738
s617,2582
s617,17602
s618,9266
s618,25449
s618,20976
s618,10942
s618,24874
s618,26408
s619,5816
s619,14461
s619,25381
s619,2264
s619,4502
s619,16553
s619,35141
s619,27540
s619,18173
s619,31193
s620,24028
s620,27462
s620,36313
s620,26983
s620,14434
s620,19948
s620,12684
s620,25905
s620,26971
s620,17769
s622,4219
s622,6038
s622,19865
s623,33147
s623,9745
s623,10897
s623,9137
s623,13572
s623,10258
s623,26140
s623,15733
s623,10589
s623,4485
s624,26805
s624,32068
s624,14992
s624,29044
s624,11658
s625,3809
s625,20737
s625,2192
s625,22402
s625,8754
s625,23711
s625,5723
s625,332
s625,16750
s626,22634
s626,15156
s626,14982
s626,3057
s626,15309
s626,2792
s626,10306
s626,2957
s626,15153
s626,34176
s626,13288
s626,10610
s626,21495
s626,1026
s626,24254
s626,16354
s626,29391
s626,5306
s626,6806
s628,32177
s628,27069
s628,11918
s629,24076
s629,8130
s629,33039
s629,29474
s629,27963
s629,8541
s630,1289
s630,13252
s630,4362
s630,12134
s630,6802
s630,15725
s630,7338
s630,1682
s630,1233
s630,21380
s631,4590
s631,30078
s631,3976
s631,28082
s631,14099
s631,27661
s631,34690
s631,31310
s631,22279
s631,33944
s631,29465
s632,35881
s632,31605
s632,23431
s632,2864
s632,32864
s632,16761
s632,20995
s632,20597
s633,7242
s633,11374
s633,31130
s633,11372
s633,713
s633,26715
s633,23949
s633,8925
s633,16355
s634,34859
s634,14890
s634,22206
s635,25405
s636,12481
s636,16591
s636,5441
s636,8518
s636,9433
s636,4091
s636,713
s636,11048
s636,1356
s636,27709
s637,19682
s637,4049
s637,1697
s637,21280
s637,19187
s637,12882
s637,21783
s637,22099
s637,22111
s638,21068
s638,11100
s638,17585
s638,1341
s638,12438
s638,27202
s638,31049
s638,5784
s638,792
s638,27364
s638,4238
s638,18107
s638,8577
s638,31008
s638,2395
s638,24499
s638,20217
s638,27255
s638,21075
s639,29885
s639,23237
s639,293
s639,21294
s640,35917
s640,30971
s640,23431
s640,28204
s640,32821
s640,35027
s640,3533
s640,35662
s640,15351
s640,18574
s640,17832
s640,24387
s640,12816
s640,29135
s640,28970
s640,17885
s640,21948
s640,33718
s641,25167
s641,5280
s641,31330
s641,31741
s641,36113
s641,25179
s641,11629
s641,33783
s641,2280
s641,31075
s641,36087
s641,16996
s643,32612
s643,30878
s643,33063
s643,23434
s643,33511
s643,29313
s643,1734
s643,32618
s643,18589
s643,19764
s643,16766
s643,29110
s643,18572
s643,13610
s643,18374
s644,12030
s644,34282
s644,31823
s644,4611
s644,6325
s644,28511
s644,12548
s644,17693
s645,13293
s645,29070
s645,21289
s645,27752
s645,22100
s645,34094
s645,32894
s645,18369
s645,27733
s645,4131
s647,5670
s647,754
s647,7772
s647,16498
s647,25655
s647,2373
s647,25143
s647,20368
s647,13499
s647,33265
s647,33054
s647,6417
s647,14539
s647,25657
s647,9702
s647,2045
s647,7987
s647,35400
s648,25400
s648,29678
s648,34307
s648,21768
s648,20179
s649,8418
s650,32477
s650,15714
s650,24460
s650,1064
s650,25279
s650,24004
s650,32506
s650,10328
s650,18577
s650,25571
s651,7211
s651,7394
s651,33167
s651,19530
s652,25014
s652,21136
s652,10811
s652,7179
s652,33592
s652,28688
s652,29195
s652,4446
s652,25415
s652,6209
s652,25947
s652,31794
s653,25014
s653,21136
s653,10811
s653,7179
s653,33592
s653,28688
s653,29195
s653,4446
s653,25415
s653,6209
s653,25947
s653,31794
s655,10696
s655,7099
s655,25325
s655,29357
s655,34850
s655,1109
s655,1443
s655,29161
s656,20856
s656,25325
s656,7099
s656,10696
s656,21341
s656,1109
s656,34850
s656,29357
s656,31147
s656,23159
s657,27428
s657,8977
s657,9021
s658,2014
s659,31484
s659,12235
s659,5752
s659,19400
s659,35468
s660,24822
s660,24802
s660,24397
s660,33858
s660,24213
s660,26293
s660,17581
s660,26823
s660,28943
s660,25775
s660,32528
s660,32944
s660,24434
s660,24197
s661,7096
s661,14154
s661,21829
s661,15250
s661,6166
s661,7345
s661,24060
s661,6487
s662,5242
s662,33169
s662,11917
s662,19738
s662,10440
s662,19145
s662,24762
s662,31995
s662,3326
s662,13534
s662,16723
s662,34779
s662,6559
s663,2007
s663,10759
s663,2241
s663,13705
s663,23823
s663,35542
s663,28389
s663,11552
s663,23347
s664,20922
s664,34179
s664,14356
s664,3121
s664,20414
s664,13866
s664,10943
s664,20424
s664,32346
s666,26729
s666,19201
s666,14335
s666,33658
s666,26779
s666,28230
s666,25724
s666,16078
s666,27298
s667,18529
s667,9438
s667,508
s667,18846
s667,14987
s667,32067
s667,28696
s667,23136
s667,2319
s667,18817
s668,19244
s668,6304
s668,14289
s668,22171
s668,7036
s668,24437
s668,18019
s668,14805
s668,1698
s668,21637
s668,12565
s668,12424
s668,14609
s668,8573
s669,14147
s669,22866
s669,15313
s669,4312
s669,6470
s669,26815
s669,14725
s669,24544
s669,12671
s669,9892
s670,20750
s670,24096
s670,5386
s670,28494
s670,7122
s670,4115
s670,934
s670,13422
s670,21914
s670,21931
s670,27450
s670,971
s670,21715
s670,7517
s670,12367
s670,19089
s670,15151
s670,34495
s671,33844
s671,31032
s671,12824
s671,28968
s671,10983
s671,35643
s671,33863
s671,18471
s671,17677
s671,30972
s672,33844
s672,31032
s672,12824
s672,28968
s672,10983
s672,35643
s672,33863
s672,18471
s672,17677
s672,17675
s672,20910
s673,33844
s673,31032
s673,12824
s673,35740
s673,10983
s673,21352
s673,23482
s673,25171
s673,18518
s673,17614
s673,30882
s673,17675
s674,29749
s675,23514
s675,4352
s675,10266
s675,17397
s675,14173
s675,8806
s675,2326
s675,12133
s675,29073
s675,13389
s675,9111
s676,3377
s676,21329
s677,16955
s677,19727
s677,5227
s677,6875
s677,21536
s677,20647
s677,3218
s677,23959
s677,20460
s677,5560
s677,5868
s677,21576
s677,20034
s677,26443
s677,6891
s677,23658
s677,3191
s677,3775
s677,12519
s677,21751
s677,29855
s677,24344
s677,31292
s678,10200
s678,5625
s678,7502
s678,2643
s678,6320
s678,14856
s678,9734
s678,33375
s678,29868
s678,9058
s679,9209
s679,7739
s679,28185
s679,26377
s680,19018
s680,25095
s680,33098
s680,25727
s680,26820
s680,24200
s680,26957
s680,32757
s680,35025
s680,3082
s681,22863
s681,30136
s681,8351
s682,8147
s682,12400
s682,15669
s682,8515
s682,10077
s682,19187
s682,24567
s682,35110
s682,7152
s682,19718
s682,3794
s682,17339
s682,7988
s682,28472
s682,15062
s683,24180
s683,25374
s683,35119
s684,11675
s684,12821
s684,20615
s684,35894
s684,12501
s684,12502
s684,31035
s684,32236
s684,29153
s684,32822
s684,29111
s684,18568
s684,30883
s685,7627
s685,23145
s685,21928
s685,13612
s685,23141
s685,13966
s685,36335
s685,3173
s685,23336
s685,10143
s685,25430
s686,17992
s686,1305
s686,19716
s686,8112
s686,10867
s686,2688
s686,26179
s686,22602
s687,6239
s687,35708
s687,16801
s687,18195
s687,14898
s687,18220
s687,18257
s687,16803
s688,8490
s688,749
s688,14070
s688,15915
s688,17049
s689,24145
s689,15227
s689,30646
s689,22276
s689,34446
s689,18588
s689,9624
s689,34270
s689,33876
s690,33844
s690,31032
s690,12824
s690,28968
s690,10983
s690,35643
s690,33863
s690,18471
s690,17677
s690,30972
s691,32621
s691,9668
s691,20623
s691,23876
s691,35806
s691,35963
s691,32776
s691,17619
s691,17343
s691,35756
s692,25840
s692,30848
s692,6280
s692,23364
s692,12224
s692,15414
s692,5541
s692,33029
s693,27073
s693,9108
s693,19662
s693,3735
s693,25730
s693,6044
s693,19798
s693,17138
s693,35053
s693,12537
s694,13433
s694,24969
s694,3324
s694,33309
s694,12332
s694,3438
s694,21539
s694,3851
s694,7162
s694,13186
s695,5310
s695,137
s696,18970
s696,11034
s696,9319
s697,13965
s697,16862
s697,6503
s697,29342
s697,17763
s697,10034
s697,9240
s697,12042
s697,31693
s697,23914
s698,10143
s698,13612
s699,5899
s699,26280
s700,12033
s700,36364
s700,1437
s700,13413
s700,36399
s700,32498
s700,4405
s701,23508
s701,33716
s701,33703
s701,31425
s701,17618
s701,12762
s701,35027
s701,32592
s701,16824
s701,35890
s701,12792
s701,32575
s701,33700
s701,32864
s701,28209
s701,35749
s701,30939
s702,3306
s702,30485
s702,23825
s702,17124
s702,13561
s702,29604
s702,23165
s702,32751
s703,4601
s703,14846
s703,28395
s703,13809
s703,6387
s703,2833
s703,15809
s703,30726
s703,16607
s703,26131
s704,4079
s704,22499
s704,22686
s704,22567
s704,3854
s704,6684
s704,33377
s704,22629
s704,12529
s704,5725
s705,32477
s705,1289
s705,31412
s705,24460
s705,23447
s705,3899
s705,2843
s705,25015
s705,28608
s705,14674
s706,22289
s706,25092
s707,3173
s707,25430
s707,6770
s707,16169
s707,19098
s707,15968
s708,2880
s708,22275
s708,24238
s708,21033
s708,14517
s708,26782
s708,28943
s708,5988
s708,25733
s708,22334
s709,8277
s709,11026
s709,33149
s709,22568
s709,33806
s709,10240
s709,36001
s709,7096
s710,24818
s710,19117
s710,16480
s710,15641
s710,22212
s710,25065
s710,20404
s710,589
s710,29758
s710,5804
s710,25562
s710,10359
s712,21228
s712,22352
s712,31156
s712,34316
s712,20344
s712,11623
s712,33657
s712,3868
s712,2809
s712,2509
s712,10379
s713,10519
s713,31533
s713,35953
s713,18423
s713,1058
s713,30451
s713,5642
s714,11513
s714,22801
s714,4300
s714,14053
s714,24789
s714,487
s714,1097
s714,27756
s715,30846
s715,35594
s715,6252
s715,6272
s715,6068
s715,6259
s716,23336
s716,23141
s716,25430
s717,14281
s717,8844
s717,25718
s717,19448
s717,22738
s717,12877
s717,26166
s717,28289
s718,2261
s718,10299
s718,11551
s718,7748
s718,31195
s718,27958
s718,17414
s719,14813
s719,23790
s719,13578
s719,35141
s719,21568
s719,33371
s719,15746
s719,6799
s719,5922
s719,17971
s720,29001
s720,13038
s720,17008
s720,33055
s720,5779
s720,30691
s720,4416
s721,20429
s721,2581
s721,20640
s721,16536
s722,35169
s722,14979
s722,28783
s722,4121
s722,17523
s722,10606
s722,11539
s722,22761
s722,31823
s722,6355
s723,33992
s724,14709
s726,23141
s726,6770
s726,11391
s727,14108
s727,19074
s727,18426
s727,28473
s729,1427
s729,35154
s729,16050
s729,362
s729,36025
s729,6171
s729,15052
s730,8028
s730,20072
s730,10759
s731,8028
s731,20072
s731,10759
s732,32194
s732,19388
s732,25826
s732,19290
s732,19356
s732,14899
s732,14904
s732,19778
s732,31480
s732,23754
s732,28633
s732,18178
s732,18210
s732,19330
s732,19307
s732,16763
s732,19777
s732,25842
s732,30859
s732,35929
s733,5590
s733,36317
s734,10005
s734,21411
s734,27189
s734,23300
s734,1191
s734,8940
s734,6380
s734,5020
s734,12552
s734,6332
s734,3987
s735,25452
s735,20341
s735,6835
s735,24782
s735,12726
s735,31625
s735,2745
s735,10451
s735,34705
s735,30902
s736,17462
s736,31552
s736,27264
s736,3280
s737,27177
s737,1848
s737,30486
s737,1706
s737,32427
s737,16046
s737,2463
s737,2840
s737,34678
s737,34832
s737,34906
s738,30716
s738,20005
s738,15952
s738,7739
s738,21061
s738,7675
s738,24798
s738,20148
s738,31866
s740,15342
s740,15688
s740,6968
s740,35169
s740,4501
s740,15330
s740,13143
s741,21692
s741,13969
s741,10129
s741,559
s741,12514
s741,28169
s741,3242
s741,5674
s741,7809
s741,23451
s741,11029
s741,31718
s742,867
s742,11458
s742,5474
s742,5750
s742,19430
s742,5832
s742,24623
s742,5510
s742,16355
s742,21496
s743,19238
s743,17035
s743,12898
s743,18119
s743,12862
s743,2376
s743,31064
s743,13064
s744,11443
s744,10927
s744,30205
s744,25368
s744,3657
s744,23297
s744,21761
s744,32713
s745,10916
s745,25721
s745,8597
s745,5595
s746,609
s746,6623
s746,12573
s746,28221
s746,22661
s746,18094
s746,29258
s747,11548
s747,2979
s747,10777
s747,14841
s747,3802
s747,30540
s747,10656
s747,20308
s747,11497
s748,27462
s748,25229
s748,1360
s748,34049
s748,11698
s748,33777
s748,24378
s748,35458
s748,19925
s748,33878
s750,15065
s750,11077
s751,13370
s751,11511
s751,11014
s751,9437
s751,21418
s751,7297
s751,16356
s751,9468
s752,1762
s753,36263
s753,20324
s753,7614
s753,11022
s753,8800
s753,29859
s753,29537
s754,21821
s754,5476
s754,15174
s754,21898
s754,2231
s754,2074
s754,8544
s754,13014
s754,13502
s754,22257
s755,28802
s755,14207
s755,33570
s755,31713
s755,24877
s755,10502
s755,11856
s755,7002
s755,27125
s755,15146
s756,24806
s757,6151
s757,22280
s757,25014
s757,25176
s757,33876
s757,10189
s757,31568
s757,12117
s757,25473
s758,7832
s758,15632
s759,20716
s759,5957
s759,19914
s759,31595
s759,33524
s759,33466
s759,26590
s759,25496
s759,480
s759,28305
s759,27455
s763,14323
s763,5754
s763,16806
s764,25093
s764,6419
s764,383
s764,31731
s764,7430
s764,1482
s764,35141
s764,14057
s764,24544
s764,22702
s765,13961
s765,20720
s765,20685
s765,23444
s765,18554
s765,35848
s765,21382
s765,34223
s766,32982
s766,36369
s766,36367
s766,2049
s766,30397
s766,965
s766,20399
s766,2220
s766,24171
s766,7199
s766,13484
s767,909
s768,29147
s768,29150
s768,35918
s768,701
s768,22513
s768,813
s768,18816
s768,829
s768,30881
s768,15537
s769,23653
s769,10931
s769,21434
s769,22202
s769,6687
s769,6601
s769,9671
s769,27706
s769,2200
s769,20157
s769,22310
s771,23947
s772,18573
s772,12833
s772,28252
s772,1733
s772,30935
s772,23433
s772,17836
s772,16833
s772,30049
s772,698
s772,35895
s772,29108
s772,32573
s772,35749
s772,30948
s772,24188
s772,24136
s773,6853
s773,20345
s773,1635
s773,2061
s773,11587
s773,1412
s773,33244
s774,14347
s774,10559
s774,13716
s774,9438
s774,31299
s774,2940
s774,1499
s774,28931
s774,4240
s774,15033
s775,13854
s775,362
s775,27199
s775,33280
s775,17251
s775,32557
s776,3757
s776,15079
s776,15747
s776,23761
s776,17923
s776,13323
s776,21852
s776,27762
s776,22735
s776,5007
s776,5010
s777,6884
s777,30089
s777,1350
s777,11033
s777,11875
s777,12391
s777,17495
s777,33392
s777,34077
s777,35148
s777,28764
s777,33041
s777,23907
s777,15552
s777,3805
s778,3220
s778,15238
s778,5645
s778,15088
s778,2346
s778,5286
s778,19829
s778,14889
s778,19899
s778,17496
s779,35881
s779,35854
s779,21480
s779,18444
s779,35826
s779,35818
s779,30897
s779,12801
s779,29132
s779,35742
s779,33701
s779,29324
s779,12820
s779,7271
s779,28692
s779,17672
s779,17618
s779,35954
s779,32616
s780,15856
s780,3802
s780,10755
s780,18192
s780,29198
s780,28137
s780,17755
s780,22881
s780,30672
s780,33367
s780,22773
s781,26965
s781,31071
s781,13170
s781,29794
s781,29826
s781,16552
s781,15843
s781,7906
s783,7086
s783,30807
s783,32999
s783,5566
s783,31638
s783,20054
s783,4450
s783,17784
s783,9419
s783,23654
s784,11578
s784,11633
s784,4969
s784,29618
s784,10697
s784,22724
s784,14635
s784,27222
s784,24905
s784,31745
s785,25422
s785,29060
s785,4674
s785,18643
s785,22897
s785,15715
s785,14937
s785,21880
s785,18003
s787,33609
s787,5746
s787,34737
s787,8663
s787,24469
s787,16945
s787,29468
s787,28129
s787,26625
s787,931
s788,15161
s788,7234
s788,2675
s788,17738
s788,33525
s788,21579
s788,11077
s788,22855
s788,8972
s788,25676
s789,15856
s789,34687
s789,33015
s789,22105
s789,28918
s789,32310
s789,2324
s789,31867
s789,6321
s790,12994
s790,15074
s790,29490
s790,19099
s790,15269
s790,27557
s790,4680
s790,33549
s790,23069
s790,17977
s790,31247
s790,22823
s790,15446
s790,22147
s790,12412
s790,33211
s790,19766
s790,28341
s790,28815
s790,26678
s790,9511
s790,31583
s790,19557
s790,20760
s790,26370
s791,4280
s791,29064
s792,31809
s792,34301
s792,12374
s792,21536
s792,2589
s792,24674
s792,24337
s792,15887
s792,29465
s792,14015
s792,15624
s792,2791
s792,23231
s792,28035
s792,18056
s792,19043
s792,21137
s792,9621
s792,4894
s792,10123
s792,14980
s792,11853
s792,4782
s792,21642
s792,5527
s792,351
s792,6298
s792,15767
s792,30707
s792,6537
s792,7182
s793,20662
s793,5178
s793,27732
s793,2690
s793,15789
s793,26367
s793,720
s793,18055
s793,23767
s793,29074
s794,22175
s794,29379
s794,15972
s794,5384
s794,33639
s794,31246
s794,15665
s794,31708
s794,32393
s794,2592
s794,15239
s795,11017
s795,18762
s795,28108
s795,31411
s795,17771
s795,18761
s795,25124
s795,1382
s795,30273
s795,29102
s796,9477
s796,9471
s796,36042
s796,337
s796,7349
s796,5570
s797,18398
s797,4771
s797,15752
s797,29855
s797,6312
s797,31308
s797,33216
s797,36303
s797,24725
s797,8408
s798,30187
s798,23092
s798,7289
s798,8574
s798,20113
s798,28130
s798,19103
s798,4594
s798,16248
s798,31708
s798,8934
s799,19031
s799,24613
s799,13549
s799,19921
s799,4271
s799,19516
s799,4092
s799,18102
s800,6822
s800,12771
s800,23763
s800,2716
s800,14553
s800,23191
s800,20278
s800,5030
s800,21310
s800,28225
s801,10571
s801,34444
s801,15465
s801,19127
s801,9029
s801,21534
s801,22597
s801,25442
s801,33746
s801,26076
s802,22857
s802,8121
s802,1155
s802,33495
s802,30135
s802,15258
s802,10266
s802,31682
s802,11803
s802,28991
s803,27299
s803,24190
s803,3977
s803,28176
s803,31062
s803,32196
s803,28145
s803,33251
s803,35281
s803,9412
s804,20597
s804,20995
s804,21972
s804,17832
s804,17685
s804,3529
s804,7268
s805,14967
s805,10893
s805,5962
s805,7825
s805,7029
s805,14052
s805,21792
s805,27930
s805,28171
s805,26523
s805,7409
s806,18291
s806,25271
s806,32727
s806,31444
s806,6255
s806,18256
s806,19315
s806,19327
s807,31617
s807,32563
s807,30945
s807,17886
s807,31403
s807,30950
s807,13258
s808,20995
s808,12812
s808,33705
s808,29114
s808,18496
s808,810
s808,33066
s809,33532
s809,5746
s809,8928
s809,8794
s809,22637
s809,21617
s809,24586
s809,8338
s809,1170
s809,35456
s810,3999
s810,25602
s810,34687
s810,16726
s810,31335
s810,10907
s810,14414
s810,1868
s810,5437
s810,11334
s811,22921
s811,8565
s811,28168
s811,1847
s811,35175
s811,8170
s811,28093
s811,28170
s811,4306
s811,19392
s812,9642
s812,34718
s812,2063
s812,1079
s812,24770
s812,10049
s812,8541
s812,11492
s812,3295
s812,28961
s812,13154
s812,4882
s813,15856
s813,13000
s813,12185
s813,8817
s813,29465
s813,34737
s813,8982
s813,28945
s813,36032
s813,5264
s814,14025
s814,20074
s814,11160
s815,884
s815,5461
s815,19447
s815,29686
s815,28290
s815,13806
s815,4122
s815,9483
s815,3864
s816,20965
s816,29850
s816,22909
s816,20256
s816,19094
s816,12797
s816,26496
s816,10876
s816,25971
s816,34665
s816,21799
s817,24786
s817,30187
s817,5619
s817,15028
s817,35996
s817,9127
s817,11342
s817,23003
s817,6841
s817,9963
s817,13018
s818,32326
s818,28813
s818,13706
s818,5672
s818,14994
s818,22894
s818,14478
s818,4350
s818,20332
s818,29828
s819,3773
s819,14696
s819,19151
s819,11361
s819,23321
s819,26688
s819,4677
s819,3463
s819,9552
s819,1355
s819,19578
s819,32570
s819,20314
s819,1701
s820,6822
s820,31469
s820,6140
s820,4294
s820,15859
s820,26248
s820,29406
s820,11411
s820,35318
s820,16425
s821,22316
s821,175
s821,29578
s821,18076
s821,29518
s821,29367
s821,605
s821,18082
s821,35514
s821,19407
s821,8115
s821,23526
s821,20811
s822,8436
s822,27201
s822,15300
s823,5149
s823,16585
s823,3250
s823,23274
s823,9091
s824,3174
s824,20870
s824,24931
s824,17795
s824,34102
s824,7944
s824,26571
s824,33457
s825,85
s825,9745
s825,28006
s825,17566
s825,1385
s826,6937
s826,9941
s826,16837
s826,16584
s826,14639
s826,17674
s826,14723
s826,18058
s826,13982
s827,4454
s828,10836
s828,11698
s828,1360
s828,9873
s828,25260
s828,11307
s828,11255
s828,777
s828,30370
s829,35163
s829,9288
s829,17422
s829,22928
s829,12613
s829,24190
s829,17681
s829,13861
s829,2473
s829,19999
s830,4245
s830,25711
s830,20325
s830,21541
s830,35255
s830,15579
s830,30425
s830,7349
s830,25370
s830,5401
s831,22811
s831,885
s831,29828
s831,24155
s831,32328
s831,19902
s831,9744
s831,11799
s831,14798
s831,3216
s831,22596
s831,5569
s831,2487
s831,7639
s833,36190
s833,11707
s833,36217
s833,3203
s833,32181
s833,6059
s833,28672
s833,36187
s833,19635
s833,12983
s833,7344
s834,11988
s834,30502
s834,3329
s834,27929
s834,22516
s834,35650
s834,19687
s834,25041
s834,12102
s834,35576
s834,11532
s834,25480
s834,32387
s834,25504
s834,24966
s834,19418
s834,10326
s835,15321
s835,8349
s835,2693
s835,4957
s835,27685
s835,24353
s835,23140
s835,13486
s835,31880
s835,7416
s835,10595
s835,31142
s836,21463
s836,17888
s836,18858
s836,32836
s836,18518
s836,35984
s836,35850
s836,28930
s836,8036
s836,28808
s836,13722
s836,24542
s836,5576
s836,16694
s837,33101
s837,25790
s837,25206
s837,32261
s837,27144
s837,5767
s837,25208
s837,929
s837,2002
s837,15369
s838,8030
s838,15991
s838,12712
s838,33159
s838,9774
s838,12661
s838,12058
s838,32478
s838,35640
s838,25245
s839,591
s840,30041
s840,27831
s840,29531
s840,25603
s840,12248
s840,35540
s840,35442
s840,25102
s840,23589
s840,23801
s840,1614
s840,20708
s840,21834
s840,139
s841,2037
s841,34312
s841,2076
s841,2809
s841,2515
s841,28003
s841,33234
s841,21149
s841,21810
s842,6061
s842,24883
s842,13776
s842,20488
s842,894
s842,1143
s842,12978
s842,11194
s842,5807
s842,25736
s842,29600
s842,16896
s844,17634
s844,33704
s844,7271
s844,34217
s844,17878
s844,32616
s844,35675
s844,35665
s844,3531
s844,32642
s844,3370
s844,3375
s844,7267
s844,10972
s844,17885
s844,23433
s844,35881
s844,35027
s844,32592
s844,35862
s844,16824
s844,18512
s844,7264
s844,16840
s846,11487
s846,8241
s846,30273
s846,1611
s846,22032
s846,35582
s846,19014
s846,26022
s846,10565
s846,18908
s847,15296
s847,28217
s847,31894
s847,14849
s847,22085
s847,4807
s847,2897
s848,16811
s848,25272
s848,3707
s848,19304
s848,19396
s848,19380
s848,1885
s849,3623
s849,25174
s849,9994
s849,19460
s849,17774
s849,10484
s849,30966
s849,1068
s849,4496
s850,29467
s851,9320
s851,9216
s851,21051
s851,19928
s851,32978
s851,35008
s851,27528
s851,24484
s851,27292
s851,8734
s854,7786
s854,9542
s854,25456
s854,11152
s854,1939
s854,33149
s854,22197
s854,25110
s854,12831
s854,33300
s854,27712
s854,13025
s854,29516
s854,28036
s854,22778
s856,26218
s856,14800
s856,30161
s856,17572
s856,29092
s856,27305
s856,14039
s856,11640
s857,25288
s857,2293
s857,24838
s857,1179
s857,11655
s857,31047
s857,2901
s858,27096
s858,6713
s858,530
s858,5602
s859,20745
s859,3836
s859,630
s859,24561
s859,4559
s859,24078
s859,21835
s859,30042
s859,25434
s859,23527
s860,12649
s860,20745
s860,12321
s860,30056
s860,643
s860,4569
s860,18926
s860,29542
s860,10491
s860,23543
s860,23544
s862,1957
s862,11119
s862,15230
s862,30012
s862,31457
s862,32169
s863,29087
s863,15090
s863,27027
s863,21677
s863,3426
s863,25994
s864,15065
s864,15579
s864,28873
s864,21979
s864,14959
s864,1196
s864,7766
s864,28182
s864,7667
s865,24130
s865,15651
s865,29528
s865,31461
s865,30920
s865,24226
s865,18779
s865,31323
s866,3078
s866,29479
s866,25393
s866,33021
s866,15531
s866,16284
s866,23407
s866,12374
s866,21754
s866,22296
s866,21639
s866,18053
s867,15746
s867,2675
s867,25238
s867,28405
s867,6819
s867,14961
s867,14120
s867,22988
s867,7541
s867,8821
s867,31733
s867,5160
s867,7298
s869,19773
s869,7456
s869,10002
s869,20853
s869,19943
s869,32788
s869,31988
s869,20944
s869,7666
s870,21080
s870,11563
s870,5488
s870,1016
s870,6767
s870,10211
s870,16457
s870,35398
s870,20395
s870,19483
s870,13105
s870,1912
s870,13678
s870,26816
s870,2216
s870,10993
s870,21251
s871,1871
s872,3027
s872,24494
s872,27408
s872,18742
s872,430
s872,15651
s872,17173
s872,31500
s872,21989
s872,8729
s872,27644
s872,801
s873,13861
s873,30454
s873,29957
s873,31977
s873,5207
s873,9033
s873,22989
s873,4635
s873,8896
s873,14586
s874,3008
s874,244
s874,24849
s874,27374
s874,26797
s874,30831
s874,17038
s874,31462
s874,12346
s875,3102
s875,9407
s875,34880
s876,2325
s876,6852
s876,11269
s876,17938
s876,5133
s876,22009
s876,7681
s876,33003
s876,25141
s878,34644
s878,29651
s878,27245
s878,33978
s878,23882
s878,34194
s878,31262
s878,31236
s879,10844
s879,9467
s879,13062
s879,23691
s879,27694
s879,20596
s879,35495
s880,10321
s880,4308
s880,27731
s880,7996
s880,18691
s880,28778
s880,34453
s880,11471
s880,32124
s880,17730
s880,8653
s880,14176
s880,14452
s880,21841
s882,10011
s882,12855
s882,8371
s882,4696
s882,23805
s883,9154
s883,7970
s883,13348
s883,15742
s883,8002
s883,11242
s883,20329
s883,10737
s883,334
s883,14475
s884,33827
s884,21845
s884,11174
s884,29561
s884,7274
s884,22235
s884,27751
s884,12615
s884,12522
s884,33381
s884,9594
s884,31726
s884,4963
s884,14695
s884,71
s884,5363
s884,15251
s884,4748
s884,6311
s884,22756
s884,10901
s884,30131
s884,16262
s884,11170
s884,6366
s884,11794
s884,273
s884,18022
s884,9805
s884,12668
s884,20651
s884,27728
s884,18427
s884,35943
s884,9379
s884,22188
s884,12037
s884,24537
s884,11004
s884,7054
s885,19321
s885,32727
s885,12895
s885,15181
s885,19781
s885,6271
s886,8514
s886,27886
s886,24490
s886,33081
s886,15772
s886,10672
s886,16057
s886,16640
s887,15228
s887,8244
s887,20138
s887,4002
s887,3573
s887,15917
s887,16534
s887,33744
s887,10750
s887,8152
s887,5057
s888,19630
s888,4056
s888,16593
s888,21459
s888,19064
s888,22929
s888,13397
s888,9413
s888,22965
s888,10658
s888,21674
s888,20249
s889,8028
s889,20072
s889,10759
s889,34952
s889,23197
s889,18212
s890,1825
s890,11186
s890,2716
s890,10895
s890,35348
s890,4812
s890,14841
s890,14670
s890,21378
s890,16658
s891,28020
s891,14061
s891,11795
s891,999
s891,33751
s891,22080
s891,9751
s892,7450
s892,6919
s892,17853
s892,31117
s892,33565
s892,22824
s892,11342
s892,14210
s892,21179
s892,4005
s892,32688
s893,30532
s893,6201
s893,34675
s893,31456
s893,18683
s894,20968
s894,10764
s894,11257
s894,24044
s894,1970
s894,19264
s894,28264
s894,6128
s895,1301
s895,9689
s895,20599
s895,10602
s895,26267
s896,23965
s896,22028
s896,20962
s897,23197
s897,34952
s897,18212
s897,25672
s897,8519
s897,18091
s897,14981
s897,11067
s897,16405
s898,30772
s898,14503
s898,7258
s898,35450
s898,32011
s898,12979
s898,5862
s898,32718
s898,35389
s899,17666
s899,9905
s899,35238
s899,33876
s899,4360
s899,33382
s899,34270
s899,4361
s899,10413
s899,25257
s899,32971
s899,4231
s900,7467
s900,13551
s900,35678
s900,27556
s900,397
s900,18481
s900,4554
s900,36322
s900,604
s900,132
s902,33015
s902,9107
s902,7613
s902,12522
s902,5017
s902,22106
s902,12563
s902,3254
s903,19273
s903,18293
s903,19310
s903,25280
s903,5728
s903,14910
s903,25814
s903,25853
s904,18752
s904,15915
s904,24927
s904,13936
s904,35441
s904,2391
s904,8684
s904,34746
s905,14211
s905,23085
s905,30078
s905,8404
s905,32509
s905,7914
s905,11077
s905,25241
s905,33333
s905,8999
s906,7750
s906,31481
s906,5297
s906,35330
s906,6164
s906,34996
s906,18007
s907,8265
s907,36145
s907,31231
s907,29358
s907,4235
s907,36429
s907,4374
s907,30406
s909,16271
s909,3956
s909,19563
s909,2141
s909,9400
s909,22088
s909,23238
s909,32973
s909,13171
s909,7936
s909,34110
s910,32380
s910,18946
s910,23618
s910,11989
s910,7306
s910,807
s910,11222
s910,3139
s911,17770
s911,14837
s911,14757
s911,14828
s911,33331
s911,24221
s911,27406
s911,26084
s911,15700
s911,15170
s911,8909
s913,8028
s913,20072
s913,10759
s914,31550
s914,13542
s914,27388
s914,34945
s914,24315
s914,21779
s914,1806
s914,29782
s915,14818
s915,25454
s915,15126
s916,20922
s916,25035
s916,33745
s916,20411
s916,2093
s916,24051
s916,13646
s916,13054
s916,34588
s916,23001
s917,6884
s917,25098
s917,33021
s917,8784
s917,13541
s917,20367
s917,3050
s917,10342
s918,986
s918,16265
s918,23759
s918,8137
s918,22941
s918,7401
s918,14450
s918,16266
s918,30157
s918,35199
s919,13732
s919,29039
s921,6445
s921,11026
s921,27985
s921,25069
s921,30276
s921,13045
s921,16738
s921,5365
s921,15058
s921,20699
s921,16485
s921,7567
s921,26183
s922,278
s922,9211
s922,25573
s922,21756
s922,28717
s922,372
s922,23388
s923,9089
s923,5915
s923,29502
s923,20688
s923,4700
s923,18988
s923,9788
s923,16048
s924,12677
s924,11639
s924,20266
s924,4745
s924,13818
s924,25329
s925,14601
s925,19171
s925,7386
s925,1184
s925,30189
s925,18436
s925,34076
s925,6419
s925,29690
s925,6475
s925,11366
s927,34133
s927,22415
s927,19031
s927,12675
s927,18379
s927,11110
s928,4488
s928,16683
s928,7935
s928,14693
s928,8136
s928,5312
s928,26065
s928,9709
s929,9984
s929,14084
s929,29373
s929,6367
s929,26650
s929,15812
s929,15716
s929,20200
s930,7667
s930,13988
s930,9644
s930,8127
s930,9507
s930,26536
s931,28396
s931,36030
s931,23085
s931,14211
s931,16726
s931,7658
s931,27122
s931,22119
s932,15268
s932,34144
s932,986
s932,28082
s932,2355
s932,15800
s932,28031
s932,5387
s932,81
s932,11661
s933,22073
s933,11845
s933,4686
s933,1861
s933,18092
s933,14448
s933,29296
s933,22912
s933,13227
s933,27125
s934,28062
s934,15415
s934,5554
s934,29882
s934,14413
s934,10014
s934,7816
s934,28368
s934,17975
s934,28333
s935,18636
s935,19103
s935,15302
s935,8563
s935,17770
s935,14114
s935,7061
s935,7851
s936,3999
s936,6373
s936,8015
s936,13905
s936,29225
s936,5674
s936,2262
s936,33588
s936,10778
s936,15078
s936,5003
s936,21786
s938,30020
s939,30021
s940,30021
s940,25465
s940,29739
s940,4754
s940,27907
s940,6186
s940,1955
s940,25870
s940,30505
s940,27632
s941,30021
s941,34741
s941,22391
s941,8642
s941,32213
s942,30021
s942,25462
s942,29739
s942,27354
s942,34741
s942,28768
s942,18122
s942,30505
s942,30997
s942,18121
s942,24163
s942,4756
s943,30187
s943,33371
s943,17952
s943,19187
s943,21213
s943,19118
s943,17962
s943,33563
s943,9837
s943,31654
s944,30160
s944,1693
s944,5199
s944,10266
s944,19571
s944,8744
s944,35349
s944,559
s944,24530
s944,19168
s944,33319
s944,31926
s944,33594
s945,25517
s945,19499
s945,31205
s945,12290
s946,26028
s946,24049
s946,26776
s946,5123
s947,18775
s947,14166
s947,14604
s947,34822
s947,1278
s947,23288
s947,19505
s947,15707
s947,5389
s947,8744
s948,29000
s948,3945
s948,27170
s948,12613
s948,28531
s948,14414
s948,14704
s948,22757
s948,12416
s949,17822
s949,25020
s949,24359
s949,18633
s949,19425
s949,6427
s949,30753
s949,31874
s949,17051
s949,20646
s949,11341
s950,9675
s950,25391
s950,22299
s950,27143
s950,15576
s950,34476
s950,7779
s950,35951
s951,21652
s951,27184
s951,32326
s951,31713
s951,22844
s951,29769
s951,28816
s951,6452
s951,27781
s951,5519
s952,5206
s952,6465
s952,30310
s952,33214
s952,14414
s952,25863
s952,10841
s952,9187
s952,19744
s952,15892
s953,4964
s953,22175
s953,28803
s953,22790
s953,24307
s953,1658
s953,18029
s953,12361
s953,5438
s953,30367
s954,17641
s954,27919
s954,11924
s954,11019
s954,15264
s954,15285
s954,28299
s954,6531
s955,27190
s955,25059
s955,6918
s955,16644
s955,15043
s955,4915
s955,3111
s956,31945
s956,33674
s956,11172
s956,10030
s956,6919
s956,7318
s956,2263
s956,26020
s956,24694
s956,33991
s957,30424
s957,9486
s957,7083
s957,14466
s957,14692
s957,33894
s957,17529
s957,28184
s957,16880
s957,4645
s957,34109
s957,33604
s957,33445
s957,14859
s957,11434
s959,9306
s959,28108
s959,4362
s959,7246
s959,25989
s959,34154
s959,9937
s959,10247
s959,29253
s959,34268
s959,18502
s959,25501
s959,33650
s960,438
s960,3142
s960,32158
s960,8226
s960,18411
s960,213
s960,24485
s960,20900
s960,18673
s960,26912
s961,21500
s961,1244
s961,3430
s961,16360
s961,16518
s961,32362
s961,1935
s961,11726
s961,21801
s961,35368
s961,23252
s961,2489
s962,7658
s962,120
s962,22351
s962,23229
s962,9939
s962,25360
s962,10892
s962,3895
s962,15776
s962,6404
s962,4426
s962,6928
s962,5969
s963,3708
s963,21759
s963,9773
s963,19243
s963,7323
s963,6470
s963,19611
s964,2804
s964,21899
s964,21398
s964,16753
s964,16733
s964,4232
s964,13900
s965,1663
s965,14142
s965,24250
s965,1160
s965,10342
s965,27954
s965,22910
s965,17226
s965,13769
s965,14172
s965,1930
s966,18892
s966,32614
s966,22356
s966,13143
s966,12037
s966,23357
s966,25155
s966,26167
s966,7739
s966,8510
s966,35188
s966,16692
s966,11833
s966,7370
s966,15906
s966,22960
s966,1840
s966,9760
s966,17901
s967,21276
s967,29511
s967,5158
s967,26351
s967,33138
s967,36124
s967,25647
s967,20231
s968,10299
s969,1055
s969,21370
s969,29666
s969,26768
s969,17087
s969,14267
s969,35290
s970,22677
s970,16605
s970,6308
s970,10321
s970,21310
s970,29465
s970,8404
s970,16659
s970,16726
s970,220
s970,4012
s970,23457
s971,63
s971,23095
s971,27453
s971,4846
s971,24465
s971,22928
s971,20269
s971,7032
s971,406
s971,15295
s972,24753
s972,10863
s972,26368
s972,11153
s972,20512
s972,12914
s973,5066
s973,34274
s973,22503
s973,12529
s973,12074
s973,25324
s973,36344
s973,36430
s973,8326
s973,8582
s974,20993
s974,15915
s974,23889
s974,22023
s974,24927
s974,29362
s974,11244
s974,13562
s975,32258
s975,25773
s975,18544
s975,34657
s975,21075
s975,34674
s975,24955
s975,24216
s976,8028
s976,20072
s976,10759
s976,3946
s976,15138
s976,2945
s976,1773
s976,10917
s976,18458
s977,9865
s977,8266
s977,9921
s977,32009
s977,8469
s977,10479
s977,12072
s977,36435
s977,8414
s977,8457
s978,25484
s978,1558
s978,9922
s978,25482
s978,36380
s978,8960
s978,22609
s978,36420
s979,11984
s979,3815
s979,6664
s980,667
s980,23894
s980,27585
s980,8469
s980,3818
s980,36415
s980,36145
s980,36436
s981,667
s981,23894
s981,27585
s981,8469
s981,3818
s981,36415
s981,36436
s981,9920
s982,5705
s982,27585
s982,36386
s982,36406
s982,36426
s982,36381
s982,9920
s982,5725
s982,25607
s982,9865
s983,1368
s983,12486
s983,3546
s983,671
s983,14358
s983,36145
s983,31429
s983,1375
s984,9885
s984,16513
s984,15457
s984,26331
s985,5711
s985,30248
s985,10062
s985,6664
s985,4078
s985,36422
s985,9920
s985,32842
s986,10333
s986,23897
s986,12069
s986,9140
s986,9167
s986,3910
s986,12068
s986,23854
s987,10333
s987,23897
s987,12069
s987,24595
s987,9167
s988,33780
s988,28287
s988,10388
s988,20888
s988,12123
s988,452
s988,18113
s988,15592
s988,31782
s988,20601
s988,16216
s989,32254
s989,25929
s989,33243
s989,2883
s989,18563
s989,35002
s989,34998
s990,25611
s990,36402
s990,9847
s990,3310
s990,9167
s990,3700
s990,23857
s990,33875
s991,3347
s991,8265
s991,36428
s991,19595
s992,28214
s992,23599
s992,12534
s992,29400
s992,20830
s993,26402
s994,15138
s994,2945
s994,3946
s994,10917
s994,1773
s994,18458
s994,7597
s994,5167
s994,32097
s994,31202
s994,7277
s994,36297
s994,20459
s994,16632
s995,4391
s995,9306
s995,23642
s995,33415
s995,34917
s995,14766
s995,20138
s995,29590
s995,22814
s995,34152
s996,36014
s996,8265
s996,1565
s996,5705
s996,5725
s996,4235
s996,30243
s996,36404
s996,22682
s996,36150
s997,11675
s997,29116
s997,35891
s997,2527
s997,30286
s998,7832
s999,20583
s1000,2531
s1000,33735
s1000,7452
s1000,30540
s1001,24065
s1001,8511
s1001,29314
s1001,3385
s1001,4263
s1001,1363
s1001,22360
s1002,25414
s1002,28108
s1002,35223
s1002,32580
s1002,13224
s1002,13641
s1002,8102
s1002,4602
s1003,15157
s1003,35399
s1003,34482
s1003,16359
s1003,11037
s1003,28789
s1003,13101
s1003,2215
s1004,11625
s1004,12380
s1004,3868
s1004,9088
s1004,7574
s1004,20687
s1004,34773
s1005,13673
s1005,1336
s1005,33330
s1007,31634
s1007,22391
s1007,2384
s1008,31634
s1008,34597
s1008,22391
s1008,20785
s1008,8722
s1008,24164
s1009,31634
s1009,2386
s1010,30505
s1010,34741
s1010,28634
s1010,23863
s1010,4176
s1010,11452
s1010,25745
s1010,17114
s1010,29640
s1010,776
s1011,30505
s1011,28634
s1011,23863
s1011,4175
s1011,30529
s1011,11452
s1011,29194
s1013,8594
s1013,16503
s1013,5231
s1013,36369
s1013,13667
s1013,26257
s1013,21820
s1013,2514
s1013,7200
s1013,34357
s1014,15078
s1014,21647
s1014,11924
s1014,22970
s1014,27539
s1014,15780
s1014,29477
s1014,6619
s1014,14002
s1014,1468
s1014,8062
s1015,13855
s1015,18829
s1015,369
s1016,9282
s1016,35194
s1016,26388
s1016,7638
s1016,10296
s1016,5554
s1016,7547
s1016,29337
s1016,7482
s1016,8778
s1017,13334
s1017,34763
s1017,18743
s1017,26854
s1017,30773
s1017,34628
s1017,25782
s1017,27294
s1018,43
s1018,23697
s1018,18679
s1018,26930
s1018,107
s1018,16915
s1018,25146
s1018,18467
s1018,7619
s1018,14760
s1019,13334
s1019,11285
s1019,21052
s1019,3538
s1019,26930
s1019,27596
s1019,2933
s1019,31390
s1020,43
s1020,11785
s1020,27178
s1020,26087
s1020,18727
s1020,27255
s1020,35520
s1020,27352
s1020,27368
s1020,437
s1021,43
s1021,3277
s1022,25468
s1022,27255
s1022,20928
s1022,24436
s1022,24216
s1022,31277
s1022,30532
s1022,10466
s1022,42
s1022,34792
s1023,43
s1023,7760
s1023,32722
s1023,33443
s1023,34761
s1023,11591
s1023,20576
s1024,10486
s1024,13958
s1024,3046
s1024,25198
s1024,209
s1024,13357
s1024,18544
s1024,430
s1024,30734
s1024,21012
s1024,33870
s1025,22853
s1025,21858
s1025,4726
s1025,16060
s1025,33778
s1025,12176
s1025,2645
s1025,34713
s1025,10702
s1025,14823
s1026,15985
s1026,21304
s1026,8443
s1026,13973
s1026,30631
s1026,35134
s1026,14430
s1026,7387
s1026,5352
s1026,16326
s1026,7030
s1027,1728
s1027,5584
s1027,18434
s1027,5577
s1027,19906
s1027,11833
s1027,4044
s1027,18924
s1027,24100
s1027,13850
s1028,22719
s1028,15078
s1028,33567
s1028,5908
s1028,15263
s1028,5076
s1028,19571
s1028,8935
s1028,16020
s1028,4949
s1029,8028
s1029,20072
s1029,10759
s1029,14211
s1029,7823
s1029,18826
s1029,26862
s1029,16027
s1029,7013
s1030,13549
s1030,34845
s1030,15326
s1030,11294
s1030,31778
s1030,16907
s1030,9133
s1030,15944
s1030,10251
s1031,1190
s1031,5899
s1031,11526
s1031,3933
s1031,8796
s1031,5453
s1031,13473
s1031,17045
s1031,5133
s1031,14188
s1031,15452
s1031,14929
s1031,6728
s1031,26753
s1031,23365
s1031,11490
s1031,33737
s1031,3857
s1031,2290
s1031,30516
s1031,9858
s1032,1251
s1032,35439
s1032,34004
s1032,12616
s1032,16747
s1032,8342
s1032,13347
s1032,17545
s1032,16608
s1032,2756
s1033,30332
s1033,18312
s1033,12222
s1033,18787
s1033,16444
s1034,6336
s1034,7446
s1034,25392
s1034,1246
s1034,26693
s1034,7853
s1034,24272
s1034,31826
s1034,6435
s1034,1476
s1035,2716
s1035,14207
s1035,17507
s1035,1535
s1035,27452
s1035,4304
s1036,15078
s1036,15630
s1036,7446
s1036,33401
s1036,9311
s1036,13212
s1036,30898
s1036,22891
s1036,34302
s1036,11737
s1037,2182
s1037,5583
s1037,4831
s1037,27842
s1037,25366
s1037,22311
s1037,12307
s1037,28013
s1037,6382
s1037,11730
s1038,2469
s1038,15171
s1038,24867
s1038,17089
s1038,36247
s1038,24439
s1038,9364
s1038,27791
s1040,34210
s1040,23137
s1040,34014
s1040,32521
s1041,33867
s1041,23508
s1041,20995
s1041,17098
s1041,12820
s1041,7271
s1041,16761
s1041,35862
s1041,35881
s1041,3525
s1041,17624
s1041,29631
s1041,32606
s1041,17252
s1041,7732
s1041,5020
s1041,23096
s1041,15906
s1041,7105
s1041,35943
s1041,31866
s1042,7271
s1042,23985
s1042,33696
s1042,29772
s1042,31032
s1042,17824
s1042,27708
s1042,27707
s1042,21956
s1042,21973
s1042,17840
s1042,33048
s1042,12836
s1042,35881
s1043,11167
s1044,19161
s1044,1276
s1044,30123
s1044,17674
s1044,35487
s1044,17730
s1044,9279
s1044,22583
s1044,30162
s1044,20007
s1044,19997
s1044,14374
s1045,12449
s1045,30825
s1045,830
s1045,16840
s1045,35980
s1045,22486
s1045,30970
s1045,20916
s1045,30284
s1045,18526
s1045,6148
s1045,3180
s1045,30935
s1045,16845
s1045,17033
s1045,35669
s1045,16761
s1046,32715
s1046,1188
s1047,1697
s1047,4736
s1047,6298
s1047,34936
s1047,6753
s1047,20106
s1047,9569
s1047,3229
s1047,24149
s1047,16079
s1048,35004
s1048,739
s1048,3835
s1048,5369
s1048,29783
s1048,35094
s1049,18153
s1049,5406
s1049,11833
s1049,14243
s1049,27724
s1049,33500
s1049,19004
s1049,30131
s1049,26128
s1050,22284
s1050,34071
s1050,4599
s1050,9094
s1050,326
s1050,3271
s1050,9287
s1050,10151
s1050,15034
s1050,23397
s1050,25555
s1050,31186
s1050,28043
s1051,18166
s1051,12885
s1051,35670
s1051,2613
s1051,33064
s1051,29811
s1051,35859
s1051,30890
s1051,31043
s1051,30430
s1052,16823
s1052,29631
s1052,29108
s1052,32547
s1052,25053
s1052,18526
s1052,28965
s1052,30048
s1052,6158
s1053,15456
s1053,26627
s1053,1825
s1053,19103
s1053,17996
s1053,15057
s1053,27448
s1053,6540
s1053,20688
s1053,1710
s1053,26966
s1054,24221
s1054,5084
s1054,26427
s1054,26581
s1054,27061
s1054,32432
s1054,1422
s1054,7229
s1055,13603
s1055,18763
s1055,31266
s1055,6159
s1055,23
s1055,12796
s1055,2955
s1055,28264
s1055,2347
s1055,27146
s1056,7545
s1056,9282
s1056,5844
s1056,34126
s1056,15656
s1056,191
s1056,23202
s1056,10815
s1056,1539
s1056,20496
s1056,33804
s1058,14211
s1058,7823
s1058,18826
s1058,26862
s1058,16027
s1058,12556
s1058,34304
s1059,221
s1059,12294
s1059,26942
s1059,9446
s1059,9469
s1059,7646
s1059,29251
s1059,10914
s1059,28341
s1059,10284
s1059,19558
s1060,18045
s1060,28531
s1060,17397
s1060,7007
s1060,29328
s1060,18629
s1060,6969
s1060,30204
s1060,24356
s1060,29677
s1060,23041
s1060,9513
s1060,20791
s1060,27802
s1060,23654
s1060,8375
s1060,9509
s1060,18200
s1060,19070
s1060,22865
s1060,15576
s1060,5262
s1060,25944
s1060,24591
s1063,18279
s1063,18181
s1063,29143
s1063,19337
s1063,25814
s1063,1882
s1063,6635
s1063,19381
s1063,19279
s1063,11684
s1063,13096
s1064,26185
s1064,752
s1064,8421
s1064,36292
s1064,17237
s1065,18231
s1065,19321
s1065,6238
s1065,14321
s1065,14911
s1065,18327
s1065,16792
s1065,19399
s1065,31440
s1066,17528
s1066,4634
s1066,31868
s1066,25998
s1066,8127
s1066,6552
s1066,35074
s1066,19571
s1066,20218
s1066,15305
s1066,26276
s1066,34078
s1066,15450
s1066,30219
s1066,20690
s1066,22560
s1066,17031
s1066,27744
s1066,26220
s1066,29394
s1066,19894
s1066,11027
s1066,10046
s1066,22639
s1066,13272
s1066,3741
s1066,28842
s1066,28388
s1067,5798
s1067,14345
s1067,6562
s1067,2458
s1067,19791
s1067,29600
s1067,36159
s1067,20227
s1068,24169
s1068,26884
s1068,32159
s1068,32757
s1068,32817
s1068,24404
s1068,23378
s1068,25688
s1068,24195
s1068,34408
s1068,28263
s1068,32035
s1068,21007
s1068,17120
s1068,9358
s1068,25750
s1068,27145
s1068,32245
s1068,33183
s1068,30038
s1068,26582
s1068,5828
s1070,25741
s1070,18677
s1070,34631
s1072,30021
s1072,29740
s1072,1956
s1072,441
s1072,21076
s1073,30021
s1073,11120
s1073,3085
s1073,21076
s1073,22391
s1073,29734
s1073,24164
s1073,441
s1074,30021
s1074,29742
s1074,17072
s1074,35017
s1074,33965
s1074,21044
s1075,30021
s1080,34555
s1080,24347
s1080,7362
s1080,7877
s1080,23098
s1080,19940
s1080,5384
s1080,3922
s1081,35478
s1081,36164
s1081,35421
s1081,19652
s1082,4807
s1082,1529
s1082,717
s1082,5567
s1082,20612
s1082,20019
s1083,25831
s1083,14315
s1084,8988
s1084,23007
s1084,32511
s1084,12870
s1084,9579
s1084,2165
s1084,23065
s1085,15209
s1085,20592
s1085,35059
s1085,12963
s1085,12982
s1086,34191
s1086,14906
s1086,5733
s1086,19344
s1086,25810
s1087,30434
s1087,36072
s1087,29568
s1087,19823
s1087,5853
s1087,30700
s1087,20085
s1087,13262
s1087,31430
s1087,1360
s1087,34917
s1088,27383
s1088,34397
s1088,14333
s1088,21013
s1088,29938
s1088,2838
s1088,1290
s1088,27355
s1089,22583
s1089,25238
s1089,14414
s1089,4496
s1089,26817
s1089,22579
s1089,32901
s1089,21194
s1089,22588
s1090,15601
s1090,2142
s1090,36098
s1091,2955
s1091,3444
s1091,3170
s1091,28902
s1091,11509
s1091,3626
s1091,32749
s1092,17840
s1092,30935
s1092,17634
s1092,23985
s1092,16760
s1092,18373
s1092,35742
s1092,21962
s1092,16825
s1092,12865
s1092,3370
s1093,8766
s1097,24720
s1097,5851
s1097,23735
s1097,11151
s1097,4943
s1097,5625
s1097,4763
s1097,11513
s1099,35658
s1099,30729
s1099,29706
s1099,11001
s1100,17142
s1100,10410
s1100,5589
s1100,27462
s1100,24462
s1100,24471
s1100,25488
s1100,26973
s1100,7690
s1100,36250
s1101,9647
s1101,33955
s1101,22616
s1101,12469
s1101,7637
s1101,25300
s1101,33994
s1102,28332
s1102,4685
s1102,29862
s1102,35229
s1102,15065
s1102,14289
s1102,11350
s1102,31385
s1102,7083
s1102,28182
s1102,31915
s1102,6366
s1103,16880
s1103,15980
s1103,312
s1103,6926
s1103,21372
s1103,19606
s1103,4429
s1103,21581
s1103,2470
s1103,28519
s1103,12287
s1103,2698
s1104,4964
s1104,19977
s1104,31489
s1104,35186
s1104,10429
s1104,35330
s1104,20590
s1104,14345
s1104,5998
s1104,10576
s1104,11299
s1105,13916
s1105,17915
s1105,24617
s1105,13180
s1105,35805
s1105,5648
s1105,17063
s1105,32655
s1105,26241
s1105,11335
s1106,13218
s1106,5171
s1106,15170
s1106,5095
s1106,20134
s1106,22685
s1106,13639
s1106,14244
s1106,19996
s1107,4744
s1107,34737
s1107,20117
s1107,28066
s1107,25992
s1107,33324
s1107,5542
s1107,21101
s1107,7667
s1108,36072
s1108,17254
s1108,8533
s1108,28108
s1108,33415
s1108,25489
s1108,25014
s1108,25989
s1108,399
s1108,4255
s1109,10399
s1109,31624
s1109,7759
s1110,35679
s1110,25107
s1110,18348
s1110,24837
s1110,26770
s1110,15261
s1110,13061
s1110,9294
s1111,17306
s1111,11133
s1111,28809
s1111,26705
s1111,19666
s1111,26129
s1111,23939
s1111,12121
s1111,27810
s1111,2576
s1111,16400
s1112,9797
s1112,18350
s1112,16837
s1112,19873
s1112,31602
s1112,1165
s1112,11382
s1112,24317
s1112,720
s1112,19619
s1113,33400
s1113,33089
s1113,9942
s1113,11800
s1113,16140
s1113,30115
s1113,470
s1113,6018
s1113,30197
s1114,15697
s1114,1658
s1114,6211
s1114,33109
s1114,25347
s1114,33587
s1114,35319
s1114,7644
s1114,19676
s1114,23767
s1115,43
s1115,17222
s1115,20669
s1115,30633
s1115,25466
s1115,4528
s1115,23676
s1115,14519
s1116,30633
s1116,4528
s1116,28310
s1116,25783
s1116,8215
s1116,30004
s1116,36
s1116,24917
s1116,34599
s1119,26044
s1119,28813
s1119,19796
s1119,34082
s1119,3753
s1119,19424
s1119,2366
s1119,2110
s1119,16220
s1120,14130
s1120,33214
s1120,4328
s1120,26775
s1120,30100
s1120,23015
s1120,274
s1120,17734
s1121,85
s1121,19453
s1121,30148
s1121,466
s1121,19681
s1121,1191
s1121,33500
s1121,15702
s1121,7901
s1121,7716
s1122,27798
s1122,20467
s1122,30310
s1122,22139
s1122,34541
s1122,14823
s1123,28015
s1123,30018
s1123,21012
s1123,31029
s1123,847
s1123,4527
s1123,24864
s1123,27643
s1125,14649
s1125,24307
s1125,14652
s1125,36032
s1125,26084
s1125,10854
s1125,31997
s1126,24637
s1127,3403
s1127,27936
s1127,31710
s1127,35128
s1127,11634
s1127,14941
s1127,33156
s1127,23679
s1127,13587
s1127,15754
s1127,899
s1127,21693
s1128,11207
s1129,29432
s1129,22857
s1129,509
s1129,34078
s1129,18867
s1129,25359
s1129,19895
s1129,23721
s1129,22163
s1129,6327
s1130,7380
s1131,29238
s1131,23389
s1131,32563
s1131,35548
s1131,20915
s1131,32975
s1131,35965
s1131,12536
s1131,36137
s1131,24214
s1132,31034
s1132,18525
s1132,31496
s1132,29107
s1132,23876
s1132,24131
s1132,35743
s1132,2927
s1133,17830
s1133,25538
s1133,27877
s1133,16762
s1133,32607
s1133,35891
s1133,17560
s1134,5746
s1134,4358
s1134,8338
s1134,24684
s1134,27636
s1134,31791
s1134,24421
s1134,26960
s1134,9877
s1135,5573
s1135,8677
s1135,8108
s1135,16870
s1135,20273
s1135,9743
s1135,30098
s1135,16713
s1135,6330
s1135,11831
s1136,22075
s1136,26209
s1136,6297
s1136,13218
s1136,14563
s1136,12507
s1136,22813
s1136,32509
s1136,21409
s1136,36260
s1136,31882
s1136,15874
s1137,6710
s1137,11572
s1137,17950
s1137,25180
s1137,18383
s1137,21742
s1137,8741
s1137,10070
s1137,29228
s1138,30255
s1138,12466
s1138,30499
s1138,728
s1138,12255
s1138,29305
s1139,516
s1139,33216
s1139,10840
s1139,22224
s1139,9680
s1139,9164
s1139,16602
s1139,15097
s1139,28739
s1139,29032
s1140,9107
s1140,30290
s1140,26373
s1140,1693
s1140,30804
s1140,25679
s1140,15972
s1140,24149
s1140,21260
s1140,4616
s1140,8236
s1141,14649
s1141,22857
s1141,12600
s1141,35364
s1141,16877
s1141,18139
s1141,7557
s1141,14050
s1141,17281
s1141,4282
s1142,1774
s1142,10453
s1142,430
s1142,21012
s1142,24541
s1142,15651
s1143,28140
s1145,15268
s1145,36281
s1145,4601
s1145,15800
s1145,27966
s1145,7657
s1145,10681
s1145,32999
s1145,29948
s1145,23661
s1146,35175
s1146,28984
s1146,25546
s1146,20712
s1146,22028
s1146,9830
s1146,24832
s1146,2596
s1146,1758
s1146,34710
s1146,20068
s1146,31746
s1146,34854
s1148,4697
s1149,8841
s1149,1285
s1149,33230
s1149,26707
s1149,4986
s1149,5613
s1149,10647
s1149,396
s1149,4120
s1149,6525
s1150,7375
s1150,9991
s1150,1829
s1150,7742
s1150,35036
s1150,32794
s1150,19923
s1150,22458
s1150,20649
s1150,29459
s1150,32931
s1150,11868
s1150,15343
s1151,6356
s1152,31180
s1152,28349
s1152,15410
s1152,26094
s1152,31179
s1152,33002
s1152,28067
s1152,22904
s1152,26175
s1152,17711
s1153,32794
s1153,1949
s1153,19139
s1153,14885
s1153,18401
s1153,4888
s1153,4893
s1153,6412
s1153,27765
s1153,12510
s1153,8284
s1154,13218
s1154,24190
s1154,33783
s1154,27976
s1154,36275
s1154,31166
s1154,10430
s1154,33119
s1154,14192
s1154,8371
s1154,33042
s1154,21586
s1155,30815
s1155,15078
s1155,14424
s1155,12030
s1155,19604
s1155,11186
s1155,33380
s1155,7421
s1155,22719
s1155,6351
s1155,33565
s1157,18030
s1157,3708
s1157,13948
s1157,17345
s1157,30802
s1157,7944
s1157,13135
s1157,1835
s1158,9939
s1158,19716
s1158,33288
s1158,23011
s1159,17823
s1159,14133
s1159,5400
s1159,20041
s1159,6650
s1159,31822
s1159,32763
s1159,5772
s1159,10055
s1159,22108
s1160,34209
s1160,13495
s1160,13554
s1160,30376
s1160,27471
s1160,16182
s1160,2340
s1160,21376
s1161,6830
s1161,17385
s1161,1142
s1161,11544
s1161,24630
s1161,24704
s1161,1220
s1163,22675
s1163,10628
s1163,12147
s1163,36433
s1163,5069
s1164,2784
s1165,24351
s1165,11764
s1165,16369
s1165,16146
s1165,28000
s1165,5489
s1165,22295
s1165,18170
s1165,25148
s1165,23632
s1166,29767
s1166,30053
s1166,3279
s1166,27255
s1166,31013
s1166,30728
s1166,24316
s1166,27367
s1166,22479
s1166,14037
s1166,6096
s1166,1986
s1166,4212
s1167,22412
s1167,33083
s1167,15912
s1167,12398
s1167,7707
s1167,6737
s1167,28906
s1167,12679
s1168,9625
s1168,6442
s1168,8846
s1168,7023
s1168,34725
s1168,21125
s1168,28794
s1168,7582
s1169,35943
s1169,19027
s1169,17252
s1169,1480
s1169,33989
s1169,10941
s1169,33815
s1171,24636
s1171,32458
s1171,1587
s1171,7062
s1171,10009
s1171,11378
s1171,21868
s1171,21166
s1173,20223
s1174,12859
s1174,31539
s1174,29698
s1174,35773
s1174,14332
s1174,12585
s1174,18872
s1175,25816
s1175,31484
s1175,23988
s1175,12895
s1175,6242
s1175,18322
s1175,6069
s1175,18310
s1175,15395
s1175,18261
s1176,16538
s1176,31871
s1176,31576
s1176,21283
s1176,3754
s1176,29029
s1176,26477
s1176,30175
s1176,2547
s1176,23070
s1176,17382
s1177,32564
s1177,28218
s1177,17154
s1177,32603
s1177,18374
s1177,33865
s1178,19795
s1178,32559
s1178,13895
s1178,19415
s1178,12957
s1178,35674
s1178,29597
s1178,10223
s1179,877
s1179,24753
s1179,33781
s1179,28176
s1179,10841
s1179,21427
s1179,16447
s1179,29097
s1179,9196
s1179,27692
s1179,21862
s1180,3465
s1180,33255
s1180,34939
s1180,1844
s1180,8064
s1180,14427
s1180,15906
s1180,17207
s1180,31869
s1180,5631
s1180,26191
s1180,14470
s1180,7895
s1180,28134
s1180,3751
s1181,28356
s1181,16690
s1181,15691
s1181,18831
s1181,28980
s1182,17439
s1182,9173
s1182,27990
s1182,14228
s1182,11900
s1182,30829
s1182,27053
s1182,14314
s1182,9940
s1184,26402
s1185,6042
s1185,36216
s1185,27080
s1185,30772
s1185,35186
s1185,34968
s1185,6660
s1186,10978
s1186,4448
s1186,30646
s1186,13415
s1186,30273
s1186,4525
s1186,4165
s1186,32914
s1187,12803
s1187,35881
s1187,3180
s1187,12814
s1187,23372
s1187,1733
s1187,33867
s1187,30887
s1187,3374
s1187,33866
s1187,17033
s1187,29990
s1187,35817
s1187,23481
s1187,17631
s1187,25168
s1187,20915
s1188,18647
s1188,8404
s1188,11827
s1188,30593
s1188,21444
s1188,31060
s1188,194
s1188,30685
s1189,22019
s1189,9226
s1189,19587
s1189,19263
s1189,10297
s1189,34341
s1189,34529
s1189,27880
s1189,10329
s1189,16929
s1189,21254
s1189,16660
s1190,24333
s1191,19864
s1191,16019
s1191,7441
s1191,27962
s1191,14070
s1191,35556
s1191,1225
s1191,5736
s1191,13222
s1191,14943
s1192,11029
s1193,29354
s1193,21885
s1193,21884
s1193,1713
s1193,866
s1193,20930
s1193,17201
s1193,19434
s1193,2357
s1194,25622
s1194,9026
s1194,9309
s1194,15165
s1194,11108
s1194,23
s1194,31278
s1194,20570
s1195,25229
s1195,4448
s1195,1289
s1195,4164
s1195,33826
s1195,11254
s1195,25474
s1195,18163
s1195,35283
s1196,22170
s1198,5751
s1198,24564
s1198,7355
s1198,34753
s1198,19469
s1198,10897
s1198,7083
s1198,15250
s1198,25238
s1198,13745
s1199,18095
s1199,875
s1199,3661
s1199,4009
s1199,29363
s1199,12325
s1199,34258
s1199,7233
s1200,32898
s1200,91
s1200,4429
s1200,15856
s1200,4016
s1200,29379
s1200,8277
s1200,29667
s1200,9675
s1200,15460
s1200,1371
s1201,23105
s1201,28998
s1201,23090
s1201,16025
s1201,8707
s1201,32650
s1201,20554
s1201,2245
s1201,26767
s1201,11348
s1202,3836
s1202,8869
s1202,36133
s1202,25533
s1202,23557
s1202,27830
s1203,8224
s1203,34496
s1203,23873
s1203,3578
s1203,17323
s1203,31507
s1203,24985
s1203,31058
s1204,21636
s1204,28923
s1204,26370
s1204,14764
s1204,27736
s1204,27238
s1204,4283
s1204,36366
s1204,305
s1204,22736
s1204,7439
s1204,16017
s1204,6329
s1204,26165
s1206,14143
s1206,29407
s1206,33227
s1206,10265
s1206,29591
s1206,23285
s1206,13805
s1206,22718
s1206,17995
s1206,21597
s1206,11369
s1206,8381
s1207,11766
s1207,7287
s1207,13914
s1207,14934
s1207,19526
s1207,1993
s1207,29907
s1207,8939
s1207,32737
s1207,25553
s1207,15001
s1208,3403
s1209,9922
s1209,3559
s1209,9762
s1209,23858
s1209,9435
s1209,32841
s1209,32384
s1209,8959
s1209,10117
s1209,8325
s1210,29856
s1210,31994
s1210,22276
s1210,26695
s1210,10285
s1210,6407
s1210,21757
s1210,20511
s1210,16997
s1210,4445
s1211,18306
s1211,16790
s1211,31484
s1211,18489
s1211,36016
s1211,30857
s1211,19314
s1211,31491
s1212,32648
s1212,22669
s1212,20839
s1212,9922
s1212,10089
s1212,1369
s1212,22629
s1212,5117
s1213,36343
s1213,9763
s1213,10095
s1213,34056
s1213,30298
s1213,25561
s1213,33720
s1213,34865
s1213,22496
s1213,25293
s1214,33579
s1214,7921
s1214,29840
s1214,18838
s1214,7415
s1214,5673
s1214,11896
s1214,15706
s1214,28607
s1214,34892
s1215,22305
s1215,27912
s1215,13232
s1215,14529
s1215,31720
s1215,2226
s1215,1032
s1216,30254
s1216,5709
s1216,3909
s1216,9864
s1216,31238
s1216,12078
s1216,5068
s1216,18722
s1217,31238
s1217,9864
s1217,30254
s1217,5709
s1217,5068
s1217,12078
s1217,36378
s1217,12062
s1218,12296
s1218,36295
s1218,8664
s1218,1751
s1218,20055
s1218,9964
s1218,25700
s1218,14269
s1218,8575
s1218,11860
s1218,35125
s1218,31800
s1218,31216
s1218,941
s1218,9250
s1218,23139
s1219,14833
s1219,9209
s1219,14800
s1219,16633
s1219,10309
s1219,33895
s1219,10759
s1219,24235
s1219,3128
s1220,33519
s1220,5711
s1220,22562
s1220,34043
s1221,1102
s1221,1608
s1221,7466
s1221,11134
s1221,35932
s1221,16069
s1221,13441
s1221,20086
s1222,2966
s1222,574
s1222,32846
s1222,21195
s1222,11971
s1222,14824
s1223,6379
s1223,23015
s1223,24594
s1223,29088
s1223,22046
s1223,15273
s1223,14946
s1223,12599
s1223,35239
s1223,22158
s1224,150
s1224,23552
s1224,32489
s1224,13215
s1224,16705
s1224,148
s1224,14660
s1224,28678
s1227,25410
s1227,10984
s1228,26829
s1228,30493
s1228,1820
s1228,26797
s1228,28
s1228,21045
s1228,34824
s1228,7619
s1228,27281
s1228,13310
s1228,29705
s1229,7164
s1229,11148
s1229,1673
s1229,1761
s1229,20919
s1229,34768
s1229,30913
s1230,30794
s1230,636
s1230,3833
s1230,30042
s1230,20823
s1230,23586
s1230,32694
s1230,24018
s1230,33120
s1230,23568
s1230,3828
s1230,18926
s1231,25615
s1231,21039
s1231,20678
s1231,789
s1231,29164
s1232,3416
s1232,4451
s1232,18417
s1232,22938
s1232,2285
s1232,12906
s1233,6450
s1233,2013
s1233,15869
s1233,34175
s1233,19542
s1233,12579
s1233,15876
s1233,13527
s1233,21691
s1233,17949
s1234,33876
s1234,4903
s1234,5166
s1234,23879
s1234,18067
s1234,5051
s1234,380
s1234,32965
s1234,25301
s1234,32440
s1236,13263
s1236,29877
s1236,36142
s1236,14065
s1236,23055
s1236,6071
s1236,28569
s1236,27653
s1236,5564
s1237,25315
s1237,21470
s1237,23045
s1237,21790
s1237,5475
s1237,2184
s1237,2767
s1237,11018
s1237,4420
s1237,11935
s1237,23037
s1238,410
s1238,2348
s1238,7630
s1238,245
s1238,16828
s1238,32435
s1238,3017
s1238,10094
s1238,3714
s1238,13463
s1239,11486
s1239,5192
s1239,10001
s1239,34575
s1239,2160
s1240,14488
s1240,14849
s1240,22789
s1240,35067
s1240,6819
s1240,4496
s1240,26061
s1240,5376
s1240,22726
s1240,9775
s1240,24701
s1241,16271
s1241,16657
s1241,6846
s1241,7958
s1241,25030
s1241,23319
s1242,12108
s1242,19183
s1242,26030
s1242,24735
s1242,32447
s1242,16256
s1242,6734
s1242,16347
s1242,1579
s1242,2449
s1242,5903
s1242,29206
s1242,13254
s1242,1858
s1242,21213
s1244,17972
s1244,25238
s1244,15254
s1244,4272
s1244,23826
s1244,2716
s1244,14828
s1244,2207
s1244,11523
s1244,26233
s1245,18140
s1245,445
s1245,20971
s1245,27398
s1245,27350
s1245,6204
s1245,27355
s1245,1486
s1246,34562
s1246,1389
s1246,1550
s1246,8874
s1246,15803
s1246,15852
s1246,3133
s1246,8912
s1246,23456
s1246,25934
s1247,35129
s1247,12265
s1247,32998
s1247,6223
s1247,21793
s1247,59
s1247,31339
s1247,724
s1247,29931
s1248,32605
s1248,13671
s1248,32563
s1248,16762
s1248,30950
s1248,20915
s1248,32607
s1248,831
s1248,33066
s1248,21968
s1249,33129
s1249,30145
s1250,4442
s1251,12719
s1251,28038
s1252,17972
s1252,21865
s1252,28573
s1252,11793
s1252,10738
s1252,32751
s1252,28445
s1252,5874
s1252,22264
s1252,15324
s1253,9771
s1253,14342
s1253,20348
s1253,29594
s1253,9713
s1253,25340
s1253,1574
s1253,22048
s1253,1744
s1253,15637
s1253,3513
s1253,33153
s1254,28364
s1254,3987
s1254,16288
s1254,32796
s1254,14835
s1254,19090
s1255,9055
s1255,33548
s1255,34319
s1255,11401
s1255,13788
s1255,22800
s1255,27425
s1255,20306
s1255,4536
s1256,31034
s1256,23389
s1256,32563
s1256,9329
s1256,29113
s1256,28220
s1256,30950
s1256,20915
s1256,21967
s1256,33066
s1257,13752
s1257,18833
s1257,13725
s1257,33993
s1257,28757
s1257,26112
s1257,24477
s1257,10892
s1257,18429
s1257,1858
s1257,33371
s1257,7798
s1257,3999
s1258,12803
s1258,21944
s1258,18526
s1258,23340
s1258,35850
s1258,11680
s1258,17840
s1258,21554
s1258,32578
s1258,25048
s1258,17672
s1259,16571
s1259,28610
s1259,11809
s1259,7955
s1259,19861
s1259,29687
s1259,15616
s1260,34612
s1260,10845
s1260,11351
s1260,29496
s1260,2585
s1260,24641
s1260,30978
s1260,5920
s1260,2473
s1260,10051
s1260,23451
s1260,17488
s1260,31915
s1261,36330
s1261,32335
s1261,20399
s1261,6717
s1261,761
s1261,26230
s1261,24909
s1261,34073
s1261,969
s1262,4053
s1262,11204
s1262,1313
s1262,10816
s1262,13110
s1262,21915
s1262,35250
s1262,1032
s1262,22008
s1262,21214
s1262,26266
s1263,8028
s1263,20072
s1263,10759
s1263,4831
s1263,2766
s1263,14856
s1263,29820
s1264,25602
s1264,18936
s1264,26688
s1264,31852
s1264,6696
s1264,33106
s1264,5986
s1264,29280
s1265,26185
s1265,9486
s1265,36281
s1265,9742
s1265,17488
s1265,31871
s1265,27579
s1265,12995
s1265,30905
s1265,345
s1265,32511
s1266,25787
s1266,430
s1266,18442
s1266,3494
s1266,33870
s1267,1313
s1267,25755
s1267,13109
s1267,1796
s1267,9614
s1268,33606
s1268,9638
s1268,35325
s1268,2746
s1268,12281
s1268,31753
s1268,33969
s1268,19547
s1268,19510
s1269,5448
s1269,5629
s1269,10375
s1269,11867
s1269,18359
s1269,31793
s1269,9425
s1269,5484
s1269,16502
s1269,16494
s1270,12252
s1270,16828
s1270,28902
s1270,30779
s1270,3206
s1270,1717
s1270,8074
s1270,24090
s1270,2017
s1270,14404
s1270,18064
s1270,8477
s1270,10094
s1270,13375
s1270,4505
s1270,542
s1270,10454
s1271,5629
s1271,10375
s1271,5484
s1271,16502
s1271,20893
s1271,15640
s1271,7206
s1271,16497
s1271,5448
s1271,10819
s1271,14814
s1271,20354
s1271,16752
s1271,31736
s1271,8525
s1271,16211
s1271,13979
s1271,25551
s1271,11867
s1271,5494
s1271,14539
s1271,16448
s1272,11584
s1272,22363
s1272,28589
s1272,26981
s1272,22372
s1272,30386
s1272,18962
s1272,8609
s1273,21975
s1273,21954
s1273,12747
s1273,12499
s1273,35130
s1273,26638
s1274,29118
s1274,12243
s1274,1669
s1274,12905
s1274,12826
s1274,24128
s1274,23511
s1274,17803
s1274,32848
s1275,14390
s1276,4831
s1276,2766
s1276,8621
s1276,14856
s1276,10556
s1276,29820
s1276,30124
s1276,27681
s1277,16505
s1277,21402
s1277,11614
s1277,4991
s1277,10988
s1277,36153
s1277,20978
s1277,8508
s1277,12657
s1277,26725
s1277,906
s1277,12758
s1277,1477
s1278,24785
s1278,15295
s1278,32790
s1278,6589
s1278,18351
s1278,34908
s1278,11885
s1278,36099
s1278,34184
s1278,17390
s1278,1294
s1278,11943
s1278,13959
s1278,26390
s1278,23244
s1278,22558
s1279,4803
s1282,27435
s1282,25010
s1282,20979
s1282,1817
s1282,29577
s1284,34453
s1284,26044
s1284,19729
s1284,28710
s1284,30575
s1284,12521
s1284,15612
s1284,20627
s1284,18822
s1284,30587
s1285,26044
s1285,34453
s1285,20700
s1285,10780
s1285,19156
s1285,4032
s1285,26013
s1285,31188
s1285,21343
s1285,31173
s1285,10863
s1286,31483
s1286,14906
s1286,25281
s1286,35702
s1286,18331
s1286,18786
s1286,6235
s1287,30823
s1287,6061
s1287,24057
s1287,19969
s1287,6051
s1287,20145
s1287,263
s1287,13032
s1287,13895
s1287,10301
s1288,8028
s1288,20072
s1288,10759
s1288,221
s1288,12294
s1288,26942
s1288,9446
s1288,9469
s1289,25546
s1289,3969
s1289,19883
s1289,23965
s1289,24688
s1289,15495
s1289,12173
s1289,22744
s1289,26539
s1289,25274
s1289,33833
s1289,11886
s1289,26387
s1290,11644
s1290,21199
s1290,2020
s1290,27271
s1290,11108
s1290,5295
s1290,13627
s1290,23663
s1290,16674
s1290,35804
s1290,13462
s1291,28802
s1291,26454
s1291,9354
s1291,8574
s1291,6353
s1291,13572
s1291,20631
s1291,1431
s1291,7327
s1292,30865
s1292,27373
s1292,11697
s1292,32053
s1292,34428
s1292,15908
s1294,21016
s1294,29185
s1294,24416
s1294,13941
s1294,1618
s1294,3346
s1294,31007
s1294,29736
s1294,29702
s1294,2407
s1294,34172
s1294,8096
s1294,33113
s1294,30001
s1294,9305
s1294,31678
s1294,3204
s1295,12659
s1295,9713
s1295,7824
s1295,25341
s1295,22551
s1295,1932
s1295,28403
s1296,30616
s1296,25202
s1296,30663
s1296,20807
s1296,24999
s1296,24092
s1297,6263
s1297,18343
s1297,19361
s1297,34189
s1297,18339
s1297,15184
s1297,35717
s1297,3695
s1297,18336
s1297,18186
s1297,35924
s1297,16814
s1297,23751
s1297,18265
s1297,18202
s1297,6251
s1297,17147
s1297,25799
s1297,16785
s1297,30855
s1297,18258
s1297,18506
s1297,6273
s1298,14783
s1298,21596
s1298,12212
s1298,17503
s1298,8329
s1298,4823
s1299,6243
s1299,25845
s1299,32193
s1299,32537
s1299,5752
s1299,14912
s1299,18248
s1299,6262
s1299,11683
s1299,12697
s1299,14897
s1299,32538
s1300,32592
s1300,12813
s1300,18528
s1300,20849
s1300,17184
s1300,35881
s1300,35027
s1300,3371
s1300,16829
s1300,32596
s1300,29994
s1300,30969
s1300,35551
s1300,30879
s1300,32613
s1300,35985
s1301,35163
s1301,20791
s1301,19216
s1301,34259
s1301,3727
s1301,31853
s1301,4496
s1301,27216
s1301,35107
s1301,7814
s1301,12279
s1301,16232
s1301,11793
s1301,8560
s1301,12609
s1301,16329
s1301,29601
s1301,763
s1301,8565
s1301,18127
s1301,11032
s1301,21702
s1301,8404
s1301,33300
s1301,13924
s1301,27495
s1301,26344
s1301,35506
s1301,1380
s1301,1316
s1301,35247
s1301,7056
s1301,19460
s1301,29561
s1301,19062
s1302,31207
s1302,10286
s1302,33530
s1302,28374
s1302,34103
s1302,11388
s1303,31943
s1305,3862
s1306,846
s1306,32206
s1306,566
s1306,26948
s1306,1809
s1306,97
s1306,25783
s1306,15909
s1306,27282
s1306,32259
s1307,6470
s1307,27927
s1307,20718
s1307,22159
s1307,27906
s1307,21063
s1307,19704
s1307,13675
s1307,7924
s1307,36031
s1308,4722
s1308,2446
s1308,7218
s1308,24532
s1308,30705
s1308,25997
s1308,33341
s1308,32792
s1308,19678
s1308,21877
s1309,28682
s1310,20328
s1310,19093
s1310,29017
s1310,1264
s1310,7288
s1310,33163
s1310,34670
s1310,30750
s1310,34108
s1310,19581
s1311,17997
s1311,29893
s1311,15257
s1311,10913
s1311,11170
s1311,7354
s1312,13415
s1312,28996
s1312,28108
s1312,15918
s1312,32096
s1312,18588
s1312,12208
s1312,2271
s1312,13200
s1312,25541
s1312,4903
s1313,12673
s1313,25864
s1313,23649
s1313,8041
s1315,7789
s1316,7427
s1317,26938
s1317,27204
s1317,1985
s1317,773
s1317,7780
s1317,30573
s1317,18709
s1317,8630
s1318,24055
s1319,18986
s1319,25020
s1319,14302
s1319,2498
s1319,28851
s1319,20648
s1319,9699
s1319,33956
s1319,29919
s1319,15694
s1319,17717
s1319,31359
s1319,12688
s1320,34480
s1320,25639
s1320,20402
s1320,19719
s1320,9404
s1320,34482
s1320,9889
s1320,1148
s1320,21218
s1320,34886
s1321,20238
s1321,31585
s1321,6738
s1321,15510
s1321,18551
s1321,16570
s1321,15236
s1321,16688
s1322,22252
s1322,21404
s1322,16731
s1322,30379
s1322,13607
s1322,16180
s1323,31146
s1323,5103
s1323,21906
s1323,34809
s1323,10795
s1324,27948
s1324,248
s1324,3714
s1324,3890
s1324,8522
s1324,34173
s1324,24318
s1324,10060
s1324,19005
s1324,3415
s1324,5825
s1324,7160
s1324,707
s1324,23887
s1324,24058
s1324,3412
s1324,2320
s1324,10071
s1325,9655
s1325,7988
s1325,25456
s1325,20134
s1325,9299
s1325,30641
s1325,24525
s1325,33990
s1325,22344
s1325,8850
s1326,24167
s1326,1997
s1326,33210
s1326,15647
s1326,33637
s1326,17062
s1326,2490
s1327,505
s1327,22010
s1327,583
s1327,18701
s1327,23426
s1327,33643
s1327,3811
s1327,13740
s1327,2562
s1327,12627
s1327,30225
s1328,240
s1328,5770
s1328,7161
s1328,9549
s1328,28201
s1328,22426
s1328,23931
s1328,26728
s1328,4
s1330,12580
s1330,24231
s1330,10902
s1330,16676
s1330,4048
s1330,13021
s1330,5942
s1330,34694
s1330,24939
s1330,12154
s1330,5055
s1331,5169
s1331,28818
s1331,18042
s1331,11869
s1333,23391
s1333,24362
s1333,15014
s1333,14809
s1333,25032
s1333,21873
s1334,15980
s1334,23284
s1334,1938
s1334,18029
s1334,4601
s1334,30683
s1334,31889
s1334,11864
s1334,13714
s1334,26032
s1335,30711
s1335,15137
s1335,17200
s1335,34026
s1335,27071
s1335,34989
s1335,35463
s1335,34991
s1336,15072
s1336,4308
s1336,6528
s1336,125
s1336,8761
s1337,4442
s1338,13477
s1338,25199
s1338,25873
s1338,28656
s1338,24022
s1338,27570
s1339,501
s1339,14545
s1339,9256
s1339,21159
s1339,13410
s1339,26379
s1339,25220
s1339,28609
s1340,21242
s1340,1069
s1340,10989
s1340,16927
s1340,15327
s1340,35097
s1340,36342
s1340,16592
s1340,33088
s1340,21098
s1340,16362
s1340,32571
s1340,27228
s1340,29612
s1340,34558
s1341,6045
s1341,12953
s1341,34838
s1341,32174
s1341,8693
s1341,5046
s1341,5802
s1341,20488
s1341,12887
s1341,35046
s1341,29823
s1341,14345
s1342,36140
s1342,15700
s1343,31483
s1343,18323
s1343,15350
s1343,35698
s1343,28020
s1343,25856
s1345,28006
s1345,11093
s1345,34313
s1345,2788
s1345,10510
s1345,2545
s1345,20282
s1345,24805
s1345,8847
s1345,23323
s1346,21573
s1346,8288
s1346,34994
s1346,15137
s1346,34959
s1346,32171
s1346,35413
s1346,14502
s1346,16445
s1347,16613
s1347,22013
s1347,308
s1347,23713
s1347,24897
s1347,17085
s1347,276
s1347,26261
s1347,20736
s1347,17356
s1347,18547
s1347,32485
s1347,23031
s1347,1053
s1347,35292
s1347,23028
s1347,358
s1348,27710
s1348,5274
s1348,26260
s1348,6740
s1348,3667
s1348,19700
s1348,22554
s1348,9701
s1348,23871
s1348,15318
s1348,10570
s1348,7266
s1348,33011
s1348,25397
s1349,17445
s1349,29840
s1349,3972
s1349,3882
s1349,1366
s1349,28326
s1349,35432
s1349,15975
s1349,4634
s1349,26160
s1349,6002
s1349,4694
s1350,2224
s1350,2350
s1350,5666
s1350,34519
s1350,6450
s1350,28577
s1350,33687
s1350,33871
s1350,24814
s1350,21187
s1351,35230
s1351,24734
s1351,36259
s1351,26540
s1351,6606
s1351,16149
s1351,5168
s1351,6372
s1351,17767
s1352,1021
s1352,1003
s1352,11619
s1352,22248
s1352,2740
s1352,10540
s1352,10593
s1353,33887
s1353,10693
s1353,712
s1353,21686
s1353,2898
s1353,5990
s1353,33288
s1354,6323
s1354,24809
s1354,28522
s1354,24384
s1354,31547
s1354,17691
s1354,6373
s1354,10881
s1354,7300
s1354,7340
s1355,1695
s1355,23086
s1355,11802
s1355,30680
s1355,6369
s1355,15068
s1355,17922
s1355,24376
s1356,17084
s1356,1250
s1356,19120
s1356,26142
s1356,4834
s1356,1279
s1356,19487
s1356,31777
s1357,17447
s1357,29077
s1357,29079
s1357,22420
s1357,21152
s1357,4136
s1357,3406
s1357,22066
s1358,5049
s1358,18564
s1358,7215
s1358,30572
s1358,29878
s1358,28932
s1358,32880
s1358,561
s1358,1994
s1359,19525
s1359,21635
s1359,3969
s1359,22312
s1359,23101
s1359,9742
s1359,25944
s1359,13816
s1359,32930
s1359,15682
s1359,9429
s1360,14488
s1360,29264
s1360,28097
s1360,31800
s1360,7509
s1360,26441
s1360,17652
s1360,6902
s1360,1488
s1360,14087
s1361,7519
s1361,17483
s1361,12706
s1361,28950
s1361,11139
s1361,3040
s1361,3039
s1361,8347
s1361,28313
s1361,2704
s1361,1555
s1361,13063
s1362,12879
s1362,32989
s1362,35246
s1362,1886
s1362,25025
s1362,1145
s1362,7865
s1362,21318
s1363,6843
s1363,6441
s1363,30114
s1363,27185
s1363,8995
s1363,31756
s1363,25165
s1363,22453
s1363,4766
s1363,9698
s1363,26645
s1363,17515
s1363,29850
s1363,26521
s1363,18648
s1363,7387
s1363,310
s1364,18135
s1364,2617
s1364,1279
s1364,33853
s1364,14056
s1364,32744
s1364,21673
s1365,15978
s1365,16287
s1365,8093
s1365,18636
s1365,33371
s1365,10849
s1365,15653
s1365,8390
s1365,8952
s1365,15502
s1367,15454
s1367,11739
s1367,31767
s1367,996
s1367,16177
s1367,20563
s1367,21227
s1367,15427
s1367,5337
s1367,9597
s1367,12457
s1367,31504
s1368,1834
s1368,27838
s1368,4169
s1368,33815
s1368,6428
s1368,22102
s1368,22980
s1368,7057
s1368,31805
s1369,14536
s1369,17312
s1369,20365
s1369,2219
s1369,13550
s1369,36352
s1369,23382
s1369,10735
s1369,36321
s1369,25983
s1370,17638
s1370,1092
s1370,19860
s1370,25601
s1370,17738
s1370,4660
s1370,17637
s1370,4586
s1370,6366
s1370,21152
s1370,28181
s1371,5311
s1371,27416
s1371,19766
s1371,15880
s1371,3953
s1371,17809
s1373,248
s1373,29056
s1373,20902
s1373,32517
s1374,9866
s1374,18880
s1374,5711
s1374,3544
s1374,33518
s1374,36385
s1374,35638
s1375,18776
s1375,33619
s1375,5225
s1375,11790
s1375,34111
s1375,5215
s1375,10176
s1375,12272
s1375,5545
s1375,4648
s1375,34477
s1375,24740
s1375,11143
s1375,14547
s1375,2107
s1375,26118
s1375,26083
s1376,36256
s1376,4692
s1376,22731
s1376,33150
s1376,1135
s1376,7214
s1376,11073
s1376,5857
s1377,33872
s1377,13366
s1377,15915
s1377,31106
s1377,3826
s1377,32052
s1377,25879
s1377,26291
s1378,5159
s1378,29427
s1378,33470
s1378,11182
s1378,11795
s1378,20143
s1378,9039
s1378,19104
s1378,4305
s1378,31847
s1378,11820
s1378,31171
s1378,28120
s1378,31592
s1378,7845
s1378,28687
s1378,9163
s1378,21343
s1378,33340
s1379,24189
s1379,2152
s1379,13809
s1379,11901
s1379,27161
s1379,19401
s1379,19913
s1379,10549
s1379,180
s1380,4448
s1380,9134
s1380,19730
s1380,4150
s1380,32416
s1381,23050
s1381,5188
s1381,20552
s1381,32584
s1381,1966
s1381,7844
s1381,19819
s1381,16326
s1381,26014
s1381,16554
s1381,21778
s1381,17519
s1382,1289
s1382,24145
s1382,23201
s1382,3918
s1382,13226
s1382,34270
s1382,34154
s1382,10006
s1383,31430
s1383,13322
s1383,6210
s1383,6146
s1383,8422
s1383,30273
s1383,1382
s1383,10836
s1383,25460
s1383,34270
s1383,4447
s1383,1610
s1383,34910
s1385,35703
s1385,681
s1385,18246
s1385,19346
s1385,25833
s1385,30274
s1385,18292
s1386,24388
s1386,795
s1386,12801
s1386,35749
s1386,32592
s1386,12865
s1386,35881
s1386,696
s1386,25048
s1386,33866
s1386,2864
s1386,30896
s1386,7270
s1386,32635
s1386,12762
s1386,32616
s1387,28790
s1387,34484
s1387,13406
s1387,8046
s1387,5274
s1387,23979
s1387,26806
s1387,1162
s1387,19257
s1387,19994
s1388,29000
s1388,9486
s1388,4758
s1388,19469
s1388,25392
s1388,34082
s1388,12607
s1388,19682
s1388,7539
s1388,17971
s1389,367
s1389,27383
s1389,27008
s1389,20800
s1389,34625
s1390,20964
s1390,17346
s1390,745
s1390,14295
s1390,13759
s1390,6019
s1390,6508
s1390,29070
s1390,8370
s1390,34952
s1391,7045
s1391,3796
s1391,24620
s1391,24478
s1391,18172
s1391,8061
s1391,4837
s1391,31216
s1391,2737
s1392,30539
s1392,8272
s1392,8366
s1392,17648
s1392,17350
s1392,32509
s1392,33021
s1392,28345
s1392,9354
s1392,10171
s1392,35100
s1393,20349
s1393,26262
s1393,21818
s1393,19991
s1393,14544
s1393,25283
s1393,36065
s1393,7301
s1393,9700
s1393,10612
s1393,9409
s1393,6417
s1394,20647
s1394,1216
s1394,8179
s1394,19329
s1396,20418
s1396,36266
s1396,29474
s1396,22387
s1397,14488
s1397,14092
s1397,13664
s1397,17368
s1397,21272
s1397,6708
s1397,35270
s1397,25431
s1397,27190
s1397,10841
s1397,6620
s1397,27021
s1398,19610
s1398,31124
s1398,10533
s1398,19682
s1398,33478
s1398,3979
s1398,14138
s1398,25350
s1398,8781
s1398,11407
s1398,14848
s1399,20758
s1399,20446
s1399,1116
s1399,13402
s1399,17729
s1399,5173
s1400,15612
s1400,126
s1400,5304
s1400,30126
s1400,32313
s1400,24468
s1400,6915
s1400,15663
s1400,15522
s1400,6869
s1402,11548
s1402,10662
s1402,129
s1402,22835
s1402,22828
s1402,17252
s1402,30645
s1402,19683
s1402,27224
s1402,5881
s1403,120
s1403,9939
s1403,24235
s1403,15706
s1403,33930
s1403,22062
s1403,7921
s1403,22235
s1403,20329
s1403,4357
s1404,20867
s1404,9253
s1404,21204
s1404,18933
s1404,26343
s1404,27676
s1404,5143
s1404,10395
s1404,33126
s1404,28491
s1405,13738
s1405,6978
s1405,28210
s1405,30191
s1405,9529
s1405,22799
s1406,2716
s1406,7352
s1406,9724
s1406,22865
s1406,26744
s1407,33588
s1407,6557
s1407,6354
s1407,6959
s1407,15790
s1407,4012
s1407,17795
s1407,2627
s1407,26538
s1408,15404
s1408,18295
s1408,18209
s1408,14916
s1409,14477
s1409,3026
s1409,12169
s1409,31743
s1409,32160
s1409,25389
s1409,13917
s1409,28175
s1409,20624
s1409,16977
s1409,5869
s1409,17649
s1409,33936
s1410,33214
s1410,2602
s1410,14474
s1410,15699
s1410,26459
s1410,1131
s1410,1056
s1410,18672
s1411,17042
s1411,32759
s1411,23474
s1411,18743
s1411,34291
s1411,17173
s1411,21011
s1411,31052
s1412,24139
s1412,31563
s1413,17137
s1413,19364
s1413,31537
s1414,27948
s1414,27931
s1414,28264
s1414,587
s1414,9859
s1414,12651
s1414,9225
s1414,8187
s1414,20567
s1415,4206
s1415,8293
s1415,8584
s1415,31264
s1415,10016
s1415,3324
s1415,23521
s1415,9673
s1415,8185
s1415,27949
s1416,31117
s1416,986
s1416,5858
s1416,6908
s1416,15674
s1416,24696
s1416,31940
s1416,25331
s1416,14170
s1418,28596
s1418,3917
s1418,34938
s1418,10387
s1418,25942
s1419,6373
s1420,8381
s1420,2609
s1420,29866
s1420,24747
s1420,9268
s1420,20169
s1420,16261
s1422,10883
s1422,25452
s1422,2604
s1422,3401
s1422,16401
s1422,6836
s1422,936
s1422,7189
s1423,766
s1423,24130
s1423,4379
s1423,3591
s1423,23608
s1423,23866
s1423,35520
s1423,2656
s1423,6095
s1424,208
s1424,27007
s1424,28300
s1424,4528
s1424,24130
s1424,29723
s1424,33432
s1424,13051
s1425,35255
s1425,8274
s1425,31068
s1425,24617
s1425,3248
s1425,3499
s1425,11003
s1425,15690
s1425,6334
s1425,8189
s1425,5363
s1427,766
s1427,11785
s1427,23608
s1427,23611
s1427,3591
s1427,806
s1427,23866
s1427,35520
s1427,4867
s1427,2416
s1428,26103
s1429,33321
s1429,34824
s1429,11264
s1429,27296
s1429,8729
s1429,5793
s1429,8652
s1429,4174
s1429,2837
s1429,27574
s1430,32170
s1430,2920
s1430,24988
s1431,10770
s1432,9865
s1432,12191
s1432,4374
s1432,36376
s1432,36420
s1432,10479
s1432,12075
s1432,36410
s1432,13116
s1432,12060
s1432,12635
s1433,23074
s1433,13612
s1433,30394
s1433,24738
s1433,5380
s1434,2405
s1434,3017
s1434,1974
s1434,10691
s1434,2913
s1434,18383
s1435,4915
s1435,22520
s1435,20644
s1435,7421
s1435,16687
s1435,9550
s1435,33024
s1435,32697
s1435,5422
s1436,34365
s1436,30815
s1436,9557
s1436,23654
s1436,29888
s1436,13293
s1436,4060
s1436,15314
s1437,16510
s1437,25632
s1437,25644
s1437,28900
s1439,33802
s1440,24753
s1441,25432
s1441,2558
s1442,29387
s1442,2933
s1442,27518
s1442,15909
s1442,24500
s1442,30525
s1442,27702
s1442,32117
s1443,25680
s1445,11416
s1445,15072
s1445,5638
s1445,8349
s1445,34193
s1445,16553
s1445,25030
s1445,14171
s1445,195
s1445,11810
s1446,2004
s1446,17482
s1446,13210
s1446,25576
s1446,32403
s1446,33987
s1446,1246
s1446,35064
s1446,18566
s1446,4402
s1447,15885
s1447,13830
s1447,11842
s1447,11395
s1447,17081
s1447,15245
s1447,20692
s1447,11339
s1447,31655
s1447,5619
s1448,27919
s1448,15479
s1448,13161
s1448,4601
s1448,5187
s1448,479
s1448,17924
s1448,7185
s1448,1204
s1448,26610
s1449,27421
s1449,35237
s1449,35408
s1449,21767
s1449,21866
s1449,32743
s1449,7060
s1449,13847
s1451,9188
s1452,32439
s1452,20039
s1452,20009
s1452,4617
s1452,4323
s1453,34364
s1453,14084
s1453,28808
s1453,2473
s1453,31789
s1453,9740
s1453,4685
s1453,7773
s1454,17819
s1454,17716
s1454,182
s1454,7389
s1454,30607
s1454,14264
s1454,19821
s1454,31234
s1454,28709
s1454,16309
s1454,11557
s1455,6373
s1455,24613
s1455,22339
s1455,13206
s1455,10281
s1455,22415
s1455,856
s1455,16964
s1455,27616
s1456,2261
s1457,9675
s1457,21213
s1457,35203
s1457,14778
s1457,4759
s1457,5619
s1457,34687
s1457,18636
s1457,12156
s1457,36030
s1458,2372
s1458,11038
s1458,28798
s1458,29481
s1458,33773
s1458,27818
s1458,9891
s1458,526
s1458,9820
s1458,513
s1458,35373
s1458,27720
s1458,22251
s1458,34228
s1458,1937
s1458,31757
s1458,34372
s1458,1540
s1459,7069
s1459,14070
s1459,22614
s1459,24699
s1459,31919
s1459,24345
s1459,28661
s1459,9197
s1459,33769
s1459,17513
s1460,22419
s1460,20857
s1460,14861
s1460,24781
s1460,6698
s1460,8594
s1460,19842
s1460,27960
s1460,23226
s1460,26008
s1460,33359
s1461,13444
s1461,16478
s1461,25565
s1461,28789
s1461,2811
s1461,20397
s1461,31575
s1461,14112
s1461,5335
s1461,27819
s1461,7311
s1461,1036
s1461,16376
s1461,7575
s1461,11059
s1462,2582
s1462,16605
s1462,19729
s1462,34691
s1462,35223
s1462,349
s1462,6931
s1462,15440
s1462,26863
s1462,15727
s1463,18295
s1463,34190
s1463,18803
s1463,18332
s1463,17144
s1463,14905
s1463,24106
s1463,25835
s1464,21786
s1464,1197
s1464,13855
s1464,28470
s1464,33889
s1465,7883
s1466,1692
s1466,7156
s1466,4029
s1466,4665
s1466,11555
s1466,6132
s1468,19682
s1468,8563
s1468,14359
s1468,720
s1468,4980
s1468,10845
s1468,30215
s1468,25406
s1468,31974
s1468,27303
s1469,5730
s1469,6232
s1469,31477
s1470,15878
s1470,19525
s1470,16726
s1470,21875
s1470,7729
s1470,19114
s1470,21855
s1470,18050
s1470,15676
s1470,7106
s1471,21769
s1471,22358
s1471,22072
s1471,6574
s1471,14483
s1471,21289
s1471,17974
s1471,15728
s1471,24614
s1471,352
s1472,15011
s1472,19572
s1472,32910
s1472,33607
s1472,13807
s1472,23065
s1472,4110
s1472,15403
s1472,8880
s1472,15283
s1472,24880
s1472,11350
s1472,29434
s1472,21158
s1472,17992
s1472,22893
s1472,10759
s1472,9939
s1472,15292
s1472,10541
s1472,12279
s1472,26063
s1472,34763
s1472,28426
s1472,34242
s1472,33597
s1472,17109
s1472,23838
s1472,28354
s1472,521
s1472,17874
s1472,33223
s1472,3993
s1473,34599
s1473,1341
s1473,32258
s1473,32759
s1473,36100
s1473,18405
s1473,27347
s1473,3021
s1473,26907
s1473,37
s1474,18154
s1474,28856
s1474,23396
s1474,20320
s1474,5778
s1474,23071
s1474,28042
s1474,14619
s1474,18904
s1474,32858
s1474,398
s1474,221
s1474,11238
s1474,4910
s1475,25743
s1475,35556
s1475,20877
s1475,5708
s1475,13325
s1475,32292
s1475,14386
s1475,8957
s1475,12139
s1475,2629
s1476,2966
s1476,24875
s1476,5193
s1476,27146
s1476,8660
s1476,32826
s1476,21196
s1476,13247
s1477,13824
s1477,8025
s1477,28826
s1478,35170
s1478,12710
s1478,21685
s1478,28339
s1478,36034
s1478,26114
s1478,1470
s1478,32702
s1478,1632
s1478,6399
s1479,7431
s1479,17311
s1479,34754
s1479,19065
s1479,12297
s1479,3414
s1479,10438
s1479,3307
s1479,26328
s1479,1263
s1479,32347
s1479,2050
s1479,33195
s1479,23783
s1479,10118
s1481,10754
s1481,26181
s1481,14290
s1481,11843
s1481,21577
s1481,11241
s1481,29732
s1482,19342
s1482,35258
s1482,34451
s1482,35585
s1482,6029
s1482,19970
s1483,13994
s1483,14462
s1483,19871
s1483,15560
s1483,10857
s1483,4310
s1483,17709
s1483,9271
s1483,33057
s1483,29120
s1483,18169
s1483,17615
s1483,5756
s1484,18334
s1484,31338
s1484,35593
s1484,14917
s1484,15400
s1484,35929
s1484,6241
s1484,18316
s1484,30349
s1484,25821
s1485,33405
s1486,15878
s1486,13578
s1486,220
s1486,24476
s1486,1309
s1486,4301
s1486,31836
s1486,12408
s1486,33399
s1486,27673
s1487,29601
s1487,12998
s1487,19914
s1487,18732
s1487,33890
s1487,29586
s1487,19572
s1487,8568
s1487,7113
s1487,15528
s1488,13595
s1488,35492
s1488,6457
s1488,10492
s1488,18104
s1488,28192
s1488,24463
s1488,6522
s1489,22399
s1489,10435
s1489,20167
s1489,9098
s1489,21490
s1489,5505
s1489,874
s1489,10729
s1489,12658
s1489,25443
s1491,23177
s1491,11007
s1491,28683
s1491,19439
s1491,22172
s1491,20549
s1491,16985
s1491,19711
s1492,2389
s1492,2841
s1493,450
s1493,16662
s1493,20130
s1493,15996
s1493,28922
s1493,29202
s1493,12386
s1493,4126
s1493,24743
s1493,26656
s1493,29025
s1493,10718
s1493,6757
s1493,3978
s1493,20457
s1493,27829
s1493,11699
s1493,20465
s1493,35167
s1493,26814
s1494,20864
s1494,5355
s1494,20142
s1494,7103
s1494,24890
s1494,34378
s1494,11268
s1495,35425
s1495,26344
s1495,27007
s1495,13548
s1495,824
s1495,6446
s1495,4574
s1495,493
s1495,32891
s1495,34846
s1495,12164
s1495,20551
s1495,32196
s1495,6567
s1495,2266
s1495,20144
s1495,12175
s1495,24354
s1495,9084
s1495,2124
s1496,15109
s1496,28264
s1496,30740
s1496,27230
s1496,35115
s1496,736
s1496,28962
s1496,20307
s1497,28256
s1497,24969
s1497,36094
s1497,35114
s1497,3017
s1497,3324
s1497,179
s1497,16994
s1498,17483
s1498,978
s1498,22368
s1498,21423
s1498,16197
s1498,14188
s1498,17044
s1498,19961
s1498,14754
s1498,20219
s1499,24923
s1499,14567
s1499,16663
s1499,2896
s1499,25478
s1499,8191
s1500,11336
s1500,10533
s1500,18830
s1500,8277
s1500,7988
s1500,33283
s1500,5298
s1500,31590
s1500,10177
s1501,9272
s1501,34009
s1501,19501
s1501,14493
s1501,10363
s1501,23322
s1501,3803
s1501,9924
s1501,12887
s1501,20145
s1502,16256
s1502,12724
s1502,9103
s1502,30310
s1502,20206
s1502,30568
s1502,5279
s1502,5927
s1502,18066
s1502,13353
s1502,26682
s1502,29603
s1502,9073
s1502,17267
s1502,28335
s1503,20072
s1504,15177
s1504,18243
s1504,18274
s1504,12225
s1504,29141
s1504,31338
s1505,22768
s1505,24840
s1505,33237
s1505,5366
s1505,21246
s1505,35176
s1505,16322
s1505,4489
s1505,30270
s1506,20429
s1506,2581
s1506,20640
s1506,16536
s1506,12282
s1506,27951
s1507,15843
s1507,16872
s1507,17384
s1507,28139
s1507,15393
s1508,16872
s1508,15843
s1508,30156
s1508,6331
s1509,17384
s1509,16872
s1509,20176
s1510,2978
s1511,34193
s1511,33374
s1511,1393
s1511,25863
s1511,20758
s1511,7106
s1511,22961
s1511,31385
s1511,31812
s1511,30643
s1511,32329
s1511,35254
s1511,28121
s1511,10167
s1511,24348
s1512,23577
s1512,29555
s1512,20851
s1512,8678
s1512,3848
s1512,23606
s1512,10626
s1512,23998
s1512,658
s1512,12473
s1512,12194
s1512,23579
s1513,27970
s1514,29502
s1514,14415
s1514,10106
s1514,25994
s1514,18284
s1514,28135
s1514,7218
s1514,26159
s1514,15831
s1514,28448
s1515,25166
s1515,2312
s1515,24117
s1515,33080
s1515,19413
s1515,13303
s1515,20905
s1515,34011
s1516,26290
s1516,23190
s1516,737
s1516,4358
s1516,5952
s1516,20166
s1516,16440
s1516,10018
s1516,4501
s1516,27030
s1516,23178
s1516,6342
s1516,31916
s1517,13208
s1517,11075
s1517,8354
s1517,2278
s1517,10561
s1517,11459
s1517,12592
s1517,4406
s1517,20714
s1518,34753
s1518,5751
s1518,11671
s1518,6920
s1518,22932
s1518,16080
s1518,32912
s1518,14966
s1518,9048
s1518,16327
s1519,11671
s1519,8365
s1519,11330
s1519,4658
s1519,34753
s1519,13318
s1519,22932
s1519,6876
s1519,6973
s1519,3418
s1519,33493
s1519,9048
s1519,32912
s1519,2486
s1519,5751
s1520,23615
s1520,30627
s1520,30625
s1520,417
s1520,13481
s1520,29364
s1521,17058
s1521,30597
s1521,4199
s1521,17060
s1521,2435
s1521,25661
s1521,26890
s1521,29294
s1521,12347
s1521,11234
s1521,31222
s1522,20573
s1522,17327
s1522,28909
s1522,13481
s1522,25101
s1522,12118
s1523,20798
s1523,25717
s1523,23615
s1523,13843
s1523,12359
s1523,23446
s1523,32103
s1524,2804
s1524,20370
s1524,21899
s1524,21398
s1524,16753
s1524,3429
s1524,4232
s1524,19812
s1524,16733
s1524,6456
s1525,14469
s1525,11152
s1525,15252
s1525,31823
s1525,29956
s1525,29343
s1525,10890
s1525,32918
s1525,11642
s1525,33502
s1525,36061
s1525,4684
s1526,23770
s1526,30740
s1526,20482
s1526,18001
s1526,2349
s1526,27947
s1526,21745
s1526,10480
s1527,16574
s1527,16325
s1527,5453
s1527,6079
s1527,3000
s1527,21422
s1527,9205
s1527,14762
s1527,25252
s1529,35625
s1529,30856
s1529,6271
s1529,17148
s1529,25858
s1529,5729
s1529,19274
s1529,29140
s1529,30331
s1529,35599
s1529,6256
s1529,19322
s1529,25851
s1529,19303
s1529,19372
s1529,18206
s1529,18303
s1529,18304
s1530,22409
s1530,9473
s1530,3943
s1530,5757
s1530,26279
s1530,21672
s1530,23305
s1531,2170
s1532,3364
s1532,34063
s1532,3009
s1532,33436
s1532,21742
s1532,25604
s1532,8756
s1533,2431
s1535,9177
s1535,26975
s1535,27945
s1535,4233
s1535,15620
s1535,1499
s1535,4166
s1535,31636
s1535,3061
s1535,20506
s1535,11139
s1537,63
s1537,5315
s1537,5598
s1537,7964
s1537,17679
s1537,22104
s1537,9736
s1537,26207
s1537,24290
s1537,15819
s1537,21644
s1537,9769
s1537,17309
s1538,10755
s1538,25497
s1538,15697
s1538,14281
s1538,7152
s1538,33021
s1538,19475
s1538,14130
s1538,7988
s1538,904
s1538,19710
s1538,28530
s1538,21379
s1538,1165
s1538,34373
s1538,7837
s1538,22935
s1539,28226
s1539,28692
s1539,10970
s1539,12749
s1539,17623
s1539,21966
s1540,33866
s1540,28226
s1540,17561
s1540,3522
s1540,17187
s1540,35740
s1540,35947
s1540,35877
s1540,12756
s1541,1825
s1541,13996
s1541,22955
s1541,91
s1541,13578
s1541,9574
s1541,3062
s1541,17286
s1541,19118
s1541,22957
s1541,2078
s1543,34763
s1544,5659
s1544,9062
s1544,27026
s1544,1117
s1544,29970
s1545,3992
s1545,9662
s1545,4541
s1545,35160
s1545,26171
s1545,28186
s1545,32751
s1545,9987
s1546,6419
s1546,8825
s1546,5777
s1546,2970
s1546,9100
s1546,28235
s1547,12943
s1548,14780
s1548,6014
s1548,17021
s1548,19252
s1549,14201
s1549,19003
s1549,8620
s1549,23186
s1549,7735
s1549,35090
s1549,15484
s1549,4580
s1549,5302
s1549,36044
s1549,34055
s1549,33144
s1550,22522
s1550,30187
s1550,24272
s1550,9186
s1550,31871
s1550,31808
s1550,13429
s1550,14828
s1550,14949
s1550,7981
s1550,2676
s1551,19180
s1551,16312
s1551,1320
s1551,7877
s1551,24253
s1551,17427
s1551,11975
s1551,16689
s1551,1642
s1552,3929
s1552,1714
s1552,25345
s1552,7276
s1552,27587
s1553,19163
s1553,18851
s1553,5571
s1553,4701
s1553,3808
s1553,3846
s1553,7347
s1553,2539
s1553,7570
s1553,22840
s1553,33856
s1554,8028
s1554,20072
s1554,10759
s1555,20770
s1555,7588
s1555,22316
s1555,27065
s1555,23583
s1555,28574
s1555,24014
s1556,26719
s1556,16351
s1557,12677
s1557,11639
s1557,20266
s1557,4745
s1557,13818
s1557,15706
s1559,34753
s1559,8365
s1559,31819
s1559,10932
s1559,24616
s1559,6863
s1559,11422
s1559,67
s1559,5183
s1560,13421
s1560,5104
s1560,32674
s1560,3173
s1560,28494
s1560,28774
s1560,13506
s1560,10507
s1560,1297
s1560,32336
s1560,35371
s1560,35409
s1560,21933
s1560,5226
s1560,21901
s1560,239
s1560,6007
s1560,1926
s1560,22528
s1560,7201
s1561,22677
s1561,14069
s1561,24786
s1561,17927
s1561,2165
s1561,17651
s1561,15397
s1561,2977
s1561,21857
s1561,17961
s1561,33890
s1561,20048
s1561,31364
s1561,24734
s1561,24380
s1562,29716
s1562,24207
s1562,27282
s1562,27014
s1562,18785
s1562,746
s1562,27289
s1562,11236
s1562,13027
s1562,3668
s1563,17895
s1563,32776
s1563,24850
s1563,35884
s1563,17686
s1563,3527
s1563,8903
s1563,3517
s1563,31044
s1563,35973
s1563,3534
s1563,23512
s1563,34021
s1563,25047
s1563,30938
s1563,28220
s1564,4633
s1564,24928
s1564,1348
s1564,3156
s1564,568
s1564,27833
s1564,30930
s1564,30260
s1564,12746
s1565,5001
s1565,10208
s1565,4951
s1565,13647
s1565,1526
s1565,28314
s1565,33424
s1565,34967
s1565,26658
s1565,6607
s1565,35328
s1565,5241
s1566,9888
s1566,20005
s1566,35999
s1566,32068
s1566,10053
s1566,35558
s1566,1112
s1566,15957
s1566,6145
s1566,21232
s1566,23951
s1566,18864
s1566,23154
s1566,33749
s1566,28180
s1566,32235
s1567,3857
s1567,8694
s1567,9888
s1568,25761
s1568,21795
s1568,6410
s1568,15658
s1568,5451
s1568,28805
s1568,16197
s1568,34497
s1568,28879
s1569,9438
s1569,9177
s1569,13841
s1569,11009
s1569,5675
s1569,9605
s1569,32067
s1570,20960
s1570,157
s1571,28919
s1571,23561
s1571,628
s1571,30042
s1571,3164
s1571,12730
s1571,1323
s1571,20826
s1571,12572
s1571,12324
s1572,9445
s1572,22044
s1572,33630
s1572,20251
s1572,10379
s1572,19529
s1572,10883
s1573,26214
s1573,1529
s1573,27942
s1573,19757
s1573,16709
s1574,26256
s1574,14779
s1576,2199
s1577,14823
s1577,17230
s1577,18108
s1577,16641
s1577,4676
s1577,20467
s1577,6070
s1578,9669
s1579,25159
s1579,23855
s1579,12989
s1579,12479
s1579,165
s1579,24229
s1579,10744
s1579,23848
s1579,631
s1579,11460
s1579,10487
s1580,11029
s1580,30802
s1580,13877
s1580,20751
s1580,28061
s1580,7093
s1580,10382
s1580,25549
s1581,1692
s1581,3711
s1581,32447
s1581,17431
s1581,27165
s1581,7709
s1581,9038
s1581,3924
s1581,17010
s1582,9642
s1582,34718
s1582,10049
s1582,2063
s1582,1079
s1582,24770
s1582,8541
s1582,11492
s1582,28961
s1582,3295
s1582,9431
s1583,5559
s1583,6211
s1583,2716
s1583,85
s1583,6819
s1583,25154
s1583,35319
s1583,17422
s1583,33006
s1583,22866
s1583,11102
s1584,8759
s1584,24108
s1584,6242
s1584,6235
s1584,18296
s1584,12235
s1585,15078
s1585,6884
s1585,15790
s1585,6927
s1585,11259
s1585,15036
s1585,8548
s1585,15419
s1585,13429
s1586,5204
s1586,13774
s1586,16546
s1586,5339
s1586,11443
s1586,17740
s1586,3044
s1586,14572
s1586,24709
s1586,21684
s1586,3897
s1586,4597
s1588,19646
s1588,12232
s1588,12970
s1588,13808
s1588,12949
s1588,7859
s1588,20491
s1588,35335
s1588,30363
s1588,5462
s1588,5802
s1589,14561
s1589,36252
s1589,22440
s1589,9100
s1589,34112
s1589,19494
s1589,23050
s1589,13153
s1589,10263
s1589,2634
s1589,11780
s1590,32423
s1590,8769
s1590,27630
s1590,34398
s1590,23670
s1590,11593
s1591,24688
s1591,15802
s1591,15064
s1591,14461
s1591,14882
s1591,10892
s1591,22351
s1591,16124
s1592,24235
s1592,14560
s1592,27460
s1592,30147
s1592,8097
s1592,15273
s1592,16170
s1593,18566
s1593,1517
s1593,29946
s1593,31567
s1593,22657
s1593,8431
s1593,26491
s1593,2380
s1593,10921
s1593,4102
s1594,30952
s1594,36276
s1594,34012
s1594,30309
s1594,5047
s1594,33141
s1594,32520
s1594,6673
s1594,20486
s1594,151
s1594,6939
s1595,8265
s1595,12191
s1595,9646
s1595,10998
s1595,1383
s1595,9848
s1595,12144
s1595,36407
s1595,4364
s1596,11186
s1596,1663
s1596,5850
s1596,19761
s1596,3044
s1596,33599
s1596,29472
s1596,10580
s1596,34054
s1596,33540
s1596,16227
s1596,14229
s1596,33480
s1596,23712
s1597,26135
s1597,27020
s1597,29659
s1597,25058
s1598,1595
s1598,2292
s1598,7136
s1598,10225
s1598,15584
s1599,11398
s1599,16574
s1599,35558
s1599,6455
s1600,29213
s1600,18878
s1600,12471
s1600,31314
s1600,22319
s1600,5246
s1600,6527
s1601,28364
s1601,8097
s1601,2735
s1601,2233
s1601,9799
s1601,15439
s1601,22101
s1601,13165
s1602,19261
s1602,9451
s1602,7610
s1602,20196
s1602,28582
s1602,2987
s1602,23151
s1602,16388
s1602,19596
s1602,7469
s1603,17483
s1603,7519
s1603,20005
s1603,15723
s1603,15770
s1605,2964
s1606,10076
s1606,6102
s1606,8706
s1606,23770
s1606,2349
s1606,2991
s1606,35956
s1606,3509
s1606,449
s1606,256
s1606,4377
s1606,14886
s1606,31417
s1606,8357
s1607,17359
s1607,20620
s1607,2427
s1607,16590
s1607,33643
s1607,21364
s1607,3769
s1607,35290
s1607,481
s1607,23030
s1607,34236
s1607,18702
s1608,12531
s1609,17972
s1609,1693
s1609,12130
s1609,6940
s1609,34145
s1609,28129
s1609,21143
s1609,4992
s1609,15987
s1609,10059
s1610,20330
s1610,4690
s1610,29031
s1610,20066
s1610,14370
s1610,23535
s1610,25543
s1610,30953
s1610,25919
s1610,14313
s1610,2859
s1611,33564
s1611,10321
s1611,3549
s1611,31749
s1611,26693
s1611,24904
s1611,3063
s1611,33253
s1611,7990
s1611,7041
s1612,29057
s1613,15942
s1613,31385
s1613,15777
s1613,30075
s1613,9055
s1613,25347
s1613,4496
s1613,1865
s1613,28396
s1613,9769
s1613,29011
s1614,7289
s1614,9804
s1614,16699
s1614,8034
s1614,8381
s1614,14090
s1614,28363
s1614,6746
s1614,11856
s1614,33613
s1615,8401
s1615,14870
s1615,31766
s1615,9535
s1615,14102
s1615,25029
s1616,7806
s1616,6358
s1616,25346
s1617,23465
s1617,29441
s1617,31649
s1617,31867
s1617,17476
s1617,14453
s1617,15950
s1617,20753
s1617,5625
s1617,10906
s1617,24672
s1617,17997
s1618,24283
s1619,17711
s1619,15410
s1619,28850
s1619,31180
s1619,26175
s1619,28349
s1619,33002
s1619,30761
s1620,24035
s1620,6190
s1620,14955
s1620,21689
s1621,14833
s1621,15809
s1621,15731
s1621,16500
s1621,2640
s1621,14715
s1621,26365
s1621,22685
s1621,5138
s1621,34138
s1622,33608
s1622,19136
s1622,904
s1622,6335
s1622,28705
s1622,33756
s1622,14988
s1622,3976
s1622,6953
s1622,28630
s1623,28046
s1623,22954
s1623,1665
s1623,6553
s1623,8832
s1623,7010
s1623,3950
s1623,3878
s1623,11181
s1625,33564
s1625,3405
s1625,13160
s1625,14636
s1625,26086
s1625,1309
s1625,16945
s1625,14661
s1625,10185
s1625,14658
s1626,18205
s1626,18238
s1626,16788
s1626,684
s1626,19395
s1626,25810
s1627,22583
s1627,9486
s1627,22351
s1627,4270
s1627,19568
s1627,15579
s1627,8912
s1627,7186
s1627,22890
s1627,23464
s1630,18191
s1630,13721
s1630,33785
s1630,21795
s1630,17362
s1630,23135
s1630,14304
s1630,7103
s1630,1544
s1630,7104
s1630,22631
s1630,15008
s1630,31183
s1630,1154
s1630,21672
s1631,14762
s1631,32068
s1631,29684
s1631,28880
s1631,6087
s1631,12285
s1631,35836
s1631,27240
s1631,34388
s1632,12716
s1632,14574
s1632,30183
s1632,22726
s1632,7522
s1632,14945
s1632,15795
s1632,19111
s1632,14001
s1633,34861
s1633,31513
s1633,7072
s1633,28032
s1633,22927
s1633,33024
s1633,4947
s1633,14860
s1633,7445
s1634,29090
s1634,5573
s1634,13770
s1634,19623
s1634,28031
s1634,35206
s1634,29483
s1634,35219
s1634,13858
s1635,6231
s1635,35815
s1635,18292
s1635,35598
s1635,686
s1635,23753
s1635,6279
s1635,19302
s1636,888
s1636,32824
s1636,20868
s1636,17920
s1636,26146
s1636,31328
s1636,2478
s1636,9540
s1636,24495
s1636,9421
s1637,8147
s1638,28576
s1638,1901
s1638,27473
s1638,3938
s1638,20254
s1640,5179
s1640,19021
s1640,9798
s1640,261
s1640,27858
s1640,27050
s1640,29395
s1640,3752
s1640,13640
s1640,31832
s1640,218
s1640,30112
s1640,7005
s1640,8428
s1640,8292
s1640,15964
s1640,34683
s1640,2071
s1640,14954
s1640,8914
s1640,33794
s1640,30213
s1640,17444
s1640,21176
s1640,24945
s1640,23780
s1640,24350
s1640,27758
s1640,10704
s1640,1113
s1640,33407
s1640,26542
s1640,21505
s1640,32560
s1640,13396
s1640,28988
s1640,15862
s1640,24690
s1640,12993
s1640,29865
s1640,14254
s1640,8556
s1640,13140
s1640,1237
s1640,18854
s1640,13524
s1640,31168
s1641,20455
s1641,30458
s1641,7132
s1641,20268
s1641,15642
s1641,28944
s1641,5449
s1641,10191
s1641,16028
s1641,21797
s1641,9328
s1641,10119
s1642,13041
s1642,5272
s1642,514
s1643,10381
s1643,19869
s1643,23705
s1643,2076
s1643,9653
s1643,24821
s1643,11467
s1643,11470
s1643,11480
s1643,31149
s1643,21993
s1644,25845
s1644,16764
s1644,18320
s1644,9118
s1644,25810
s1644,25268
s1644,19285
s1644,34187
s1645,34510
s1645,28071
s1645,8694
s1645,3916
s1646,19063
s1647,32078
s1647,275
s1647,13483
s1647,27107
s1647,606
s1647,12745
s1647,23617
s1647,33085
s1647,145
s1647,10499
s1647,23550
s1647,32812
s1647,12498
s1647,30259
s1647,34918
s1648,30637
s1648,28521
s1648,16574
s1648,16325
s1648,15723
s1648,26739
s1648,21540
s1648,21547
s1649,4718
s1649,33149
s1649,31303
s1649,18832
s1649,905
s1649,4358
s1649,30683
s1650,6118
s1650,16824
s1650,24391
s1650,23132
s1651,30704
s1652,18775
s1652,11701
s1652,7704
s1652,13952
s1652,16624
s1652,16529
s1652,18361
s1652,34133
s1653,34750
s1653,3025
s1653,26835
s1653,18734
s1653,23440
s1653,3137
s1653,6066
s1653,26878
s1654,34750
s1654,3025
s1654,26835
s1654,18734
s1654,23440
s1654,3137
s1654,6066
s1654,26878
s1655,7337
s1655,25226
s1655,4164
s1655,22444
s1655,2271
s1655,25989
s1655,34044
s1655,25990
s1656,25028
s1656,4705
s1656,36027
s1656,24754
s1656,31290
s1656,21702
s1656,2033
s1656,5363
s1656,28833
s1656,11896
s1656,4582
s1656,29439
s1656,15675
s1656,28610
s1657,1825
s1657,11641
s1657,11019
s1657,12171
s1657,10935
s1657,4457
s1657,25590
s1658,34315
s1658,10135
s1658,16757
s1658,22242
s1658,20950
s1658,5599
s1658,5344
s1658,2423
s1658,23972
s1658,25754
s1658,1909
s1658,28695
s1658,8604
s1658,3876
s1658,8615
s1659,388
s1659,7296
s1659,12198
s1659,23584
s1659,32807
s1659,12990
s1659,31418
s1659,3682
s1659,27772
s1659,9855
s1659,34899
s1659,27521
s1660,15054
s1660,4964
s1660,24273
s1660,18949
s1660,33076
s1660,32431
s1660,30401
s1660,34107
s1660,15946
s1661,30704
s1662,18488
s1662,5754
s1662,18296
s1662,11682
s1663,32689
s1663,840
s1663,1743
s1663,7296
s1663,20746
s1663,35537
s1663,29399
s1663,20826
s1663,12478
s1663,32551
s1663,663
s1664,8766
s1664,6489
s1664,33925
s1664,14785
s1664,16308
s1664,14669
s1664,21859
s1665,7667
s1665,31385
s1665,5919
s1665,23095
s1665,8277
s1665,1693
s1665,22522
s1665,35227
s1665,1196
s1665,2776
s1665,18910
s1665,7152
s1665,15065
s1665,34944
s1665,34364
s1666,28372
s1666,23926
s1666,2103
s1666,5161
s1666,2907
s1666,30932
s1666,35375
s1667,18063
s1667,8189
s1667,17057
s1667,23067
s1667,3751
s1668,35461
s1669,2719
s1669,26666
s1669,400
s1669,6191
s1669,13250
s1669,16415
s1671,26886
s1671,28649
s1671,34613
s1671,32524
s1671,34601
s1671,18682
s1671,27533
s1671,23911
s1671,8472
s1671,32090
s1671,206
s1671,27637
s1672,13819
s1672,8567
s1672,14608
s1672,23138
s1672,27660
s1672,14588
s1672,13684
s1672,17872
s1672,1691
s1673,26581
s1674,26295
s1674,17585
s1674,447
s1674,8577
s1674,18447
s1674,11100
s1674,36085
s1674,13337
s1674,26935
s1674,27309
s1675,29387
s1675,17222
s1675,27311
s1675,3321
s1675,34604
s1675,12532
s1675,6094
s1675,29360
s1676,13334
s1676,8227
s1676,30493
s1676,19741
s1676,30634
s1676,24423
s1676,25891
s1676,24491
s1676,36242
s1676,35843
s1676,11788
s1677,3600
s1677,23477
s1677,25700
s1677,24116
s1677,14037
s1678,15781
s1678,33737
s1678,5362
s1678,17938
s1678,16197
s1678,13721
s1678,3875
s1678,24732
s1679,24436
s1679,34521
s1679,31352
s1679,23861
s1679,2844
s1679,34761
s1679,8222
s1679,3258
s1679,12440
s1679,27355
s1679,12848
s1680,766
s1680,17039
s1680,26890
s1680,31461
s1680,29232
s1680,32049
s1680,1977
s1681,1774
s1681,24436
s1681,34599
s1681,23861
s1681,29223
s1681,26888
s1681,33870
s1681,25669
s1681,32192
s1682,34364
s1682,24707
s1682,29453
s1682,22709
s1682,18902
s1682,28189
s1682,10717
s1682,32016
s1682,21592
s1683,30637
s1683,28063
s1683,17483
s1683,20003
s1683,10915
s1683,33666
s1683,16197
s1683,33473
s1684,4528
s1684,23360
s1684,29569
s1684,13270
s1684,27628
s1684,31461
s1684,27374
s1684,27624
s1684,35520
s1684,27347
s1685,4023
s1686,17172
s1686,8157
s1686,9666
s1686,33512
s1686,19764
s1687,17992
s1688,13722
s1688,26690
s1688,18022
s1688,1106
s1688,10739
s1688,13995
s1688,9943
s1688,7955
s1688,12911
s1688,7866
s1688,33778
s1688,24801
s1690,15570
s1690,29031
s1690,21809
s1690,24688
s1690,22955
s1690,33025
s1690,927
s1690,15936
s1690,4273
s1690,7933
s1692,3859
s1692,11897
s1692,11854
s1692,8139
s1692,1524
s1693,34127
s1694,10033
s1694,11904
s1694,18375
s1694,32893
s1694,14339
s1694,4740
s1695,4283
s1695,2513
s1695,14059
s1695,35141
s1695,2264
s1695,4024
s1695,24542
s1695,33032
s1695,18635
s1696,29900
s1696,4603
s1696,18018
s1696,29494
s1697,9754
s1697,30581
s1697,17626
s1697,25946
s1697,27963
s1697,13148
s1697,21892
s1697,34718
s1697,7939
s1697,9563
s1698,14726
s1698,14993
s1698,6867
s1698,28979
s1698,25884
s1698,28344
s1698,1649
s1698,14067
s1698,1688
s1698,1415
s1698,10183
s1698,33419
s1699,6695
s1699,15780
s1699,22114
s1699,34365
s1699,14370
s1699,34576
s1699,9333
s1699,14958
s1699,1137
s1699,3977
s1699,26771
s1699,35144
s1699,12412
s1699,7490
s1699,11856
s1699,12389
s1699,19665
s1699,22147
s1699,2753
s1700,4368
s1700,7653
s1700,28823
s1700,34458
s1700,8124
s1700,21878
s1700,15670
s1700,2616
s1700,11332
s1701,12177
s1701,8886
s1701,5641
s1701,14412
s1701,8353
s1701,25598
s1701,30701
s1702,10266
s1702,29880
s1702,15098
s1702,8303
s1702,17495
s1702,2295
s1702,19771
s1702,10775
s1702,6104
s1702,9797
s1702,32574
s1702,35089
s1702,10661
s1702,6229
s1702,36046
s1702,14197
s1702,24179
s1702,9089
s1702,11015
s1702,18910
s1702,21283
s1702,16229
s1702,22789
s1702,22065
s1702,20014
s1702,10031
s1702,22005
s1702,28819
s1702,6937
s1702,14071
s1702,420
s1702,16912
s1702,4322
s1702,1468
s1702,4340
s1702,19570
s1702,6924
s1702,7152
s1702,2207
s1702,7648
s1703,34764
s1703,14396
s1703,26834
s1703,1761
s1703,17935
s1703,36126
s1703,21043
s1703,34804
s1704,10755
s1704,17651
s1704,12994
s1704,2381
s1704,20635
s1704,26676
s1704,28185
s1704,16866
s1704,30648
s1704,19898
s1704,18155
s1706,31563
s1706,13201
s1706,27887
s1706,8605
s1706,21992
s1706,239
s1706,3662
s1707,20398
s1707,21718
s1707,11956
s1707,5374
s1707,21727
s1707,11693
s1707,9399
s1707,3860
s1707,16158
s1707,7485
s1707,458
s1707,10601
s1707,16449
s1707,626
s1707,26386
s1707,34809
s1707,395
s1707,15458
s1707,5431
s1707,23158
s1708,15781
s1708,29851
s1708,7681
s1708,28875
s1708,15897
s1708,4369
s1708,7691
s1708,858
s1708,13473
s1708,3074
s1708,23281
s1709,36377
s1709,10479
s1709,10975
s1709,8235
s1709,30431
s1709,34148
s1709,1383
s1709,4246
s1710,567
s1710,3857
s1710,29684
s1710,972
s1710,9270
s1710,22225
s1710,33339
s1710,11604
s1710,27687
s1710,4166
s1711,22745
s1711,22605
s1711,25238
s1711,17981
s1711,5747
s1711,690
s1711,2982
s1711,17654
s1711,33931
s1711,15619
s1712,35815
s1712,31493
s1712,3691
s1712,18319
s1712,16804
s1712,18327
s1713,208
s1713,444
s1713,27383
s1713,29767
s1713,10486
s1713,25747
s1713,28649
s1713,30532
s1713,26327
s1714,27891
s1714,20949
s1714,33241
s1714,15025
s1714,33728
s1714,33725
s1714,20896
s1714,588
s1715,4899
s1715,30124
s1715,15123
s1715,7403
s1715,6917
s1715,17731
s1715,14149
s1715,4830
s1715,17722
s1715,21863
s1715,23357
s1715,15874
s1715,13218
s1716,11663
s1716,1274
s1717,21638
s1717,4904
s1717,36048
s1717,9153
s1717,18635
s1717,35054
s1717,18134
s1717,26112
s1717,32881
s1718,4604
s1718,21783
s1718,16202
s1718,10757
s1718,5006
s1718,22102
s1718,12399
s1718,4330
s1718,32852
s1718,18396
s1721,19218
s1721,9638
s1721,2564
s1721,20426
s1721,13619
s1721,10520
s1721,21725
s1721,21349
s1721,33413
s1723,23131
s1723,3450
s1723,7676
s1723,33994
s1725,15985
s1725,8443
s1725,21304
s1725,33275
s1725,14430
s1725,35134
s1726,32964
s1726,15326
s1726,15918
s1726,11017
s1726,448
s1726,13416
s1726,29253
s1726,35293
s1726,35682
s1726,5052
s1726,4242
s1726,27666
s1726,13204
s1726,30437
s1728,34988
s1728,35938
s1728,30889
s1728,26731
s1728,23213
s1728,9220
s1728,35381
s1728,23748
s1729,2810
s1729,3937
s1729,34514
s1729,16375
s1729,9711
s1730,15900
s1730,21333
s1730,4899
s1730,18732
s1730,3895
s1730,26213
s1730,14289
s1730,13706
s1730,19479
s1731,6730
s1731,76
s1731,19905
s1731,33675
s1731,24914
s1731,6554
s1731,4543
s1731,13741
s1731,6890
s1731,3105
s1731,33488
s1732,24611
s1732,6357
s1732,6981
s1732,34128
s1732,8356
s1732,495
s1732,25574
s1732,7828
s1732,5236
s1732,24305
s1732,3484
s1732,33764
s1732,15539
s1733,20005
s1733,9888
s1733,464
s1733,14403
s1733,32468
s1733,25090
s1733,35382
s1733,28102
s1735,24276
s1735,10275
s1735,22829
s1735,31873
s1735,944
s1736,2290
s1736,2325
s1736,8694
s1736,36092
s1736,23154
s1736,11545
s1736,5454
s1736,586
s1737,17350
s1737,1218
s1737,34776
s1737,14310
s1737,14718
s1737,4140
s1737,33956
s1737,28635
s1737,1482
s1737,62
s1737,35376
s1737,4940
s1738,621
s1738,27703
s1738,3524
s1738,29480
s1738,28831
s1738,27783
s1739,9717
s1739,19163
s1739,35487
s1739,10828
s1739,2116
s1739,11287
s1739,18814
s1739,9959
s1740,17031
s1740,24686
s1740,16270
s1740,22560
s1740,19677
s1740,13271
s1740,5876
s1740,16573
s1741,13209
s1741,4403
s1741,5347
s1741,27849
s1741,11631
s1741,4402
s1741,28916
s1741,15647
s1741,9609
s1741,4046
s1741,8717
s1741,9356
s1741,19075
s1742,17662
s1742,8969
s1742,13941
s1742,34275
s1742,24026
s1742,24414
s1742,32140
s1742,17076
s1742,26936
s1742,27024
s1742,8730
s1743,10554
s1744,21955
s1744,29238
s1744,7261
s1746,11957
s1746,1299
s1747,23967
s1747,36350
s1747,10720
s1748,31594
s1748,26344
s1748,14559
s1748,2034
s1748,30747
s1748,2853
s1750,7644
s1750,8315
s1750,5224
s1750,30183
s1750,17547
s1750,14014
s1750,8951
s1750,8092
s1751,14173
s1751,17521
s1751,23101
s1751,16329
s1751,17912
s1751,22649
s1751,5085
s1751,21841
s1752,19562
s1752,4584
s1752,4907
s1752,5460
s1753,4584
s1753,8987
s1753,3243
s1753,20222
s1753,18675
s1753,21062
s1753,25354
s1753,9392
s1754,16287
s1754,29489
s1754,21786
s1754,23759
s1754,14706
s1754,15690
s1755,35122
s1756,19254
s1756,23230
s1758,4882
s1758,13148
s1758,8500
s1758,1184
s1758,34718
s1758,4140
s1758,487
s1758,29214
s1759,22736
s1759,26108
s1759,17749
s1759,4712
s1759,18414
s1759,26274
s1759,34718
s1759,29474
s1760,34718
s1760,15256
s1760,13154
s1760,15806
s1760,26108
s1760,22736
s1760,17749
s1760,4712
s1760,18414
s1760,4763
s1760,21627
s1760,22870
s1761,15560
s1761,23455
s1761,1106
s1761,7506
s1761,14045
s1761,28610
s1761,23116
s1762,10899
s1762,12938
s1762,7539
s1762,21298
s1762,28158
s1762,10860
s1762,3991
s1762,35221
s1762,8456
s1762,1686
s1763,21652
s1763,19153
s1763,13260
s1763,15790
s1763,28740
s1763,5354
s1763,29448
s1763,33038
s1763,24901
s1763,24306
s1764,6528
s1764,22719
s1764,18921
s1764,21474
s1764,21342
s1764,35067
s1764,25355
s1764,7292
s1765,16232
s1765,30507
s1765,36046
s1765,22579
s1765,33629
s1765,33399
s1765,24753
s1765,27968
s1765,15597
s1765,30094
s1765,3992
s1765,20045
s1766,10859
s1766,34931
s1766,11857
s1767,31441
s1767,14326
s1767,19289
s1767,25268
s1768,24189
s1768,10321
s1768,33569
s1768,29598
s1768,25231
s1768,21721
s1768,32499
s1768,11407
s1768,26800
s1768,15930
s1769,25921
s1769,12771
s1769,22846
s1769,6967
s1769,6307
s1769,3087
s1769,22779
s1769,34944
s1770,14320
s1770,19293
s1770,3696
s1770,35570
s1770,31438
s1770,18807
s1770,19334
s1770,18239
s1771,22085
s1771,25164
s1771,15711
s1771,22204
s1771,14708
s1771,6478
s1771,11044
s1771,1320
s1771,34104
s1771,15119
s1772,20081
s1772,13411
s1772,28255
s1772,3843
s1772,11036
s1772,4019
s1772,7579
s1772,32843
s1772,21406
s1772,2210
s1772,20778
s1772,11775
s1772,33096
s1772,35377
s1772,7100
s1772,7426
s1772,2276
s1772,20771
s1772,34142
s1772,19867
s1772,35529
s1772,27564
s1772,16651
s1772,10003
s1772,8566
s1772,17303
s1773,33207
s1773,16047
s1773,21428
s1773,20714
s1773,34439
s1773,13098
s1773,9347
s1773,7471
s1773,9952
s1773,1232
s1774,514
s1774,27164
s1775,34566
s1775,11559
s1775,13983
s1775,8170
s1775,15108
s1775,13765
s1775,10292
s1775,14984
s1776,36439
s1776,35345
s1776,22114
s1776,20929
s1777,6289
s1777,405
s1777,34270
s1777,31133
s1777,19544
s1777,30700
s1777,33415
s1778,30469
s1778,19404
s1778,29729
s1778,30004
s1778,28312
s1778,12737
s1778,28817
s1779,12896
s1779,6249
s1779,18209
s1779,14915
s1779,3688
s1779,34190
s1779,5731
s1779,14325
s1779,14316
s1779,18313
s1779,25836
s1779,18190
s1779,25857
s1780,6734
s1780,23357
s1780,4722
s1780,6213
s1780,13130
s1780,9500
s1780,509
s1780,20454
s1780,12687
s1781,19013
s1781,31699
s1781,16972
s1781,7841
s1781,14636
s1781,6746
s1781,12053
s1781,25981
s1781,23819
s1781,5622
s1782,26626
s1783,1076
s1783,11468
s1783,9263
s1783,10793
s1783,10643
s1783,6755
s1783,361
s1783,3745
s1783,10517
s1783,11425
s1783,9464
s1783,5419
s1783,27890
s1783,25759
s1784,16572
s1784,35399
s1784,13104
s1784,8772
s1785,7519
s1785,17483
s1785,30516
s1785,26280
s1785,22009
s1785,14360
s1785,23281
s1785,6728
s1785,5124
s1785,23099
s1786,9797
s1786,20434
s1786,18646
s1786,10777
s1786,15075
s1786,2111
s1786,7186
s1786,1156
s1786,21047
s1787,2784
s1788,7421
s1788,14108
s1788,19074
s1788,18426
s1788,28473
s1789,16613
s1789,23027
s1789,35118
s1789,31703
s1789,30209
s1789,11053
s1789,23032
s1789,23428
s1789,26760
s1789,25298
s1789,35289
s1791,8393
s1791,14472
s1791,6749
s1791,20989
s1791,15091
s1791,9430
s1791,6314
s1791,406
s1791,22168
s1791,22552
s1791,7649
s1791,22094
s1791,289
s1791,14835
s1791,8022
s1791,10901
s1791,34369
s1792,28364
s1792,8097
s1792,2735
s1792,2233
s1792,28484
s1792,6874
s1794,29842
s1794,10892
s1794,22351
s1794,3999
s1794,22473
s1794,14289
s1794,15949
s1794,3395
s1794,6938
s1794,16106
s1794,33665
s1794,12613
s1794,16060
s1794,7591
s1794,35270
s1794,21193
s1794,9190
s1794,21533
s1794,35110
s1794,33578
s1795,23207
s1795,13647
s1795,2668
s1795,14277
s1795,28889
s1795,1637
s1795,15905
s1795,35627
s1795,32714
s1795,6029
s1795,8474
s1796,27487
s1796,17554
s1796,11762
s1796,7755
s1796,36085
s1796,31323
s1796,24426
s1796,8763
s1796,34218
s1797,13020
s1797,14094
s1797,31834
s1797,10909
s1797,3796
s1797,23535
s1797,29853
s1797,15266
s1798,33315
s1798,7602
s1798,10266
s1798,6366
s1798,7958
s1798,22204
s1798,9061
s1799,2593
s1799,9823
s1799,22018
s1799,32290
s1799,33127
s1799,6661
s1799,17506
s1799,13238
s1799,21182
s1800,19194
s1800,14673
s1800,8016
s1800,28736
s1800,24724
s1800,4104
s1800,10246
s1800,31589
s1800,11085
s1800,24900
s1800,14957
s1802,5640
s1802,26653
s1802,17795
s1802,28406
s1802,15688
s1802,29674
s1802,29037
s1802,21289
s1802,18372
s1802,3122
s1802,13453
s1802,6801
s1802,6958
s1803,9489
s1803,4593
s1803,29869
s1803,9184
s1803,26643
s1803,34566
s1803,21587
s1803,34924
s1803,22443
s1804,7478
s1804,5487
s1804,22531
s1804,498
s1804,10618
s1804,16455
s1804,15933
s1804,34494
s1804,8042
s1804,1915
s1805,2860
s1805,4273
s1805,21457
s1805,33193
s1805,23792
s1805,12418
s1805,13579
s1805,6459
s1805,27754
s1805,6222
s1805,13856
s1807,11610
s1807,33207
s1807,33249
s1807,34066
s1807,33970
s1807,21348
s1807,18390
s1807,15992
s1808,2325
s1808,5355
s1808,8709
s1809,7509
s1809,14147
s1809,7919
s1809,7801
s1809,29470
s1809,34054
s1809,25057
s1809,20761
s1809,34285
s1809,6415
s1810,17483
s1810,7519
s1810,7743
s1810,14629
s1810,32293
s1810,27973
s1810,18456
s1810,25252
s1810,1575
s1810,16487
s1811,15045
s1811,1226
s1811,29379
s1811,22886
s1811,29852
s1811,2538
s1811,10853
s1811,15630
s1811,18795
s1811,3560
s1812,24250
s1812,33403
s1812,35296
s1812,10789
s1812,32299
s1812,1455
s1812,8875
s1812,25867
s1813,19682
s1813,22073
s1813,13920
s1814,26961
s1814,11336
s1814,20933
s1814,14587
s1814,33412
s1814,12937
s1814,7953
s1815,19766
s1815,3062
s1815,18652
s1815,17652
s1815,2473
s1815,29460
s1815,33561
s1815,21617
s1815,15755
s1815,4305
s1816,17400
s1816,28683
s1816,23177
s1816,11007
s1816,19439
s1816,22172
s1816,4389
s1816,20549
s1816,16985
s1817,22831
s1817,15950
s1817,5513
s1817,5585
s1817,22143
s1817,29280
s1817,7830
s1817,13815
s1817,28028
s1818,10341
s1818,23409
s1818,16222
s1818,9432
s1818,26634
s1818,619
s1819,28572
s1819,24047
s1819,24014
s1819,19737
s1819,25448
s1819,23813
s1819,5032
s1819,27480
s1819,15595
s1819,20802
s1819,20833
s1819,3677
s1819,35795
s1820,11376
s1820,19028
s1820,9819
s1820,29558
s1820,5253
s1820,28597
s1820,5512
s1820,11600
s1820,6492
s1821,26635
s1821,8553
s1822,12104
s1822,28915
s1822,35503
s1822,27243
s1822,16222
s1822,18971
s1823,12797
s1823,27243
s1823,13058
s1823,12096
s1823,20883
s1823,12477
s1823,12483
s1823,24005
s1823,12213
s1823,29538
s1823,29211
s1823,28605
s1823,24823
s1824,27482
s1825,32645
s1825,17271
s1825,3678
s1825,32816
s1825,25445
s1825,12742
s1825,20833
s1825,713
s1826,10695
s1826,20788
s1826,27489
s1826,27914
s1826,16591
s1826,19737
s1826,36230
s1826,24443
s1826,9228
s1826,1379
s1827,31609
s1827,23997
s1827,28617
s1827,27774
s1827,35763
s1827,28212
s1828,24014
s1828,11376
s1828,5032
s1828,27647
s1828,9415
s1828,13313
s1828,36062
s1828,1353
s1828,1333
s1828,24093
s1830,27447
s1830,23542
s1830,28657
s1830,5441
s1830,16222
s1830,19737
s1831,28658
s1831,16773
s1831,122
s1831,32768
s1831,22125
s1831,28286
s1831,33754
s1832,24039
s1832,36230
s1833,13311
s1833,2750
s1833,9426
s1833,5441
s1833,34660
s1833,5831
s1833,35532
s1834,18497
s1834,34032
s1834,2531
s1834,5559
s1834,6570
s1834,19574
s1834,14710
s1834,9378
s1834,4096
s1834,15479
s1834,32966
s1834,1101
s1834,15739
s1835,3692
s1835,24109
s1835,18296
s1835,17133
s1835,18201
s1835,35827
s1835,31771
s1835,18219
s1835,30339
s1835,31491
s1836,31980
s1836,34737
s1836,21598
s1836,17551
s1836,26661
s1836,29405
s1836,8012
s1836,15132
s1836,4071
s1836,14657
s1837,4678
s1837,24700
s1837,5618
s1837,25900
s1837,25953
s1837,26695
s1837,4849
s1837,4800
s1837,13301
s1837,3185
s1837,3116
s1837,16885
s1837,21130
s1838,25249
s1838,25256
s1838,1748
s1838,20969
s1838,1621
s1838,1563
s1838,33140
s1838,2701
s1838,4739
s1839,10171
s1839,15856
s1839,32574
s1839,14149
s1839,17231
s1839,33475
s1839,33680
s1839,19051
s1839,22803
s1839,5076
s1840,1750
s1840,21466
s1840,19875
s1840,13496
s1840,16703
s1840,8927
s1840,8666
s1840,1881
s1840,6906
s1840,19197
s1840,11094
s1840,6125
s1840,24953
s1840,26696
s1840,26641
s1840,16920
s1841,5443
s1841,5670
s1841,10143
s1841,10078
s1841,1030
s1841,13490
s1841,5380
s1841,21518
s1841,26735
s1841,16460
s1841,9244
s1841,21113
s1841,14543
s1842,24720
s1842,5851
s1842,11151
s1842,23735
s1842,4763
s1842,11513
s1842,17693
s1843,29225
s1843,9192
s1843,35435
s1843,14969
s1843,21636
s1843,16232
s1843,22864
s1843,10845
s1843,15682
s1843,1174
s1843,15708
s1843,3995
s1844,30759
s1844,23793
s1844,27901
s1844,35155
s1844,13878
s1844,7059
s1844,12567
s1844,22134
s1844,23125
s1844,5162
s1845,32682
s1845,25492
s1845,33557
s1845,33995
s1845,20540
s1845,34076
s1845,13153
s1845,13389
s1845,1088
s1845,32709
s1846,17969
s1846,21600
s1846,32796
s1846,27674
s1846,15706
s1846,28510
s1846,4767
s1846,13722
s1846,2144
s1846,25078
s1847,12476
s1847,23566
s1847,12239
s1847,12478
s1847,20887
s1847,23559
s1847,29545
s1847,35536
s1847,634
s1847,3848
s1848,31930
s1848,7855
s1848,32951
s1848,32007
s1848,2140
s1848,7807
s1848,19758
s1848,5551
s1848,29871
s1849,27181
s1849,10129
s1849,32961
s1849,6132
s1849,34303
s1849,988
s1850,8524
s1850,3599
s1850,248
s1850,8184
s1850,6498
s1850,8741
s1850,8360
s1850,422
s1850,27948
s1851,14759
s1851,3438
s1851,3511
s1851,24058
s1851,17278
s1851,27742
s1852,10708
s1852,18824
s1852,17754
s1852,31079
s1852,28459
s1853,28776
s1853,14623
s1853,13892
s1853,236
s1853,33071
s1853,18656
s1853,7043
s1853,17970
s1855,7591
s1855,25549
s1855,23191
s1855,12551
s1855,25290
s1855,772
s1855,30521
s1855,31955
s1855,12623
s1855,7692
s1855,11946
s1855,23152
s1855,5229
s1855,11481
s1855,33545
s1855,20243
s1855,25409
s1855,21705
s1855,13522
s1855,28543
s1855,19041
s1855,23438
s1855,19670
s1855,36296
s1855,2722
s1855,4781
s1855,22290
s1855,26546
s1855,27485
s1855,26530
s1855,1321
s1855,32693
s1855,3760
s1855,22903
s1855,19481
s1855,3897
s1855,9074
s1855,21212
s1855,27682
s1855,32212
s1855,18852
s1855,7928
s1855,18903
s1855,24916
s1855,35151
s1855,3471
s1855,20516
s1855,3182
s1855,3562
s1855,20221
s1856,17005
s1856,2997
s1856,7750
s1856,36181
s1856,20178
s1856,34383
s1856,17419
s1857,4412
s1859,10449
s1859,17222
s1859,30496
s1859,18300
s1859,806
s1860,31180
s1860,28349
s1860,15410
s1860,26094
s1860,31179
s1860,33002
s1860,28067
s1860,22904
s1860,26175
s1860,17711
s1861,4110
s1861,2675
s1861,5157
s1861,33607
s1861,15608
s1861,24880
s1861,10759
s1861,4501
s1861,8880
s1861,17053
s1861,15579
s1861,23838
s1861,8370
s1861,4244
s1862,43
s1862,20682
s1862,29259
s1862,8444
s1862,2833
s1862,30546
s1862,25667
s1862,27363
s1862,30008
s1863,23477
s1863,18175
s1863,17066
s1863,25425
s1863,11607
s1863,35961
s1863,4467
s1863,25426
s1863,17214
s1864,11966
s1864,27201
s1864,29295
s1864,34433
s1864,29273
s1865,17230
s1865,32446
s1865,8370
s1865,7063
s1865,8189
s1865,31853
s1865,7393
s1865,13995
s1865,31866
s1866,846
s1866,32206
s1866,25783
s1866,4379
s1866,28245
s1866,15909
s1866,21071
s1866,27388
s1866,30614
s1866,32281
s1867,766
s1867,32352
s1867,7217
s1867,806
s1867,27311
s1867,10458
s1867,1815
s1867,23866
s1868,9720
s1868,7746
s1868,23094
s1868,7063
s1868,15056
s1868,2953
s1868,15582
s1868,25075
s1870,35445
s1870,34657
s1870,32080
s1870,3554
s1870,13559
s1870,27339
s1871,25484
s1871,20810
s1871,8414
s1871,25483
s1871,22609
s1871,35513
s1871,5062
s1871,30271
s1871,25514
s1871,9923
s1873,27198
s1873,26488
s1873,25568
s1873,13317
s1873,12469
s1873,2797
s1873,32510
s1873,27782
s1874,34582
s1874,25338
s1874,12688
s1874,1719
s1874,32504
s1874,27287
s1874,32556
s1874,1723
s1874,4028
s1875,4247
s1876,11673
s1876,19318
s1876,18252
s1876,35564
s1876,19378
s1876,30844
s1876,30339
s1877,4788
s1877,22209
s1877,21122
s1877,3628
s1878,30342
s1878,18488
s1878,18232
s1878,18344
s1878,32538
s1878,31491
s1878,25844
s1878,14322
s1878,35719
s1878,19296
s1878,31488
s1878,14328
s1878,35699
s1878,23326
s1878,18273
s1878,18179
s1878,5735
s1879,9482
s1879,25679
s1879,4479
s1879,21427
s1879,6560
s1879,12676
s1879,13549
s1879,19864
s1879,8459
s1879,28072
s1879,28193
s1879,14381
s1879,6021
s1879,29234
s1879,420
s1880,344
s1880,17997
s1880,16666
s1880,27661
s1880,31867
s1880,22351
s1880,28354
s1880,16781
s1880,17819
s1880,33359
s1880,22789
s1880,17208
s1880,11368
s1880,25788
s1880,25036
s1880,6166
s1880,6901
s1880,18853
s1880,19215
s1880,23245
s1880,13822
s1880,29248
s1880,32229
s1881,34664
s1881,18420
s1881,1049
s1881,24294
s1881,21889
s1881,35942
s1881,9387
s1881,34663
s1881,1231
s1881,30027
s1882,20697
s1882,20012
s1882,26772
s1882,24300
s1882,7736
s1882,29814
s1882,36040
s1882,5201
s1882,6453
s1882,36112
s1883,8766
s1884,24076
s1884,8130
s1884,33039
s1884,29474
s1884,27963
s1884,18897
s1885,25125
s1885,4585
s1885,28386
s1885,4673
s1885,29215
s1887,7832
s1888,7502
s1888,10200
s1888,5625
s1888,2643
s1888,6320
s1888,9734
s1888,29868
s1888,14856
s1888,25033
s1888,9058
s1888,17239
s1888,28325
s1889,22670
s1889,564
s1889,35638
s1889,25513
s1889,3700
s1889,33515
s1889,3675
s1889,12148
s1889,8961
s1892,9846
s1892,5714
s1892,3909
s1892,9142
s1892,36397
s1892,5703
s1892,12168
s1892,10578
s1892,23350
s1892,12077
s1893,888
s1893,31328
s1893,20868
s1893,2478
s1893,17920
s1893,26146
s1893,31711
s1893,34101
s1893,9540
s1893,15332
s1894,33588
s1894,6354
s1894,6557
s1894,15706
s1894,3999
s1894,6373
s1894,8015
s1894,13905
s1894,5674
s1894,2262
s1894,5331
s1895,19761
s1895,26640
s1895,3240
s1895,20255
s1895,17421
s1895,29589
s1895,4982
s1895,5252
s1896,5314
s1896,26662
s1896,2365
s1896,5071
s1896,6698
s1896,891
s1896,6812
s1896,14236
s1897,4165
s1897,30646
s1897,25474
s1897,26325
s1897,35284
s1897,13257
s1897,17779
s1897,4448
s1897,382
s1897,25470
s1897,30273
s1897,258
s1897,29522
s1897,25990
s1897,11873
s1898,24436
s1898,24227
s1898,39
s1898,13372
s1898,29725
s1898,31049
s1899,28006
s1899,23971
s1900,4374
s1900,8268
s1900,34224
s1900,25286
s1900,4546
s1900,24577
s1900,4078
s1900,22608
s1900,12149
s1901,13918
s1901,11404
s1901,11870
s1901,29850
s1901,22685
s1901,30726
s1901,6851
s1901,33128
s1901,6371
s1901,34853
s1901,14935
s1901,290
s1901,36260
s1902,22252
s1902,10121
s1902,22126
s1902,27820
s1902,16486
s1902,32863
s1902,34481
s1902,10602
s1902,23637
s1902,33271
s1902,21394
s1902,23739
s1902,34487
s1903,12136
s1903,14354
s1903,1729
s1903,12653
s1903,24112
s1903,33131
s1903,32874
s1903,12119
s1903,16343
s1903,31553
s1903,32073
s1903,2528
s1904,3969
s1904,12701
s1904,26534
s1905,9282
s1905,36029
s1906,33783
s1906,35823
s1906,33208
s1906,8371
s1906,10430
s1906,36274
s1906,17856
s1906,24774
s1907,17539
s1907,23191
s1907,113
s1907,22816
s1907,6501
s1907,18772
s1907,21743
s1908,15188
s1908,12226
s1908,17133
s1908,14326
s1909,35749
s1909,28275
s1909,23342
s1909,30934
s1909,24388
s1909,35885
s1909,32592
s1909,697
s1909,20598
s1909,32573
s1909,35964
s1909,29773
s1909,12833
s1909,6169
s1909,25048
s1909,16824
s1909,35862
s1909,16761
s1910,22166
s1910,11924
s1910,20791
s1910,17908
s1910,6531
s1910,30151
s1910,13864
s1910,33203
s1910,4315
s1911,32572
s1911,9253
s1911,5228
s1911,2789
s1911,9453
s1911,7205
s1911,32497
s1911,1408
s1911,7226
s1911,510
s1911,15875
s1911,21484
s1911,16388
s1911,16586
s1911,29224
s1911,1448
s1911,5586
s1911,25701
s1911,16650
s1913,29450
s1913,16624
s1913,28243
s1913,27161
s1913,33437
s1913,25547
s1913,31697
s1913,23218
s1913,6866
s1913,27966
s1915,25302
s1916,23513
s1916,21799
s1916,18483
s1916,22641
s1916,22320
s1916,4860
s1916,21671
s1916,21755
s1916,22871
s1916,34852
s1917,33690
s1917,33304
s1918,25507
s1918,34593
s1918,25071
s1918,22211
s1918,26242
s1918,590
s1918,11784
s1918,5105
s1919,35749
s1919,12450
s1919,3535
s1919,17103
s1919,28247
s1919,3525
s1919,12803
s1919,12815
s1919,29772
s1919,18518
s1920,24078
s1920,636
s1920,30513
s1920,3848
s1920,9901
s1921,3740
s1921,13584
s1921,651
s1921,31395
s1921,24430
s1921,10324
s1922,30094
s1922,5170
s1922,25517
s1922,13780
s1922,7032
s1922,23306
s1922,13873
s1922,32896
s1922,16067
s1922,1199
s1923,23525
s1923,7053
s1923,8913
s1923,14808
s1923,17799
s1923,36003
s1924,34944
s1924,28332
s1924,23016
s1924,25431
s1924,22350
s1924,28925
s1924,20904
s1925,32574
s1925,1239
s1925,7106
s1925,30224
s1925,26229
s1925,26449
s1925,13174
s1925,15445
s1926,4439
s1926,9256
s1926,13658
s1926,21420
s1926,29512
s1926,26549
s1926,25948
s1926,16164
s1926,26401
s1926,16450
s1926,16145
s1928,5237
s1928,34901
s1928,2536
s1928,31917
s1928,3293
s1928,28416
s1929,7271
s1929,20597
s1929,12814
s1929,35881
s1929,9768
s1929,18526
s1929,31037
s1929,35877
s1929,28692
s1929,16761
s1930,22091
s1930,20004
s1930,11772
s1930,22165
s1930,12164
s1930,22068
s1930,15077
s1931,4800
s1931,8075
s1931,30932
s1931,19473
s1931,25421
s1931,26489
s1931,1310
s1931,23925
s1932,15296
s1932,36046
s1932,22065
s1932,2165
s1932,5891
s1932,28532
s1932,4777
s1932,22755
s1932,34030
s1933,15296
s1933,36046
s1933,22065
s1933,2165
s1933,5891
s1933,28532
s1933,4777
s1933,22755
s1933,34030
s1933,15533
s1933,24479
s1933,21713
s1934,7595
s1934,24803
s1934,17363
s1934,5687
s1934,30619
s1934,73
s1934,28366
s1934,17556
s1934,13884
s1934,27123
s1934,25722
s1934,31126
s1934,31354
s1934,4094
s1934,32706
s1934,17389
s1936,23065
s1937,22857
s1937,22815
s1937,29222
s1937,24097
s1937,20553
s1937,29278
s1937,11187
s1937,2695
s1937,18632
s1937,3652
s1937,30192
s1937,21701
s1937,31788
s1937,14730
s1937,316
s1937,11528
s1937,2702
s1938,23418
s1938,13003
s1938,169
s1938,9034
s1938,31073
s1938,34878
s1938,33108
s1938,31123
s1938,31077
s1938,8767
s1938,19844
s1939,29723
s1939,30265
s1939,27333
s1939,32802
s1939,22353
s1939,5793
s1939,24119
s1939,4868
s1939,1487
s1939,21104
s1940,24216
s1940,20682
s1940,3091
s1940,13025
s1940,34628
s1940,21075
s1940,29388
s1941,766
s1941,17222
s1941,3091
s1941,34062
s1941,30993
s1941,5692
s1941,1809
s1941,2445
s1942,30496
s1942,1815
s1942,30773
s1942,34791
s1942,17193
s1942,30473
s1942,8230
s1942,35517
s1942,29983
s1942,24488
s1943,24216
s1943,34599
s1943,3091
s1943,29388
s1943,2835
s1944,30496
s1944,17222
s1944,32830
s1944,7701
s1944,26295
s1944,17078
s1944,18403
s1944,8729
s1944,30013
s1945,43
s1945,21051
s1945,30634
s1945,8712
s1945,7305
s1945,2389
s1946,197
s1946,11960
s1946,27297
s1946,29930
s1946,18727
s1946,34674
s1946,35455
s1946,15627
s1946,4868
s1946,24436
s1947,846
s1947,17554
s1947,24130
s1947,2389
s1947,25783
s1947,20973
s1947,10623
s1947,28996
s1947,32206
s1947,20927
s1947,3321
s1949,17751
s1949,16053
s1949,6550
s1949,26139
s1949,7873
s1949,33344
s1950,18627
s1950,32922
s1950,35204
s1950,14039
s1950,7214
s1950,21061
s1951,6198
s1951,26900
s1951,16969
s1951,28317
s1951,435
s1951,30917
s1951,29766
s1951,32801
s1951,27608
s1951,34419
s1954,25607
s1954,22675
s1954,3935
s1954,25285
s1954,4545
s1954,29192
s1955,1513
s1955,2111
s1955,14683
s1955,22155
s1955,35426
s1955,16878
s1955,762
s1956,16816
s1956,24109
s1957,24234
s1958,13000
s1958,7290
s1958,10277
s1958,2716
s1958,17981
s1958,12909
s1958,14151
s1958,17293
s1958,25313
s1958,15733
s1959,15942
s1959,28892
s1960,23299
s1960,12665
s1960,29411
s1960,12620
s1960,20185
s1960,5076
s1960,383
s1960,32332
s1960,10784
s1960,10675
s1961,35319
s1964,17841
s1964,17169
s1964,32568
s1964,21974
s1964,18583
s1964,23492
s1964,32822
s1964,35898
s1964,33705
s1964,29115
s1964,21959
s1964,31043
s1964,10967
s1964,9931
s1964,17562
s1965,32598
s1965,823
s1965,30938
s1965,12818
s1965,32587
s1965,35887
s1965,21965
s1965,17894
s1965,17673
s1965,11695
s1965,9593
s1965,17821
s1965,32868
s1965,18568
s1965,2928
s1965,18859
s1966,32598
s1966,17673
s1966,2862
s1966,35887
s1966,21965
s1966,17894
s1966,24191
s1966,823
s1966,30938
s1966,32587
s1966,12818
s1966,25056
s1966,17686
s1966,9593
s1966,21028
s1966,27920
s1966,21942
s1967,32598
s1967,823
s1967,21965
s1967,32587
s1967,12818
s1967,30938
s1967,27920
s1967,18516
s1967,11753
s1967,21942
s1967,17673
s1967,35887
s1967,17894
s1967,24191
s1967,9593
s1967,21028
s1968,32587
s1968,12818
s1968,32633
s1968,23507
s1968,17794
s1968,32598
s1968,24176
s1968,18516
s1968,25056
s1968,17686
s1968,17841
s1968,17169
s1968,32568
s1968,25070
s1968,32868
s1968,32563
s1969,17625
s1969,16769
s1969,35887
s1969,12869
s1969,11695
s1969,29148
s1969,10960
s1969,15348
s1969,35967
s1969,12505
s1969,815
s1969,35642
s1969,30852
s1969,3373
s1969,29136
s1970,32598
s1970,25056
s1970,17686
s1970,823
s1970,30938
s1970,17673
s1970,35887
s1970,21965
s1970,17894
s1970,17841
s1970,17169
s1970,32568
s1970,32587
s1970,12818
s1970,32868
s1970,2928
s1971,17255
s1971,24562
s1971,12649
s1971,30784
s1971,18081
s1971,10325
s1971,32782
s1971,1732
s1972,11590
s1972,11996
s1972,27258
s1972,25425
s1972,3647
s1972,3501
s1972,17204
s1972,27483
s1973,31394
s1973,4239
s1973,3211
s1973,27335
s1973,28946
s1973,18107
s1974,34764
s1974,14396
s1974,26834
s1974,34804
s1974,21043
s1974,32379
s1974,32266
s1974,36126
s1975,13477
s1975,15336
s1975,31387
s1975,20804
s1975,27311
s1975,8201
s1975,27375
s1975,31277
s1975,27360
s1975,23843
s1976,4528
s1976,34763
s1976,24514
s1976,19911
s1976,27433
s1976,15909
s1976,34628
s1976,33432
s1976,29723
s1976,3591
s1977,14689
s1977,229
s1977,27011
s1977,30975
s1977,18107
s1977,30598
s1977,3813
s1977,8145
s1977,27364
s1978,4209
s1978,18544
s1978,34657
s1978,1790
s1978,42
s1978,17211
s1978,17064
s1978,12547
s1978,24488
s1978,18719
s1979,29880
s1979,10661
s1979,16551
s1979,30650
s1979,7178
s1979,15952
s1979,5891
s1980,20554
s1980,29039
s1981,14166
s1981,22450
s1981,8607
s1981,29063
s1981,12416
s1981,1747
s1981,12842
s1981,23824
s1982,2025
s1982,16407
s1982,5791
s1982,33676
s1982,32325
s1982,35113
s1982,18064
s1982,17275
s1983,24441
s1983,34289
s1983,25913
s1983,12439
s1983,33086
s1983,34676
s1983,8496
s1983,7216
s1984,11833
s1984,10005
s1984,7130
s1984,7955
s1984,35862
s1984,24127
s1984,23508
s1984,35907
s1984,32398
s1984,32611
s1985,22397
s1986,20016
s1986,9803
s1986,32063
s1986,32712
s1986,35035
s1986,715
s1986,26623
s1987,24441
s1987,34289
s1987,25913
s1987,12439
s1987,33086
s1987,34676
s1987,8496
s1987,7216
s1988,25237
s1988,8344
s1988,32660
s1988,8410
s1988,14032
s1988,13730
s1988,16643
s1988,22604
s1988,27454
s1988,12468
s1989,2457
s1989,33250
s1989,24934
s1989,15649
s1989,16847
s1989,11922
s1989,70
s1989,6754
s1990,4011
s1990,1403
s1990,28004
s1990,5737
s1990,4626
s1990,20110
s1990,6764
s1990,11105
s1992,17448
s1992,19313
s1992,21643
s1992,28548
s1992,31022
s1992,24652
s1992,8036
s1992,12517
s1992,35798
s1992,6725
s1992,13526
s1993,14454
s1994,2191
s1994,12629
s1994,26769
s1994,23025
s1994,21552
s1994,28411
s1994,23427
s1994,12621
s1994,26261
s1994,20740
s1995,33457
s1996,33569
s1996,4313
s1996,28233
s1996,28447
s1996,22719
s1996,14424
s1996,30224
s1996,12171
s1996,12418
s1996,9481
s1997,21500
s1997,9113
s1997,11954
s1997,21930
s1997,5700
s1997,27715
s1997,26806
s1997,1386
s1997,21819
s1998,13218
s1998,28101
s1998,5949
s1998,17756
s1998,16366
s1998,34705
s1998,2993
s1998,23567
s1998,33258
s1998,16924
s1999,34373
s1999,5025
s1999,12608
s1999,14869
s1999,25708
s1999,19119
s1999,16556
s1999,6818
s1999,31827
s1999,3951
s1999,23393
s1999,15115
s1999,22293
s1999,34591
s1999,13748
s1999,9661
s1999,19820
s2001,22893
s2002,34555
s2002,16555
s2002,22605
s2002,1564
s2002,31143
s2002,18695
s2002,18038
s2002,35131
s2002,8876
s2004,24542
s2004,4686
s2004,14609
s2004,12258
s2004,17568
s2004,6482
s2004,16065
s2004,13694
s2004,11350
s2004,2757
s2004,10892
s2004,13876
s2004,889
s2005,29075
s2005,32161
s2005,17996
s2005,32576
s2005,15947
s2005,4660
s2005,28169
s2005,16030
s2005,6224
s2006,30456
s2006,31430
s2006,34416
s2006,6192
s2006,34153
s2006,30646
s2006,30482
s2006,29304
s2006,17779
s2006,399
s2007,11882
s2007,27410
s2007,6807
s2007,10553
s2008,24247
s2008,16498
s2008,31152
s2008,28504
s2008,34590
s2008,2918
s2008,1293
s2008,15461
s2008,237
s2008,25437
s2008,20372
s2008,25958
s2008,28587
s2008,20361
s2008,963
s2008,23637
s2008,7898
s2008,21732
s2008,9374
s2008,11720
s2008,22239
s2008,7209
s2009,16006
s2009,12050
s2009,16600
s2009,19738
s2009,25404
s2009,1354
s2009,19805
s2009,20198
s2009,9882
s2009,34343
s2010,33886
s2010,11700
s2010,26413
s2010,15246
s2010,27827
s2011,14553
s2011,5600
s2011,11416
s2011,7070
s2011,1727
s2011,15980
s2011,6570
s2011,32511
s2011,18637
s2011,8744
s2011,18455
s2012,26029
s2012,24272
s2012,9186
s2012,10548
s2012,14697
s2012,12455
s2012,21812
s2012,13166
s2012,5008
s2013,34209
s2013,25379
s2013,9411
s2013,190
s2013,36341
s2013,21099
s2013,7489
s2013,19132
s2013,24812
s2013,3942
s2013,16449
s2013,35436
s2014,17457
s2014,28781
s2014,17565
s2014,8897
s2014,31719
s2014,23106
s2014,31572
s2015,35309
s2016,24130
s2016,32143
s2016,13442
s2016,112
s2016,30034
s2017,32029
s2017,34293
s2017,24161
s2017,31461
s2017,32143
s2017,26909
s2017,1963
s2017,32087
s2018,29273
s2018,34623
s2018,13442
s2018,31024
s2018,29232
s2018,32202
s2018,3291
s2018,27330
s2019,29273
s2019,13442
s2019,34623
s2019,31024
s2019,3291
s2019,24941
s2019,7305
s2019,11593
s2020,12944
s2020,4177
s2020,27002
s2020,8231
s2020,21073
s2020,20875
s2021,24216
s2021,16998
s2021,18729
s2022,22656
s2022,18222
s2022,8420
s2022,18977
s2022,34085
s2022,20544
s2022,8164
s2022,17693
s2022,20221
s2022,11869
s2022,25497
s2023,20698
s2023,5902
s2023,25599
s2023,14965
s2023,13907
s2023,29226
s2023,30025
s2023,6104
s2023,5403
s2023,4541
s2023,31519
s2024,28261
s2024,31028
s2024,30660
s2024,32087
s2024,4190
s2024,23291
s2024,34197
s2024,30595
s2024,34812
s2024,20795
s2025,36427
s2025,36420
s2025,11705
s2025,9846
s2025,9063
s2025,25484
s2025,29358
s2025,4267
s2025,24918
s2025,12142
s2026,25872
s2026,6092
s2026,2665
s2026,108
s2026,34351
s2026,11594
s2027,31459
s2027,12944
s2027,15388
s2027,2382
s2027,12644
s2027,29650
s2027,31098
s2027,850
s2027,34287
s2027,1963
s2028,6431
s2028,10619
s2028,35556
s2028,31740
s2028,35857
s2028,29270
s2028,10459
s2028,411
s2029,35794
s2029,8674
s2029,613
s2029,12239
s2029,20823
s2029,3852
s2029,18083
s2029,20825
s2030,16529
s2030,14800
s2030,9718
s2030,2111
s2030,28362
s2030,3930
s2030,12241
s2030,17802
s2030,19563
s2030,6396
s2030,5329
s2031,34657
s2031,31056
s2031,24166
s2031,18544
s2031,4394
s2031,28309
s2031,26868
s2031,12319
s2032,10475
s2032,23961
s2032,10153
s2032,13275
s2032,23948
s2032,22398
s2032,22406
s2032,8264
s2032,20983
s2035,533
s2035,31416
s2035,11057
s2035,908
s2035,7768
s2035,20747
s2035,4142
s2036,31306
s2036,17198
s2036,34700
s2037,35695
s2037,25845
s2038,25794
s2038,25848
s2038,5090
s2038,12086
s2038,30841
s2038,12228
s2038,30842
s2038,19276
s2038,18810
s2038,6244
s2038,25849
s2038,30335
s2038,19317
s2040,5117
s2040,25188
s2040,28955
s2040,24577
s2040,24054
s2040,30407
s2040,30410
s2040,9862
s2040,36058
s2041,31559
s2041,14953
s2041,13875
s2041,29043
s2041,8142
s2041,8580
s2043,13042
s2043,28331
s2043,8167
s2043,29055
s2043,31722
s2043,13131
s2043,10780
s2043,32847
s2043,33757
s2044,7069
s2044,11358
s2044,28408
s2044,13670
s2044,21622
s2044,33649
s2044,9603
s2044,32915
s2044,24629
s2045,12771
s2045,16265
s2045,34841
s2045,21606
s2045,3367
s2045,27665
s2045,32662
s2046,15133
s2046,15057
s2046,33735
s2046,8038
s2046,12024
s2047,13961
s2047,20720
s2047,20685
s2047,23444
s2047,35848
s2047,18554
s2047,21382
s2047,28993
s2047,33049
s2048,1692
s2048,3711
s2048,32447
s2048,7709
s2048,27966
s2049,30434
s2049,16540
s2049,33826
s2049,13226
s2049,6210
s2049,8273
s2049,13196
s2049,23034
s2049,25610
s2049,7107
s2050,33737
s2050,6852
s2050,10915
s2050,13721
s2050,11668
s2050,25064
s2050,282
s2050,26385
s2050,14926
s2051,563
s2052,22219
s2052,6128
s2052,34063
s2052,25317
s2052,15919
s2052,24375
s2052,30324
s2052,32083
s2052,3359
s2052,27600
s2052,24963
s2053,27137
s2053,7349
s2053,12554
s2053,5151
s2053,4694
s2053,30207
s2053,30146
s2053,19900
s2053,1572
s2053,14686
s2053,17121
s2054,340
s2054,28047
s2054,19265
s2054,9592
s2056,7019
s2056,33362
s2056,35325
s2056,24942
s2056,10921
s2056,10664
s2056,11596
s2056,27419
s2056,33135
s2057,9797
s2057,14013
s2057,18824
s2057,19914
s2057,17976
s2057,8817
s2057,15900
s2057,33993
s2057,9954
s2057,28533
s2057,772
s2058,31450
s2059,12665
s2059,2857
s2059,10939
s2059,19176
s2059,9124
s2059,23320
s2059,23927
s2059,15602
s2059,324
s2059,15480
s2060,30507
s2060,29411
s2060,14756
s2060,9499
s2061,11398
s2061,2949
s2061,5127
s2061,28007
s2061,33441
s2061,5355
s2061,22079
s2061,692
s2061,34557
s2061,32519
s2062,1728
s2062,10001
s2062,28301
s2062,7793
s2062,31784
s2062,7120
s2062,8416
s2062,9780
s2062,2341
s2062,9123
s2062,25261
s2063,25048
s2063,16761
s2063,17098
s2063,17631
s2063,18526
s2063,35881
s2063,9930
s2063,3525
s2063,28252
s2063,7271
s2063,29135
s2063,33068
s2063,12820
s2063,17672
s2063,12803
s2063,15351
s2063,17563
s2063,18444
s2063,23985
s2063,17618
s2063,12756
s2063,21946
s2063,24186
s2064,21683
s2065,31111
s2065,4386
s2065,26744
s2065,9674
s2065,10936
s2065,32500
s2065,33219
s2065,4015
s2065,23175
s2065,2009
s2065,19949
s2065,17341
s2065,19069
s2065,32501
s2065,6515
s2065,23785
s2065,4397
s2065,26516
s2065,25308
s2065,13183
s2065,7696
s2065,14891
s2065,6449
s2065,931
s2065,16661
s2065,18638
s2065,27983
s2065,21426
s2065,28227
s2065,23297
s2065,2611
s2066,21002
s2066,12759
s2066,30285
s2066,35263
s2066,11752
s2066,35806
s2066,33851
s2066,23325
s2066,32150
s2067,32776
s2067,30878
s2067,2864
s2067,6169
s2067,35645
s2067,795
s2067,3528
s2067,35892
s2067,32591
s2067,23343
s2067,23487
s2068,25051
s2068,28208
s2068,3531
s2068,20706
s2068,17832
s2068,33704
s2069,10541
s2070,14040
s2070,36358
s2070,27469
s2070,5607
s2070,31584
s2070,14653
s2071,23722
s2071,31564
s2071,26507
s2071,24799
s2071,14203
s2071,4128
s2071,17380
s2071,26374
s2071,5945
s2071,33052
s2072,2776
s2072,29379
s2072,36030
s2072,4328
s2072,1865
s2072,6964
s2072,11957
s2072,23219
s2073,16317
s2073,1640
s2073,6733
s2073,30417
s2073,14130
s2073,22796
s2073,7809
s2073,1394
s2073,17548
s2073,5912
s2073,21611
s2074,33264
s2074,13840
s2074,32691
s2074,33369
s2074,21697
s2074,28727
s2074,8372
s2075,27403
s2075,4497
s2075,26951
s2076,33174
s2076,22777
s2076,14540
s2076,10361
s2076,16142
s2076,2221
s2076,35366
s2076,19878
s2076,34559
s2076,19492
s2077,13722
s2077,26690
s2077,1106
s2077,18022
s2077,10739
s2077,27966
s2077,35071
s2077,13995
s2078,10799
s2078,960
s2078,11062
s2078,11574
s2078,10384
s2078,34478
s2078,11612
s2078,31258
s2078,19703
s2078,7580
s2079,32152
s2079,20598
s2079,21554
s2079,35850
s2079,24172
s2079,30867
s2079,20535
s2079,12851
s2079,30934
s2079,697
s2079,21323
s2079,35905
s2079,2967
s2080,12258
s2080,24542
s2080,14609
s2080,31385
s2080,33345
s2080,16065
s2080,17568
s2080,889
s2080,10892
s2080,11350
s2080,2757
s2080,17819
s2080,14709
s2080,15808
s2080,35297
s2080,3645
s2080,26180
s2081,22743
s2081,3996
s2081,17711
s2081,17925
s2082,23050
s2082,14239
s2082,9982
s2082,2504
s2082,24749
s2082,7030
s2082,16690
s2082,8389
s2083,13857
s2083,29172
s2083,30865
s2083,34634
s2083,31672
s2083,2836
s2083,9032
s2083,24457
s2084,30082
s2084,20180
s2084,34855
s2084,21487
s2084,31294
s2084,5836
s2084,22367
s2084,16206
s2084,14978
s2084,34466
s2085,3427
s2085,16903
s2085,27955
s2085,10892
s2085,5461
s2085,16557
s2085,32904
s2085,5121
s2085,2703
s2087,21939
s2087,24494
s2087,24529
s2087,29138
s2087,31318
s2087,24439
s2087,26827
s2087,30004
s2088,26277
s2088,27606
s2088,27552
s2088,7981
s2088,12151
s2088,24527
s2088,6663
s2088,25085
s2089,14545
s2089,34483
s2089,4663
s2089,2800
s2089,36326
s2089,5368
s2089,10078
s2089,19535
s2090,17180
s2090,18535
s2090,20908
s2090,31400
s2090,28248
s2090,30870
s2090,35886
s2091,6381
s2091,33414
s2091,2012
s2091,31776
s2091,19242
s2091,15719
s2091,2780
s2091,14458
s2092,13715
s2092,34457
s2092,32164
s2092,24961
s2092,28934
s2092,12951
s2092,6062
s2093,309
s2093,29805
s2093,34721
s2093,30148
s2093,15996
s2093,580
s2094,5486
s2094,21690
s2094,11364
s2094,11415
s2094,2058
s2094,21898
s2094,16647
s2094,9295
s2094,1014
s2094,34843
s2094,23082
s2094,16448
s2094,5482
s2094,29752
s2094,22039
s2094,18658
s2094,22243
s2094,1936
s2094,16479
s2094,27993
s2094,25523
s2094,1940
s2094,16718
s2095,9124
s2095,19592
s2095,25623
s2095,20536
s2095,13511
s2095,13644
s2095,2062
s2095,19420
s2096,12665
s2096,2857
s2096,10939
s2096,9124
s2096,23320
s2096,324
s2096,23927
s2096,15602
s2096,19176
s2096,33641
s2096,2150
s2096,31332
s2096,8180
s2096,3880
s2096,31177
s2096,13657
s2096,33327
s2096,5937
s2099,9729
s2099,31295
s2099,17846
s2099,3169
s2099,6541
s2099,1136
s2099,14602
s2099,20903
s2099,32977
s2099,36055
s2099,21988
s2100,4825
s2100,18138
s2100,27105
s2100,4629
s2100,25254
s2100,12691
s2100,19060
s2100,19032
s2101,516
s2101,29379
s2101,30947
s2101,1549
s2101,24420
s2101,2981
s2101,24230
s2101,14238
s2101,2678
s2101,19885
s2101,11065
s2103,2
s2103,16534
s2103,32581
s2103,25247
s2103,10981
s2103,17904
s2104,4497
s2104,4211
s2104,12847
s2104,2831
s2104,16418
s2104,29526
s2104,24956
s2104,26991
s2105,32976
s2105,10104
s2105,7297
s2105,2986
s2105,15635
s2105,7256
s2105,22240
s2105,24722
s2106,14000
s2106,28703
s2106,6811
s2106,24310
s2106,11
s2106,28353
s2106,31863
s2106,9954
s2106,3966
s2106,21850
s2106,11503
s2106,29458
s2106,24714
s2107,23205
s2107,22801
s2108,29252
s2108,22333
s2108,17802
s2108,20964
s2108,7093
s2108,20262
s2108,17297
s2108,9902
s2108,10018
s2108,15531
s2109,29174
s2109,19308
s2109,31471
s2109,12219
s2109,30838
s2111,642
s2111,22625
s2111,18081
s2111,3848
s2111,9901
s2111,29616
s2111,20827
s2111,35538
s2111,12478
s2111,20139
s2112,5669
s2112,23158
s2112,4052
s2112,31380
s2112,35489
s2112,21206
s2112,25754
s2112,8601
s2112,6787
s2115,1957
s2115,3158
s2115,11119
s2115,15232
s2115,18614
s2115,24579
s2115,21076
s2115,25870
s2115,26899
s2115,30012
s2115,31457
s2115,32169
s2116,986
s2116,29379
s2116,15276
s2116,15531
s2116,33925
s2116,3986
s2116,113
s2116,24246
s2117,402
s2117,33415
s2117,8244
s2117,19731
s2117,1607
s2117,4447
s2117,8100
s2117,17862
s2118,11083
s2118,8524
s2118,10444
s2118,4549
s2118,17950
s2118,30523
s2118,3324
s2118,3095
s2118,18162
s2118,13186
s2119,27990
s2119,23707
s2119,20468
s2119,30081
s2119,7382
s2119,11978
s2119,36130
s2119,29649
s2121,13000
s2121,29000
s2121,2601
s2121,1663
s2121,29225
s2121,12620
s2121,9192
s2121,92
s2121,29488
s2121,7488
s2122,14696
s2122,3946
s2122,16658
s2122,1430
s2122,2741
s2122,25393
s2122,15703
s2122,18455
s2122,8744
s2122,11420
s2122,14483
s2123,30446
s2123,8898
s2123,16099
s2123,18820
s2123,13926
s2123,13078
s2124,35088
s2124,11254
s2124,13457
s2124,17904
s2124,5466
s2124,30482
s2124,33857
s2124,24937
s2124,26324
s2124,9816
s2124,25474
s2124,26074
s2124,5880
s2124,23699
s2124,18052
s2125,23297
s2125,5546
s2125,19950
s2125,24903
s2125,9560
s2125,23787
s2125,20520
s2125,5547
s2125,29801
s2125,1263
s2126,23530
s2126,18069
s2126,1328
s2126,390
s2126,27778
s2126,12793
s2126,27787
s2126,18079
s2126,10398
s2126,7710
s2126,24084
s2126,23591
s2127,12368
s2127,27007
s2127,21058
s2127,2442
s2127,7755
s2127,8638
s2127,34798
s2127,27368
s2127,8095
s2127,35945
s2128,16436
s2128,4224
s2128,23042
s2128,28578
s2128,34377
s2128,27221
s2128,34844
s2128,22521
s2128,30390
s2128,36153
s2128,5701
s2130,35506
s2130,23283
s2130,23146
s2130,11077
s2130,13908
s2130,33579
s2130,2356
s2130,12361
s2130,10471
s2130,1675
s2130,9072
s2131,2777
s2131,6171
s2131,33415
s2131,4362
s2131,33879
s2131,7088
s2131,9133
s2131,7107
s2131,25444
s2131,29003
s2131,8116
s2132,33002
s2132,31180
s2132,17711
s2132,28349
s2132,22904
s2132,15410
s2132,12618
s2132,2106
s2132,26175
s2133,14211
s2133,16232
s2133,8803
s2133,28593
s2133,7056
s2133,1846
s2133,20616
s2133,32577
s2133,1513
s2133,2102
s2134,2447
s2134,20643
s2134,16983
s2134,34778
s2134,20624
s2134,30908
s2134,23938
s2134,8462
s2134,31646
s2134,9957
s2134,5835
s2134,35353
s2134,22685
s2135,2224
s2135,6450
s2135,21185
s2135,16509
s2135,34914
s2135,28585
s2135,17458
s2135,26223
s2135,26348
s2135,36352
s2135,27463
s2135,16490
s2136,14314
s2136,7892
s2136,25618
s2136,13706
s2136,8189
s2136,30454
s2136,20050
s2136,14694
s2136,18154
s2137,17878
s2137,32592
s2137,23182
s2137,10188
s2137,32019
s2137,17033
s2137,1733
s2137,35664
s2137,12504
s2137,18570
s2137,32641
s2137,33703
s2137,32398
s2138,23337
s2138,36059
s2138,4063
s2138,25184
s2138,6834
s2138,20154
s2138,1
s2138,12658
s2139,27736
s2139,22774
s2139,33899
s2139,21342
s2139,13693
s2139,33403
s2139,18301
s2139,15696
s2139,23773
s2139,14615
s2140,4610
s2140,22038
s2140,6966
s2140,19721
s2140,31421
s2140,23021
s2140,24764
s2140,36361
s2142,14333
s2142,25747
s2142,2281
s2142,34615
s2142,21013
s2142,3554
s2143,34075
s2143,22281
s2143,3004
s2143,31803
s2143,19574
s2143,31713
s2143,1525
s2143,22520
s2143,26043
s2143,31845
s2143,18936
s2144,28354
s2145,20113
s2145,33264
s2145,2674
s2145,26214
s2145,1529
s2145,11029
s2145,30802
s2145,26256
s2145,14779
s2146,35759
s2146,27846
s2146,35745
s2146,3631
s2146,29134
s2146,30956
s2147,19563
s2147,16271
s2147,25112
s2147,30641
s2147,5184
s2147,28882
s2148,15918
s2148,25474
s2148,4361
s2148,10564
s2148,17606
s2148,1360
s2148,36009
s2148,33876
s2148,378
s2148,3575
s2148,20726
s2149,5506
s2149,4362
s2149,20085
s2149,9227
s2149,32583
s2149,16534
s2149,18760
s2149,26101
s2149,29587
s2149,31162
s2149,2378
s2150,1239
s2150,1834
s2150,17648
s2150,20641
s2150,20046
s2150,3467
s2150,15885
s2150,1527
s2150,32742
s2151,10530
s2151,14343
s2151,14266
s2151,22194
s2151,29663
s2151,17007
s2151,3064
s2151,11609
s2151,17019
s2152,13635
s2152,15954
s2152,997
s2152,9606
s2152,6196
s2152,32674
s2152,7505
s2152,21124
s2152,24260
s2152,19130
s2152,13234
s2152,3906
s2152,20362
s2152,26386
s2152,4001
s2152,10995
s2152,2783
s2152,9243
s2152,16389
s2154,25694
s2155,31943
s2156,17400
s2156,22172
s2156,23177
s2156,11007
s2156,28683
s2156,19439
s2156,4389
s2156,20549
s2156,16985
s2157,23191
s2158,6899
s2158,7850
s2158,19453
s2158,9675
s2158,19621
s2158,31958
s2158,1309
s2158,14087
s2158,31758
s2158,15826
s2160,29204
s2160,16114
s2160,20001
s2160,17712
s2160,23065
s2160,8998
s2161,16088
s2161,17241
s2161,3409
s2161,16691
s2161,21458
s2161,27875
s2161,10271
s2161,35065
s2161,12494
s2161,34325
s2161,5198
s2161,6910
s2161,6675
s2161,15545
s2161,14243
s2161,8155
s2161,19862
s2161,27387
s2161,10045
s2161,20938
s2162,24258
s2163,932
s2163,20264
s2163,23259
s2163,20423
s2163,15084
s2163,31521
s2163,2296
s2163,19073
s2164,24748
s2165,36011
s2165,18762
s2165,448
s2165,25550
s2165,23083
s2165,28799
s2165,18796
s2165,27825
s2165,1317
s2165,13485
s2167,888
s2167,31328
s2167,227
s2167,26573
s2167,15267
s2167,24495
s2167,9421
s2167,393
s2167,26146
s2167,17920
s2167,20868
s2168,27990
s2168,4665
s2168,13820
s2168,124
s2168,1489
s2168,14721
s2168,9536
s2168,5407
s2168,13726
s2168,5201
s2168,18432
s2169,10539
s2169,19732
s2169,4987
s2169,11926
s2170,29434
s2172,30096
s2172,3426
s2172,17421
s2172,23065
s2172,36292
s2172,25944
s2172,6881
s2172,6548
s2173,17795
s2173,7917
s2173,15283
s2173,15956
s2173,27966
s2173,7357
s2173,14838
s2173,35160
s2173,6923
s2174,4657
s2174,35180
s2174,30808
s2174,7053
s2174,18978
s2174,30607
s2174,21279
s2174,36003
s2175,23775
s2175,33574
s2175,12626
s2175,30709
s2175,24325
s2175,765
s2175,10792
s2175,16112
s2176,24388
s2176,17098
s2176,697
s2176,29132
s2176,17033
s2176,23182
s2176,17182
s2176,17186
s2176,22004
s2176,16829
s2176,23809
s2176,18512
s2177,35169
s2177,14979
s2177,28783
s2177,4121
s2177,17523
s2177,10606
s2177,11539
s2177,22761
s2177,6355
s2177,31823
s2178,9642
s2178,34718
s2178,10049
s2178,2063
s2178,1079
s2178,24770
s2178,8541
s2178,11492
s2178,3295
s2178,28961
s2178,9431
s2178,13154
s2178,4882
s2179,30540
s2179,34565
s2179,1234
s2179,16112
s2179,4701
s2179,29495
s2179,18972
s2179,13493
s2179,33948
s2179,4896
s2179,4670
s2179,14854
s2179,32695
s2179,20040
s2179,22463
s2179,1099
s2179,24278
s2180,23107
s2180,12701
s2180,16281
s2180,3969
s2180,12191
s2180,558
s2180,26082
s2180,15128
s2181,28204
s2181,16829
s2181,35852
s2181,12808
s2181,9930
s2181,30049
s2181,699
s2181,23667
s2181,12832
s2181,17634
s2181,28209
s2181,35850
s2181,29771
s2182,269
s2182,26689
s2182,35365
s2182,26126
s2182,22833
s2182,21984
s2182,7062
s2182,914
s2182,18062
s2182,2269
s2183,34040
s2184,12276
s2184,4885
s2184,21738
s2184,15613
s2184,5951
s2185,18176
s2185,22711
s2185,4139
s2185,15066
s2186,3226
s2186,5548
s2187,24436
s2187,27201
s2187,18099
s2187,447
s2187,25669
s2187,30927
s2187,24981
s2187,31056
s2187,12043
s2187,30980
s2187,32414
s2187,28319
s2187,33305
s2187,13270
s2187,24316
s2188,10964
s2188,34040
s2188,4518
s2188,35684
s2189,13041
s2190,5272
s2190,514
s2190,13041
s2192,16827
s2192,1736
s2192,20728
s2192,12714
s2192,22261
s2192,6772
s2192,6849
s2193,13994
s2193,14462
s2193,19871
s2193,15560
s2193,10857
s2193,4310
s2193,17709
s2193,9271
s2194,30001
s2194,34280
s2194,27251
s2194,32086
s2194,27640
s2194,5785
s2194,28770
s2194,18783
s2195,2851
s2195,3369
s2195,35002
s2195,33104
s2195,26804
s2195,26588
s2195,32237
s2195,7703
s2195,18462
s2195,2878
s2195,3380
s2195,28750
s2195,19959
s2195,31276
s2195,35486
s2196,4570
s2196,1643
s2196,30482
s2196,537
s2196,13415
s2196,2
s2196,11873
s2196,33136
s2196,10567
s2196,10112
s2196,33743
s2197,11496
s2197,3041
s2197,27575
s2197,19020
s2197,33638
s2197,5282
s2197,16157
s2197,984
s2198,25226
s2198,13371
s2198,26278
s2198,13255
s2198,6625
s2199,20618
s2199,569
s2199,7685
s2199,34355
s2199,20619
s2199,13741
s2199,307
s2199,26759
s2199,21816
s2202,15730
s2202,7228
s2202,5044
s2202,4900
s2202,28734
s2203,12287
s2203,19688
s2203,9103
s2203,20463
s2203,15090
s2203,371
s2203,22416
s2203,12174
s2204,35195
s2204,9837
s2204,16859
s2204,5217
s2204,14938
s2204,30593
s2204,31887
s2204,10168
s2204,9790
s2204,19143
s2204,15421
s2205,8762
s2205,21104
s2205,20804
s2205,30617
s2205,2948
s2205,27364
s2205,32260
s2205,22490
s2206,12678
s2206,26478
s2206,19785
s2206,15212
s2206,23354
s2206,12780
s2206,30813
s2206,21574
s2206,34996
s2206,35417
s2207,25425
s2207,30260
s2207,18750
s2207,27290
s2207,17353
s2207,10464
s2207,11762
s2207,7305
s2208,9726
s2208,15768
s2208,13160
s2208,7639
s2208,27616
s2208,26043
s2208,34927
s2208,11506
s2208,32796
s2208,12454
s2208,14045
s2208,17988
s2208,32461
s2208,20517
s2209,25028
s2209,4705
s2209,36027
s2209,24754
s2209,31290
s2209,21702
s2209,2033
s2209,5363
s2209,27915
s2210,25257
s2210,6160
s2210,29708
s2210,27140
s2210,4903
s2210,33876
s2210,17719
s2210,8956
s2210,23641
s2211,21721
s2211,19535
s2211,5390
s2211,10786
s2211,13319
s2211,36330
s2211,13613
s2211,4055
s2211,21724
s2211,1429
s2211,9260
s2211,2283
s2211,1935
s2211,25659
s2211,25954
s2211,26336
s2212,13601
s2212,35978
s2212,17884
s2212,33512
s2212,18522
s2212,26718
s2212,9936
s2212,18459
s2213,28188
s2214,15612
s2214,15565
s2214,13854
s2214,23658
s2214,32911
s2214,20869
s2214,22474
s2216,12889
s2216,9200
s2216,17144
s2216,677
s2216,18332
s2216,6267
s2216,33625
s2216,10009
s2217,3701
s2217,25080
s2217,2021
s2217,25073
s2219,18876
s2219,31137
s2219,24922
s2219,21390
s2219,33986
s2219,18662
s2219,15974
s2219,12663
s2219,36391
s2219,23260
s2219,20710
s2219,24868
s2221,8884
s2221,35342
s2221,34383
s2221,30082
s2221,17880
s2221,7636
s2221,17158
s2221,6305
s2221,34350
s2221,22620
s2222,13807
s2224,26721
s2225,5112
s2225,20167
s2225,6877
s2225,3397
s2225,4836
s2225,10825
s2225,12727
s2225,22318
s2225,33616
s2225,19720
s2225,7196
s2225,9693
s2225,33175
s2227,10635
s2227,22151
s2228,17450
s2228,8466
s2228,12006
s2228,7535
s2228,30205
s2228,19769
s2228,30533
s2228,22116
s2228,3927
s2228,26515
s2228,9731
s2230,26412
s2230,4923
s2230,5561
s2230,17933
s2230,23765
s2230,28014
s2230,33092
s2230,30054
s2230,17478
s2230,8398
s2231,5142
s2231,13663
s2231,23043
s2231,8310
s2231,33240
s2231,20232
s2231,10159
s2231,18054
s2231,11775
s2231,4223
s2231,4981
s2231,10743
s2231,5496
s2232,27462
s2232,4448
s2232,3574
s2232,24145
s2232,1360
s2232,10751
s2232,33876
s2232,6152
s2232,4903
s2232,10187
s2233,24613
s2233,25436
s2233,31798
s2233,22355
s2233,3392
s2233,5520
s2234,34782
s2234,21449
s2234,3515
s2234,22192
s2234,34551
s2234,35045
s2234,10723
s2235,15282
s2235,16210
s2235,9905
s2235,4164
s2235,10564
s2235,30273
s2235,25664
s2236,20872
s2236,10019
s2236,1030
s2236,21909
s2236,16184
s2236,27819
s2236,26263
s2236,19583
s2236,6765
s2236,10137
s2236,6769
s2236,29507
s2236,10374
s2236,9437
s2236,5434
s2236,5411
s2236,33881
s2239,32410
s2239,8746
s2240,6289
s2240,36072
s2240,13415
s2240,34164
s2240,20085
s2240,4524
s2240,13249
s2240,25473
s2241,34335
s2241,28006
s2241,19101
s2241,34313
s2241,21477
s2241,10224
s2241,21991
s2241,1084
s2242,1680
s2243,34242
s2245,2211
s2245,24633
s2245,33420
s2245,4205
s2245,32305
s2245,4563
s2245,2507
s2245,25082
s2245,7429
s2245,12206
s2247,36020
s2247,7718
s2248,12731
s2248,30826
s2248,23606
s2248,20827
s2248,659
s2248,25100
s2250,24235
s2250,14560
s2250,27460
s2250,30147
s2250,8097
s2250,16170
s2250,26475
s2250,10262
s2250,7944
s2250,10002
s2250,4704
s2250,25078
s2250,11170
s2250,30247
s2251,5930
s2251,18133
s2251,21837
s2251,20246
s2251,12418
s2251,34347
s2251,22196
s2251,6211
s2252,20594
s2252,5940
s2252,33620
s2252,23133
s2252,15630
s2252,36285
s2252,26472
s2252,26724
s2252,20593
s2252,16350
s2252,11829
s2252,18499
s2252,13543
s2252,20543
s2253,818
s2253,10978
s2253,17779
s2253,30482
s2253,18760
s2253,9367
s2253,1289
s2253,25542
s2253,30455
s2253,10418
s2253,6146
s2253,8483
s2253,4165
s2253,33743
s2253,6440
s2253,4362
s2253,12614
s2254,27847
s2254,33691
s2254,35908
s2254,21946
s2254,12832
s2254,17878
s2255,36343
s2255,3601
s2255,12530
s2255,25285
s2255,22501
s2255,35936
s2256,31479
s2256,31439
s2256,31482
s2256,18552
s2256,18270
s2256,18194
s2256,18264
s2256,34187
s2256,18340
s2256,18186
s2257,30093
s2258,34942
s2259,36012
s2259,13955
s2259,5600
s2259,3202
s2259,10506
s2259,8801
s2260,33806
s2260,14461
s2260,32574
s2260,11768
s2260,6650
s2260,5570
s2260,25723
s2260,28710
s2261,7639
s2261,9153
s2261,32908
s2261,36020
s2261,4158
s2261,28353
s2261,14882
s2261,24220
s2261,15585
s2261,22752
s2261,31845
s2262,15283
s2263,31849
s2264,25626
s2265,27518
s2265,26992
s2265,24973
s2265,32029
s2265,16917
s2265,29978
s2265,2412
s2265,1730
s2265,18451
s2265,25687
s2266,1774
s2266,12640
s2266,27612
s2266,31527
s2266,31454
s2266,5973
s2266,26890
s2266,20919
s2266,32021
s2266,30696
s2266,27345
s2267,21045
s2267,18745
s2267,1813
s2267,30749
s2267,32947
s2267,22705
s2268,27518
s2268,27498
s2268,29782
s2268,24436
s2268,29239
s2268,1774
s2268,27536
s2268,17554
s2268,8545
s2269,846
s2269,28746
s2269,30915
s2269,23477
s2269,15909
s2269,430
s2269,7640
s2269,11762
s2269,25786
s2269,36
s2270,21068
s2270,22389
s2270,33321
s2270,31011
s2270,6105
s2270,11100
s2271,28281
s2271,1374
s2271,32523
s2271,31089
s2271,8733
s2271,2833
s2271,4189
s2271,19741
s2271,3538
s2272,25783
s2272,2653
s2272,1486
s2272,3433
s2272,24216
s2272,21077
s2272,28995
s2272,23901
s2273,766
s2273,31004
s2273,32527
s2273,27333
s2273,13565
s2273,23834
s2273,26914
s2273,35657
s2273,26931
s2273,28276
s2274,846
s2274,31010
s2274,32204
s2274,17222
s2274,13568
s2274,32138
s2274,13958
s2274,31009
s2275,34763
s2275,29652
s2275,8667
s2275,18743
s2275,8217
s2276,26352
s2276,26655
s2276,33178
s2276,15226
s2276,35488
s2276,14516
s2276,26430
s2276,27588
s2276,17175
s2276,18461
s2276,32721
s2276,33849
s2276,25122
s2277,3029
s2277,6202
s2277,8232
s2277,17173
s2277,27835
s2277,34761
s2277,17038
s2277,32096
s2277,30929
s2277,3200
s2278,15651
s2278,24207
s2278,27573
s2278,3490
s2278,26888
s2278,774
s2278,31086
s2278,575
s2278,8576
s2279,27007
s2279,7756
s2279,32210
s2279,17867
s2279,30913
s2279,28514
s2279,27385
s2279,19793
s2279,30526
s2280,24216
s2280,20804
s2280,29223
s2280,28946
s2280,13442
s2280,6639
s2280,16780
s2280,27032
s2280,30995
s2281,30915
s2281,26684
s2282,846
s2282,25783
s2282,23477
s2282,25425
s2282,2889
s2282,3140
s2282,12888
s2282,26845
s2282,20800
s2282,11762
s2283,197
s2283,26945
s2283,19741
s2283,27593
s2283,14593
s2283,7755
s2283,2408
s2283,11266
s2283,26949
s2283,32555
s2284,10935
s2284,19576
s2284,5790
s2284,14615
s2284,16334
s2284,21563
s2284,33261
s2284,28077
s2284,25103
s2284,20757
s2285,20470
s2285,21055
s2285,30658
s2285,17585
s2285,36
s2285,31679
s2285,4252
s2285,23623
s2285,3286
s2286,34740
s2286,208
s2286,4497
s2286,31466
s2286,4379
s2286,24541
s2286,31134
s2286,25466
s2286,15909
s2286,31050
s2287,17325
s2287,25198
s2287,31463
s2287,32230
s2287,13567
s2287,25469
s2287,30614
s2287,23670
s2288,17152
s2288,27383
s2288,19911
s2288,23437
s2288,14739
s2288,21225
s2288,29191
s2288,35655
s2289,27340
s2289,17060
s2289,11966
s2289,30915
s2289,18442
s2289,24529
s2289,24860
s2289,27374
s2289,27383
s2289,26295
s2290,846
s2290,21068
s2290,2833
s2290,15336
s2290,17039
s2290,8726
s2290,18107
s2290,27364
s2290,18447
s2290,24502
s2290,8201
s2290,24507
s2291,20669
s2291,17152
s2291,15336
s2291,8208
s2291,32422
s2291,9325
s2291,16956
s2291,27347
s2291,27628
s2291,24427
s2292,8667
s2292,34793
s2292,32156
s2292,1969
s2292,8233
s2292,21104
s2292,11266
s2292,21055
s2292,29196
s2293,32421
s2293,15232
s2293,31457
s2293,24579
s2293,11119
s2293,30510
s2293,30012
s2293,1957
s2293,25870
s2293,26309
s2294,4440
s2294,24041
s2294,1901
s2294,20750
s2294,1923
s2294,35683
s2294,21808
s2294,24738
s2294,4557
s2294,30394
s2294,6930
s2294,2808
s2294,10078
s2294,13440
s2294,2298
s2294,2043
s2295,24220
s2295,2495
s2295,18979
s2295,12554
s2295,28362
s2295,29836
s2295,15077
s2296,423
s2296,11124
s2296,8885
s2296,34870
s2296,32734
s2296,22228
s2296,17958
s2297,29601
s2297,15623
s2298,35750
s2298,35864
s2298,28271
s2298,18527
s2298,30280
s2298,17003
s2298,29151
s2298,35992
s2298,17000
s2298,32617
s2298,29130
s2298,12446
s2298,30885
s2298,24133
s2298,3368
s2298,35935
s2298,33511
s2298,25049
s2298,17100
s2300,31573
s2300,23668
s2300,30717
s2300,20956
s2300,35406
s2300,1428
s2300,21591
s2300,21152
s2300,3520
s2300,15085
s2301,13810
s2301,23993
s2301,20510
s2301,448
s2301,28108
s2301,6289
s2301,11487
s2301,16210
s2301,15714
s2301,4164
s2303,33168
s2304,933
s2304,33874
s2304,20090
s2304,18660
s2304,33983
s2305,12613
s2305,11301
s2306,19124
s2307,35046
s2307,6086
s2307,33277
s2307,11030
s2307,35333
s2307,6672
s2307,35058
s2307,12303
s2308,20632
s2308,35350
s2308,26201
s2308,23050
s2308,6421
s2308,18896
s2308,19494
s2309,20398
s2309,2497
s2309,36330
s2309,23380
s2309,15150
s2309,23822
s2309,335
s2309,36109
s2309,1935
s2309,25116
s2310,5705
s2310,13468
s2310,36346
s2310,36057
s2310,5267
s2310,3704
s2310,10627
s2310,35754
s2311,7897
s2312,33674
s2312,3233
s2312,4950
s2312,2582
s2312,28675
s2312,14554
s2312,22825
s2312,7501
s2313,5705
s2313,34148
s2313,25607
s2313,36386
s2313,36057
s2313,5711
s2313,5132
s2313,3704
s2313,22393
s2313,22689
s2313,34070
s2314,14928
s2314,33087
s2314,11060
s2315,6693
s2315,23092
s2315,28395
s2315,5895
s2315,31117
s2315,28182
s2315,14438
s2315,28982
s2315,26520
s2315,21647
s2315,17396
s2315,13160
s2316,9417
s2316,20694
s2316,21278
s2316,15007
s2316,17208
s2316,33980
s2316,26459
s2316,24289
s2318,3078
s2318,27180
s2318,30650
s2318,22846
s2318,28764
s2318,21708
s2318,22782
s2318,22524
s2318,28888
s2318,28824
s2320,7112
s2320,20110
s2320,20344
s2320,8070
s2320,22128
s2320,30009
s2320,10760
s2320,6775
s2320,13521
s2320,20250
s2320,2079
s2320,11617
s2320,21357
s2320,30403
s2320,28806
s2320,33656
s2321,32152
s2321,35742
s2321,21363
s2321,17033
s2321,11132
s2321,23111
s2322,11350
s2324,9283
s2324,11294
s2324,25556
s2324,10485
s2324,34538
s2324,10550
s2324,15687
s2324,23666
s2325,423
s2325,22273
s2325,29929
s2325,34870
s2325,6792
s2325,13624
s2325,29884
s2325,16404
s2326,4164
s2327,24436
s2327,1815
s2327,27341
s2327,29725
s2327,27360
s2327,26888
s2327,3480
s2328,20173
s2328,25341
s2328,16938
s2328,20881
s2328,17310
s2328,30221
s2328,1999
s2328,21654
s2328,31753
s2328,2608
s2328,2094
s2328,19939
s2328,22898
s2328,2315
s2329,33006
s2329,29450
s2329,32126
s2329,31960
s2329,4927
s2329,20731
s2329,66
s2329,7333
s2329,31555
s2329,12681
s2330,1920
s2330,5411
s2330,35946
s2330,15290
s2330,16741
s2330,1446
s2330,34320
s2330,16488
s2330,16515
s2330,21502
s2331,35140
s2331,27170
s2331,7393
s2331,22599
s2331,23176
s2331,36366
s2331,11796
s2331,8274
s2331,26688
s2333,34917
s2333,13457
s2333,1570
s2333,33876
s2333,28920
s2333,6160
s2333,33653
s2334,28766
s2334,12470
s2334,21350
s2334,27688
s2334,10064
s2334,32067
s2337,24436
s2337,1815
s2337,27341
s2337,29725
s2337,27360
s2337,26888
s2337,3480
s2338,19370
s2338,14503
s2339,31101
s2339,30974
s2339,30267
s2339,30531
s2339,15168
s2339,34819
s2339,29577
s2339,29620
s2340,29387
s2340,31466
s2340,2833
s2340,24541
s2340,29723
s2340,32422
s2340,8208
s2340,3048
s2340,21071
s2340,29482
s2340,17328
s2340,32037
s2341,30496
s2341,1815
s2341,2833
s2341,1547
s2341,30260
s2341,29556
s2341,19077
s2341,21071
s2341,8688
s2341,1812
s2343,33973
s2343,3494
s2343,27281
s2343,25773
s2343,25760
s2343,34432
s2344,14600
s2344,5340
s2344,12733
s2344,24892
s2345,16172
s2345,23296
s2345,20380
s2345,1013
s2345,11204
s2345,9257
s2346,9939
s2347,14669
s2347,24367
s2347,22990
s2347,19762
s2347,34091
s2347,12556
s2347,22982
s2347,33947
s2348,2492
s2348,28828
s2348,31668
s2348,32053
s2348,32760
s2348,23920
s2348,14086
s2348,34637
s2349,36072
s2349,17862
s2349,8483
s2349,15918
s2349,25414
s2349,15228
s2349,27173
s2349,17779
s2349,13415
s2349,33743
s2350,18309
s2350,30338
s2350,25268
s2350,25802
s2350,18252
s2350,18189
s2350,18264
s2350,17139
s2350,14331
s2351,18435
s2351,15507
s2351,26744
s2351,13781
s2351,31750
s2351,32329
s2351,15578
s2351,22925
s2352,33876
s2352,33382
s2352,30482
s2352,35584
s2352,4903
s2352,29522
s2352,13248
s2352,4447
s2354,15389
s2354,28302
s2354,35655
s2354,4215
s2354,882
s2354,8501
s2354,3281
s2354,4172
s2355,25162
s2355,18925
s2355,20831
s2355,29267
s2355,23571
s2355,18080
s2355,30277
s2355,131
s2355,638
s2355,20741
s2357,31362
s2357,35296
s2357,8875
s2357,10235
s2357,27937
s2357,4636
s2357,19704
s2357,29247
s2357,15639
s2357,30720
s2357,30828
s2357,16852
s2357,5317
s2357,17012
s2357,21541
s2357,9881
s2357,8329
s2358,29039
s2359,940
s2359,24756
s2359,27469
s2359,31995
s2359,28562
s2359,32490
s2359,25901
s2359,3106
s2359,26017
s2360,21336
s2360,25932
s2360,10596
s2360,22525
s2360,19262
s2360,36363
s2360,12018
s2360,1258
s2360,12014
s2361,8631
s2361,22686
s2362,18080
s2362,12247
s2362,35787
s2362,20831
s2362,29267
s2362,23047
s2362,624
s2363,3986
s2363,12040
s2363,15098
s2363,36263
s2363,20317
s2363,4464
s2363,7867
s2363,16606
s2363,19105
s2363,33146
s2363,27273
s2363,4021
s2364,26377
s2364,9209
s2364,34903
s2364,11084
s2364,1938
s2364,19535
s2365,23390
s2365,24388
s2365,12806
s2365,18518
s2365,23340
s2365,32367
s2365,3531
s2365,30049
s2365,7270
s2366,24069
s2366,10456
s2366,23630
s2366,10340
s2366,131
s2366,35800
s2366,35575
s2366,18927
s2366,20824
s2366,664
s2366,11437
s2367,35791
s2367,35787
s2367,13055
s2367,1798
s2367,32554
s2367,12732
s2367,12991
s2367,27247
s2368,25162
s2368,20730
s2368,35787
s2368,23630
s2368,25583
s2368,19232
s2368,23571
s2368,27247
s2369,10456
s2369,12795
s2369,35791
s2369,12484
s2369,133
s2369,24089
s2369,29297
s2369,135
s2370,10473
s2370,25450
s2370,648
s2370,13057
s2370,10582
s2370,3625
s2370,32879
s2371,14633
s2372,2354
s2372,35999
s2372,22678
s2372,21350
s2372,28904
s2372,15913
s2372,31419
s2372,3052
s2373,3653
s2374,610
s2374,29349
s2374,24034
s2374,12199
s2374,18927
s2374,25435
s2374,18932
s2374,13057
s2374,20824
s2374,36084
s2375,24047
s2375,32629
s2375,12650
s2375,3678
s2375,28597
s2375,24452
s2375,25957
s2375,26272
s2375,24224
s2375,15593
s2375,13351
s2376,25450
s2376,10473
s2376,36083
s2376,10456
s2376,140
s2376,22618
s2376,143
s2376,12199
s2376,23628
s2376,27239
s2377,12197
s2377,24074
s2377,10340
s2377,32879
s2377,35575
s2377,20824
s2377,29347
s2377,1339
s2378,35133
s2378,4685
s2378,11029
s2378,14706
s2378,19682
s2378,17445
s2378,31823
s2378,22351
s2378,29850
s2378,14148
s2379,14005
s2379,29854
s2379,22296
s2379,22080
s2379,295
s2379,17438
s2379,20215
s2379,68
s2379,8448
s2379,33201
s2379,9096
s2379,13176
s2379,29471
s2380,3395
s2380,9675
s2380,14764
s2380,7083
s2380,22062
s2380,36028
s2380,21332
s2380,22799
s2380,31296
s2380,13878
s2380,15764
s2380,4149
s2380,11502
s2381,15834
s2381,32507
s2381,11776
s2381,21529
s2381,15319
s2382,25472
s2382,12151
s2382,15282
s2382,1360
s2382,15228
s2382,2719
s2382,14853
s2382,34237
s2382,5696
s2383,17952
s2383,27199
s2383,7964
s2383,20324
s2383,22119
s2383,14852
s2383,25862
s2383,26179
s2383,23357
s2383,32785
s2384,4918
s2384,21612
s2385,320
s2385,4787
s2385,28628
s2386,2978
s2386,24642
s2386,22171
s2386,10210
s2386,32800
s2386,4502
s2386,3930
s2386,14576
s2386,7385
s2386,30704
s2386,4933
s2386,5997
s2386,15777
s2386,22520
s2386,28986
s2386,28330
s2386,2697
s2386,27411
s2386,10291
s2386,26534
s2386,1161
s2386,1475
s2386,10331
s2387,12136
s2387,10636
s2387,13586
s2387,12766
s2387,7265
s2387,35556
s2387,12653
s2387,16343
s2388,17386
s2388,9905
s2388,19823
s2388,35438
s2388,4362
s2388,29710
s2388,9672
s2388,27857
s2389,25788
s2389,13508
s2389,33282
s2389,9664
s2389,15924
s2389,17913
s2389,10654
s2389,9194
s2390,34653
s2390,32021
s2390,20806
s2390,35658
s2390,13940
s2391,34753
s2391,4331
s2391,1307
s2391,13763
s2391,17518
s2391,763
s2391,22100
s2391,17297
s2391,5927
s2391,20007
s2392,13433
s2392,34354
s2392,13439
s2392,5037
s2392,12332
s2392,10452
s2392,22219
s2392,14991
s2393,30053
s2393,19793
s2393,32979
s2393,8762
s2393,34674
s2393,19015
s2393,28638
s2393,419
s2393,3186
s2394,8260
s2394,16037
s2394,6737
s2394,25138
s2394,13572
s2394,23966
s2394,26211
s2394,14505
s2394,15893
s2394,5751
s2396,4272
s2396,19103
s2396,16880
s2396,8155
s2396,29463
s2397,18477
s2397,15920
s2397,19458
s2397,5958
s2397,7446
s2397,10838
s2398,15403
s2398,2154
s2398,15610
s2398,2162
s2399,30283
s2399,24127
s2399,29996
s2399,28246
s2399,10188
s2399,35668
s2399,32952
s2399,21946
s2399,12809
s2399,2453
s2399,25540
s2399,23182
s2399,12917
s2399,18518
s2399,10970
s2400,22385
s2400,804
s2400,17631
s2400,17196
s2400,12803
s2400,13263
s2400,35949
s2400,17623
s2400,6230
s2401,7772
s2401,8528
s2401,27812
s2401,527
s2401,34481
s2401,2775
s2401,21494
s2401,34498
s2401,21896
s2401,7480
s2401,10603
s2401,25326
s2401,7315
s2401,496
s2401,1008
s2401,31142
s2401,9233
s2401,1941
s2402,11912
s2402,582
s2402,12986
s2402,35117
s2402,13741
s2402,18705
s2402,10320
s2402,21814
s2402,28681
s2402,356
s2403,10396
s2403,30478
s2403,10390
s2403,29533
s2403,35309
s2403,19405
s2403,20773
s2403,600
s2403,35788
s2403,1367
s2403,18072
s2403,20666
s2404,10504
s2404,23678
s2404,136
s2404,27784
s2404,7411
s2404,9648
s2404,27859
s2404,18096
s2405,34316
s2405,20245
s2405,10516
s2405,21308
s2405,2516
s2405,1082
s2405,16566
s2405,11620
s2405,22294
s2406,34541
s2406,4645
s2406,5160
s2406,10874
s2406,1856
s2406,8798
s2406,20869
s2406,24721
s2406,3110
s2406,35083
s2406,32644
s2406,353
s2406,6466
s2406,31189
s2406,24921
s2406,15026
s2406,17712
s2408,20467
s2408,11589
s2408,11033
s2408,14059
s2408,13744
s2408,18029
s2408,19134
s2408,27194
s2408,33032
s2408,17764
s2409,19383
s2409,19325
s2409,11678
s2409,25810
s2409,31487
s2409,18344
s2410,1907
s2410,29217
s2410,20350
s2410,11930
s2410,9854
s2410,27613
s2410,16437
s2410,16586
s2410,26699
s2410,15145
s2410,5345
s2410,34928
s2410,11023
s2410,24407
s2410,26979
s2410,32920
s2410,19259
s2410,12268
s2410,3043
s2410,10091
s2410,9910
s2411,18193
s2411,6240
s2411,6275
s2411,25809
s2411,6262
s2411,18489
s2411,25270
s2411,18187
s2412,36263
s2412,12190
s2412,10010
s2412,20046
s2412,7186
s2412,18135
s2412,14816
s2412,22420
s2412,8594
s2412,9400
s2412,19980
s2412,11000
s2412,24646
s2412,6702
s2412,28326
s2413,2568
s2413,23057
s2413,4909
s2413,25570
s2413,20735
s2413,24329
s2413,11826
s2413,33645
s2413,11484
s2413,22014
s2414,33872
s2414,20998
s2414,27904
s2414,29308
s2414,27726
s2414,26927
s2414,11495
s2414,31664
s2415,27397
s2415,17156
s2415,31331
s2415,28651
s2415,23878
s2415,1950
s2415,27374
s2416,1387
s2416,34469
s2416,16903
s2416,26467
s2416,12648
s2416,11424
s2417,34084
s2417,1938
s2417,12609
s2417,15777
s2417,15874
s2417,13880
s2418,9092
s2418,17450
s2418,17421
s2418,8387
s2418,4818
s2418,1455
s2418,6439
s2418,23278
s2418,28851
s2418,8454
s2418,23058
s2418,31947
s2418,1839
s2419,20744
s2419,12242
s2419,628
s2419,18987
s2419,12322
s2420,3233
s2420,26044
s2420,35110
s2420,15664
s2420,14286
s2420,16545
s2420,14405
s2420,6376
s2420,2709
s2420,14793
s2420,2329
s2420,21876
s2420,7252
s2420,21870
s2420,15525
s2420,14104
s2420,26215
s2421,29314
s2421,28828
s2421,1820
s2421,34219
s2421,34059
s2421,27389
s2421,34298
s2421,34156
s2421,25877
s2421,29713
s2421,436
s2421,23291
s2422,27462
s2422,3574
s2422,15282
s2422,10418
s2422,34155
s2422,13457
s2422,34169
s2422,24145
s2422,1095
s2423,4493
s2423,17205
s2423,32715
s2423,2762
s2423,16060
s2424,14374
s2424,14893
s2424,21641
s2424,23439
s2424,15263
s2424,2070
s2424,29514
s2424,21628
s2424,1202
s2425,9209
s2425,22930
s2425,2494
s2425,25975
s2425,30632
s2425,4627
s2425,32686
s2425,32996
s2425,14155
s2427,25051
s2427,32611
s2427,4365
s2427,28226
s2427,32639
s2427,3732
s2427,32616
s2427,17840
s2427,5756
s2427,13598
s2427,23845
s2427,35736
s2427,31605
s2427,33844
s2428,5088
s2428,36382
s2428,35958
s2428,10997
s2428,12067
s2428,25557
s2428,27272
s2428,31429
s2429,36345
s2429,5117
s2429,10096
s2429,12071
s2429,20810
s2429,34272
s2429,36375
s2429,12150
s2429,26051
s2429,12214
s2430,642
s2430,22625
s2430,18081
s2430,20139
s2431,29769
s2431,19208
s2431,33899
s2431,20260
s2431,33406
s2431,3861
s2431,20057
s2431,31819
s2431,25253
s2431,16129
s2434,23563
s2434,12575
s2434,8091
s2434,1798
s2434,23601
s2434,23581
s2435,35787
s2435,32687
s2435,10339
s2435,12166
s2435,21836
s2436,642
s2436,25158
s2436,10339
s2436,649
s2436,652
s2436,22624
s2437,23558
s2437,12478
s2437,19269
s2437,22422
s2437,3836
s2437,8805
s2437,29262
s2437,8512
s2437,24080
s2437,29179
s2438,30514
s2438,29546
s2438,10637
s2438,9852
s2438,23563
s2438,3836
s2439,642
s2439,20831
s2439,22625
s2439,7296
s2439,23580
s2439,32808
s2439,23601
s2439,29616
s2439,638
s2439,647
s2440,17255
s2440,12478
s2440,11446
s2440,20774
s2440,27446
s2440,23575
s2440,23553
s2441,23050
s2441,14239
s2441,9982
s2441,2504
s2441,24749
s2441,7030
s2441,16690
s2441,8389
s2442,12839
s2442,34057
s2442,20865
s2442,18088
s2442,23443
s2442,12794
s2443,642
s2443,8870
s2443,13198
s2443,35528
s2443,29262
s2444,1743
s2444,628
s2444,32809
s2444,630
s2444,20832
s2444,15234
s2444,3318
s2444,32782
s2445,23495
s2445,23808
s2445,25171
s2445,12756
s2445,16832
s2445,9665
s2445,35875
s2445,3522
s2445,17563
s2445,9667
s2445,29336
s2445,29123
s2445,23340
s2445,35919
s2445,24388
s2445,13599
s2445,33703
s2445,17628
s2445,21973
s2445,23371
s2445,22486
s2446,32228
s2446,5784
s2446,11230
s2446,32145
s2446,20923
s2446,21989
s2446,34431
s2446,16429
s2447,32969
s2447,32968
s2447,15027
s2447,9193
s2447,5971
s2447,18724
s2447,10977
s2447,10203
s2447,6161
s2447,17991
s2447,36232
s2447,22872
s2448,30845
s2448,18333
s2448,18228
s2448,23989
s2448,16441
s2448,35766
s2448,25854
s2448,11678
s2448,18486
s2449,29178
s2449,23549
s2449,1783
s2449,21353
s2449,23839
s2449,12253
s2449,36107
s2449,18070
s2450,35742
s2450,30911
s2450,12815
s2450,24134
s2450,23111
s2450,12829
s2451,17188
s2451,33860
s2451,21091
s2451,35969
s2451,17803
s2451,30946
s2451,32603
s2451,18468
s2451,28274
s2451,3177
s2451,24081
s2451,15537
s2452,23639
s2452,12442
s2452,11280
s2452,18738
s2452,23485
s2452,35739
s2452,18524
s2452,21940
s2453,35600
s2453,25812
s2453,35710
s2453,11713
s2454,6269
s2454,17146
s2454,11711
s2455,14092
s2455,7796
s2455,30424
s2455,16287
s2455,2965
s2455,1461
s2455,13809
s2455,36020
s2455,12299
s2455,14461
s2455,24358
s2455,26189
s2455,22465
s2455,30650
s2455,33688
s2456,1393
s2456,13757
s2456,11795
s2456,31697
s2456,28114
s2456,6866
s2456,31967
s2456,9732
s2456,11525
s2456,23179
s2457,16708
s2457,33199
s2457,14295
s2457,12415
s2457,16339
s2457,246
s2457,8425
s2457,18160
s2458,1322
s2458,12988
s2458,23853
s2458,35514
s2458,18074
s2458,24228
s2458,24431
s2458,13315
s2459,17874
s2460,31870
s2460,15790
s2460,3993
s2460,8548
s2460,32881
s2460,15330
s2460,8825
s2460,19914
s2460,10906
s2460,31646
s2460,25594
s2460,12577
s2460,6328
s2460,2872
s2461,24002
s2461,20831
s2461,12247
s2461,12256
s2461,19269
s2461,12472
s2461,10339
s2461,638
s2461,1800
s2461,615
s2462,30461
s2462,24855
s2462,30745
s2462,23860
s2462,31865
s2462,1841
s2462,19192
s2462,30460
s2462,12292
s2462,26444
s2463,35027
s2463,27845
s2463,17898
s2463,35742
s2463,35818
s2463,17829
s2463,23506
s2463,33846
s2463,23480
s2463,12837
s2463,31633
s2463,22377
s2463,2658
s2463,30872
s2463,12940
s2463,33059
s2463,32632
s2463,29120
s2463,35881
s2464,29257
s2464,35514
s2464,18074
s2464,162
s2464,164
s2464,23853
s2464,22435
s2464,1602
s2464,1615
s2464,744
s2465,21095
s2465,29257
s2465,35514
s2465,18074
s2465,162
s2465,164
s2465,29351
s2465,1602
s2465,744
s2465,23853
s2466,20412
s2466,15463
s2466,27219
s2466,20871
s2466,16480
s2466,188
s2466,30235
s2466,8246
s2466,21546
s2466,23420
s2467,20324
s2467,13645
s2467,1860
s2467,5759
s2467,13504
s2467,1519
s2467,19837
s2467,11275
s2467,8786
s2467,17909
s2467,28874
s2467,4925
s2468,16465
s2468,2328
s2468,16011
s2468,6987
s2468,32731
s2468,10441
s2468,20386
s2468,35434
s2468,19528
s2468,35651
s2468,8482
s2469,12279
s2470,20566
s2470,16215
s2470,12231
s2470,6036
s2470,20564
s2470,36166
s2470,35480
s2471,22568
s2471,22491
s2471,6645
s2471,14951
s2471,7915
s2471,5175
s2471,9806
s2471,486
s2471,17528
s2471,8029
s2471,25251
s2471,10734
s2471,9999
s2472,344
s2472,18892
s2472,17986
s2472,16583
s2472,13214
s2472,9944
s2472,16532
s2472,193
s2473,34615
s2473,34
s2473,32041
s2473,14513
s2473,31098
s2473,21054
s2473,35522
s2473,30032
s2473,15388
s2473,32476
s2474,9497
s2474,24347
s2474,11822
s2474,14127
s2474,27217
s2474,890
s2474,29401
s2474,28386
s2475,27146
s2475,28264
s2475,30756
s2475,8887
s2475,32294
s2475,25282
s2475,24858
s2475,2955
s2476,27534
s2476,7018
s2476,22219
s2476,32377
s2476,21023
s2476,1746
s2476,27941
s2476,808
s2478,32416
s2478,17863
s2478,27462
s2478,9905
s2478,24145
s2478,30700
s2478,23874
s2478,36305
s2479,10971
s2479,28267
s2479,20615
s2479,31618
s2479,17890
s2479,15537
s2479,23325
s2480,13592
s2480,18732
s2480,26198
s2480,2495
s2480,18828
s2480,24661
s2480,2102
s2480,5609
s2480,3804
s2481,23233
s2481,15817
s2481,28360
s2481,15715
s2481,25924
s2481,7028
s2481,13872
s2481,34137
s2481,29846
s2481,14672
s2481,21317
s2482,423
s2482,34354
s2482,27893
s2482,3890
s2482,8293
s2482,27801
s2482,8552
s2482,29929
s2483,159
s2483,11450
s2483,21381
s2483,8091
s2483,9899
s2483,23562
s2484,159
s2484,12129
s2484,8091
s2484,23562
s2485,10761
s2485,29630
s2485,30791
s2485,649
s2485,13251
s2485,36080
s2486,20115
s2486,24263
s2486,1467
s2486,22207
s2486,7135
s2486,8599
s2486,29595
s2486,6975
s2486,10136
s2486,1653
s2487,13067
s2487,35709
s2487,6274
s2487,19335
s2487,14907
s2487,23987
s2487,35598
s2487,25800
s2487,25846
s2487,31472
s2487,18223
s2487,688
s2488,29298
s2488,12480
s2488,664
s2488,35769
s2488,24036
s2488,17266
s2489,32081
s2489,30480
s2489,138
s2489,624
s2490,388
s2490,25435
s2490,27324
s2490,23802
s2490,23798
s2490,3681
s2491,29553
s2491,11363
s2491,30794
s2491,24064
s2492,32081
s2492,387
s2492,29261
s2492,35769
s2492,12105
s2492,616
s2492,12480
s2493,388
s2493,24079
s2493,25435
s2493,24454
s2493,3681
s2493,29262
s2493,12163
s2493,29557
s2493,29536
s2493,30714
s2493,24223
s2494,25470
s2494,29464
s2494,33028
s2494,6900
s2494,21572
s2495,3986
s2497,15124
s2497,20303
s2497,25177
s2497,24184
s2497,7608
s2497,19164
s2497,33868
s2497,30023
s2497,23533
s2498,29365
s2498,23112
s2498,25456
s2498,33895
s2498,8628
s2498,7351
s2498,4417
s2498,4167
s2499,12011
s2499,1031
s2499,5110
s2499,22239
s2499,7209
s2499,10602
s2499,2496
s2499,5391
s2499,16391
s2499,27559
s2500,10131
s2500,9814
s2500,17903
s2500,21114
s2500,3080
s2500,13280
s2500,1025
s2500,7131
s2500,16722
s2500,10604
s2500,5259
s2500,13976
s2500,391
s2501,35518
s2501,17220
s2501,197
s2501,27006
s2501,23697
s2501,32117
s2501,21104
s2501,1987
s2502,23563
s2502,8870
s2502,12478
s2502,10391
s2502,868
s2502,20139
s2502,23998
s2502,12485
s2502,872
s2502,12165
s2503,17255
s2503,23681
s2503,30789
s2503,9901
s2503,29356
s2503,29201
s2503,18385
s2503,35537
s2503,17077
s2503,14975
s2504,35787
s2504,20844
s2504,10339
s2504,23573
s2505,23577
s2505,12478
s2505,27246
s2505,35525
s2505,868
s2506,20844
s2506,18072
s2506,12478
s2506,21833
s2506,23821
s2506,24080
s2506,10339
s2506,27771
s2506,23851
s2507,32689
s2507,20844
s2507,10339
s2507,21833
s2507,13060
s2507,23412
s2507,22374
s2508,26063
s2508,4483
s2509,15411
s2509,4922
s2509,12555
s2509,6344
s2509,16857
s2509,20036
s2509,2625
s2509,5544
s2509,14226
s2509,8704
s2510,642
s2510,25158
s2510,20882
s2510,18081
s2510,20865
s2510,23528
s2510,35792
s2510,35796
s2510,23580
s2510,25535
s2511,642
s2511,35525
s2511,20816
s2511,20139
s2511,31351
s2511,28194
s2511,649
s2511,35793
s2512,27785
s2512,34891
s2512,172
s2512,600
s2512,32129
s2512,928
s2512,27214
s2512,7399
s2513,642
s2513,35525
s2513,12478
s2513,12463
s2514,28285
s2514,15918
s2514,24603
s2514,18163
s2514,17067
s2514,9815
s2514,29304
s2515,24326
s2515,34506
s2515,18630
s2516,12465
s2517,23554
s2517,160
s2517,11448
s2517,12574
s2517,155
s2517,22680
s2517,22679
s2517,13191
s2517,31623
s2517,31420
s2518,18712
s2518,19354
s2518,18233
s2518,18185
s2518,18251
s2518,18305
s2518,19306
s2518,25818
s2518,19782
s2518,14913
s2519,19275
s2519,18321
s2519,14918
s2519,18341
s2519,18299
s2519,18308
s2519,35927
s2519,19323
s2520,36036
s2520,20718
s2520,13758
s2520,8189
s2520,7675
s2520,15135
s2520,20913
s2521,10447
s2521,14634
s2521,29560
s2521,14875
s2521,18913
s2521,24042
s2521,13056
s2521,11453
s2522,27096
s2522,24261
s2522,1298
s2522,937
s2522,25961
s2522,10078
s2523,9945
s2523,32389
s2523,1149
s2523,12008
s2523,1411
s2523,20198
s2523,24761
s2523,360
s2524,34144
s2524,33336
s2524,3887
s2524,36134
s2524,10013
s2524,25934
s2524,11317
s2524,17480
s2524,10269
s2524,34929
s2525,16902
s2526,25051
s2526,3521
s2526,17098
s2526,18470
s2526,27873
s2526,23508
s2526,12832
s2526,3370
s2527,734
s2527,21
s2527,21278
s2527,17230
s2527,27925
s2527,20134
s2527,17933
s2527,19150
s2527,6511
s2527,23779
s2527,2814
s2527,7403
s2527,11896
s2527,11288
s2527,16114
s2527,34442
s2527,22654
s2527,29674
s2527,18693
s2528,25183
s2528,34871
s2528,4210
s2528,33114
s2528,17160
s2528,33858
s2528,4542
s2528,2910
s2528,2652
s2528,6136
s2528,24977
s2528,26861
s2528,33097
s2529,19286
s2529,13307
s2529,19337
s2529,19310
s2529,25824
s2529,19333
s2529,676
s2530,2691
s2530,18901
s2530,31196
s2530,9807
s2530,26174
s2531,19112
s2531,25184
s2531,21727
s2531,19188
s2531,7509
s2531,2303
s2531,16468
s2531,26336
s2531,3939
s2531,3806
s2531,33602
s2532,34354
s2532,13433
s2532,8158
s2532,11622
s2532,25455
s2532,35728
s2532,36304
s2532,4646
s2533,13433
s2533,34354
s2533,13439
s2533,5038
s2533,12332
s2533,10452
s2533,22219
s2533,14991
s2534,864
s2534,21095
s2534,168
s2534,1318
s2534,1600
s2534,863
s2534,1566
s2534,870
s2535,2389
s2535,444
s2535,8720
s2535,18746
s2535,20919
s2535,34410
s2535,1818
s2535,30463
s2536,20814
s2536,34919
s2536,30043
s2537,8543
s2537,13480
s2537,7210
s2537,7208
s2537,11583
s2537,23975
s2537,28557
s2537,13607
s2538,14034
s2538,14766
s2538,5853
s2538,16534
s2538,6338
s2538,17667
s2539,174
s2539,14031
s2539,14510
s2539,19231
s2539,18073
s2540,35203
s2541,8028
s2541,19165
s2541,24714
s2541,11314
s2541,13822
s2541,29840
s2541,28354
s2541,6393
s2541,15498
s2541,23661
s2542,18100
s2542,24592
s2542,32647
s2542,30043
s2542,10488
s2543,23050
s2543,14239
s2543,9982
s2543,2504
s2543,24749
s2543,7030
s2543,16690
s2543,8389
s2544,9579
s2544,14286
s2544,33457
s2544,5465
s2544,15949
s2544,7523
s2544,19148
s2544,29790
s2544,31408
s2544,1865
s2544,23189
s2544,9082
s2544,6366
s2544,12595
s2544,13785
s2544,36076
s2544,10892
s2544,15885
s2545,846
s2545,750
s2545,25425
s2545,18431
s2545,24514
s2545,27533
s2545,444
s2545,32044
s2545,27501
s2545,27388
s2546,43
s2546,29387
s2546,27612
s2546,17283
s2546,25783
s2546,22507
s2546,8444
s2546,13944
s2546,30525
s2547,34665
s2547,22049
s2547,2820
s2547,19464
s2547,18641
s2547,25352
s2547,13297
s2547,22277
s2547,22200
s2547,14400
s2548,24702
s2548,345
s2550,33032
s2550,20339
s2550,14249
s2550,13704
s2550,17790
s2550,7249
s2550,18357
s2550,34089
s2551,34814
s2551,4011
s2551,9236
s2551,29805
s2551,21239
s2551,4156
s2551,1078
s2551,10642
s2551,11469
s2552,6465
s2552,19821
s2552,14130
s2552,22290
s2552,29446
s2552,20462
s2552,9269
s2553,24692
s2553,17268
s2553,8348
s2554,2207
s2554,15437
s2554,1668
s2554,19627
s2554,32550
s2554,4022
s2554,418
s2554,22575
s2554,18907
s2554,32916
s2554,27507
s2554,9639
s2554,7325
s2555,487
s2555,3214
s2555,6945
s2555,21604
s2555,1097
s2555,15055
s2555,8541
s2555,4761
s2556,29271
s2556,1900
s2556,21095
s2556,23585
s2556,25903
s2556,20437
s2556,187
s2557,10408
s2557,13937
s2557,29578
s2557,11451
s2557,13733
s2557,24433
s2557,14510
s2557,10505
s2557,24146
s2557,14033
s2558,12543
s2558,15209
s2558,9010
s2558,36222
s2558,35059
s2558,15210
s2558,3729
s2558,28763
s2558,30876
s2558,7537
s2559,27534
s2559,21023
s2559,7018
s2559,22219
s2559,1746
s2559,32377
s2559,29385
s2559,317
s2560,23090
s2561,35619
s2561,16759
s2561,2228
s2561,20743
s2561,26727
s2561,29962
s2561,30236
s2561,22373
s2562,15011
s2563,14963
s2563,12597
s2563,14092
s2563,15690
s2563,25452
s2563,22882
s2563,19206
s2563,2448
s2563,986
s2563,8888
s2564,20272
s2564,11579
s2564,16928
s2564,34837
s2565,2833
s2565,10116
s2565,18742
s2565,17337
s2565,2850
s2565,36085
s2565,27364
s2565,23901
s2565,1981
s2565,8229
s2566,30241
s2566,24286
s2566,29753
s2567,22943
s2567,33883
s2567,1320
s2567,1530
s2567,33801
s2567,4625
s2567,13037
s2567,22868
s2568,28000
s2568,24568
s2568,19957
s2568,4795
s2568,1899
s2568,13979
s2568,20359
s2568,4437
s2568,21414
s2568,30907
s2571,11776
s2571,30185
s2571,6478
s2571,5573
s2571,1642
s2571,15711
s2571,22153
s2571,7908
s2572,23187
s2573,16312
s2573,5573
s2573,20135
s2573,6478
s2573,15834
s2573,22943
s2573,30562
s2573,6982
s2573,14523
s2573,31651
s2574,13893
s2574,22912
s2574,34104
s2574,6567
s2574,30183
s2574,4432
s2574,36254
s2574,11851
s2574,32745
s2575,10027
s2576,11190
s2576,28342
s2576,16291
s2576,16854
s2576,1868
s2576,18888
s2576,31915
s2576,14478
s2576,28710
s2576,33337
s2576,21603
s2576,14119
s2576,28332
s2577,14757
s2577,3275
s2577,27823
s2577,35435
s2577,13546
s2577,17740
s2577,30522
s2578,7734
s2579,360
s2579,31999
s2579,26129
s2579,9199
s2579,12984
s2579,22198
s2579,5944
s2579,6542
s2580,888
s2580,20868
s2580,17920
s2580,33019
s2580,26146
s2580,25458
s2580,9540
s2580,31328
s2580,31711
s2581,7867
s2581,7739
s2581,26061
s2581,14960
s2581,15296
s2581,19113
s2581,15533
s2581,9089
s2581,14007
s2581,12870
s2581,29520
s2583,3999
s2583,6373
s2583,8015
s2583,13905
s2583,29225
s2583,5674
s2583,2262
s2583,4107
s2583,986
s2583,30802
s2584,1445
s2584,4552
s2584,11603
s2584,9619
s2585,34695
s2585,27976
s2585,15621
s2585,8313
s2585,18595
s2585,24853
s2585,36081
s2585,5319
s2585,28907
s2585,22526
s2586,28101
s2586,9055
s2586,31986
s2586,2572
s2587,35862
s2587,2967
s2587,25048
s2587,35885
s2587,29120
s2587,20849
s2587,23508
s2587,20995
s2587,21440
s2587,3531
s2587,17885
s2587,7271
s2588,13887
s2588,21068
s2588,23624
s2588,36111
s2589,17605
s2589,24615
s2589,7866
s2589,30561
s2590,34160
s2590,430
s2590,24997
s2590,27429
s2590,27382
s2591,401
s2591,29471
s2591,31215
s2591,19109
s2591,11661
s2591,23491
s2591,23302
s2591,9160
s2591,10657
s2591,2725
s2591,8536
s2591,19175
s2592,19250
s2592,7458
s2592,1291
s2592,35296
s2592,6914
s2592,3897
s2592,9892
s2592,20621
s2592,5611
s2593,3999
s2593,23085
s2593,15012
s2593,20964
s2593,31763
s2593,28332
s2593,5396
s2593,1347
s2593,7658
s2593,30134
s2594,16241
s2594,17711
s2594,36007
s2594,16569
s2594,27139
s2594,28349
s2594,23203
s2595,16241
s2595,17711
s2595,36007
s2595,22098
s2595,15553
s2595,16569
s2595,28349
s2595,27139
s2595,23203
s2595,31282
s2596,28802
s2596,16241
s2596,17711
s2596,30644
s2596,16569
s2596,27139
s2596,28349
s2597,1633
s2597,6885
s2597,17755
s2597,9333
s2597,2500
s2597,16045
s2597,25339
s2597,6467
s2598,5227
s2598,15141
s2598,14201
s2598,5199
s2598,29948
s2598,9591
s2599,33694
s2599,31605
s2599,31425
s2599,17098
s2599,16824
s2599,33703
s2599,32592
s2599,18512
s2599,28204
s2599,17889
s2599,20916
s2599,32599
s2599,31042
s2599,35977
s2599,6169
s2599,16840
s2599,17615
s2599,12817
s2600,27215
s2600,35397
s2600,28534
s2600,27718
s2600,11038
s2600,5448
s2600,22252
s2600,10591
s2600,21681
s2600,5433
s2600,21548
s2601,5606
s2601,3708
s2601,27969
s2601,14078
s2601,5614
s2601,2712
s2601,26499
s2601,12277
s2601,25019
s2601,18847
s2602,7617
s2602,11582
s2602,13935
s2602,19445
s2602,10069
s2602,11530
s2602,14786
s2602,4968
s2602,10594
s2603,18400
s2603,30878
s2603,18862
s2603,9929
s2603,35770
s2603,24390
s2603,35994
s2603,7255
s2603,6147
s2603,30275
s2603,8282
s2604,16226
s2604,12958
s2604,14493
s2604,28927
s2604,23748
s2604,28314
s2604,6031
s2604,8693
s2604,12948
s2604,27940
s2606,36014
s2606,10448
s2606,31498
s2606,36437
s2606,8469
s2606,36438
s2606,10479
s2606,5725
s2606,5290
s2606,10096
s2607,18203
s2607,16784
s2607,25827
s2607,24113
s2607,6266
s2607,18331
s2607,25814
s2608,25470
s2608,28108
s2608,15228
s2608,818
s2608,4362
s2608,30482
s2608,33509
s2608,10566
s2608,34271
s2610,24055
s2611,34289
s2611,29623
s2611,29577
s2611,13418
s2611,2443
s2611,32022
s2612,35019
s2612,25050
s2612,27552
s2612,31075
s2612,13735
s2612,25178
s2612,12854
s2612,17177
s2612,12388
s2612,31616
s2612,10690
s2612,34552
s2613,5725
s2613,36383
s2613,34205
s2613,24455
s2613,3703
s2613,22628
s2613,8633
s2613,36427
s2613,25292
s2613,5061
s2614,30411
s2614,36426
s2614,24780
s2614,5060
s2615,23577
s2615,36132
s2615,10339
s2615,9267
s2615,12478
s2615,649
s2615,12196
s2615,29263
s2616,25193
s2616,5690
s2616,8323
s2616,30431
s2616,32384
s2616,13119
s2616,16944
s2616,27260
s2617,9167
s2617,8657
s2617,11984
s2617,5088
s2618,12182
s2618,24551
s2618,22499
s2618,36348
s2618,34028
s2618,30413
s2618,36146
s2618,3584
s2618,36417
s2618,9927
s2619,36402
s2619,36148
s2619,11984
s2619,5711
s2620,23577
s2620,20844
s2620,12478
s2620,35796
s2620,35793
s2620,612
s2620,18090
s2620,20744
s2620,9901
s2620,22374
s2621,36014
s2621,10096
s2621,5117
s2621,9920
s2621,29162
s2621,31231
s2621,5725
s2621,3541
s2621,10489
s2621,22691
s2622,36014
s2622,33519
s2622,8265
s2622,1565
s2622,36383
s2622,9920
s2622,34047
s2622,36376
s2622,9139
s2622,3854
s2622,5705
s2623,18044
s2623,23643
s2623,9984
s2623,4749
s2623,16579
s2623,4422
s2623,21530
s2623,16296
s2623,18151
s2623,34121
s2624,17255
s2624,8675
s2624,23566
s2624,649
s2624,27569
s2624,35793
s2624,23799
s2624,20744
s2624,29201
s2624,130
s2625,2101
s2625,8911
s2625,16597
s2625,1924
s2625,7044
s2625,8531
s2625,2099
s2625,20241
s2626,17325
s2626,29785
s2626,27498
s2626,3157
s2626,31219
s2626,23716
s2626,1805
s2626,31095
s2627,23633
s2627,25212
s2627,29182
s2627,24511
s2627,2273
s2627,7317
s2627,17575
s2627,30830
s2627,24911
s2627,25695
s2629,1207
s2629,9733
s2629,7875
s2629,13150
s2629,28971
s2629,22161
s2629,29018
s2629,33471
s2629,26469
s2629,467
s2629,16243
s2629,12655
s2629,1263
s2629,33238
s2630,25000
s2630,27581
s2630,29577
s2630,15386
s2630,1979
s2631,642
s2631,20139
s2631,9267
s2631,9856
s2632,32194
s2632,31478
s2632,18240
s2632,14908
s2632,19341
s2632,18245
s2632,25847
s2632,14901
s2633,4470
s2633,15416
s2633,7810
s2633,26553
s2633,1510
s2633,26428
s2633,21362
s2633,22270
s2633,852
s2633,33775
s2634,642
s2634,11446
s2634,12478
s2634,28214
s2634,9267
s2634,171
s2634,35793
s2634,23580
s2635,14628
s2635,5112
s2635,15739
s2635,14071
s2635,26367
s2635,23451
s2635,4133
s2635,9156
s2635,15581
s2635,9522
s2635,17787
s2635,20940
s2636,633
s2636,18080
s2636,20851
s2636,24481
s2636,4548
s2636,30293
s2637,35794
s2637,3164
s2637,29345
s2637,23566
s2637,7295
s2637,27269
s2638,3327
s2638,28919
s2638,11454
s2638,3836
s2638,623
s2639,642
s2639,18926
s2639,20822
s2639,23561
s2639,29940
s2639,27268
s2639,1754
s2639,12323
s2640,3822
s2640,10482
s2640,21139
s2640,12192
s2640,25160
s2640,18075
s2641,28182
s2641,33529
s2641,33817
s2641,8568
s2641,21020
s2641,7850
s2641,3231
s2641,17919
s2642,30424
s2642,35133
s2642,13002
s2642,35140
s2642,7872
s2642,30150
s2642,18147
s2642,6855
s2642,3081
s2643,24442
s2643,4208
s2643,26953
s2643,28642
s2643,26927
s2643,16627
s2644,27059
s2644,18721
s2644,22670
s2644,1441
s2644,30292
s2644,36419
s2644,16971
s2644,23982
s2644,3676
s2644,34029
s2645,17109
s2646,3370
s2646,25539
s2646,821
s2646,18518
s2646,35970
s2646,33847
s2646,32600
s2646,32823
s2646,29327
s2646,22482
s2646,17840
s2646,17017
s2646,30818
s2647,5056
s2647,27948
s2647,1091
s2647,4912
s2647,6102
s2647,3360
s2647,13577
s2647,22578
s2647,28115
s2647,33426
s2648,27948
s2648,5056
s2648,6102
s2648,3360
s2648,13221
s2648,13577
s2648,1091
s2648,22578
s2649,34482
s2649,754
s2649,5670
s2649,7720
s2649,25655
s2649,3130
s2649,16498
s2649,34487
s2649,20270
s2650,13433
s2650,22273
s2650,30462
s2650,11572
s2650,5004
s2650,14991
s2650,8887
s2650,3590
s2651,19321
s2651,679
s2651,6275
s2651,25817
s2651,25807
s2652,560
s2654,22403
s2654,7714
s2654,17355
s2654,21338
s2654,2190
s2654,10318
s2654,13739
s2654,35287
s2654,13242
s2654,13661
s2654,33644
s2655,405
s2655,15282
s2655,7285
s2655,21435
s2655,3577
s2655,33415
s2655,15918
s2655,17666
s2656,26330
s2656,24009
s2656,5452
s2656,16396
s2656,36321
s2656,27719
s2656,20873
s2656,14535
s2656,20399
s2656,23155
s2657,35141
s2657,22351
s2657,28182
s2657,1083
s2657,33032
s2657,14286
s2657,21786
s2657,30459
s2659,21944
s2659,10970
s2659,35883
s2659,25127
s2659,12815
s2659,17888
s2659,29135
s2660,33223
s2660,3993
s2661,24728
s2661,8595
s2661,1911
s2661,7726
s2661,25566
s2661,14379
s2661,20394
s2661,24585
s2661,20381
s2662,17721
s2662,19268
s2663,9042
s2663,26597
s2663,8996
s2663,15608
s2663,24310
s2663,15895
s2663,6480
s2663,2603
s2663,7331
s2663,33999
s2663,21332
s2663,26290
s2663,8936
s2663,7978
s2663,31891
s2663,5146
s2663,31836
s2664,30942
s2664,32280
s2664,9032
s2664,17070
s2664,16958
s2664,29944
s2664,34238
s2664,15908
s2664,18961
s2664,18948
s2666,19354
s2666,18214
s2666,35310
s2666,18262
s2666,16788
s2666,19339
s2666,18345
s2667,17896
s2667,27579
s2667,13314
s2667,11305
s2667,30073
s2667,16863
s2667,27620
s2668,23981
s2668,22669
s2668,36398
s2668,9435
s2668,34273
s2668,3608
s2668,10061
s2668,3734
s2669,29534
s2669,10059
s2669,29617
s2669,31368
s2670,30238
s2670,27883
s2670,28501
s2670,13466
s2670,5579
s2670,21106
s2670,14537
s2670,1037
s2670,31378
s2670,16496
s2671,34763
s2671,27536
s2671,21075
s2671,27628
s2671,27700
s2671,13352
s2671,32080
s2671,1810
s2672,7946
s2672,10923
s2672,14343
s2672,2610
s2672,31567
s2673,34903
s2673,1938
s2673,5030
s2673,6804
s2673,4608
s2674,21721
s2674,5390
s2674,19535
s2674,10786
s2674,13319
s2674,4055
s2674,13613
s2674,25954
s2674,1429
s2674,9260
s2675,25217
s2675,23410
s2675,7121
s2675,28694
s2675,18931
s2675,25650
s2675,11441
s2675,11397
s2675,16736
s2675,5343
s2676,10467
s2677,19883
s2677,12841
s2677,30479
s2677,19237
s2677,34005
s2677,35986
s2677,24587
s2677,33647
s2677,13618
s2677,28729
s2677,4463
s2677,8916
s2678,16263
s2678,11336
s2678,30075
s2678,977
s2678,27416
s2678,33317
s2678,5816
s2678,10778
s2678,15980
s2678,34471
s2678,12553
s2678,1468
s2679,3394
s2679,31733
s2679,12518
s2679,3437
s2679,16726
s2679,23658
s2679,29068
s2679,24366
s2679,3778
s2679,24631
s2680,22265
s2681,20383
s2681,9208
s2681,1407
s2681,28839
s2681,23422
s2681,10951
s2681,28808
s2681,16676
s2681,23022
s2681,27630
s2682,3313
s2682,33875
s2682,34042
s2682,5291
s2682,22564
s2682,3312
s2682,669
s2682,30251
s2682,3587
s2683,35539
s2683,29412
s2683,20199
s2683,31059
s2683,21232
s2683,17570
s2683,2048
s2683,19001
s2683,6582
s2684,32269
s2684,31624
s2684,32265
s2684,34729
s2684,11786
s2684,20994
s2684,13936
s2684,3670
s2684,32053
s2684,13478
s2686,34620
s2686,27128
s2686,751
s2686,5634
s2686,13666
s2687,6313
s2688,14766
s2688,4448
s2688,17386
s2688,7285
s2688,34917
s2688,35283
s2688,25542
s2688,10418
s2688,7462
s2688,403
s2689,25470
s2689,10978
s2689,35910
s2689,116
s2689,382
s2689,30646
s2689,10189
s2689,12384
s2689,23068
s2690,27110
s2691,28362
s2691,31795
s2691,32196
s2691,17251
s2691,11832
s2691,52
s2691,18823
s2692,883
s2692,23190
s2692,5439
s2692,21698
s2694,29411
s2694,25381
s2694,10935
s2694,9393
s2694,15571
s2694,33353
s2694,752
s2694,13764
s2694,1498
s2695,36239
s2695,19685
s2695,31625
s2695,13194
s2695,23820
s2695,23789
s2695,939
s2695,11201
s2695,2747
s2695,20780
s2695,27777
s2695,12866
s2695,232
s2696,30414
s2696,33274
s2696,337
s2696,17802
s2696,23186
s2696,23668
s2696,17697
s2696,3663
s2696,18504
s2697,34814
s2697,10803
s2697,5235
s2697,31213
s2697,22260
s2697,1074
s2697,10224
s2697,21223
s2697,26681
s2697,11566
s2697,28499
s2697,33657
s2697,21306
s2697,23057
s2698,34139
s2698,6500
s2698,12901
s2698,12511
s2698,18758
s2698,10668
s2698,14161
s2698,15419
s2699,18508
s2699,30062
s2699,35983
s2699,17634
s2699,7264
s2699,7712
s2699,29988
s2699,30935
s2699,6230
s2699,6169
s2699,33704
s2699,35862
s2699,17102
s2699,32628
s2699,12865
s2699,12815
s2701,21795
s2701,20150
s2701,5757
s2701,18165
s2701,814
s2701,25761
s2702,25034
s2702,8436
s2702,24746
s2702,13831
s2702,30683
s2702,113
s2702,6816
s2702,30454
s2702,15069
s2702,17902
s2702,32160
s2702,10808
s2702,17437
s2702,7345
s2703,33288
s2704,33045
s2704,18042
s2704,21563
s2704,6825
s2704,9001
s2704,10044
s2705,4937
s2705,4737
s2705,35175
s2705,6580
s2705,34317
s2705,20631
s2705,5170
s2706,15103
s2706,25494
s2706,9148
s2706,18655
s2706,4000
s2706,11402
s2706,35102
s2707,6884
s2707,24786
s2707,3796
s2707,1428
s2707,27241
s2707,32231
s2707,4273
s2707,8993
s2707,3792
s2707,8308
s2707,12702
s2708,11416
s2708,23763
s2708,24701
s2708,7648
s2708,13905
s2708,18997
s2708,33331
s2708,26775
s2709,13659
s2709,4436
s2709,17296
s2709,30230
s2709,28496
s2709,30388
s2710,9153
s2710,32798
s2710,33022
s2710,4155
s2711,7606
s2711,2973
s2711,17601
s2711,14872
s2711,27098
s2711,26567
s2711,22139
s2711,2943
s2713,31867
s2713,31200
s2713,25663
s2713,28984
s2713,14448
s2713,22918
s2713,2078
s2713,14755
s2713,25315
s2713,26099
s2715,35854
s2715,23340
s2715,2864
s2716,1774
s2716,23477
s2716,7640
s2716,20670
s2716,24486
s2716,1547
s2716,28642
s2716,33432
s2716,34648
s2716,2939
s2717,846
s2717,31103
s2717,13823
s2717,13887
s2717,30734
s2717,18727
s2717,27352
s2717,3279
s2718,17573
s2718,15232
s2718,6643
s2718,27356
s2718,22267
s2718,11998
s2718,3148
s2718,16698
s2718,1957
s2719,17795
s2719,15299
s2719,8839
s2719,15579
s2719,11523
s2719,7662
s2719,1461
s2719,6100
s2719,36002
s2720,7840
s2721,208
s2721,15651
s2721,27007
s2721,4497
s2721,18431
s2721,32360
s2721,30985
s2721,4528
s2722,8639
s2722,28281
s2722,26897
s2722,1816
s2722,3257
s2722,26952
s2722,1804
s2722,30007
s2722,20606
s2722,14520
s2723,30490
s2723,16562
s2723,31460
s2723,10458
s2723,23627
s2723,33313
s2723,11967
s2723,30614
s2724,1774
s2724,30671
s2724,36127
s2724,26952
s2724,1804
s2724,12605
s2724,26897
s2724,11099
s2724,29321
s2724,13225
s2725,13334
s2725,17222
s2725,25012
s2725,2833
s2725,30973
s2725,10116
s2725,32095
s2725,24491
s2726,29716
s2726,31674
s2726,2833
s2726,27293
s2726,31500
s2726,27793
s2726,18756
s2726,33522
s2726,4467
s2726,1975
s2727,31103
s2727,25787
s2727,265
s2727,21071
s2727,20683
s2727,30614
s2727,24941
s2727,2390
s2729,34392
s2729,1378
s2729,3279
s2729,31104
s2729,29291
s2729,11216
s2729,14511
s2729,17854
s2729,8225
s2729,20837
s2730,766
s2730,34827
s2730,15651
s2730,19022
s2730,10115
s2730,34791
s2730,18782
s2730,34731
s2731,1774
s2731,30490
s2731,208
s2731,27518
s2731,26951
s2731,18431
s2731,3029
s2732,1774
s2732,14589
s2732,30490
s2732,17042
s2732,12946
s2732,17222
s2732,27518
s2732,10458
s2732,12782
s2732,1547
s2733,30490
s2733,29306
s2733,26951
s2733,14589
s2733,32359
s2733,27793
s2733,19741
s2733,8256
s2734,28281
s2734,31103
s2734,10496
s2734,1378
s2734,27596
s2734,27333
s2735,30490
s2735,17042
s2735,27518
s2735,10458
s2735,27793
s2735,29387
s2735,2939
s2735,12782
s2735,15909
s2735,2833
s2735,29625
s2736,30496
s2736,1378
s2736,25746
s2736,29720
s2736,32359
s2736,24867
s2736,29632
s2736,34645
s2739,27127
s2739,27403
s2739,27311
s2739,33416
s2739,26897
s2739,27526
s2739,22434
s2739,802
s2740,29877
s2740,19207
s2740,15111
s2740,28840
s2740,1587
s2740,21165
s2740,28569
s2741,33844
s2741,12824
s2741,29109
s2741,18515
s2741,12755
s2741,17675
s2741,35950
s2741,18509
s2741,20986
s2742,25007
s2742,31677
s2742,3493
s2742,11016
s2742,27591
s2742,27351
s2744,13273
s2744,17917
s2744,32813
s2744,22142
s2744,7885
s2744,31973
s2744,13289
s2744,13293
s2745,22164
s2745,27587
s2745,23419
s2745,33364
s2745,1398
s2745,1863
s2745,16237
s2745,8571
s2745,26657
s2745,15269
s2745,32402
s2746,18636
s2746,7289
s2746,22955
s2746,31743
s2746,30139
s2746,1380
s2746,28233
s2746,15887
s2746,32871
s2746,4721
s2746,12287
s2747,12409
s2747,12512
s2747,13004
s2747,20201
s2747,28065
s2747,22136
s2747,23776
s2747,5679
s2747,17569
s2747,9583
s2748,9841
s2748,27498
s2748,17152
s2748,29716
s2748,24514
s2748,2281
s2748,24529
s2748,30973
s2749,35413
s2749,31209
s2749,13179
s2749,12977
s2749,35466
s2749,19966
s2750,3913
s2750,4579
s2750,19982
s2750,6915
s2750,14124
s2751,27932
s2751,28625
s2751,31333
s2751,34603
s2751,29175
s2752,18168
s2752,34790
s2752,8255
s2753,22478
s2753,25870
s2755,24469
s2755,19569
s2755,6586
s2755,22920
s2755,24709
s2755,26473
s2755,10929
s2755,20575
s2755,33076
s2755,16273
s2756,31309
s2756,10757
s2756,785
s2756,21754
s2756,22904
s2756,23107
s2756,9234
s2756,22875
s2756,35165
s2756,33981
s2756,34348
s2757,20092
s2757,4251
s2757,24503
s2757,27338
s2757,17313
s2757,27364
s2757,11228
s2757,26847
s2757,29387
s2757,21048
s2758,24731
s2758,3242
s2758,25862
s2758,15047
s2758,31122
s2758,12565
s2758,14422
s2758,18581
s2758,14283
s2758,7033
s2758,18198
s2759,28740
s2760,27907
s2760,31457
s2760,30869
s2760,32169
s2761,9032
s2761,28306
s2761,27407
s2761,24968
s2761,11233
s2761,2407
s2762,6260
s2762,25852
s2762,6233
s2762,16795
s2762,12227
s2762,25850
s2762,18273
s2763,35169
s2763,14979
s2763,28783
s2763,4121
s2763,17523
s2763,10606
s2763,11539
s2763,22761
s2763,6355
s2763,31823
s2764,25028
s2764,4705
s2764,36027
s2764,24754
s2764,31290
s2764,21702
s2764,2033
s2764,5363
s2764,14694
s2764,11896
s2764,21844
s2765,6568
s2765,19726
s2765,11652
s2765,25995
s2765,33476
s2765,28298
s2765,11819
s2765,26306
s2765,22425
s2765,26063
s2766,26924
s2766,17126
s2766,25009
s2766,32256
s2767,21051
s2767,26990
s2767,30909
s2767,24869
s2767,14519
s2767,8505
s2768,14414
s2768,31367
s2768,19118
s2768,31304
s2768,14420
s2768,10106
s2768,26515
s2768,19903
s2769,11940
s2769,21446
s2769,29156
s2769,21171
s2769,21146
s2769,21469
s2769,11934
s2769,13539
s2769,16727
s2770,9564
s2771,23050
s2771,14239
s2771,9982
s2771,2504
s2771,24749
s2771,7030
s2771,16690
s2772,20996
s2772,7056
s2772,24830
s2772,29949
s2772,4095
s2772,11503
s2772,22100
s2772,22437
s2773,16098
s2774,7150
s2774,2533
s2774,32486
s2774,2197
s2774,29158
s2775,24174
s2775,16761
s2775,17563
s2775,35672
s2775,17097
s2775,826
s2775,2864
s2775,17615
s2775,35669
s2775,12808
s2775,29135
s2775,9930
s2775,20991
s2775,29108
s2775,30935
s2775,12837
s2775,22381
s2775,17885
s2775,696
s2775,17033
s2775,23182
s2775,7272
s2775,32597
s2775,17840
s2775,25171
s2775,17836
s2775,12927
s2775,17878
s2775,32592
s2775,12443
s2775,35826
s2775,32632
s2775,32642
s2775,16833
s2775,21964
s2775,30939
s2775,17634
s2775,23340
s2776,6641
s2776,32232
s2776,29932
s2776,33179
s2776,2877
s2776,25928
s2778,30898
s2778,1765
s2778,14734
s2778,1167
s2778,28745
s2778,8250
s2778,8673
s2778,7960
s2778,35786
s2778,8327
s2778,13512
s2778,53
s2778,32672
s2778,29269
s2778,19012
s2778,3624
s2779,4141
s2781,10583
s2781,10294
s2781,8181
s2781,30084
s2781,16937
s2781,24907
s2781,35451
s2781,27218
s2781,6558
s2781,2138
s2781,19723
s2782,14536
s2782,21500
s2782,4966
s2782,29024
s2783,33607
s2784,28403
s2784,9544
s2784,11324
s2784,6517
s2784,4862
s2784,2433
s2784,26632
s2785,14557
s2785,14029
s2785,13720
s2785,35168
s2785,6032
s2785,10979
s2785,25150
s2786,1728
s2786,18434
s2786,5577
s2786,5584
s2786,9780
s2786,31784
s2786,8416
s2786,7120
s2786,19906
s2786,11833
s2786,28301
s2786,9123
s2788,33778
s2788,28802
s2788,16114
s2788,6016
s2788,337
s2788,17252
s2789,24177
s2789,12820
s2789,17614
s2789,5756
s2789,6137
s2789,21325
s2789,29125
s2789,12749
s2789,32533
s2789,31525
s2789,17224
s2789,35858
s2789,13669
s2789,9932
s2789,28273
s2789,33715
s2789,32637
s2789,30037
s2789,6154
s2789,35939
s2789,33710
s2789,12765
s2789,23501
s2789,23923
s2789,18507
s2789,33702
s2789,20705
s2789,20704
s2789,3532
s2789,35878
s2789,35975
s2789,3014
s2789,6155
s2790,9344
s2790,16179
s2790,7569
s2790,2073
s2790,20371
s2790,9890
s2790,28497
s2791,2999
s2791,10659
s2791,6361
s2791,7307
s2791,6677
s2791,11776
s2791,4042
s2791,15068
s2791,3651
s2791,3496
s2791,24046
s2791,35620
s2791,25866
s2791,13563
s2791,30305
s2791,27844
s2792,25238
s2792,33288
s2792,5436
s2792,4417
s2792,11155
s2792,17959
s2793,30
s2793,34632
s2793,34802
s2793,18449
s2793,30928
s2793,32092
s2793,29644
s2793,29781
s2794,9281
s2794,17989
s2794,5947
s2794,24621
s2794,7081
s2794,14106
s2794,3947
s2794,11417
s2794,12679
s2795,1757
s2795,28921
s2795,33083
s2795,13580
s2795,15981
s2795,13749
s2795,24373
s2795,9690
s2795,11493
s2795,17781
s2795,8058
s2795,25467
s2795,26461
s2797,2379
s2797,2771
s2797,6679
s2797,31212
s2797,7583
s2797,29397
s2798,25582
s2798,32389
s2798,17402
s2798,23812
s2798,1450
s2798,16724
s2798,26710
s2798,9098
s2798,4265
s2798,2763
s2798,21467
s2798,3595
s2799,25436
s2799,17421
s2799,23391
s2799,2364
s2799,16195
s2799,9903
s2799,12094
s2800,32864
s2800,28252
s2800,3526
s2800,16403
s2800,17839
s2800,17127
s2800,18520
s2801,20960
s2801,30492
s2801,156
s2801,35782
s2802,30650
s2802,33776
s2802,20002
s2802,9557
s2802,14441
s2802,10421
s2802,5148
s2802,11519
s2802,9996
s2802,33596
s2803,1437
s2803,11631
s2803,1711
s2803,973
s2803,25117
s2803,35957
s2803,1664
s2803,18998
s2803,31190
s2803,865
s2804,17167
s2804,30961
s2804,30871
s2804,825
s2804,31425
s2804,23340
s2804,7260
s2804,25044
s2805,17277
s2805,32323
s2805,12774
s2805,33177
s2805,22130
s2805,7694
s2805,31717
s2805,13574
s2805,8973
s2805,29484
s2805,28601
s2805,2619
s2807,4110
s2808,15843
s2808,16872
s2808,21262
s2808,31180
s2808,17384
s2808,9803
s2808,2257
s2808,28139
s2809,34352
s2810,32511
s2810,337
s2810,33223
s2810,18997
s2810,30591
s2810,1461
s2810,18696
s2810,14461
s2811,24541
s2811,265
s2811,27374
s2811,11960
s2811,30537
s2811,21045
s2811,32049
s2811,32553
s2812,16241
s2812,2519
s2812,2793
s2812,23737
s2812,10694
s2812,17711
s2813,16241
s2813,10694
s2813,2519
s2813,33002
s2813,23737
s2813,2793
s2813,34728
s2815,16241
s2815,17711
s2815,36007
s2815,16569
s2815,27139
s2815,28349
s2815,6577
s2815,17925
s2815,33002
s2815,4472
s2816,26844
s2816,32258
s2816,32230
s2816,31463
s2816,27350
s2816,34431
s2816,7619
s2816,1547
s2817,36073
s2817,29572
s2817,1435
s2818,29352
s2818,17589
s2818,33142
s2818,8685
s2818,31963
s2818,18110
s2818,16003
s2818,24650
s2818,8893
s2818,25720
s2819,13390
s2819,4407
s2819,9800
s2819,10063
s2819,4033
s2819,12335
s2819,7253
s2819,31966
s2819,25181
s2819,9555
s2819,33835
s2820,35213
s2820,1991
s2820,7721
s2820,28127
s2820,10780
s2820,7397
s2820,6984
s2820,7328
s2820,350
s2821,31790
s2821,11671
s2821,7282
s2821,7705
s2821,16310
s2821,4845
s2821,27620
s2821,6811
s2821,22537
s2822,16442
s2822,29145
s2822,3686
s2822,18289
s2822,18317
s2822,14900
s2822,18229
s2822,12698
s2822,16808
s2822,18247
s2823,1861
s2823,11022
s2823,33239
s2823,20065
s2823,25492
s2823,8137
s2823,23422
s2823,27782
s2823,17971
s2823,31694
s2824,2922
s2824,24976
s2824,8322
s2824,5690
s2824,36410
s2824,22681
s2825,25218
s2825,4405
s2825,4082
s2825,985
s2825,31129
s2825,33431
s2825,3071
s2825,9168
s2825,34340
s2825,7350
s2827,31120
s2827,14440
s2827,4729
s2827,8617
s2827,16738
s2827,15104
s2827,28752
s2827,26356
s2827,26227
s2827,7663
s2828,11580
s2829,11548
s2829,10662
s2829,129
s2829,22835
s2829,19683
s2829,21844
s2829,33513
s2829,30645
s2830,21158
s2832,17666
s2832,19731
s2832,4523
s2832,33876
s2832,11017
s2832,4237
s2832,35344
s2832,32913
s2832,12614
s2832,19989
s2833,6289
s2833,17541
s2833,9905
s2833,25086
s2833,28100
s2833,36139
s2833,19551
s2833,2312
s2834,18140
s2834,792
s2834,11987
s2834,32553
s2834,24867
s2834,21104
s2834,7305
s2834,18751
s2835,10996
s2835,24750
s2835,33673
s2835,3431
s2835,21430
s2835,13287
s2835,26703
s2835,21175
s2835,24766
s2836,23276
s2836,5327
s2837,21652
s2837,35273
s2837,885
s2837,4522
s2837,13293
s2837,12912
s2837,21158
s2838,3940
s2838,14545
s2838,3430
s2838,21081
s2838,1102
s2838,27473
s2838,30384
s2838,1515
s2838,28938
s2839,7858
s2839,26509
s2840,4361
s2840,31430
s2840,7644
s2840,11487
s2840,30436
s2840,17904
s2840,36096
s2840,4362
s2840,25989
s2840,33415
s2840,931
s2840,33369
s2841,1534
s2841,26831
s2841,32527
s2841,32354
s2841,25010
s2841,14597
s2841,23901
s2842,29584
s2842,2920
s2842,27356
s2842,24988
s2842,29194
s2842,30594
s2843,2932
s2843,25768
s2843,33242
s2843,27602
s2843,26058
s2843,11974
s2843,18685
s2843,17664
s2844,7109
s2844,6718
s2844,5652
s2844,20476
s2844,34309
s2844,11457
s2844,13278
s2844,34322
s2844,11270
s2845,19715
s2846,23696
s2846,13430
s2846,8924
s2846,8976
s2846,11042
s2846,7367
s2846,20476
s2846,1440
s2846,7405
s2846,23315
s2847,26226
s2847,23157
s2847,758
s2847,21123
s2847,21124
s2847,21723
s2847,14545
s2847,22315
s2847,5664
s2847,528
s2847,23416
s2847,24257
s2847,16389
s2847,13410
s2847,26549
s2847,20020
s2847,36341
s2847,25912
s2848,9675
s2848,4946
s2848,19624
s2848,11774
s2848,1640
s2848,1038
s2848,23072
s2849,20272
s2849,11579
s2849,6800
s2849,4974
s2849,20265
s2849,34837
s2850,32910
s2851,8686
s2851,1972
s2851,23881
s2851,28320
s2851,15860
s2852,25175
s2852,28419
s2852,29165
s2852,9035
s2852,33107
s2852,10629
s2853,121
s2853,2078
s2853,14072
s2853,25546
s2853,28042
s2853,7914
s2853,14090
s2853,16556
s2853,12191
s2853,11321
s2853,24272
s2854,7819
s2855,31605
s2855,31425
s2855,35877
s2855,35979
s2855,20991
s2855,35749
s2855,17563
s2855,28272
s2855,29987
s2856,34867
s2856,19981
s2856,26491
s2856,19540
s2856,22190
s2856,30451
s2856,10948
s2856,13633
s2856,19066
s2856,2758
s2856,23436
s2857,32223
s2857,28963
s2857,31003
s2857,25869
s2857,29556
s2857,5761
s2857,30728
s2857,797
s2858,31784
s2858,10033
s2858,16691
s2858,8919
s2858,2618
s2858,6071
s2858,8932
s2858,17709
s2859,10033
s2860,22955
s2860,13329
s2860,22909
s2860,16880
s2860,31746
s2860,28803
s2860,9829
s2861,3969
s2861,29225
s2861,3174
s2861,6228
s2861,27673
s2861,9742
s2861,6562
s2861,12612
s2861,22970
s2861,10784
s2861,16535
s2861,15878
s2861,9232
s2861,28068
s2861,2362
s2861,22930
s2861,11962
s2861,9975
s2861,6217
s2862,4321
s2862,10892
s2862,16553
s2862,30310
s2862,6353
s2862,4745
s2862,15708
s2862,20702
s2862,17971
s2862,22704
s2862,20267
s2863,22236
s2863,35524
s2863,19879
s2863,32828
s2863,29660
s2863,9011
s2863,28537
s2863,4609
s2863,27680
s2863,14467
s2864,7455
s2864,26105
s2864,17996
s2864,6656
s2864,8649
s2864,32444
s2864,8060
s2864,8056
s2864,6925
s2864,29005
s2865,21723
s2865,3298
s2865,528
s2865,14545
s2865,20020
s2865,2049
s2865,10609
s2865,8611
s2865,2232
s2865,22315
s2866,11082
s2866,9180
s2866,4272
s2866,33491
s2866,18813
s2866,16528
s2866,4442
s2866,23239
s2866,13243
s2866,7384
s2866,33786
s2866,7474
s2866,30217
s2866,22899
s2866,26203
s2866,18561
s2866,11951
s2866,34780
s2866,10796
s2868,9550
s2868,16850
s2868,20467
s2868,17651
s2868,1255
s2868,18972
s2868,34774
s2868,17727
s2868,10556
s2868,31366
s2869,2345
s2869,30232
s2869,20374
s2869,34490
s2869,19462
s2869,31377
s2869,9080
s2869,34318
s2869,9019
s2869,5405
s2870,1769
s2871,26326
s2871,34879
s2871,20224
s2871,17394
s2871,30244
s2871,28359
s2871,6107
s2871,25578
s2871,18109
s2871,9869
s2872,15154
s2872,7116
s2872,21928
s2872,16394
s2872,5358
s2872,27603
s2872,16524
s2872,16377
s2872,36325
s2872,14541
s2872,26336
s2872,9450
s2872,21929
s2872,395
s2873,33054
s2873,5106
s2873,20337
s2873,7051
s2873,8596
s2873,33726
s2874,1534
s2874,26831
s2874,32527
s2874,32354
s2874,25010
s2874,14597
s2874,23901
s2875,15576
s2875,14147
s2875,21733
s2875,27915
s2875,8578
s2875,35169
s2875,18651
s2875,6306
s2875,3367
s2875,32683
s2875,5098
s2876,23256
s2876,9381
s2876,21327
s2876,35870
s2876,16963
s2876,23173
s2876,32532
s2876,31031
s2876,25047
s2876,12750
s2876,30941
s2876,35972
s2877,29877
s2877,7375
s2877,4310
s2877,23055
s2877,1587
s2877,28569
s2878,23529
s2878,23598
s2878,6682
s2878,29241
s2878,23597
s2878,23530
s2878,13049
s2878,185
s2878,36093
s2878,1329
s2879,19731
s2879,399
s2879,9904
s2879,18163
s2879,25288
s2879,405
s2879,25303
s2879,10418
s2880,27462
s2880,11487
s2880,25542
s2880,4448
s2880,18163
s2880,11254
s2880,13256
s2880,1289
s2880,30482
s2881,31562
s2881,35347
s2881,17475
s2881,31361
s2881,28056
s2881,31566
s2881,8037
s2881,36049
s2881,722
s2882,25257
s2882,13249
s2882,28018
s2882,3660
s2882,12115
s2882,10568
s2882,33879
s2882,17719
s2883,405
s2883,25226
s2883,13457
s2883,31410
s2883,31430
s2883,20138
s2883,11873
s2883,4164
s2883,4360
s2883,26792
s2885,25176
s2885,10568
s2885,4448
s2885,3849
s2886,35088
s2886,11487
s2886,4164
s2886,25226
s2886,30482
s2886,25500
s2887,26421
s2888,15816
s2888,24252
s2888,9117
s2888,28164
s2888,14459
s2888,34573
s2888,277
s2889,18321
s2889,19347
s2889,11676
s2889,30842
s2889,30336
s2889,19375
s2889,25264
s2889,684
s2889,18263
s2889,25849
s2889,18266
s2889,35719
s2890,5125
s2890,33961
s2890,29832
s2890,9472
s2890,17243
s2890,21707
s2890,2406
s2890,4390
s2890,33819
s2891,32928
s2892,13704
s2892,5409
s2892,17315
s2892,15460
s2892,16744
s2892,2639
s2892,19127
s2892,10541
s2893,18230
s2893,16442
s2893,19292
s2893,18225
s2893,31495
s2893,13066
s2893,14900
s2893,13088
s2893,25839
s2895,8771
s2895,10135
s2895,5373
s2895,16475
s2895,7438
s2895,2790
s2895,13235
s2895,23973
s2895,7546
s2896,12630
s2896,974
s2896,11052
s2896,19909
s2896,22545
s2896,34588
s2896,21888
s2896,32943
s2897,28281
s2897,9841
s2897,31352
s2897,34423
s2897,2832
s2897,5782
s2897,3008
s2897,28960
s2898,2601
s2898,3945
s2898,35175
s2898,33477
s2898,28839
s2898,9211
s2898,22527
s2898,25478
s2899,16641
s2899,21046
s2899,251
s2899,15300
s2899,7619
s2899,34625
s2899,12589
s2899,17069
s2900,21680
s2900,10197
s2900,21694
s2900,20010
s2900,31886
s2900,29691
s2900,32994
s2900,2630
s2900,28249
s2900,20011
s2901,7617
s2901,6842
s2901,21403
s2901,9906
s2901,9004
s2901,23496
s2901,5410
s2901,7527
s2901,17775
s2901,25136
s2901,24767
s2901,16563
s2901,15342
s2901,10433
s2901,34928
s2901,3907
s2901,2796
s2901,27991
s2901,22364
s2901,13977
s2903,23220
s2903,9188
s2903,5206
s2903,2776
s2903,18635
s2903,31172
s2903,11519
s2903,5953
s2903,8119
s2903,6855
s2903,6557
s2903,6959
s2904,2330
s2904,4590
s2904,23965
s2904,22610
s2904,24832
s2904,28027
s2905,34269
s2905,22170
s2905,3428
s2905,24916
s2905,1759
s2905,24056
s2905,22751
s2905,420
s2905,34375
s2906,29463
s2906,2531
s2906,33374
s2906,14149
s2906,2669
s2906,22815
s2906,27122
s2906,17530
s2907,13414
s2907,788
s2907,24145
s2907,22237
s2907,7934
s2907,2288
s2907,26325
s2907,33653
s2907,26322
s2908,34687
s2908,12130
s2908,15998
s2908,4306
s2908,23197
s2908,16144
s2908,35211
s2908,15942
s2908,32798
s2908,30726
s2908,5139
s2909,24272
s2909,32897
s2909,35896
s2909,9912
s2909,31791
s2909,28254
s2909,25132
s2909,35851
s2910,8155
s2910,5577
s2910,29366
s2910,19038
s2910,7120
s2910,16088
s2910,33913
s2910,10271
s2910,22966
s2910,29793
s2911,6889
s2911,33579
s2911,14043
s2911,19935
s2911,21332
s2912,16872
s2912,15843
s2912,1619
s2912,17384
s2912,7922
s2913,32068
s2913,27121
s2913,21562
s2913,991
s2913,8479
s2913,24965
s2913,20352
s2913,8764
s2914,26760
s2914,23261
s2914,2557
s2914,21387
s2914,14262
s2914,16750
s2914,22404
s2914,13742
s2915,19939
s2915,8346
s2915,34922
s2915,6469
s2915,36294
s2915,19909
s2915,12317
s2915,2202
s2915,10087
s2916,19712
s2916,4510
s2916,21680
s2916,31515
s2916,9525
s2916,28871
s2916,18008
s2916,26217
s2916,32457
s2917,29716
s2917,3027
s2917,18680
s2917,36127
s2917,23627
s2917,25671
s2917,18744
s2917,32090
s2918,24497
s2918,11264
s2918,7619
s2918,30728
s2918,25779
s2918,2662
s2918,2825
s2918,30900
s2918,23163
s2918,34407
s2919,33876
s2919,29522
s2919,6192
s2919,6194
s2919,6210
s2919,8244
s2919,10564
s2919,3849
s2919,4378
s2920,32621
s2920,17343
s2920,12441
s2920,17890
s2920,32612
s2920,17824
s2920,17816
s2920,2927
s2920,32397
s2920,18518
s2920,2928
s2920,6157
s2920,18572
s2921,24689
s2921,34366
s2922,22928
s2922,8610
s2922,32976
s2922,15455
s2922,16380
s2922,22092
s2922,1592
s2923,28503
s2924,6641
s2924,32375
s2924,25209
s2924,31274
s2924,32374
s2924,35010
s2924,6281
s2924,32252
s2924,24908
s2924,11116
s2924,26419
s2924,9015
s2924,24912
s2924,32946
s2924,32167
s2924,35262
s2924,7342
s2924,24401
s2924,25186
s2924,32529
s2925,19712
s2925,33171
s2925,8371
s2925,12638
s2925,26217
s2925,28483
s2925,33998
s2925,28558
s2925,20035
s2925,33760
s2926,18986
s2926,25020
s2926,16114
s2926,2498
s2926,14302
s2926,28851
s2926,20634
s2926,9699
s2926,33956
s2926,12870
s2926,29919
s2926,15694
s2927,9954
s2927,8270
s2927,4502
s2928,24235
s2928,14560
s2928,27460
s2928,30147
s2928,8097
s2928,16170
s2928,33498
s2928,26475
s2928,10262
s2928,7944
s2928,26598
s2928,10002
s2928,26064
s2928,4704
s2928,25078
s2929,28447
s2929,4060
s2929,14841
s2929,3777
s2929,5042
s2929,26548
s2929,32657
s2929,24475
s2931,8253
s2931,423
s2931,27597
s2931,3017
s2931,3840
s2931,11083
s2931,27046
s2931,32846
s2931,9316
s2931,35560
s2931,179
s2932,4480
s2932,15998
s2932,22894
s2932,27954
s2932,25994
s2932,22886
s2932,11472
s2933,31900
s2933,31946
s2933,34895
s2933,27505
s2933,7026
s2933,33838
s2933,19049
s2933,7102
s2934,17493
s2934,23462
s2934,11779
s2934,34124
s2934,29500
s2934,14528
s2934,17534
s2934,20647
s2934,26986
s2934,7818
s2934,17655
s2935,4308
s2935,20143
s2935,28482
s2935,14054
s2935,1059
s2935,7002
s2935,24638
s2935,10311
s2936,27005
s2936,34679
s2936,28828
s2936,8636
s2936,21072
s2936,18947
s2936,13479
s2936,32214
s2937,1603
s2937,3181
s2937,448
s2937,837
s2937,9821
s2937,26526
s2938,24754
s2938,4705
s2938,36027
s2938,31290
s2938,25028
s2938,2033
s2938,21702
s2939,13457
s2939,17680
s2939,7285
s2939,25470
s2939,34271
s2939,34917
s2939,33382
s2939,6289
s2939,16979
s2940,1461
s2940,8153
s2940,26179
s2940,15825
s2940,23660
s2940,15809
s2940,22648
s2940,14007
s2940,7992
s2940,14559
s2941,17462
s2941,18449
s2941,28832
s2941,35658
s2941,18446
s2942,7705
s2942,6941
s2942,9681
s2942,13832
s2942,26561
s2942,19233
s2942,11899
s2942,30801
s2942,54
s2942,4284
s2942,11292
s2942,17947
s2942,33224
s2942,9957
s2942,10556
s2942,21778
s2942,31956
s2942,6847
s2943,35713
s2943,18491
s2943,6276
s2943,5821
s2943,19343
s2943,18310
s2943,17143
s2943,14909
s2943,18221
s2944,4308
s2944,17494
s2944,15270
s2944,16217
s2944,8606
s2944,33667
s2944,26464
s2946,35742
s2946,17098
s2946,24388
s2946,32592
s2946,7270
s2946,33866
s2946,17634
s2946,16824
s2946,33698
s2946,697
s2946,33060
s2946,35546
s2946,7264
s2946,795
s2946,33704
s2946,2864
s2946,18512
s2947,18647
s2947,7693
s2947,24716
s2947,16743
s2947,4037
s2948,31795
s2948,17510
s2948,8000
s2948,35171
s2948,26087
s2948,9725
s2948,15661
s2948,6924
s2948,32343
s2948,2525
s2948,16648
s2948,474
s2948,17465
s2948,9144
s2948,28162
s2948,8780
s2948,21097
s2950,35251
s2951,16243
s2951,13775
s2951,12620
s2951,3129
s2951,5479
s2951,32667
s2951,28021
s2951,28860
s2951,5211
s2951,10357
s2952,28429
s2952,26415
s2952,6988
s2952,22940
s2952,24153
s2953,33597
s2954,5014
s2954,1464
s2954,32475
s2954,9434
s2954,17002
s2954,9480
s2954,28787
s2954,24801
s2954,7908
s2955,16911
s2955,29976
s2955,17320
s2955,30968
s2955,24865
s2955,12492
s2955,2670
s2956,3298
s2956,21391
s2956,13017
s2956,759
s2956,13319
s2956,25325
s2956,29024
s2956,16161
s2956,31767
s2956,28490
s2957,30827
s2957,3223
s2957,16302
s2957,372
s2957,6357
s2957,21882
s2958,20682
s2958,29387
s2958,23627
s2958,27909
s2958,2833
s2958,27793
s2958,1547
s2958,4367
s2959,35749
s2959,13423
s2959,29773
s2959,20598
s2959,12450
s2959,30934
s2959,35669
s2959,35948
s2959,25048
s2959,29772
s2959,35742
s2959,6169
s2959,805
s2959,12443
s2959,34911
s2959,3594
s2959,17842
s2959,29132
s2960,25841
s2960,18193
s2960,35814
s2960,18809
s2960,18203
s2960,675
s2960,18227
s2960,29142
s2960,19332
s2960,6348
s2961,24367
s2961,14242
s2961,9561
s2961,15779
s2961,24893
s2961,27106
s2961,13831
s2961,28384
s2961,19560
s2961,31823
s2962,1702
s2962,30540
s2962,17693
s2962,23197
s2962,20555
s2962,21676
s2962,2302
s2962,8271
s2962,24788
s2963,7130
s2963,5020
s2963,17709
s2963,22529
s2963,22300
s2963,5530
s2963,31784
s2963,2205
s2963,22168
s2963,6535
s2963,26605
s2963,30291
s2963,21458
s2963,3957
s2963,18401
s2963,10045
s2963,11809
s2963,10175
s2963,8003
s2963,33500
s2964,8740
s2964,24831
s2964,4069
s2964,15926
s2964,10577
s2964,15249
s2964,8890
s2964,9115
s2965,29561
s2966,35749
s2966,697
s2966,35669
s2966,35877
s2966,35869
s2966,20991
s2966,23508
s2966,28204
s2966,23845
s2966,24186
s2968,17405
s2969,11806
s2969,17471
s2969,21758
s2969,22725
s2969,5078
s2969,24930
s2969,14191
s2969,28764
s2970,29387
s2970,17283
s2970,29306
s2970,32527
s2970,31460
s2970,23627
s2970,27793
s2970,20801
s2970,24486
s2970,1547
s2971,22511
s2971,23458
s2971,31039
s2971,20909
s2971,35735
s2971,23369
s2971,30946
s2971,35870
s2971,18469
s2971,9350
s2971,12445
s2971,33862
s2972,6597
s2972,12916
s2972,11605
s2972,10993
s2972,8772
s2972,13028
s2972,27095
s2972,1193
s2972,10698
s2972,9031
s2972,21393
s2973,8745
s2973,10059
s2973,360
s2973,34720
s2973,8742
s2973,36239
s2973,17258
s2973,19952
s2973,36289
s2973,15474
s2973,16702
s2973,20302
s2973,28686
s2973,22030
s2974,10836
s2974,27262
s2974,1360
s2974,33877
s2974,34044
s2974,21883
s2974,598
s2974,381
s2974,5048
s2974,13193
s2974,30457
s2974,33652
s2975,2765
s2975,11573
s2975,21119
s2975,28493
s2975,10509
s2975,20311
s2975,268
s2975,11470
s2975,11476
s2975,11656
s2975,10644
s2976,32908
s2977,16360
s2977,36327
s2977,6774
s2977,20507
s2977,26735
s2977,36321
s2977,11611
s2977,34209
s2977,27988
s2977,19270
s2977,19543
s2977,25983
s2977,35360
s2977,5226
s2977,21912
s2977,36352
s2977,14525
s2977,7451
s2977,22632
s2977,26232
s2977,26237
s2977,5429
s2977,8297
s2977,23142
s2977,1934
s2977,35371
s2977,5386
s2978,3896
s2978,29112
s2978,17272
s2978,18511
s2979,17992
s2980,28020
s2980,31247
s2980,14858
s2980,30676
s2980,26144
s2980,8412
s2980,16988
s2980,12283
s2980,2697
s2980,31834
s2980,13853
s2980,9547
s2980,4630
s2980,23441
s2981,17209
s2982,22196
s2982,27773
s2982,386
s2982,31373
s2982,29213
s2982,12038
s2982,24757
s2982,35493
s2982,3337
s2982,625
s2982,21145
s2984,29561
s2985,5346
s2985,29665
s2985,16015
s2985,11929
s2985,20233
s2985,21197
s2985,21220
s2986,27383
s2986,32835
s2986,27408
s2986,18403
s2986,12640
s2986,17090
s2986,30525
s2986,17173
s2987,25007
s2987,19404
s2987,29615
s2987,32187
s2987,21039
s2988,34763
s2989,22617
s2989,28917
s2989,35653
s2989,22693
s2989,35652
s2989,3003
s2990,35328
s2990,6051
s2990,29498
s2990,19969
s2990,11844
s2990,35338
s2990,35058
s2990,35630
s2991,12045
s2991,16523
s2991,12055
s2991,26111
s2991,26429
s2991,13844
s2991,3051
s2991,6509
s2992,5850
s2992,5704
s2992,33654
s2992,4387
s2992,25559
s2992,33518
s2992,7343
s2992,34252
s2992,36409
s2993,35438
s2993,26188
s2993,23539
s2993,24991
s2993,36008
s2993,23124
s2993,27262
s2993,29709
s2994,12040
s2994,9465
s2995,3273
s2995,29418
s2995,8176
s2995,9471
s2995,17726
s2995,35255
s2995,7657
s2996,19039
s2996,2209
s2996,9915
s2996,21392
s2996,1656
s2996,9327
s2996,24445
s2996,17538
s2996,26584
s2996,7426
s2996,23036
s2996,32496
s2997,1120
s2998,32683
s2998,13696
s2998,3434
s2998,11027
s2998,22317
s2998,31828
s2998,35074
s2998,22455
s2998,24742
s2998,26901
s2998,23089
s2998,2855
s2999,5027
s2999,9743
s2999,4434
s2999,26024
s2999,20273
s2999,304
s2999,21944
s2999,10970
s2999,32592
s2999,12805
s2999,29990
s2999,17563
s3000,12975
s3000,35333
s3000,20340
s3000,14308
s3000,18717
s3000,32315
s3000,16135
s3000,2334
s3000,15911
s3000,33001
s3002,14429
s3002,21302
s3002,5403
s3002,11078
s3002,19128
s3002,1005
s3002,33804
s3002,21205
s3002,19583
s3002,11430
s3002,20357
s3002,28001
s3002,35946
s3002,36336
s3002,16466
s3003,2225
s3003,23410
s3003,16163
s3003,16383
s3003,34491
s3004,10759
s3005,23840
s3005,24063
s3005,35654
s3005,11117
s3005,11970
s3006,14553
s3006,7070
s3006,1727
s3006,11416
s3007,24436
s3007,3357
s3007,29735
s3007,34500
s3007,34825
s3007,24427
s3007,17328
s3007,215
s3008,7957
s3009,9808
s3009,19574
s3009,5397
s3009,13588
s3009,32574
s3009,17511
s3009,11383
s3009,6700
s3010,7144
s3010,26676
s3010,6659
s3010,4720
s3010,22491
s3010,486
s3010,34116
s3011,13915
s3011,33469
s3011,19936
s3011,10945
s3011,12305
s3011,28213
s3011,28512
s3011,14866
s3011,31717
s3011,15375
s3011,14355
s3011,8352
s3011,13141
s3011,28772
s3011,23363
s3011,1201
s3012,30476
s3013,2331
s3013,4103
s3015,19154
s3015,6773
s3015,17699
s3015,23318
s3015,20419
s3015,5323
s3015,5129
s3015,21583
s3015,15140
s3015,28092
s3015,8782
s3015,16530
s3016,12964
s3016,6057
s3016,19693
s3016,34523
s3016,32882
s3016,24871
s3016,11106
s3016,31492
s3016,15349
s3016,14499
s3017,14130
s3017,28999
s3017,17053
s3017,12258
s3017,11174
s3017,9515
s3017,13002
s3017,33286
s3017,7917
s3017,6012
s3018,33298
s3018,25182
s3018,31797
s3018,4499
s3018,28550
s3018,36262
s3018,8341
s3018,15038
s3018,27972
s3018,5923
s3018,1826
s3018,4726
s3019,33565
s3019,9727
s3019,8038
s3019,9023
s3019,6538
s3019,5997
s3019,26086
s3019,32825
s3019,6895
s3019,32783
s3020,17895
s3020,20623
s3020,22513
s3020,20995
s3020,20597
s3020,35881
s3020,17840
s3020,18518
s3020,21971
s3020,34024
s3021,6120
s3021,19090
s3021,9768
s3021,18580
s3021,22730
s3021,35921
s3021,4901
s3021,20995
s3021,33500
s3021,17186
s3021,23708
s3021,805
s3021,14227
s3021,24211
s3021,6071
s3021,12927
s3022,22820
s3022,17422
s3022,30424
s3022,14704
s3022,22970
s3022,17460
s3022,26407
s3022,29888
s3022,15809
s3022,347
s3023,3067
s3023,21085
s3023,3731
s3023,21003
s3023,8228
s3023,25685
s3024,20398
s3024,35361
s3024,13583
s3024,9879
s3024,21935
s3024,7451
s3024,27727
s3024,20406
s3024,15120
s3024,32676
s3025,69
s3026,33598
s3026,22550
s3026,2764
s3026,29450
s3026,34058
s3026,25349
s3026,8814
s3026,29061
s3026,31191
s3026,26329
s3027,3050
s3027,20180
s3027,35951
s3027,27645
s3027,13241
s3027,13625
s3027,4125
s3027,10099
s3028,19572
s3029,22124
s3029,18492
s3030,2350
s3030,581
s3030,1052
s3030,1054
s3030,17360
s3030,26757
s3030,9884
s3030,1738
s3030,35285
s3030,14361
s3031,13737
s3031,19032
s3031,33554
s3031,31915
s3031,22246
s3031,31577
s3031,19146
s3032,4158
s3032,34327
s3032,11381
s3032,33412
s3032,34329
s3032,14850
s3032,5331
s3032,29093
s3032,1178
s3033,27383
s3033,4528
s3033,23811
s3033,32146
s3033,25783
s3033,11100
s3033,21071
s3033,29717
s3033,1877
s3033,6204
s3033,209
s3034,28911
s3034,13674
s3034,23009
s3034,16308
s3034,17429
s3034,33260
s3035,32614
s3035,17745
s3035,35757
s3035,35162
s3035,2863
s3035,21943
s3035,35906
s3035,23483
s3035,2559
s3035,5896
s3036,19165
s3036,31772
s3036,17748
s3036,3382
s3036,7662
s3036,11896
s3036,34259
s3036,28610
s3037,1768
s3037,8577
s3037,844
s3037,31640
s3037,23715
s3037,2663
s3038,10057
s3038,28340
s3038,20964
s3038,28332
s3038,18936
s3038,29919
s3038,17802
s3038,10897
s3038,33633
s3038,14482
s3038,9977
s3038,22461
s3038,4131
s3038,36090
s3038,4776
s3038,22780
s3039,15883
s3039,29437
s3039,15509
s3039,18845
s3039,24652
s3039,25864
s3039,26606
s3039,31360
s3040,123
s3040,2505
s3040,3333
s3040,14245
s3040,14162
s3040,21331
s3040,9479
s3041,660
s3041,939
s3041,25526
s3041,24386
s3041,5353
s3041,22411
s3041,8743
s3041,20062
s3041,25097
s3041,32732
s3041,12154
s3041,14419
s3041,5111
s3041,33236
s3041,23727
s3041,15173
s3041,3404
s3041,14667
s3041,10392
s3041,19209
s3041,13591
s3041,2623
s3041,9414
s3041,11932
s3042,10416
s3042,18425
s3042,33815
s3042,26326
s3042,5585
s3042,10672
s3042,24489
s3042,28884
s3044,5559
s3044,28767
s3044,19990
s3044,28358
s3044,35153
s3044,31501
s3045,25548
s3045,13421
s3045,20725
s3045,24011
s3045,13510
s3045,740
s3045,2806
s3045,21936
s3045,13008
s3045,34321
s3046,6686
s3046,8770
s3046,15748
s3047,13097
s3047,20112
s3047,2085
s3047,20368
s3047,1012
s3047,1951
s3047,7480
s3047,23739
s3047,16461
s3047,12720
s3048,1876
s3048,11410
s3048,27112
s3048,7025
s3048,7302
s3048,20261
s3048,3569
s3049,3027
s3049,30973
s3049,34657
s3049,30260
s3049,27952
s3049,32096
s3049,2402
s3050,14306
s3051,22129
s3051,33618
s3051,31721
s3051,2619
s3051,14985
s3051,5963
s3051,8716
s3051,2277
s3052,8524
s3052,25282
s3052,12270
s3052,24655
s3052,8183
s3052,3588
s3053,19355
s3053,16805
s3053,10124
s3053,18213
s3053,25796
s3053,18274
s3053,23746
s3053,18187
s3053,18315
s3055,17764
s3055,32711
s3055,15800
s3055,22020
s3055,26323
s3055,33506
s3055,31530
s3055,16672
s3055,7659
s3055,2169
s3056,17098
s3056,33694
s3056,7271
s3056,18169
s3056,21363
s3056,32592
s3056,29772
s3056,25048
s3056,35862
s3056,30970
s3056,23985
s3056,3531
s3056,3519
s3056,12832
s3056,20991
s3057,26754
s3057,31457
s3057,16698
s3057,15230
s3057,30511
s3057,27356
s3057,11452
s3057,1957
s3057,23626
s3057,34292
s3058,10859
s3058,34931
s3058,11857
s3058,14826
s3058,25916
s3058,14463
s3058,24543
s3058,3406
s3058,31842
s3058,11836
s3059,10859
s3059,33334
s3059,11857
s3059,34931
s3059,3406
s3059,10901
s3059,31842
s3059,14826
s3059,24543
s3059,11836
s3060,10859
s3060,34369
s3060,11857
s3060,34931
s3060,3406
s3060,14463
s3060,10901
s3060,31842
s3060,14826
s3060,24543
s3060,11836
s3060,5643
s3060,7972
s3060,11838
s3061,14333
s3061,31352
s3061,32104
s3061,11966
s3061,23836
s3061,3494
s3061,34632
s3061,29272
s3061,32276
s3061,26294
s3062,14706
s3063,8155
s3063,14745
s3063,28348
s3063,22451
s3063,21580
s3063,5521
s3063,2068
s3063,5277
s3063,7148
s3063,21786
s3063,26033
s3063,15273
s3064,18281
s3064,18177
s3064,35705
s3064,23745
s3064,35927
s3064,34188
s3064,1884
s3064,19278
s3064,25263
s3065,20272
s3065,34837
s3065,11565
s3065,16928
s3066,23085
s3066,22492
s3066,15809
s3066,33648
s3066,22559
s3066,31731
s3066,30064
s3066,14274
s3066,35120
s3066,10450
s3067,28793
s3067,483
s3067,29775
s3067,16253
s3067,2120
s3067,32584
s3067,28565
s3067,19819
s3067,16064
s3067,9498
s3067,25145
s3069,13635
s3069,30376
s3069,21420
s3069,8935
s3069,2975
s3069,36324
s3069,21081
s3069,7212
s3069,28609
s3069,30375
s3070,11535
s3070,13263
s3070,25221
s3070,13122
s3070,14923
s3070,29877
s3071,27047
s3071,423
s3071,11909
s3071,6129
s3071,35560
s3071,7162
s3071,13585
s3071,22220
s3072,19305
s3072,25794
s3072,29144
s3072,18487
s3072,19285
s3072,29143
s3072,32193
s3072,19311
s3073,22177
s3073,8773
s3073,7594
s3073,6615
s3073,22821
s3073,27905
s3073,10287
s3073,22544
s3073,23014
s3073,1870
s3074,24583
s3074,16655
s3074,26964
s3074,16596
s3074,7662
s3074,22983
s3074,7513
s3074,7230
s3075,32546
s3075,30337
s3075,6242
s3075,35310
s3075,31436
s3075,18260
s3075,35930
s3075,25822
s3075,14911
s3075,14319
s3076,17593
s3076,14359
s3076,35145
s3076,35246
s3076,10268
s3076,7931
s3076,29905
s3076,32408
s3076,1667
s3076,23468
s3076,17031
s3076,15903
s3077,30856
s3077,24109
s3077,19780
s3077,18694
s3077,11711
s3077,19292
s3077,35464
s3078,27617
s3078,24513
s3078,31673
s3078,4180
s3078,23867
s3078,26994
s3079,24160
s3079,21012
s3079,30018
s3079,18447
s3079,25468
s3079,1678
s3079,35960
s3079,32358
s3080,2926
s3081,6344
s3081,15956
s3081,6021
s3081,20034
s3081,19675
s3081,15247
s3081,36077
s3081,11144
s3081,16055
s3082,19717
s3082,7221
s3082,1593
s3082,8108
s3082,21861
s3082,4408
s3082,19714
s3082,24466
s3082,23197
s3082,857
s3083,12663
s3083,2270
s3083,13399
s3083,9388
s3083,27259
s3083,18644
s3084,14924
s3084,35693
s3084,8932
s3084,22573
s3084,17241
s3084,18427
s3084,31657
s3085,1597
s3085,30581
s3085,4763
s3085,25358
s3085,17387
s3085,15906
s3086,4310
s3086,5534
s3086,17808
s3086,2308
s3086,21648
s3086,7491
s3086,23227
s3086,2732
s3087,4244
s3087,4598
s3087,35443
s3087,19998
s3087,15608
s3087,6480
s3088,34962
s3088,34987
s3088,34990
s3088,35419
s3088,35332
s3088,24828
s3089,12820
s3089,7271
s3089,25051
s3089,29992
s3089,24388
s3089,697
s3089,35877
s3089,20598
s3089,35742
s3089,21972
s3089,33694
s3089,17836
s3089,23484
s3089,28224
s3089,35881
s3089,9930
s3089,23985
s3089,17878
s3089,18512
s3089,24174
s3090,23377
s3090,12826
s3090,30964
s3090,23510
s3090,12852
s3090,17025
s3090,703
s3090,29122
s3090,3340
s3090,17632
s3090,32601
s3090,28218
s3091,15621
s3091,7938
s3091,7942
s3091,6324
s3091,29745
s3091,27090
s3091,17333
s3091,20602
s3091,22526
s3091,16995
s3091,7091
s3092,16382
s3092,9765
s3094,25257
s3094,15228
s3094,537
s3094,9872
s3094,13458
s3094,17607
s3094,34050
s3094,4523
s3095,34726
s3095,15081
s3095,11887
s3095,22352
s3095,189
s3095,2418
s3096,3401
s3096,16700
s3096,5249
s3096,11507
s3096,16344
s3096,2743
s3096,10721
s3096,33259
s3096,34551
s3096,10886
s3096,32002
s3096,3447
s3096,11516
s3097,26373
s3097,9505
s3097,30716
s3097,15845
s3097,20248
s3097,36028
s3098,1849
s3098,8794
s3098,20428
s3098,14177
s3098,6794
s3098,24930
s3098,1725
s3098,11237
s3098,6133
s3098,12348
s3098,17557
s3099,35881
s3099,25052
s3099,23108
s3099,23487
s3099,10967
s3099,30886
s3099,32592
s3099,17098
s3099,33867
s3099,32396
s3099,30872
s3099,20995
s3099,32595
s3099,21945
s3100,7667
s3100,27906
s3100,21288
s3100,3787
s3100,16580
s3100,2693
s3100,19826
s3100,14109
s3100,12158
s3100,988
s3101,1681
s3101,8463
s3101,28446
s3101,14724
s3101,3954
s3101,1793
s3101,35428
s3101,34005
s3102,17843
s3102,34685
s3102,8695
s3102,22789
s3102,11472
s3102,16173
s3102,7773
s3102,27122
s3102,7667
s3102,2774
s3103,18156
s3103,9838
s3103,12266
s3103,2121
s3103,4013
s3104,23509
s3104,17099
s3104,821
s3104,23505
s3104,32153
s3104,12820
s3104,20995
s3104,17898
s3104,33708
s3104,32592
s3104,20597
s3104,12815
s3105,25432
s3105,1898
s3105,31761
s3105,35507
s3105,2373
s3105,21105
s3105,19102
s3106,15802
s3106,1200
s3106,34092
s3106,3470
s3106,6993
s3106,5243
s3106,25506
s3106,14009
s3106,25530
s3106,13525
s3106,13862
s3106,32284
s3106,36135
s3106,15982
s3106,19622
s3106,19843
s3107,23654
s3107,33487
s3107,22290
s3107,32906
s3107,23339
s3107,25863
s3107,13236
s3108,22813
s3108,15062
s3108,24773
s3108,12025
s3108,16249
s3108,17297
s3108,28298
s3108,15941
s3109,17421
s3109,33336
s3109,3398
s3109,26075
s3109,32885
s3109,1830
s3109,16967
s3109,6347
s3109,4746
s3110,31371
s3110,33270
s3110,33906
s3110,11274
s3110,3219
s3110,35526
s3110,27319
s3110,6556
s3110,22570
s3110,17369
s3111,13322
s3111,1289
s3111,31707
s3111,9532
s3111,415
s3111,17780
s3112,18118
s3112,31263
s3112,32838
s3112,2723
s3112,34771
s3112,21038
s3112,35494
s3112,34677
s3112,23017
s3112,33081
s3113,25470
s3113,20890
s3113,3574
s3113,34237
s3113,13322
s3113,19549
s3113,30435
s3113,32465
s3113,6149
s3114,10418
s3114,537
s3114,4391
s3114,10836
s3115,28285
s3115,16218
s3115,25287
s3115,26172
s3115,35581
s3115,5050
s3116,25470
s3116,1289
s3116,6172
s3116,16218
s3116,36009
s3116,2719
s3116,32582
s3116,16534
s3116,9761
s3116,34165
s3117,2700
s3117,16045
s3117,16489
s3118,12665
s3118,2857
s3118,10939
s3118,15480
s3118,23927
s3118,15602
s3118,9124
s3118,23320
s3118,4401
s3118,324
s3118,19070
s3118,28906
s3118,35260
s3118,2560
s3120,11203
s3120,10940
s3121,21728
s3121,30211
s3121,569
s3121,3812
s3121,20733
s3121,23033
s3121,21285
s3121,26255
s3121,17307
s3121,34610
s3123,26138
s3123,5182
s3123,21409
s3123,14792
s3123,13951
s3123,22454
s3123,20659
s3123,5262
s3123,13544
s3124,28763
s3125,23804
s3125,25499
s3125,1514
s3125,30548
s3125,29921
s3125,21074
s3125,33910
s3125,13424
s3125,13456
s3125,20501
s3126,9192
s3126,1430
s3126,4005
s3126,30215
s3126,1693
s3126,22196
s3126,26771
s3126,24660
s3126,9661
s3126,489
s3127,28300
s3127,27025
s3127,18742
s3127,5784
s3127,3167
s3127,30933
s3127,33522
s3127,13887
s3128,16797
s3128,680
s3128,25848
s3128,19340
s3128,18335
s3128,6264
s3128,31443
s3129,16809
s3129,35471
s3129,18241
s3129,29126
s3129,12889
s3129,30862
s3130,13087
s3130,31451
s3130,30333
s3130,18254
s3130,25269
s3130,18344
s3130,18255
s3130,18315
s3130,13072
s3131,9905
s3131,405
s3131,34237
s3131,36313
s3131,25236
s3131,2719
s3131,9813
s3131,6188
s3131,20108
s3131,18387
s3132,43
s3132,29306
s3132,851
s3132,26951
s3132,31461
s3132,8667
s3132,3591
s3132,27333
s3132,32090
s3132,644
s3133,2389
s3133,27007
s3133,27535
s3133,2847
s3133,10453
s3133,30734
s3133,27281
s3133,25869
s3133,34657
s3133,36100
s3133,43
s3134,30490
s3134,27007
s3134,3029
s3134,13556
s3134,17222
s3134,4528
s3134,25425
s3134,26295
s3135,30490
s3135,27007
s3135,4528
s3135,19022
s3135,18744
s3135,25425
s3135,1599
s3135,24428
s3136,27025
s3136,21055
s3136,1341
s3136,34397
s3136,28015
s3136,26995
s3136,34787
s3136,25747
s3137,208
s3137,17152
s3137,2833
s3137,4528
s3137,15336
s3137,30493
s3137,11210
s3137,29906
s3138,20846
s3138,697
s3138,20987
s3138,13266
s3138,35869
s3138,23433
s3138,23184
s3138,17102
s3139,494
s3139,10614
s3139,13532
s3139,15469
s3139,6432
s3139,25446
s3139,24568
s3139,5371
s3139,16374
s3139,3636
s3140,30469
s3140,4528
s3140,197
s3140,23360
s3140,17585
s3140,27297
s3140,29657
s3140,34647
s3140,1715
s3140,17210
s3140,8737
s3140,27536
s3141,7285
s3141,16218
s3141,21161
s3141,10978
s3141,20510
s3141,7337
s3141,33415
s3141,25990
s3142,10453
s3142,8227
s3142,27433
s3142,34821
s3142,34761
s3142,35553
s3142,30734
s3143,1774
s3143,12946
s3143,26951
s3143,25425
s3143,30609
s3143,27352
s3143,32352
s3143,26919
s3143,30519
s3143,27536
s3144,10453
s3144,18544
s3144,28281
s3144,8667
s3144,13558
s3144,29720
s3144,16562
s3144,12946
s3144,1599
s3144,30728
s3145,25226
s3145,16210
s3145,15918
s3145,4448
s3145,17779
s3145,6289
s3145,24889
s3145,448
s3145,34580
s3146,10453
s3146,3029
s3146,27031
s3146,20449
s3146,26876
s3146,30493
s3146,18498
s3147,10859
s3147,23346
s3147,11895
s3147,22159
s3147,26043
s3147,11174
s3147,10775
s3147,34845
s3148,43
s3148,27518
s3148,17222
s3148,24436
s3148,30799
s3148,30728
s3149,10859
s3149,5563
s3149,23346
s3149,11895
s3150,12946
s3150,197
s3150,10453
s3150,17554
s3150,17060
s3150,8232
s3150,24216
s3150,2974
s3151,29093
s3151,23965
s3151,7000
s3151,7796
s3151,463
s3151,21109
s3151,3965
s3151,19883
s3151,26318
s3151,35940
s3151,18259
s3152,3574
s3152,10978
s3152,25176
s3152,7369
s3152,26097
s3152,6289
s3152,27757
s3152,9984
s3152,15511
s3152,1157
s3153,27462
s3153,25470
s3153,8902
s3153,29522
s3153,14766
s3153,8958
s3153,28869
s3153,30457
s3155,22645
s3155,15282
s3155,33876
s3155,31411
s3155,818
s3155,3849
s3155,28883
s3155,10836
s3155,17789
s3155,10474
s3156,28891
s3156,6114
s3156,35058
s3156,10208
s3156,35596
s3157,28108
s3157,1115
s3157,1360
s3157,27262
s3157,10189
s3157,9860
s3157,12180
s3157,3572
s3158,13807
s3158,22997
s3158,12994
s3158,11796
s3158,19234
s3158,2153
s3158,33370
s3158,32715
s3158,2762
s3158,16060
s3159,28649
s3159,36074
s3159,10453
s3159,27007
s3160,1361
s3160,23545
s3160,3848
s3160,17256
s3160,7295
s3160,20851
s3160,32782
s3160,23606
s3160,12128
s3160,618
s3161,23102
s3162,20113
s3162,33264
s3162,2674
s3162,32654
s3162,13548
s3162,5210
s3162,16154
s3162,13840
s3162,28126
s3163,15570
s3163,6528
s3163,5436
s3163,28233
s3163,17770
s3163,7994
s3163,11905
s3164,26870
s3164,30973
s3164,13823
s3164,6637
s3164,24541
s3164,3150
s3164,34449
s3164,23901
s3164,18947
s3164,26888
s3164,20800
s3164,33432
s3165,26563
s3165,8094
s3165,4132
s3165,7310
s3165,9247
s3165,7205
s3165,19527
s3165,27547
s3165,25580
s3166,30715
s3166,16004
s3166,27655
s3166,5514
s3166,14925
s3166,23723
s3166,17682
s3166,14113
s3167,6146
s3167,25989
s3167,407
s3167,34153
s3167,29304
s3167,1360
s3167,4362
s3167,788
s3167,7337
s3167,8902
s3168,17112
s3168,33748
s3168,13810
s3168,25257
s3168,33877
s3168,25556
s3168,10811
s3168,5176
s3168,32320
s3168,28820
s3169,5271
s3169,15488
s3169,2040
s3169,22776
s3169,9427
s3169,31499
s3169,7778
s3169,10765
s3169,15845
s3169,4484
s3169,7790
s3169,20118
s3169,30130
s3169,4435
s3169,9105
s3169,15672
s3169,16492
s3170,30075
s3170,296
s3170,19103
s3170,884
s3170,27661
s3170,16680
s3170,22664
s3170,3620
s3171,35749
s3171,697
s3171,35669
s3171,35877
s3171,35869
s3171,20991
s3171,23508
s3171,28204
s3171,33847
s3171,17634
s3171,16824
s3171,20535
s3171,35852
s3171,24134
s3171,29133
s3172,13641
s3172,29522
s3172,33826
s3172,11538
s3172,20890
s3172,34539
s3172,4997
s3172,379
s3173,1692
s3173,3711
s3173,32447
s3173,10248
s3173,17582
s3173,7709
s3173,7892
s3173,11063
s3173,9038
s3173,17452
s3173,25078
s3173,33459
s3174,28208
s3174,35881
s3174,18545
s3174,23985
s3174,35856
s3174,35915
s3174,18574
s3174,25048
s3174,10963
s3175,25702
s3175,27882
s3175,12021
s3175,26334
s3175,21417
s3175,1518
s3175,18167
s3175,10821
s3175,34041
s3175,20214
s3175,19536
s3175,3441
s3175,11636
s3175,3334
s3177,34563
s3177,9395
s3177,21131
s3177,24574
s3177,4112
s3177,34483
s3177,34484
s3177,36341
s3177,2548
s3177,5974
s3177,21524
s3177,5349
s3177,5351
s3177,21034
s3177,24410
s3177,1414
s3177,2782
s3177,23380
s3177,10785
s3177,13655
s3177,32362
s3177,8026
s3178,10208
s3178,14503
s3178,5662
s3178,33277
s3178,22854
s3178,5807
s3178,13035
s3178,34008
s3178,5803
s3178,19351
s3179,25470
s3179,17863
s3179,17067
s3179,34153
s3179,34167
s3179,16745
s3179,34165
s3179,6193
s3179,17666
s3180,34153
s3180,25470
s3180,31411
s3180,6193
s3180,34169
s3180,25257
s3180,17067
s3180,17863
s3181,28816
s3181,3971
s3181,1398
s3181,12907
s3181,29845
s3181,2250
s3181,27312
s3181,28021
s3181,32556
s3181,15580
s3181,33145
s3181,18040
s3181,23665
s3181,7149
s3181,4326
s3182,21781
s3182,28395
s3182,854
s3182,15540
s3183,13173
s3183,474
s3183,13839
s3183,18829
s3183,26523
s3183,18364
s3183,32445
s3183,17121
s3183,19141
s3183,22830
s3183,11832
s3183,32941
s3183,32921
s3183,16016
s3183,24887
s3183,29499
s3183,19144
s3183,4458
s3184,33902
s3184,33288
s3184,5674
s3184,1513
s3184,29066
s3184,32901
s3184,7679
s3184,15577
s3184,11561
s3184,8378
s3184,7493
s3184,20961
s3184,9212
s3185,26372
s3185,8854
s3185,36185
s3185,35393
s3185,36226
s3185,35414
s3185,35341
s3185,19639
s3185,10427
s3186,17443
s3186,16483
s3186,7206
s3186,21503
s3186,5450
s3186,16361
s3186,10537
s3186,5256
s3186,19835
s3186,10618
s3186,21919
s3186,33871
s3186,22371
s3186,1919
s3186,21908
s3187,33288
s3188,9912
s3188,7822
s3188,15489
s3188,2366
s3188,29469
s3188,22342
s3188,5030
s3188,11889
s3188,23398
s3189,19120
s3189,11863
s3189,13523
s3189,15644
s3189,19746
s3189,5797
s3189,3775
s3189,11144
s3190,24971
s3190,31465
s3190,32111
s3190,32730
s3190,11993
s3191,19674
s3191,33006
s3191,4328
s3191,4946
s3191,15790
s3191,22970
s3191,25347
s3192,18103
s3192,34349
s3192,17773
s3192,14265
s3192,21672
s3192,11009
s3192,32068
s3193,18457
s3193,34346
s3193,6968
s3193,22167
s3193,15743
s3193,31817
s3194,24964
s3194,27529
s3194,14509
s3194,23912
s3194,24425
s3194,24504
s3194,101
s3196,15336
s3196,29926
s3196,24502
s3196,4201
s3196,3036
s3196,24949
s3196,27379
s3196,12360
s3196,3719
s3196,5518
s3196,31506
s3196,15335
s3197,12369
s3197,35988
s3197,24971
s3197,30694
s3197,3647
s3197,2421
s3197,26851
s3197,3643
s3197,29999
s3197,11990
s3198,12383
s3198,26859
s3198,27442
s3198,3647
s3198,24426
s3198,11996
s3198,2455
s3198,27525
s3199,1785
s3199,29926
s3199,11923
s3199,32730
s3199,12337
s3199,12338
s3199,32108
s3199,29999
s3199,3721
s3199,14394
s3200,18267
s3200,25859
s3200,32180
s3201,18622
s3201,3349
s3201,33110
s3201,12488
s3201,31431
s3201,21489
s3201,11964
s3201,18540
s3202,12358
s3202,14507
s3202,27379
s3202,13246
s3202,35659
s3202,17204
s3202,2413
s3202,34872
s3202,27483
s3202,12864
s3203,24552
s3204,9685
s3204,23160
s3204,2098
s3204,7368
s3204,19986
s3204,23161
s3204,1439
s3204,20310
s3205,12087
s3205,35718
s3205,14326
s3205,17129
s3205,19316
s3205,23324
s3205,18327
s3205,35706
s3206,6437
s3207,31466
s3207,9032
s3207,29720
s3207,31134
s3207,2281
s3207,18498
s3207,26828
s3207,21104
s3208,20981
s3208,1606
s3208,13203
s3208,24800
s3208,1742
s3208,21386
s3208,7052
s3208,13202
s3208,8572
s3209,224
s3209,2063
s3209,4820
s3209,4761
s3209,5777
s3209,8789
s3209,9787
s3209,10252
s3209,30080
s3209,1079
s3210,27462
s3210,6146
s3210,31411
s3210,13457
s3210,4002
s3210,10812
s3210,9660
s3210,9659
s3210,26021
s3211,12153
s3211,34528
s3211,26046
s3211,8436
s3211,1380
s3211,11370
s3212,33082
s3212,33081
s3212,35056
s3212,13938
s3212,20216
s3212,26326
s3213,17424
s3213,7129
s3213,964
s3213,16476
s3213,13030
s3213,7254
s3213,6451
s3213,23156
s3213,29393
s3213,5444
s3213,29754
s3213,16458
s3214,25094
s3214,23198
s3214,22643
s3214,27939
s3214,2642
s3214,13252
s3214,24482
s3214,34267
s3214,25257
s3214,23827
s3214,9307
s3214,16260
s3214,12134
s3214,9826
s3214,20581
s3215,3656
s3215,9136
s3215,22444
s3215,4391
s3215,22276
s3215,36053
s3215,30272
s3216,27462
s3216,6488
s3216,3574
s3216,9812
s3216,33143
s3216,23138
s3216,5036
s3217,30500
s3217,34611
s3217,18686
s3217,26801
s3217,4547
s3217,30695
s3217,9016
s3217,7703
s3217,26675
s3217,25185
s3217,26748
s3217,33103
s3218,29522
s3218,30273
s3218,33514
s3218,10564
s3219,28689
s3219,31470
s3219,7730
s3219,8370
s3219,18890
s3219,8484
s3219,1679
s3219,30300
s3219,2089
s3220,25051
s3220,16824
s3220,32592
s3220,3536
s3220,12865
s3220,7271
s3220,29772
s3220,20995
s3222,8349
s3222,4851
s3222,4713
s3222,3248
s3222,31250
s3222,342
s3222,9501
s3222,12514
s3222,11135
s3222,34119
s3222,21980
s3222,20262
s3223,21479
s3223,22029
s3223,21431
s3223,16923
s3223,36315
s3223,36000
s3223,14645
s3223,16582
s3223,2079
s3223,19866
s3224,7450
s3224,19710
s3224,14194
s3224,1189
s3224,1491
s3224,21591
s3224,33636
s3224,15480
s3224,17379
s3224,13212
s3224,11351
s3224,13184
s3224,21758
s3224,13741
s3224,27636
s3225,27402
s3225,11145
s3225,34345
s3225,7213
s3225,16947
s3226,30012
s3226,31457
s3226,1957
s3226,11119
s3226,24579
s3227,34757
s3227,9553
s3227,5904
s3227,3748
s3227,31524
s3227,14556
s3227,33795
s3227,716
s3227,14044
s3227,2681
s3228,28395
s3228,854
s3228,15540
s3228,12457
s3228,27667
s3228,4496
s3228,2551
s3228,31816
s3228,31770
s3228,17481
s3228,35057
s3228,15057
s3228,13774
s3228,8775
s3228,20161
s3228,26131
s3228,11171
s3228,21474
s3228,30216
s3228,31953
s3229,23187
s3230,9642
s3230,34718
s3230,10049
s3230,2063
s3230,1079
s3230,24770
s3230,8541
s3230,13154
s3230,4882
s3230,17463
s3230,11492
s3230,4763
s3231,20732
s3231,35291
s3231,15437
s3231,27206
s3231,20739
s3231,8917
s3231,36121
s3231,22405
s3231,1054
s3231,20427
s3231,32675
s3231,27233
s3231,17308
s3232,23050
s3232,14239
s3232,9982
s3232,2504
s3232,24749
s3232,7030
s3232,16690
s3232,8389
s3233,21102
s3233,1908
s3233,27654
s3233,25645
s3234,27340
s3234,29548
s3234,29169
s3234,34648
s3234,22433
s3234,3386
s3234,204
s3234,2399
s3236,24902
s3236,25456
s3236,18936
s3236,15937
s3236,9838
s3236,14744
s3236,10260
s3236,4024
s3236,12882
s3237,35412
s3237,29679
s3237,29101
s3237,11130
s3237,7139
s3237,12542
s3237,36209
s3237,19645
s3237,28618
s3237,14178
s3238,20582
s3238,7747
s3238,3638
s3238,14026
s3238,35801
s3238,12741
s3238,19954
s3239,8766
s3239,16657
s3239,18361
s3239,7308
s3239,22579
s3239,2254
s3239,17534
s3239,22852
s3239,719
s3239,27664
s3239,8262
s3239,11400
s3239,3972
s3239,4922
s3239,23059
s3239,33369
s3239,29885
s3239,28545
s3239,15080
s3239,32705
s3239,28469
s3239,12879
s3239,30568
s3239,21859
s3239,5265
s3239,3932
s3239,25962
s3239,33390
s3239,33535
s3239,34774
s3239,6899
s3239,35170
s3239,7879
s3239,34374
s3239,20604
s3239,17476
s3239,11556
s3239,18828
s3239,34097
s3239,21843
s3239,9145
s3240,20846
s3240,697
s3240,20987
s3240,13266
s3240,35869
s3240,23433
s3240,23184
s3240,17102
s3240,23172
s3240,22359
s3241,23187
s3242,24778
s3242,13899
s3244,34545
s3244,16942
s3244,18877
s3244,3424
s3244,7618
s3244,19263
s3244,32962
s3244,26982
s3244,34928
s3244,22266
s3244,12718
s3245,5540
s3246,24790
s3246,20717
s3246,32115
s3246,34738
s3246,26115
s3246,32525
s3247,13758
s3247,26221
s3247,29955
s3247,14486
s3247,27193
s3247,15048
s3247,20237
s3247,16017
s3247,487
s3248,1651
s3248,31303
s3248,28703
s3248,7900
s3248,7944
s3248,7939
s3248,30195
s3248,29441
s3248,26023
s3248,18022
s3248,17252
s3248,10950
s3249,34364
s3249,16314
s3249,9828
s3249,12415
s3249,23318
s3249,9541
s3249,14656
s3249,3075
s3250,34413
s3250,9358
s3250,25207
s3250,33099
s3250,21787
s3250,24626
s3250,24213
s3250,15226
s3250,12920
s3250,10307
s3250,19239
s3251,4257
s3252,1961
s3252,30931
s3252,17163
s3253,7012
s3253,6458
s3253,32406
s3253,19540
s3253,2428
s3253,3758
s3253,12318
s3253,20128
s3253,33316
s3253,9694
s3253,11704
s3253,8339
s3253,20859
s3253,22657
s3254,20097
s3255,15168
s3255,27003
s3255,1988
s3257,13293
s3258,34997
s3258,14498
s3258,33105
s3258,33098
s3258,6284
s3258,25911
s3258,14364
s3258,14517
s3258,25732
s3259,28934
s3259,32378
s3259,32217
s3259,8133
s3259,18934
s3259,6062
s3259,13895
s3259,6048
s3259,263
s3261,14706
s3262,5311
s3262,12620
s3262,4686
s3262,2620
s3262,4005
s3262,28697
s3262,22677
s3262,10651
s3262,24285
s3262,29611
s3262,11308
s3262,1650
s3262,30761
s3263,13231
s3263,7766
s3263,24813
s3263,20102
s3263,2996
s3263,20729
s3263,31297
s3263,18413
s3263,56
s3263,27477
s3263,28031
s3264,2297
s3264,1708
s3264,34926
s3264,15244
s3264,19797
s3264,16345
s3264,23814
s3264,19692
s3265,1430
s3265,28233
s3265,24175
s3265,13774
s3265,18164
s3265,35741
s3265,17815
s3265,17617
s3265,816
s3265,7145
s3266,34894
s3266,21796
s3267,26738
s3267,16367
s3267,27884
s3267,29756
s3267,5428
s3267,26286
s3267,7530
s3267,19088
s3267,11205
s3267,10724
s3267,20895
s3268,425
s3268,17326
s3268,1944
s3269,1341
s3269,31003
s3269,15300
s3269,3776
s3269,3685
s3269,32205
s3270,5885
s3270,9834
s3270,11006
s3270,6214
s3270,8166
s3270,11384
s3271,19354
s3271,25845
s3271,18328
s3271,18694
s3271,18243
s3271,6260
s3271,17132
s3271,18320
s3271,18263
s3271,35716
s3272,812
s3272,3535
s3272,6150
s3272,20706
s3272,23340
s3272,29990
s3272,35669
s3273,812
s3273,35669
s3273,29990
s3273,23340
s3273,3535
s3273,3179
s3273,20706
s3273,6150
s3273,35730
s3274,14482
s3274,13706
s3274,27579
s3274,35160
s3274,24480
s3274,30396
s3274,25140
s3274,15421
s3275,7168
s3275,19503
s3275,6607
s3275,22973
s3275,23353
s3275,13836
s3275,9321
s3275,33027
s3276,14833
s3276,30719
s3276,34379
s3276,13581
s3276,4698
s3276,3449
s3276,10279
s3276,17463
s3276,7923
s3277,2297
s3277,33814
s3277,15904
s3277,21293
s3277,7860
s3277,29476
s3277,36105
s3277,14447
s3277,15503
s3278,16091
s3278,25272
s3278,19340
s3278,18337
s3278,31397
s3278,35720
s3278,6236
s3278,16813
s3278,19350
s3279,24216
s3280,1030
s3280,23367
s3280,16165
s3280,1906
s3280,3510
s3280,2935
s3280,25438
s3280,2503
s3280,3435
s3280,21736
s3280,1023
s3280,10165
s3280,21825
s3280,31386
s3280,21247
s3281,23505
s3281,17098
s3281,10965
s3281,32626
s3281,35874
s3281,32597
s3281,32074
s3281,22482
s3281,23182
s3281,35879
s3282,25769
s3282,5996
s3282,6640
s3282,18465
s3282,31242
s3282,25230
s3282,33273
s3282,5767
s3282,5827
s3284,8266
s3284,5714
s3284,25197
s3284,17818
s3284,32987
s3284,36344
s3284,8321
s3284,25487
s3284,12063
s3284,22668
s3284,3602
s3285,33814
s3285,34926
s3285,10155
s3285,7168
s3285,36105
s3285,29476
s3285,14447
s3285,35111
s3285,3973
s3285,34518
s3286,10392
s3287,19495
s3287,26747
s3287,32370
s3287,5989
s3287,6748
s3287,25230
s3287,34386
s3287,34389
s3287,32246
s3288,8593
s3289,19338
s3289,30854
s3289,19289
s3289,18204
s3289,16799
s3289,18257
s3289,16813
s3289,13309
s3289,18226
s3290,14710
s3291,6885
s3291,16658
s3291,24642
s3291,11556
s3291,22147
s3291,26095
s3291,29096
s3291,32942
s3291,26251
s3291,15954
s3292,10405
s3292,19799
s3292,7245
s3292,35613
s3292,36220
s3292,36210
s3292,5134
s3292,19691
s3292,28743
s3292,12540
s3294,8506
s3294,23474
s3296,22811
s3296,294
s3296,17651
s3296,9180
s3296,15253
s3296,13274
s3296,8562
s3296,14757
s3296,15858
s3296,33902
s3296,7814
s3297,13514
s3297,30539
s3297,18154
s3297,25253
s3297,19980
s3297,23469
s3297,13846
s3297,15421
s3297,22173
s3297,2488
s3297,23283
s3297,7214
s3297,21983
s3297,2047
s3297,34556
s3298,29534
s3298,33075
s3298,23963
s3298,13009
s3298,18555
s3298,12985
s3298,30418
s3298,31505
s3298,5766
s3298,10715
s3298,24581
s3298,8910
s3298,12099
s3299,16500
s3299,7128
s3299,5231
s3299,6451
s3299,16472
s3299,16509
s3299,26223
s3299,24817
s3299,1446
s3299,5476
s3299,16734
s3299,28492
s3300,28624
s3300,30974
s3300,8634
s3300,18615
s3300,27434
s3300,6097
s3301,35067
s3301,17233
s3301,8807
s3301,4618
s3301,9853
s3301,7170
s3301,10038
s3302,35758
s3302,33713
s3302,20861
s3302,16830
s3302,30943
s3302,28712
s3302,32643
s3302,3339
s3302,31044
s3302,32603
s3302,21969
s3302,24182
s3302,33069
s3302,29121
s3303,8286
s3303,32175
s3303,29052
s3303,34974
s3303,12962
s3303,34965
s3303,11920
s3303,19499
s3304,20272
s3304,11461
s3304,16928
s3304,28744
s3304,17302
s3304,16438
s3305,14809
s3305,2978
s3305,5219
s3305,4655
s3305,36283
s3305,8980
s3305,21284
s3305,9245
s3305,1552
s3306,30420
s3307,15070
s3307,1146
s3307,31899
s3307,6490
s3307,24422
s3307,35345
s3307,11279
s3307,15994
s3307,9334
s3308,718
s3308,22607
s3308,34120
s3308,15124
s3308,19554
s3308,33899
s3308,8176
s3309,18214
s3309,16791
s3309,25806
s3309,18215
s3309,16786
s3309,6261
s3309,35707
s3309,24111
s3310,22857
s3310,34686
s3310,3787
s3310,18930
s3310,11187
s3310,559
s3310,31931
s3310,19853
s3310,36023
s3310,6685
s3311,34917
s3311,35608
s3311,2036
s3311,7454
s3311,23638
s3311,16113
s3312,16323
s3312,29086
s3313,25876
s3315,13514
s3315,13949
s3315,25596
s3315,13758
s3315,4614
s3315,19892
s3315,31765
s3316,8978
s3316,7586
s3316,7954
s3316,32345
s3316,7702
s3316,30086
s3316,8467
s3316,9529
s3316,5548
s3317,4666
s3317,7063
s3317,13821
s3317,5043
s3317,19739
s3317,12176
s3317,8913
s3317,28266
s3317,2648
s3318,17823
s3318,14133
s3318,5401
s3318,20041
s3318,6650
s3318,5772
s3318,32763
s3318,31822
s3318,33935
s3318,6589
s3319,5567
s3319,4665
s3319,18480
s3319,2291
s3319,29013
s3319,34076
s3319,12523
s3319,26059
s3319,17430
s3320,21987
s3320,4029
s3320,10790
s3320,1309
s3320,7365
s3320,33930
s3320,7065
s3320,5363
s3321,6650
s3321,13847
s3321,9400
s3321,13770
s3321,8849
s3321,17649
s3321,14554
s3322,13514
s3322,15160
s3322,6879
s3322,18424
s3322,8189
s3323,27263
s3323,4666
s3323,33280
s3323,19033
s3323,29854
s3323,9002
s3323,26270
s3323,1184
s3323,29607
s3324,34579
s3324,5978
s3324,2521
s3324,22121
s3324,15255
s3324,34332
s3324,17922
s3324,2042
s3324,6461
s3324,5140
s3324,4928
s3324,4920
s3324,31928
s3325,11156
s3325,314
s3325,12176
s3325,4834
s3325,14800
s3325,64
s3325,5684
s3325,28023
s3326,34579
s3326,19506
s3326,22061
s3326,9497
s3326,2978
s3326,3478
s3326,7586
s3326,22817
s3326,13993
s3326,9969
s3327,5442
s3327,26394
s3327,18460
s3327,15954
s3327,15318
s3327,27996
s3327,23736
s3327,20942
s3327,26383
s3327,10125
s3327,21396
s3327,34074
s3328,30106
s3329,35996
s3329,11133
s3329,24833
s3329,34533
s3329,28562
s3329,2590
s3329,386
s3330,17927
s3330,31939
s3330,14951
s3330,10199
s3331,4340
s3332,31122
s3332,4857
s3332,4455
s3332,30760
s3332,6579
s3332,15561
s3332,33287
s3332,26247
s3332,6429
s3333,16638
s3333,11279
s3333,15597
s3333,22873
s3333,29376
s3333,25951
s3333,28751
s3333,14090
s3333,31591
s3333,13914
s3334,35862
s3334,7963
s3334,20849
s3334,20273
s3334,29108
s3334,30757
s3334,699
s3334,12768
s3334,803
s3334,4901
s3334,12927
s3334,17610
s3334,20991
s3334,9743
s3334,7272
s3334,11831
s3335,13887
s3335,32353
s3335,4528
s3335,25747
s3335,34656
s3335,29778
s3335,34500
s3335,17574
s3337,3597
s3337,17033
s3337,29992
s3337,23505
s3337,35812
s3337,18528
s3337,31425
s3337,25048
s3337,35742
s3337,33861
s3337,17186
s3337,12820
s3337,17627
s3337,7270
s3337,12832
s3337,32152
s3337,35862
s3337,35881
s3337,30880
s3337,21605
s3337,29120
s3337,29133
s3337,12837
s3337,32019
s3338,28342
s3338,18647
s3338,10630
s3338,15810
s3338,6896
s3339,17542
s3339,4796
s3339,33077
s3339,25716
s3340,16761
s3340,20598
s3340,6169
s3340,3629
s3340,32153
s3340,35937
s3340,17181
s3340,20988
s3340,31404
s3340,18169
s3340,9933
s3340,16846
s3341,3593
s3341,25048
s3341,17633
s3341,17098
s3341,35818
s3341,23480
s3341,32632
s3341,35742
s3342,17827
s3342,35742
s3342,24388
s3342,35980
s3342,35544
s3342,32573
s3342,18578
s3342,23924
s3342,31425
s3342,35874
s3342,12833
s3342,32592
s3342,21972
s3342,33847
s3343,4493
s3343,17205
s3343,32715
s3343,2762
s3343,16060
s3343,18166
s3344,3787
s3344,14861
s3344,8468
s3344,22410
s3344,16321
s3344,12261
s3345,4566
s3346,34718
s3346,3214
s3346,17463
s3346,22807
s3346,4763
s3347,5670
s3347,754
s3347,7719
s3347,16498
s3347,3130
s3347,25655
s3347,25143
s3347,7987
s3347,34487
s3347,20270
s3348,33406
s3348,15570
s3348,28447
s3348,3976
s3348,30164
s3348,33560
s3348,19775
s3348,33239
s3349,9445
s3349,23049
s3349,9397
s3349,31148
s3349,34714
s3351,23050
s3351,14239
s3351,9982
s3351,2504
s3351,24749
s3351,7030
s3351,16690
s3351,8389
s3352,10078
s3352,9243
s3352,13099
s3352,7771
s3352,25646
s3352,2350
s3352,21721
s3352,11616
s3352,5388
s3353,20348
s3353,20413
s3353,23062
s3353,23565
s3353,7470
s3353,28461
s3354,30378
s3354,15149
s3354,36338
s3354,28584
s3354,19629
s3355,11865
s3356,32864
s3356,6230
s3356,16403
s3356,35920
s3356,12503
s3356,33059
s3356,35551
s3356,16840
s3356,7270
s3356,29155
s3357,1591
s3357,22269
s3357,16226
s3357,34973
s3357,14933
s3357,6287
s3357,11844
s3357,18767
s3357,30768
s3357,20229
s3358,30500
s3358,30030
s3358,32251
s3358,25682
s3358,32034
s3358,24330
s3358,25769
s3358,32032
s3358,29960
s3359,32546
s3359,18306
s3359,18811
s3359,18289
s3359,17140
s3359,19277
s3359,18273
s3359,35929
s3360,20668
s3360,31056
s3360,34440
s3360,2464
s3360,11002
s3360,32219
s3361,30854
s3361,19321
s3361,18330
s3361,6235
s3361,3694
s3361,17139
s3361,25825
s3361,25265
s3362,33505
s3362,15882
s3362,23757
s3362,26366
s3362,26585
s3362,32148
s3362,1677
s3362,33831
s3362,18537
s3363,3088
s3364,27798
s3367,12850
s3368,36205
s3368,19641
s3368,19637
s3368,35415
s3368,35337
s3368,8856
s3368,34723
s3369,18916
s3369,36198
s3369,34977
s3369,5760
s3369,34956
s3370,35133
s3370,85
s3370,1865
s3370,1461
s3370,26112
s3371,24212
s3371,30432
s3371,12715
s3371,19390
s3371,7615
s3371,35097
s3371,26349
s3372,24526
s3372,32805
s3372,36411
s3372,30408
s3372,10126
s3372,3582
s3372,5707
s3372,5289
s3373,9188
s3373,35100
s3373,17651
s3373,23197
s3373,7083
s3373,33457
s3373,7237
s3373,18497
s3374,13017
s3374,36330
s3374,23252
s3374,15152
s3374,29819
s3374,16189
s3374,5656
s3374,25631
s3374,21226
s3374,25365
s3374,16188
s3374,7485
s3374,15464
s3374,5495
s3374,1901
s3376,16185
s3376,22253
s3376,5344
s3376,25703
s3376,31415
s3376,8601
s3376,10727
s3376,12013
s3376,35559
s3376,10371
s3376,24010
s3376,3936
s3377,30490
s3377,7953
s3378,3132
s3378,25172
s3379,18891
s3379,6424
s3380,5436
s3380,33149
s3380,9783
s3380,2886
s3380,8177
s3380,4944
s3381,13397
s3381,25173
s3381,15562
s3381,32234
s3381,34163
s3381,27151
s3381,25508
s3381,22694
s3382,30198
s3382,34986
s3382,36264
s3382,35420
s3382,35808
s3382,34992
s3382,19964
s3382,36225
s3382,34961
s3382,15182
s3383,6886
s3383,1598
s3383,31591
s3383,3454
s3383,6860
s3383,14681
s3383,11872
s3383,18691
s3383,22135
s3384,14021
s3384,28257
s3384,23093
s3384,31843
s3384,27822
s3384,3894
s3384,9948
s3384,33600
s3384,13828
s3384,25121
s3385,25189
s3385,27866
s3385,12844
s3385,30781
s3385,24112
s3385,33771
s3385,34947
s3386,7858
s3386,30424
s3386,6404
s3386,19460
s3386,17400
s3387,31812
s3388,36168
s3388,7786
s3388,23104
s3388,33781
s3388,19976
s3388,17963
s3388,6402
s3388,35403
s3389,14882
s3390,30632
s3390,3062
s3390,4853
s3390,6666
s3390,13797
s3390,3666
s3390,9907
s3390,29460
s3390,22963
s3390,25039
s3390,25975
s3390,21622
s3392,22196
s3392,20560
s3392,6885
s3392,26535
s3392,3413
s3392,22312
s3392,4397
s3392,20766
s3392,3104
s3393,3574
s3393,405
s3393,28108
s3393,22645
s3393,10418
s3393,34037
s3393,33143
s3393,23806
s3393,5681
s3393,23138
s3399,5920
s3399,19729
s3399,17756
s3399,22296
s3399,29250
s3399,8285
s3399,17505
s3400,29414
s3400,4362
s3400,25287
s3400,30551
s3400,3455
s3400,26943
s3402,6220
s3402,77
s3402,21905
s3403,3563
s3403,5115
s3403,5117
s3403,36345
s3403,10479
s3403,11984
s3403,30408
s3403,36428
s3404,29582
s3404,24988
s3404,2917
s3404,30594
s3404,27356
s3405,18236
s3405,18808
s3405,19272
s3405,34190
s3405,16815
s3405,18183
s3405,12897
s3405,12889
s3405,682
s3406,4241
s3406,24013
s3406,20061
s3406,13609
s3406,5812
s3406,13680
s3406,17119
s3406,14530
s3406,20985
s3406,5481
s3406,16166
s3406,7473
s3406,9207
s3406,26066
s3407,1692
s3407,3711
s3407,32447
s3407,7709
s3407,11063
s3407,9038
s3407,25078
s3408,27262
s3408,29522
s3408,30273
s3408,11017
s3408,8422
s3408,10980
s3408,33877
s3408,31807
s3408,556
s3408,25416
s3410,22677
s3410,11186
s3410,2776
s3410,30650
s3410,14071
s3410,14757
s3410,22590
s3410,14722
s3410,14292
s3410,28446
s3410,8015
s3411,15600
s3411,1875
s3411,20213
s3411,28361
s3412,3733
s3412,27262
s3412,17112
s3412,13200
s3412,23068
s3412,405
s3412,12772
s3412,818
s3413,27017
s3413,5793
s3413,30477
s3413,27343
s3413,30731
s3413,24955
s3413,32429
s3413,9325
s3414,10518
s3414,32861
s3414,8478
s3414,6015
s3414,25189
s3414,25737
s3414,2992
s3414,4912
s3414,8476
s3415,18980
s3415,8287
s3415,12233
s3415,29425
s3415,14887
s3415,26130
s3415,24381
s3416,34876
s3416,34417
s3416,219
s3416,22721
s3416,14631
s3416,25210
s3416,29190
s3416,24632
s3416,34781
s3416,3495
s3416,36141
s3416,32395
s3416,2971
s3416,7654
s3416,2573
s3417,30328
s3417,9974
s3417,14896
s3417,35564
s3417,18242
s3417,19319
s3417,19297
s3417,18263
s3417,25269
s3417,19360
s3420,25834
s3421,6258
s3421,19367
s3421,6274
s3421,18268
s3421,31443
s3421,16807
s3421,6278
s3421,25813
s3422,30592
s3422,15662
s3422,14149
s3422,32855
s3422,28393
s3422,7761
s3422,20261
s3422,19241
s3423,3078
s3423,19609
s3423,14181
s3423,26047
s3423,30104
s3423,24926
s3423,23768
s3423,28268
s3423,8926
s3423,7335
s3423,22975
s3423,8965
s3423,7905
s3424,12070
s3424,12529
s3424,36413
s3424,3901
s3424,10061
s3424,36377
s3424,9849
s3424,4127
s3424,9863
s3424,5061
s3424,30059
s3424,34028
s3424,1373
s3424,673
s3424,9436
s3425,21774
s3426,17929
s3426,14251
s3426,6226
s3426,3716
s3427,19355
s3427,19397
s3427,25476
s3427,19335
s3427,35926
s3427,18247
s3427,30329
s3427,31494
s3427,19336
s3428,3347
s3428,34067
s3428,36395
s3428,29358
s3428,27879
s3428,30249
s3428,33830
s3428,1372
s3428,3902
s3428,12076
s3429,85
s3430,29479
s3430,19771
s3430,31845
s3430,450
s3430,20318
s3430,19152
s3430,30560
s3431,7308
s3431,8153
s3431,1595
s3431,6547
s3431,18378
s3431,22933
s3431,10058
s3431,7498
s3431,2954
s3432,11253
s3432,9624
s3432,30646
s3432,25542
s3432,23683
s3432,33876
s3432,4391
s3432,25297
s3432,15331
s3432,1115
s3433,18400
s3433,30878
s3433,18862
s3433,9929
s3433,35770
s3433,24390
s3433,35994
s3433,7255
s3433,6147
s3433,30275
s3433,8282
s3434,21164
s3434,36239
s3434,29213
s3434,16398
s3434,32480
s3434,35997
s3434,11939
s3434,33550
s3435,21124
s3435,20750
s3435,876
s3435,6766
s3435,7572
s3435,9802
s3435,27474
s3435,10542
s3435,21396
s3436,19139
s3436,4348
s3436,8396
s3436,18841
s3436,4656
s3436,18375
s3437,11280
s3438,17827
s3438,23985
s3438,33866
s3438,12744
s3438,29993
s3438,18526
s3438,12823
s3438,30911
s3438,17671
s3439,16256
s3439,12724
s3439,30310
s3439,13353
s3439,30568
s3439,26682
s3439,18066
s3439,9073
s3439,29603
s3439,14816
s3439,26468
s3440,31688
s3440,17742
s3440,6585
s3440,2605
s3440,4136
s3440,15871
s3440,18666
s3440,25699
s3441,5307
s3441,5780
s3441,32509
s3442,8370
s3443,24235
s3443,14560
s3443,27460
s3443,30147
s3443,8097
s3443,6708
s3443,16170
s3443,26475
s3443,10262
s3443,7944
s3443,10002
s3443,26064
s3443,4704
s3443,18022
s3443,23349
s3443,31845
s3443,17252
s3444,11083
s3444,8253
s3444,28962
s3444,946
s3444,34460
s3444,511
s3444,29216
s3444,28324
s3445,15898
s3445,2626
s3445,26204
s3445,25544
s3445,6617
s3445,14796
s3445,14064
s3446,35475
s3446,35310
s3446,30347
s3446,14320
s3446,18341
s3446,13339
s3446,35824
s3446,684
s3447,1344
s3447,18744
s3447,23911
s3447,12339
s3447,1359
s3447,30464
s3447,20576
s3447,13630
s3448,32772
s3449,5702
s3449,22561
s3449,9314
s3449,23982
s3449,18952
s3449,1340
s3449,36390
s3449,30295
s3449,10579
s3449,12080
s3450,34572
s3450,35224
s3450,32453
s3450,14840
s3450,7531
s3450,28468
s3450,27967
s3450,20723
s3450,21292
s3450,17531
s3450,16002
s3450,22328
s3450,2858
s3450,33285
s3450,8736
s3450,4087
s3450,20947
s3450,14433
s3450,28844
s3450,4550
s3450,20614
s3450,27737
s3450,35197
s3450,6339
s3450,36240
s3450,257
s3450,33320
s3450,13530
s3450,3925
s3450,20067
s3450,9490
s3450,11479
s3450,13859
s3450,1718
s3450,28699
s3450,16888
s3450,16126
s3450,33092
s3450,14011
s3450,19248
s3450,7516
s3450,9784
s3450,27168
s3450,2024
s3450,18829
s3450,16639
s3450,17486
s3451,26044
s3451,19233
s3451,3484
s3451,12395
s3451,27185
s3451,35137
s3452,30302
s3452,4077
s3452,10108
s3452,9166
s3452,8900
s3452,32549
s3452,36147
s3452,2950
s3452,1560
s3452,36414
s3452,36408
s3453,6666
s3453,29450
s3453,12612
s3453,26079
s3453,13212
s3453,2580
s3453,31590
s3453,33565
s3453,15507
s3453,24478
s3453,2257
s3453,5896
s3453,5956
s3453,7875
s3453,14751
s3453,22176
s3453,13168
s3453,33803
s3453,718
s3453,516
s3453,5913
s3453,738
s3454,1457
s3454,13728
s3454,14478
s3454,22745
s3454,14622
s3454,1321
s3454,29566
s3456,9642
s3456,34718
s3456,10050
s3456,2063
s3456,1079
s3456,24770
s3456,13154
s3456,4882
s3456,17463
s3456,8541
s3457,11492
s3457,9642
s3457,34718
s3457,10049
s3457,2063
s3457,1079
s3457,24770
s3457,8541
s3457,13154
s3457,4882
s3457,17463
s3458,754
s3458,23191
s3458,16081
s3458,2374
s3458,34503
s3458,7667
s3460,5574
s3460,11059
s3460,13482
s3460,31569
s3460,10710
s3460,21394
s3460,16498
s3460,25636
s3460,8528
s3460,2215
s3462,25804
s3462,18214
s3462,30334
s3462,19385
s3462,24109
s3462,25832
s3462,13068
s3462,31436
s3462,683
s3463,35695
s3463,13308
s3463,18487
s3463,18789
s3463,15408
s3463,35472
s3463,14904
s3463,15178
s3463,6631
s3464,21055
s3464,2889
s3464,17931
s3464,30988
s3464,12798
s3464,11087
s3465,3776
s3465,18681
s3465,30288
s3466,34300
s3466,5045
s3466,19546
s3466,5517
s3466,31969
s3466,21460
s3467,31680
s3467,25878
s3467,31226
s3467,693
s3467,30988
s3467,11087
s3467,34002
s3467,18124
s3468,17338
s3468,3210
s3468,27250
s3468,23868
s3468,791
s3472,24880
s3473,9494
s3473,32796
s3473,6082
s3473,6491
s3473,7094
s3473,17432
s3473,22754
s3473,33930
s3473,5563
s3473,15494
s3473,8150
s3473,13798
s3473,32326
s3473,15780
s3474,15177
s3474,31493
s3474,19783
s3474,6242
s3474,18257
s3474,19339
s3474,31449
s3474,30842
s3475,19309
s3475,16409
s3475,19339
s3475,19369
s3475,12894
s3475,6266
s3475,19782
s3475,14323
s3475,31484
s3475,25822
s3476,9494
s3476,6491
s3476,17432
s3476,22533
s3476,26600
s3476,7094
s3476,6082
s3476,32796
s3476,13798
s3476,15494
s3476,22754
s3476,33930
s3476,5084
s3476,35110
s3476,8028
s3477,14704
s3477,19118
s3477,15045
s3477,25597
s3477,35183
s3477,12186
s3477,2551
s3477,17800
s3477,7842
s3477,342
s3478,3975
s3478,8836
s3478,13905
s3478,7964
s3478,30188
s3478,5263
s3478,28519
s3478,7035
s3478,10054
s3478,15708
s3478,34570
s3478,2178
s3478,19058
s3478,15102
s3478,20751
s3478,5922
s3478,8997
s3478,23759
s3478,2688
s3478,7147
s3478,6302
s3478,7327
s3478,22772
s3478,1225
s3478,22884
s3479,23519
s3481,10961
s3481,33558
s3481,12753
s3481,12825
s3481,29129
s3481,31046
s3481,5765
s3481,32602
s3481,32627
s3482,9841
s3482,34615
s3482,31352
s3482,13958
s3482,18442
s3482,31401
s3482,27374
s3482,7620
s3483,11984
s3483,9167
s3483,841
s3483,8413
s3483,10117
s3483,13116
s3483,1375
s3483,22671
s3484,16489
s3484,21800
s3484,11423
s3484,6788
s3484,5404
s3484,24811
s3484,7114
s3484,188
s3485,4574
s3485,22774
s3485,6814
s3485,4522
s3485,28942
s3485,27163
s3487,22442
s3487,30635
s3487,6183
s3487,2387
s3487,31455
s3487,29718
s3487,29524
s3487,8207
s3488,33790
s3488,36194
s3488,5798
s3488,35390
s3488,36195
s3488,31475
s3488,34975
s3488,36168
s3488,20031
s3488,7154
s3488,16621
s3489,13236
s3489,1898
s3489,10698
s3489,20373
s3489,21404
s3489,12027
s3489,13518
s3489,4606
s3489,12017
s3489,19532
s3489,1008
s3489,28588
s3489,27478
s3489,10019
s3489,33271
s3490,6519
s3490,33429
s3490,10105
s3490,4396
s3490,26243
s3490,26798
s3490,13302
s3490,27418
s3492,25976
s3492,11295
s3492,9775
s3492,9722
s3492,24478
s3492,30170
s3492,12288
s3492,76
s3492,15775
s3492,28568
s3492,2158
s3492,20430
s3492,28331
s3492,26408
s3493,29509
s3493,18940
s3493,27353
s3493,24062
s3493,27537
s3493,32955
s3493,26885
s3493,13941
s3493,747
s3493,34238
s3494,29509
s3494,18940
s3494,27353
s3494,24062
s3494,27537
s3494,32955
s3494,26885
s3494,13941
s3494,747
s3494,34238
s3495,1780
s3495,27954
s3495,28881
s3495,34232
s3495,846
s3495,32774
s3495,2031
s3495,32404
s3496,14706
s3497,24065
s3497,27408
s3497,18940
s3497,27537
s3497,34449
s3497,15168
s3497,8437
s3497,24983
s3498,22119
s3498,16542
s3498,27837
s3498,23016
s3498,8051
s3498,11174
s3499,21051
s3499,27374
s3499,29633
s3499,27347
s3499,32077
s3499,24226
s3499,30014
s3499,34247
s3499,3286
s3499,23294
s3500,19370
s3500,3692
s3500,30860
s3500,23747
s3500,3698
s3500,23755
s3500,19292
s3500,19344
s3500,18269
s3500,16802
s3500,13066
s3501,36030
s3501,19165
s3501,29066
s3501,15221
s3501,35140
s3502,21312
s3502,19197
s3502,32003
s3502,2590
s3502,22695
s3502,29800
s3502,24343
s3502,16922
s3503,10243
s3503,32459
s3503,10719
s3503,26491
s3503,6413
s3503,24936
s3503,6430
s3503,16001
s3503,8320
s3504,9802
s3504,16164
s3504,36330
s3504,5442
s3504,13421
s3504,9242
s3504,21924
s3504,16396
s3504,7448
s3504,14522
s3504,5392
s3504,25195
s3504,23308
s3506,4281
s3507,13465
s3507,25116
s3507,16212
s3507,24406
s3507,9112
s3507,35530
s3507,16940
s3507,23405
s3507,3297
s3507,6768
s3507,23404
s3507,16572
s3507,36320
s3507,21149
s3508,25611
s3508,36402
s3508,10332
s3508,25324
s3508,16989
s3508,3545
s3508,3700
s3508,18881
s3509,23050
s3509,14239
s3509,9982
s3509,2504
s3509,24749
s3509,7030
s3509,16690
s3509,8389
s3510,30496
s3510,18140
s3510,32282
s3510,3021
s3510,419
s3510,24869
s3510,17088
s3510,2840
s3511,18539
s3511,17132
s3511,18242
s3511,25268
s3511,35598
s3511,31437
s3511,15179
s3511,11678
s3512,30082
s3512,7069
s3512,33235
s3512,24699
s3512,18157
s3512,21646
s3512,19485
s3512,20451
s3512,3881
s3512,7395
s3513,30216
s3514,20137
s3515,13796
s3515,13350
s3516,27110
s3517,29509
s3517,18940
s3517,27353
s3517,24062
s3517,27537
s3517,32955
s3517,26885
s3517,13941
s3517,747
s3517,34238
s3518,32825
s3518,24272
s3518,31193
s3518,14448
s3519,6012
s3520,32849
s3520,30050
s3520,20598
s3520,33861
s3520,17104
s3520,21554
s3520,29132
s3520,17879
s3520,22331
s3520,30872
s3521,3347
s3521,8265
s3521,11705
s3521,36410
s3521,32842
s3521,10061
s3521,12249
s3521,3587
s3521,12149
s3521,36422
s3522,34528
s3522,20297
s3522,33439
s3522,27413
s3522,3931
s3522,22493
s3522,940
s3522,23408
s3522,7016
s3522,26046
s3522,26698
s3523,20225
s3523,31017
s3523,30812
s3523,11687
s3523,34960
s3523,34978
s3523,32173
s3523,34707
s3524,3477
s3524,11899
s3524,29204
s3524,25788
s3524,20439
s3524,6719
s3524,2449
s3524,28195
s3524,2304
s3524,31915
s3525,3249
s3525,17125
s3525,23035
s3525,30955
s3525,31160
s3525,19901
s3525,7986
s3525,14407
s3525,12910
s3525,2914
s3525,17713
s3526,33735
s3526,22664
s3526,17030
s3526,7298
s3526,30110
s3526,7602
s3526,3458
s3526,9969
s3526,9509
s3527,24281
s3527,17368
s3527,28735
s3527,18844
s3527,1165
s3527,31078
s3527,11517
s3527,2711
s3527,18569
s3527,23098
s3527,4957
s3528,9801
s3529,4272
s3531,3600
s3531,24225
s3531,21075
s3531,18742
s3531,13559
s3531,30053
s3531,23607
s3531,32027
s3531,32357
s3531,36
s3532,32020
s3532,27197
s3532,17930
s3532,24998
s3532,17323
s3532,26903
s3532,23610
s3532,26940
s3533,34800
s3533,32355
s3533,205
s3533,34448
s3533,2409
s3533,31223
s3534,23893
s3534,30248
s3534,3635
s3534,36385
s3534,30249
s3534,35754
s3534,8656
s3534,1372
s3535,29225
s3535,25022
s3535,12101
s3535,1225
s3535,34920
s3535,24231
s3536,26961
s3536,23090
s3536,16604
s3536,31921
s3537,17202
s3537,3007
s3537,24095
s3537,29353
s3537,13332
s3537,7624
s3537,31391
s3537,1343
s3538,11005
s3538,29619
s3538,32135
s3538,27309
s3538,35658
s3538,23881
s3542,16835
s3542,6139
s3542,25127
s3542,17615
s3542,33859
s3542,12749
s3542,21949
s3542,24127
s3543,25362
s3543,30395
s3543,3049
s3543,32454
s3543,10813
s3543,25735
s3543,30489
s3543,9396
s3543,32487
s3543,7194
s3544,26721
s3545,31513
s3545,7072
s3545,28165
s3545,23046
s3545,12874
s3545,25152
s3545,33024
s3545,4947
s3545,14860
s3546,13192
s3546,654
s3546,1377
s3546,23570
s3546,23549
s3546,32815
s3547,12238
s3547,24266
s3547,19498
s3547,11694
s3547,6174
s3547,26732
s3547,8063
s3548,20346
s3548,16926
s3548,24751
s3548,15636
s3548,5499
s3548,16399
s3548,26269
s3548,21162
s3548,28677
s3548,24760
s3548,6706
s3548,26787
s3549,13653
s3549,19804
s3549,5371
s3549,1899
s3549,17280
s3549,10369
s3549,24568
s3549,2044
s3549,28556
s3549,968
s3549,6432
s3549,16175
s3549,28000
s3550,20292
s3550,1284
s3550,7512
s3550,13232
s3550,21222
s3550,21120
s3550,5258
s3550,1002
s3550,20124
s3550,12010
s3551,14418
s3551,267
s3552,32825
s3552,24346
s3552,2860
s3552,8874
s3552,21600
s3552,31193
s3552,12620
s3552,19453
s3552,1430
s3552,3507
s3552,11924
s3552,4014
s3552,5159
s3552,24272
s3552,12454
s3552,2264
s3552,27420
s3552,14448
s3552,9180
s3552,33147
s3552,12283
s3552,33477
s3552,17651
s3552,21647
s3552,31124
s3552,36366
s3553,8619
s3553,5476
s3553,25148
s3553,1917
s3553,36329
s3553,17456
s3553,33272
s3553,10538
s3553,15308
s3553,2231
s3553,30240
s3553,13517
s3554,23050
s3554,14239
s3554,2504
s3554,7683
s3554,9982
s3555,24265
s3555,7478
s3555,24255
s3555,13233
s3555,4557
s3555,21515
s3555,21396
s3556,6476
s3556,293
s3556,14738
s3556,2529
s3556,6690
s3556,4416
s3556,16039
s3556,35236
s3556,7549
s3556,31220
s3557,19530
s3557,29665
s3557,11297
s3557,11928
s3557,19527
s3557,7310
s3557,5846
s3557,16592
s3558,33919
s3560,7789
s3561,5378
s3561,17793
s3561,8200
s3561,23100
s3561,35573
s3561,10555
s3561,18382
s3562,9092
s3562,17450
s3562,17421
s3562,8387
s3562,1455
s3562,16889
s3562,4632
s3562,23278
s3562,6439
s3562,4817
s3562,33587
s3562,30299
s3562,21031
s3562,14552
s3562,8971
s3562,8967
s3562,8970
s3562,1280
s3562,9380
s3562,16575
s3562,8964
s3562,24625
s3562,5528
s3562,2617
s3562,16412
s3562,4629
s3562,21542
s3562,32348
s3563,35551
s3563,35850
s3563,16838
s3563,17891
s3563,18580
s3563,35968
s3563,32611
s3563,35970
s3563,12448
s3563,33718
s3563,35861
s3563,35895
s3563,10972
s3563,33708
s3564,26993
s3564,24971
s3564,16130
s3564,26869
s3564,17204
s3564,12337
s3564,11992
s3564,26970
s3565,30653
s3565,26315
s3565,14512
s3565,3647
s3565,12337
s3565,24971
s3565,2413
s3565,28990
s3566,22362
s3566,12969
s3566,33792
s3567,31327
s3567,23293
s3567,31057
s3567,30914
s3567,24987
s3567,29737
s3569,32523
s3569,34748
s3569,25879
s3569,27467
s3569,29638
s3569,2407
s3569,8027
s3570,32523
s3570,34748
s3570,25879
s3570,27467
s3570,29638
s3570,2407
s3570,8027
s3571,32523
s3571,34748
s3571,25879
s3571,27467
s3571,29638
s3571,2407
s3571,8027
s3572,29039
s3572,23208
s3572,22760
s3572,19847
s3573,32068
s3573,14188
s3573,21672
s3573,2339
s3574,7832
s3575,31167
s3576,5380
s3576,11959
s3576,13652
s3576,13589
s3576,10190
s3576,20385
s3576,5440
s3576,8537
s3576,34809
s3576,21486
s3576,26401
s3576,15424
s3577,3724
s3577,34353
s3577,956
s3577,31380
s3577,25968
s3577,22214
s3577,25563
s3577,28507
s3577,8603
s3578,26254
s3578,18420
s3578,1051
s3578,25316
s3578,9387
s3578,34806
s3578,34454
s3578,1047
s3578,10985
s3578,30374
s3578,18422
s3578,26303
s3579,19933
s3580,16521
s3580,36339
s3580,23143
s3580,24566
s3580,4978
s3580,21190
s3580,2218
s3580,15805
s3580,9296
s3580,17295
s3580,2779
s3581,28134
s3581,28228
s3581,2235
s3581,22573
s3581,28567
s3581,15175
s3581,34931
s3581,18017
s3581,25394
s3581,9942
s3582,16014
s3582,12882
s3582,2563
s3582,7050
s3582,12280
s3583,29093
s3583,24281
s3583,22147
s3583,3969
s3583,34541
s3583,8387
s3583,23069
s3583,22606
s3583,4688
s3583,29452
s3584,21692
s3584,4720
s3584,22843
s3584,11671
s3584,23660
s3584,8146
s3585,9642
s3585,34718
s3585,10050
s3585,2063
s3585,1079
s3585,24770
s3585,8541
s3585,11492
s3585,13154
s3585,4882
s3585,17463
s3586,35481
s3586,15215
s3586,18920
s3586,19649
s3586,18919
s3586,10425
s3586,15211
s3586,32178
s3586,19644
s3586,36196
s3586,19972
s3586,15216
s3586,19695
s3586,35479
s3586,11127
s3586,18716
s3586,15189
s3586,12326
s3586,31474
s3586,11919
s3587,15962
s3587,20750
s3587,13406
s3587,19000
s3587,30246
s3587,27473
s3587,21419
s3587,23243
s3587,26387
s3587,9896
s3587,17119
s3587,1942
s3587,17312
s3587,2800
s3588,7204
s3588,21937
s3588,34495
s3588,13677
s3588,10446
s3588,19956
s3588,18084
s3588,36373
s3588,15155
s3588,1303
s3588,13617
s3588,31442
s3588,35790
s3588,21215
s3589,35749
s3589,12790
s3589,30896
s3589,16829
s3589,35755
s3589,25054
s3589,32606
s3589,17559
s3589,32823
s3589,16833
s3589,33709
s3590,29306
s3590,24436
s3590,27201
s3590,24497
s3590,15388
s3591,35058
s3591,28314
s3591,19789
s3591,26659
s3591,14303
s3591,7697
s3591,12949
s3591,24884
s3592,35103
s3594,25880
s3594,3300
s3594,33872
s3594,31102
s3594,26926
s3594,29621
s3594,1989
s3594,26956
s3595,25586
s3595,21990
s3595,4532
s3595,23724
s3595,32953
s3595,30979
s3595,2670
s3595,8437
s3596,5191
s3598,33549
s3598,15269
s3598,27054
s3598,31189
s3598,16638
s3598,25384
s3598,9164
s3598,29202
s3598,4507
s3598,29909
s3599,11896
s3599,32796
s3599,24801
s3599,17252
s3599,23950
s3599,18352
s3600,6901
s3601,1461
s3601,4155
s3601,21158
s3601,4877
s3601,32438
s3601,11248
s3601,32212
s3601,18376
s3601,27768
s3601,13824
s3601,9568
s3601,17406
s3601,4878
s3601,18134
s3601,6347
s3601,1169
s3602,28816
s3602,20939
s3602,27287
s3602,28381
s3602,7826
s3602,1578
s3603,18123
s3603,28645
s3603,12783
s3603,23605
s3604,5363
s3604,33579
s3604,5886
s3604,15251
s3604,23828
s3604,15535
s3605,6434
s3605,16402
s3605,4971
s3606,14071
s3606,8008
s3606,3990
s3606,36038
s3607,18290
s3607,20586
s3607,25804
s3607,6233
s3607,17149
s3607,17145
s3607,15190
s3607,13069
s3608,389
s3608,1716
s3609,11548
s3609,2072
s3609,35429
s3609,16853
s3609,13642
s3609,4724
s3609,13963
s3609,2717
s3610,35711
s3610,30328
s3610,18811
s3610,18224
s3610,13068
s3610,6234
s3610,13070
s3610,19334
s3610,18244
s3611,19377
s3611,35711
s3611,35721
s3611,30837
s3611,8752
s3611,14329
s3611,16807
s3612,13307
s3612,17146
s3612,19386
s3612,17132
s3612,5100
s3612,18195
s3612,30843
s3612,25806
s3613,25795
s3613,6239
s3613,19780
s3613,18298
s3614,11674
s3614,16811
s3614,32193
s3614,8760
s3614,31439
s3614,18318
s3614,5732
s3614,35708
s3614,19311
s3615,16789
s3615,30330
s3615,30858
s3615,15199
s3615,19299
s3615,19373
s3615,32193
s3615,19311
s3615,31482
s3616,13260
s3616,17461
s3616,5098
s3616,33667
s3616,19643
s3616,5685
s3616,19614
s3616,19224
s3616,16565
s3616,34139
s3616,7092
s3616,21579
s3616,17981
s3616,14708
s3616,32162
s3617,1774
s3617,32523
s3617,1816
s3617,33793
s3617,21012
s3618,33154
s3619,17483
s3619,7519
s3619,20127
s3619,11008
s3619,13417
s3620,4713
s3621,15283
s3623,30216
s3624,18590
s3624,35673
s3624,30873
s3624,17835
s3625,22577
s3625,30147
s3625,31113
s3625,19169
s3625,17050
s3626,498
s3626,16156
s3626,7969
s3626,2935
s3626,20293
s3626,15438
s3626,6771
s3626,26100
s3626,11024
s3626,1473
s3626,21115
s3626,25259
s3626,31153
s3627,8740
s3627,24831
s3627,4069
s3627,15926
s3627,10577
s3627,15249
s3627,8890
s3627,9115
s3627,20244
s3629,20559
s3629,5254
s3631,34624
s3631,34803
s3631,30574
s3631,118
s3631,32047
s3631,9044
s3632,27326
s3632,5786
s3632,4530
s3632,15766
s3632,31676
s3632,27633
s3633,6076
s3633,24396
s3633,14498
s3633,22140
s3633,13425
s3633,24385
s3634,1460
s3634,9037
s3634,25089
s3634,29227
s3634,19502
s3634,20322
s3634,19256
s3634,5678
s3634,35362
s3634,25976
s3635,6322
s3635,22866
s3635,12171
s3635,1080
s3635,23107
s3635,1130
s3635,21606
s3635,6302
s3635,11845
s3635,3969
s3636,35107
s3637,17768
s3637,2814
s3637,14606
s3637,22062
s3637,4842
s3637,4654
s3637,31857
s3637,31652
s3637,24713
s3637,3225
s3637,34896
s3638,4101
s3638,485
s3638,2155
s3638,27167
s3638,10649
s3638,23392
s3639,3857
s3639,13989
s3639,22314
s3639,5975
s3639,21854
s3639,11009
s3639,11526
s3640,34532
s3640,21082
s3640,20194
s3640,33439
s3640,21314
s3640,2622
s3640,5252
s3640,7688
s3640,8298
s3640,3445
s3640,22031
s3640,33236
s3641,15185
s3641,16783
s3641,15374
s3641,6268
s3641,17148
s3641,12893
s3642,15463
s3642,21801
s3642,20291
s3642,12601
s3642,27817
s3643,17425
s3643,16859
s3643,29588
s3643,4449
s3643,22
s3643,13982
s3643,1163
s3643,1209
s3643,19811
s3643,30310
s3645,3214
s3645,19722
s3645,5851
s3645,27740
s3645,10049
s3646,7225
s3647,8270
s3648,24658
s3648,24673
s3648,36169
s3648,22723
s3648,19968
s3648,26618
s3648,18799
s3648,30796
s3648,36164
s3648,35304
s3648,35305
s3649,5830
s3649,5840
s3649,11131
s3649,30670
s3649,1400
s3649,15222
s3649,15229
s3649,34450
s3649,6175
s3649,14868
s3650,8884
s3650,14599
s3650,5840
s3650,11522
s3650,35257
s3650,33791
s3650,27082
s3650,10422
s3650,35394
s3650,7553
s3650,9219
s3650,13811
s3651,29570
s3651,11522
s3651,5840
s3651,35331
s3651,35847
s3651,15037
s3651,31923
s3651,19705
s3651,30748
s3651,29440
s3651,2249
s3652,14663
s3652,16422
s3652,3476
s3652,30817
s3652,17732
s3652,9992
s3652,9966
s3652,23498
s3652,336
s3652,26038
s3653,10139
s3653,30246
s3653,32991
s3653,21894
s3653,21518
s3653,1302
s3653,26320
s3653,21730
s3653,6929
s3654,15011
s3655,24235
s3655,14560
s3655,27460
s3655,30147
s3655,8097
s3655,16170
s3655,10262
s3656,50
s3656,105
s3656,23181
s3656,25691
s3656,15386
s3656,25706
s3656,27031
s3656,29525
s3656,29799
s3657,30856
s3657,5727
s3657,25830
s3657,19326
s3657,25820
s3657,11708
s3657,18273
s3657,6253
s3657,18331
s3658,4676
s3658,23237
s3658,8338
s3658,3245
s3658,26195
s3658,7443
s3659,28300
s3659,29314
s3659,15388
s3659,31085
s3659,30999
s3659,34626
s3659,34197
s3659,34250
s3659,11591
s3659,11285
s3660,20258
s3660,24362
s3660,8520
s3660,7649
s3660,27927
s3660,6912
s3660,34387
s3660,19182
s3660,28364
s3660,11896
s3661,36224
s3661,36202
s3661,30771
s3661,36184
s3661,22622
s3661,10150
s3661,36191
s3661,12539
s3661,35835
s3662,32085
s3662,23837
s3662,28645
s3662,779
s3662,14592
s3662,34833
s3662,25697
s3662,24972
s3663,7914
s3663,1163
s3663,17366
s3663,21879
s3663,1309
s3663,12559
s3663,22877
s3663,21523
s3663,4838
s3663,25223
s3663,19701
s3663,11801
s3663,27503
s3664,12820
s3664,12452
s3664,17098
s3664,9930
s3664,29120
s3664,32591
s3664,31036
s3664,10962
s3664,35855
s3664,12800
s3664,22942
s3664,9324
s3664,35921
s3664,12814
s3664,23508
s3664,6138
s3664,17097
s3664,9768
s3665,23505
s3665,697
s3665,12450
s3665,32592
s3665,29772
s3665,32609
s3665,23488
s3665,23924
s3665,3180
s3665,812
s3665,17189
s3665,35855
s3666,29146
s3666,12803
s3666,17631
s3666,30049
s3666,7272
s3666,20597
s3667,35885
s3667,24174
s3667,28204
s3667,23508
s3667,12803
s3667,35877
s3667,17618
s3667,28209
s3667,9768
s3667,33704
s3667,17103
s3668,32859
s3668,8610
s3668,24702
s3668,24681
s3668,11641
s3668,1549
s3668,12517
s3668,7716
s3668,2242
s3668,6083
s3668,33579
s3668,6362
s3668,6873
s3668,10859
s3668,31958
s3669,14636
s3669,12929
s3669,32335
s3669,16470
s3669,3131
s3669,9895
s3669,10785
s3669,9978
s3670,34456
s3670,10020
s3670,10930
s3670,26559
s3670,10837
s3670,13865
s3670,1652
s3670,21412
s3670,3774
s3670,2484
s3670,15633
s3670,19496
s3670,10551
s3671,13776
s3671,19300
s3671,20203
s3671,12972
s3671,8693
s3672,33361
s3672,25624
s3673,22313
s3673,14761
s3673,6804
s3674,12226
s3674,16791
s3674,18253
s3674,35626
s3674,31490
s3674,18171
s3674,19357
s3674,18189
s3675,34963
s3675,18918
s3675,36188
s3675,6053
s3675,11128
s3675,33269
s3675,19656
s3675,11982
s3675,36156
s3675,35565
s3676,10841
s3676,2716
s3676,21213
s3676,33079
s3676,4553
s3676,6420
s3676,21665
s3678,23050
s3678,14239
s3678,9982
s3678,2504
s3678,24749
s3678,7030
s3678,16690
s3680,3623
s3681,14606
s3681,21088
s3681,5695
s3681,10917
s3681,5508
s3681,24275
s3681,4952
s3681,25026
s3681,17921
s3681,26153
s3681,11320
s3681,24419
s3681,23309
s3681,5350
s3683,35820
s3683,16443
s3683,26360
s3683,35392
s3683,24829
s3683,35819
s3685,23341
s3685,20813
s3685,2861
s3686,35270
s3686,7914
s3686,10662
s3686,23299
s3686,11207
s3686,5171
s3686,24250
s3686,5906
s3686,5300
s3686,25036
s3686,22170
s3686,15528
s3686,7243
s3686,29250
s3686,26179
s3686,30147
s3687,28420
s3687,32342
s3687,3952
s3687,25335
s3687,11241
s3687,9618
s3687,4105
s3688,20122
s3688,14294
s3688,27183
s3688,21339
s3689,2880
s3689,17166
s3689,12044
s3689,24102
s3689,33243
s3689,6170
s3689,26950
s3689,796
s3689,536
s3689,17162
s3690,5818
s3690,32368
s3690,23757
s3690,34389
s3690,32374
s3690,6282
s3690,32272
s3690,12488
s3691,15181
s3691,19336
s3691,12698
s3691,17133
s3691,3689
s3691,18216
s3691,31447
s3691,6279
s3691,19357
s3692,13752
s3692,9055
s3692,8338
s3692,26189
s3692,27493
s3692,7872
s3692,15083
s3692,14599
s3692,2330
s3692,30424
s3692,33787
s3693,29474
s3693,18402
s3693,2063
s3694,17457
s3695,4984
s3696,7334
s3696,7902
s3696,3762
s3697,17889
s3697,795
s3697,35862
s3697,27847
s3697,29992
s3697,35749
s3697,24393
s3697,697
s3697,32592
s3697,35026
s3697,35860
s3697,23371
s3697,22485
s3697,35850
s3697,6148
s3697,35920
s3697,16991
s3697,29993
s3697,3536
s3697,2967
s3697,32864
s3697,12801
s3699,26578
s3699,25230
s3699,29779
s3699,32273
s3699,29285
s3699,29280
s3699,20914
s3699,29961
s3700,15651
s3700,13823
s3700,23811
s3700,31134
s3700,27255
s3700,1485
s3700,27365
s3700,2388
s3701,33902
s3701,19150
s3702,34631
s3702,10399
s3702,29509
s3702,27465
s3702,23952
s3702,11246
s3702,3282
s3702,3699
s3704,15148
s3706,20447
s3706,16707
s3707,1910
s3707,1175
s3707,26262
s3707,10608
s3707,1017
s3707,8049
s3707,35370
s3707,7151
s3707,17331
s3707,28595
s3709,4663
s3709,3937
s3709,19702
s3709,36328
s3709,21525
s3710,33188
s3711,32232
s3711,17095
s3711,26058
s3711,5995
s3711,32382
s3711,26875
s3711,24399
s3711,22956
s3711,26057
s3712,7537
s3713,12764
s3714,34599
s3714,25773
s3714,8503
s3714,29971
s3714,13383
s3714,24436
s3714,7755
s3714,21989
s3714,28200
s3716,23197
s3717,31425
s3717,16824
s3717,24388
s3717,35862
s3717,17842
s3717,2864
s3717,21554
s3717,17563
s3717,33867
s3717,18526
s3717,12823
s3717,29125
s3717,35645
s3717,21440
s3717,29108
s3717,23808
s3717,20597
s3717,12756
s3717,4365
s3718,33781
s3718,13260
s3718,33301
s3718,30082
s3718,5691
s3718,22760
s3718,22857
s3718,14688
s3718,8816
s3719,25548
s3719,8771
s3719,8618
s3719,26259
s3719,20380
s3719,20951
s3719,9715
s3719,25149
s3720,20379
s3720,16386
s3720,10079
s3720,10994
s3720,14737
s3720,30600
s3720,21918
s3720,12309
s3720,22262
s3720,36329
s3720,28847
s3720,13448
s3720,25072
s3721,22486
s3721,18573
s3721,22483
s3721,35904
s3721,35949
s3721,10967
s3721,23809
s3721,18518
s3721,32616
s3721,12802
s3721,23255
s3721,23845
s3721,826
s3723,26738
s3723,27884
s3723,16368
s3723,29756
s3723,26285
s3723,5428
s3723,3512
s3723,20894
s3723,20896
s3723,11205
s3723,19088
s3724,17182
s3724,35881
s3724,12450
s3724,7271
s3724,29120
s3724,35742
s3724,32592
s3724,30969
s3724,35852
s3724,33704
s3725,22486
s3725,18573
s3725,35949
s3725,22483
s3725,35904
s3725,10967
s3725,826
s3725,23809
s3725,12802
s3725,23255
s3725,32616
s3725,33703
s3725,33067
s3725,16832
s3725,23845
s3726,29090
s3726,25436
s3726,7961
s3726,7169
s3726,30596
s3726,33609
s3729,22486
s3729,18573
s3729,22483
s3729,35904
s3729,35949
s3729,10967
s3729,23809
s3729,18518
s3729,32616
s3729,12802
s3729,23255
s3729,21352
s3729,23845
s3729,826
s3730,29723
s3730,27006
s3730,32746
s3730,3813
s3730,31468
s3730,3283
s3730,3388
s3731,10882
s3731,25452
s3731,22030
s3731,27773
s3731,26219
s3731,1283
s3731,14661
s3731,7329
s3731,26704
s3731,32491
s3732,18101
s3732,2675
s3732,34269
s3732,9655
s3732,26211
s3732,7791
s3732,30200
s3732,3230
s3732,22472
s3734,294
s3735,17952
s3735,14095
s3735,12527
s3735,5265
s3735,30726
s3735,30165
s3735,18866
s3735,20052
s3736,24891
s3736,8016
s3736,33428
s3736,7012
s3736,3914
s3736,21804
s3736,22024
s3736,32741
s3736,10557
s3736,17061
s3737,28226
s3737,3531
s3737,30049
s3737,30939
s3737,33703
s3737,16403
s3737,820
s3737,32634
s3737,12762
s3737,7270
s3738,1733
s3738,33859
s3738,29123
s3738,3523
s3738,30872
s3738,33059
s3738,25054
s3738,22384
s3738,12832
s3738,28692
s3740,199
s3740,8713
s3740,22390
s3740,31026
s3740,6093
s3740,24917
s3741,26730
s3742,2864
s3742,6208
s3742,17184
s3742,9930
s3742,9768
s3742,699
s3743,36160
s3743,19653
s3743,6027
s3743,32173
s3743,36189
s3743,19642
s3743,8290
s3743,19640
s3743,10432
s3743,11712
s3745,26026
s3745,6963
s3745,33526
s3745,28566
s3745,7623
s3746,14076
s3747,32123
s3747,12984
s3747,19196
s3747,29599
s3747,27892
s3747,5240
s3747,33439
s3747,24083
s3747,4866
s3747,2612
s3747,7377
s3747,25395
s3747,33200
s3748,22396
s3748,10641
s3748,10594
s3748,23415
s3748,21208
s3748,9451
s3748,32493
s3748,11581
s3748,5107
s3748,19588
s3748,18416
s3748,19482
s3748,22016
s3748,13505
s3748,30313
s3749,11952
s3749,7203
s3749,10165
s3749,19734
s3749,21249
s3749,21517
s3749,10617
s3749,16395
s3749,26067
s3749,27058
s3749,30071
s3749,25684
s3749,13643
s3750,19902
s3750,3882
s3750,24472
s3750,26075
s3750,14300
s3750,925
s3751,13025
s3751,31089
s3751,27286
s3751,3008
s3751,30260
s3751,29728
s3751,799
s3751,3283
s3751,2832
s3751,367
s3752,21692
s3752,10129
s3752,4720
s3752,8516
s3752,25157
s3752,1752
s3753,18696
s3753,8036
s3753,27143
s3753,23191
s3753,5538
s3753,9357
s3753,10051
s3753,35120
s3753,32363
s3754,344
s3754,14813
s3754,20440
s3754,11272
s3754,383
s3754,20378
s3754,7686
s3754,32999
s3755,25643
s3755,1910
s3755,19524
s3755,14533
s3755,7508
s3755,25713
s3755,28489
s3755,30233
s3755,11058
s3755,22254
s3755,16732
s3755,9351
s3756,29381
s3756,32130
s3756,12216
s3756,3581
s3756,36064
s3756,3728
s3756,35534
s3757,25497
s3757,3472
s3758,15109
s3758,4225
s3758,24006
s3758,31561
s3758,14972
s3759,15403
s3760,4470
s3760,1510
s3760,15416
s3760,26062
s3760,28620
s3760,29465
s3760,30650
s3760,16075
s3760,30072
s3760,27439
s3760,28756
s3760,2614
s3760,28741
s3761,25192
s3762,11718
s3762,25380
s3762,14677
s3762,33727
s3762,21925
s3762,21203
s3762,1010
s3762,5661
s3762,21823
s3762,5491
s3763,18147
s3763,24298
s3763,20758
s3763,17047
s3763,362
s3763,13606
s3763,18893
s3763,32743
s3763,3972
s3763,26283
s3763,36258
s3764,24265
s3764,11879
s3764,29788
s3764,32674
s3764,17743
s3764,21112
s3764,16188
s3764,1926
s3764,21395
s3764,28500
s3764,20407
s3764,1795
s3764,20029
s3764,21081
s3764,21929
s3764,10786
s3765,6716
s3765,28813
s3765,12771
s3765,20445
s3766,17325
s3766,18680
s3766,25747
s3766,34674
s3766,2875
s3766,3390
s3766,1485
s3767,330
s3767,5884
s3767,34862
s3767,31513
s3767,1260
s3768,19455
s3768,8622
s3768,9713
s3768,2631
s3768,23268
s3768,34422
s3768,15637
s3768,22879
s3768,12308
s3768,2624
s3769,27383
s3769,30973
s3769,25747
s3769,2875
s3769,209
s3769,3390
s3770,10049
s3770,17463
s3770,6126
s3770,27756
s3770,29214
s3770,13409
s3770,1079
s3770,9642
s3770,34718
s3771,19118
s3771,9564
s3771,25422
s3771,26124
s3771,23903
s3771,3750
s3771,5887
s3771,11136
s3771,22335
s3771,14774
s3771,34541
s3771,3240
s3771,6560
s3771,36284
s3771,23658
s3771,7577
s3772,6726
s3772,27100
s3773,550
s3773,2091
s3773,12306
s3773,33323
s3773,19814
s3773,19909
s3774,23505
s3774,29772
s3774,2864
s3774,17878
s3774,35882
s3774,35854
s3774,22482
s3774,33867
s3774,22376
s3775,15057
s3775,7113
s3775,15313
s3775,28822
s3775,8946
s3775,2078
s3775,4699
s3775,25600
s3775,2134
s3775,18409
s3775,11393
s3775,15507
s3775,22329
s3775,13991
s3775,6821
s3775,19585
s3775,3669
s3775,5016
s3775,1393
s3775,22865
s3775,6077
s3775,11924
s3775,20626
s3775,35348
s3775,4014
s3775,17745
s3775,10502
s3775,20660
s3775,12283
s3775,20925
s3775,1146
s3775,14989
s3775,14142
s3775,28782
s3775,19848
s3775,7497
s3775,15074
s3775,28982
s3775,33478
s3775,15490
s3775,12517
s3775,8777
s3775,19479
s3775,22963
s3775,7526
s3775,6222
s3775,14438
s3775,15949
s3775,25491
s3775,27238
s3776,26702
s3776,27853
s3777,6907
s3779,10892
s3779,4283
s3779,12613
s3780,27990
s3780,4665
s3780,13820
s3780,124
s3780,1489
s3780,14947
s3780,13726
s3780,5014
s3780,13180
s3780,5201
s3781,31483
s3781,14317
s3781,18243
s3781,18282
s3781,18208
s3781,6242
s3781,19282
s3781,25806
s3781,25796
s3782,32383
s3782,29648
s3782,34600
s3782,30061
s3783,6672
s3783,24657
s3783,35497
s3783,19634
s3783,6029
s3783,22722
s3784,32031
s3784,13383
s3784,21018
s3784,1811
s3784,24103
s3784,24919
s3784,30888
s3784,31091
s3785,17827
s3785,697
s3785,17098
s3785,23431
s3785,25048
s3785,21480
s3785,35742
s3785,30872
s3785,33704
s3785,32019
s3785,30819
s3785,33847
s3785,32592
s3786,4513
s3786,572
s3786,12875
s3786,3824
s3786,22535
s3786,19521
s3786,2186
s3787,18968
s3787,20585
s3787,35279
s3787,9965
s3787,35846
s3787,19897
s3787,14456
s3788,2709
s3788,18192
s3788,9881
s3788,26197
s3788,22317
s3788,4725
s3788,23088
s3788,6753
s3788,33797
s3789,197
s3789,23474
s3789,34628
s3791,2439
s3791,25423
s3791,24994
s3791,20919
s3791,32476
s3791,26906
s3791,366
s3791,27582
s3792,30770
s3792,35633
s3792,15884
s3792,36158
s3792,35628
s3792,33268
s3792,35052
s3793,3182
s3793,5174
s3793,10172
s3793,15170
s3793,21699
s3793,16406
s3793,6302
s3793,16867
s3793,10919
s3793,22866
s3793,21705
s3793,18850
s3793,3428
s3793,34453
s3793,10532
s3793,15777
s3793,24830
s3794,19338
s3794,25828
s3794,19315
s3794,35704
s3794,16799
s3794,19277
s3794,15347
s3794,15183
s3794,23325
s3795,14729
s3795,4484
s3795,14043
s3795,27156
s3795,15006
s3795,3548
s3795,14025
s3795,24310
s3795,35443
s3795,15845
s3795,24880
s3795,30417
s3795,10759
s3795,15956
s3795,23348
s3795,11506
s3795,29957
s3795,4651
s3795,29090
s3795,17802
s3795,4842
s3795,15734
s3795,19531
s3795,16285
s3797,17629
s3798,2856
s3798,21385
s3798,2300
s3799,13769
s3799,23499
s3799,4029
s3799,1088
s3799,2111
s3799,2582
s3799,30111
s3799,8131
s3799,22750
s3799,20537
s3799,8037
s3799,33761
s3799,5329
s3799,27027
s3799,14480
s3799,6396
s3799,28948
s3799,1636
s3799,1492
s3799,5208
s3799,28064
s3799,26524
s3799,2636
s3800,8112
s3800,6809
s3800,20555
s3800,2730
s3800,6646
s3800,21313
s3800,13282
s3800,9633
s3800,8104
s3801,1533
s3801,20037
s3801,31955
s3801,881
s3801,21607
s3801,11789
s3802,27919
s3802,14288
s3802,4428
s3802,17704
s3802,29501
s3802,16462
s3802,7783
s3802,29184
s3802,7587
s3802,15689
s3802,20171
s3803,2264
s3803,834
s3803,16196
s3803,12293
s3803,14882
s3803,31853
s3803,15294
s3803,22351
s3803,31758
s3803,919
s3803,10132
s3803,7598
s3805,203
s3805,27202
s3805,11966
s3805,20800
s3805,15312
s3805,20217
s3805,29941
s3805,28312
s3806,34952
s3807,11239
s3807,33155
s3807,30752
s3807,7173
s3808,5110
s3808,16381
s3808,2786
s3808,12722
s3808,34357
s3808,6454
s3808,16391
s3808,2998
s3813,31422
s3813,28345
s3813,30521
s3813,13912
s3813,503
s3813,8880
s3813,9203
s3813,29417
s3813,8438
s3813,13692
s3814,7134
s3814,11426
s3814,16961
s3814,28758
s3814,10915
s3816,30029
s3817,9201
s3817,7677
s3817,3338
s3817,15872
s3817,21705
s3817,35029
s3817,23944
s3818,9165
s3818,14058
s3818,15556
s3818,19174
s3818,19873
s3818,24842
s3818,20024
s3818,19363
s3819,33459
s3819,5741
s3819,21231
s3819,15043
s3819,21570
s3819,9383
s3819,17737
s3819,17876
s3819,7573
s3819,6485
s3820,20069
s3820,32141
s3820,27598
s3820,15300
s3820,13381
s3820,29654
s3820,3153
s3820,30003
s3820,6408
s3820,5074
s3821,3877
s3821,9162
s3821,33531
s3821,14858
s3822,10909
s3822,17485
s3822,27587
s3822,15441
s3822,29095
s3822,17746
s3823,32651
s3823,27583
s3823,34641
s3823,32155
s3823,3823
s3823,12002
s3823,3268
s3823,23385
s3824,6124
s3824,22636
s3824,34593
s3824,21506
s3824,10724
s3824,34583
s3825,28241
s3825,36201
s3825,36171
s3825,11823
s3825,35837
s3826,15497
s3826,35183
s3826,8844
s3826,1454
s3826,931
s3826,8794
s3826,15040
s3826,21764
s3826,79
s3826,7190
s3827,18528
s3827,23182
s3827,25051
s3827,28208
s3827,21004
s3827,31425
s3828,19773
s3828,33288
s3828,24542
s3828,22811
s3828,31335
s3828,4338
s3828,6012
s3828,14570
s3828,28296
s3828,4292
s3828,33778
s3828,28290
s3828,4502
s3828,22936
s3828,21864
s3828,28353
s3828,15956
s3828,17896
s3828,29022
s3828,15394
s3828,20075
s3828,21332
s3828,21289
s3828,8370
s3828,32885
s3828,28703
s3828,24880
s3828,14039
s3828,24310
s3828,20076
s3828,6073
s3828,29011
s3828,14729
s3828,19891
s3830,27990
s3830,4665
s3830,13820
s3830,124
s3830,1489
s3830,13726
s3830,13180
s3830,5014
s3830,5201
s3830,14947
s3830,14721
s3831,12700
s3832,17199
s3832,26618
s3832,4050
s3832,31267
s3832,13022
s3832,4006
s3832,15928
s3833,2759
s3833,25968
s3833,11412
s3833,26335
s3833,36331
s3834,9098
s3834,17899
s3834,13215
s3834,19889
s3834,31357
s3834,24001
s3834,16986
s3834,24000
s3835,33789
s3835,19081
s3835,36216
s3835,35330
s3835,24609
s3835,26102
s3835,17897
s3835,18966
s3836,3395
s3836,16553
s3836,14274
s3836,36114
s3836,17366
s3836,3518
s3836,22788
s3836,18156
s3836,25517
s3836,20964
s3836,21158
s3836,7796
s3836,12299
s3836,14000
s3836,9745
s3836,2111
s3837,6713
s3837,36326
s3837,5443
s3837,1244
s3837,26230
s3837,10609
s3837,5380
s3839,30316
s3839,5498
s3839,9887
s3839,2803
s3839,19390
s3839,25577
s3839,19530
s3839,25567
s3839,16015
s3839,11621
s3839,32340
s3840,33297
s3840,20492
s3840,34383
s3840,27171
s3840,12954
s3841,17492
s3841,11486
s3841,30149
s3841,24312
s3841,13897
s3841,25363
s3841,1123
s3841,18661
s3841,16370
s3841,1150
s3841,33489
s3841,27163
s3842,1858
s3842,22351
s3842,1902
s3842,27155
s3842,26236
s3842,9750
s3842,33412
s3842,14482
s3843,6914
s3843,14493
s3843,13776
s3843,34006
s3843,20227
s3843,26371
s3844,19661
s3844,36228
s3844,36176
s3844,34981
s3844,35060
s3844,19973
s3844,20228
s3844,35563
s3844,6056
s3845,34212
s3845,10470
s3845,3923
s3845,34948
s3846,30803
s3846,30626
s3846,10631
s3846,34211
s3846,29040
s3846,36071
s3846,7127
s3846,29266
s3847,27328
s3847,24453
s3847,36067
s3847,34212
s3847,34052
s3848,23386
s3848,541
s3848,10393
s3848,30839
s3848,24450
s3848,8523
s3848,34948
s3848,28848
s3848,13219
s3849,24453
s3849,15628
s3849,25190
s3849,24836
s3850,13801
s3850,27300
s3850,28178
s3850,25498
s3850,4098
s3850,18556
s3850,8335
s3851,10924
s3851,15911
s3851,17248
s3851,14740
s3851,14305
s3852,19466
s3852,13801
s3852,28178
s3852,27131
s3852,18556
s3852,578
s3852,1500
s3852,21024
s3852,32716
s3853,25795
s3853,678
s3853,19384
s3853,19373
s3853,12235
s3853,18810
s3853,18288
s3853,685
s3853,35930
s3854,31621
s3854,31033
s3854,10482
s3855,9416
s3855,13190
s3855,18073
s3855,19231
s3855,25099
s3855,184
s3856,3834
s3856,7588
s3856,24014
s3856,24755
s3856,11048
s3857,23732
s3857,18077
s3857,3184
s3857,27646
s3857,1325
s3857,165
s3859,15366
s3859,6644
s3859,15370
s3859,19638
s3859,24599
s3859,23211
s3859,27081
s3859,35618
s3859,35467
s3859,3034
s3859,12903
s3859,19417
s3859,35614
s3859,36211
s3859,12967
s3861,30237
s3861,10352
s3861,19126
s3861,9886
s3861,16756
s3861,16653
s3861,16502
s3861,5415
s3861,10080
s3861,10365
s3861,10079
s3861,13976
s3861,21184
s3862,16865
s3862,21618
s3862,18831
s3862,21593
s3862,16193
s3862,16690
s3862,17598
s3862,16697
s3863,4440
s3863,20609
s3863,1609
s3863,3937
s3863,22315
s3863,16467
s3863,15458
s3863,5372
s3863,9708
s3863,33451
s3863,33007
s3863,28866
s3863,21531
s3864,36020
s3864,19761
s3864,17593
s3864,14744
s3864,2310
s3864,15296
s3864,15790
s3864,12172
s3864,9074
s3864,4768
s3865,8418
s3865,20023
s3865,30202
s3866,19383
s3866,14902
s3866,25806
s3866,31494
s3866,25796
s3866,19779
s3866,18268
s3866,18805
s3866,24111
s3866,19776
s3867,16955
s3867,20855
s3867,34117
s3867,13861
s3867,12190
s3867,35296
s3867,31615
s3867,13867
s3867,21514
s3867,11091
s3867,3402
s3868,33288
s3868,1371
s3868,31958
s3868,24778
s3868,28052
s3868,27808
s3869,11088
s3869,431
s3869,17204
s3869,29920
s3869,2413
s3869,3207
s3869,24979
s3869,12337
s3869,27285
s3869,26889
s3870,11416
s3870,63
s3870,23763
s3870,10653
s3870,9089
s3870,28176
s3870,2295
s3870,22579
s3870,27199
s3870,6870
s3870,3233
s3870,28405
s3871,16761
s3871,32592
s3871,35875
s3871,1733
s3871,17186
s3871,10970
s3871,30049
s3871,25127
s3871,32591
s3871,31404
s3871,35899
s3872,15778
s3872,35671
s3873,1266
s3874,32436
s3874,22346
s3874,24222
s3874,27267
s3874,10692
s3874,10495
s3874,22274
s3874,18711
s3875,34219
s3875,11762
s3875,29719
s3875,1963
s3875,4183
s3875,26937
s3875,6182
s3875,15391
s3876,10804
s3876,20178
s3876,2430
s3876,32850
s3876,15471
s3876,24600
s3876,18966
s3876,2738
s3876,20031
s3877,31185
s3877,32938
s3877,32470
s3877,7046
s3877,33425
s3877,20275
s3877,1522
s3877,32215
s3877,23990
s3878,2706
s3879,20162
s3879,23941
s3879,16860
s3879,4751
s3879,27684
s3879,10689
s3879,19371
s3879,17046
s3879,11877
s3879,33247
s3880,35738
s3880,27847
s3880,30818
s3880,32836
s3880,18512
s3880,17892
s3880,12817
s3880,22486
s3881,15383
s3881,26564
s3881,29442
s3881,32470
s3881,35092
s3881,35038
s3881,35416
s3881,3655
s3881,9756
s3881,6026
s3881,25213
s3881,23990
s3882,11345
s3882,6034
s3882,4459
s3882,20099
s3882,34007
s3882,4031
s3882,35092
s3882,30604
s3882,26564
s3882,25213
s3882,35340
s3883,15383
s3883,26564
s3883,29442
s3883,35416
s3883,32470
s3883,23725
s3883,36163
s3883,23990
s3884,9086
s3884,540
s3884,18980
s3884,22785
s3884,15594
s3885,4943
s3885,20326
s3885,27669
s3885,7404
s3885,15246
s3886,36287
s3886,32090
s3886,15300
s3886,102
s3886,2456
s3886,20576
s3887,4439
s3887,19963
s3887,7341
s3887,21243
s3887,16191
s3887,28863
s3887,2222
s3887,27741
s3887,19817
s3888,31287
s3888,34193
s3888,33776
s3888,21273
s3888,24639
s3888,18815
s3888,11903
s3888,19742
s3888,29874
s3888,19751
s3889,28000
s3889,19957
s3889,13653
s3889,20125
s3889,5493
s3889,19818
s3889,15469
s3889,21898
s3889,28556
s3889,4979
s3890,36014
s3890,18882
s3890,10333
s3890,4067
s3890,29163
s3890,25286
s3890,12081
s3890,668
s3891,10399
s3891,31669
s3891,24865
s3891,8452
s3891,2451
s3891,16958
s3894,29601
s3894,18775
s3894,14841
s3894,34944
s3894,8277
s3894,33374
s3894,22882
s3894,4946
s3894,14144
s3895,10109
s3895,17558
s3895,4036
s3895,16667
s3895,33670
s3895,32700
s3895,27586
s3895,25307
s3895,29901
s3895,2008
s3895,14891
s3897,4719
s3898,95
s3898,15383
s3898,5194
s3898,7674
s3898,34007
s3898,1436
s3899,6346
s3900,21012
s3900,1810
s3900,8726
s3900,24494
s3900,24848
s3900,16953
s3901,28927
s3901,8376
s3901,19351
s3901,2942
s3901,35588
s3901,6607
s3901,58
s3901,11841
s3901,35058
s3901,36161
s3902,23183
s3902,31406
s3902,32612
s3902,20848
s3902,30820
s3902,13600
s3902,17107
s3902,35993
s3902,21950
s3902,17101
s3902,12849
s3902,3537
s3903,9827
s3903,8949
s3903,29212
s3903,5653
s3903,7472
s3903,1387
s3903,1069
s3903,20091
s3903,28590
s3903,20287
s3903,21344
s3903,31107
s3903,9909
s3903,22258
s3903,26287
s3903,3165
s3904,11548
s3904,4899
s3904,8112
s3904,18937
s3904,28911
s3904,26546
s3904,1156
s3904,28808
s3904,27749
s3904,13734
s3904,23065
s3904,27094
s3905,28006
s3905,29817
s3905,1087
s3905,1082
s3905,21445
s3906,17422
s3906,22196
s3906,904
s3906,31713
s3906,12612
s3906,31954
s3906,14828
s3906,28987
s3906,26235
s3906,7671
s3906,26677
s3907,10826
s3908,4170
s3909,8777
s3909,27170
s3909,4301
s3909,20518
s3909,19848
s3909,28041
s3909,33570
s3909,21316
s3909,16333
s3909,34365
s3910,9642
s3910,34718
s3910,10049
s3910,2063
s3910,1079
s3910,24770
s3910,8541
s3910,13154
s3910,4882
s3911,25425
s3911,25915
s3911,24423
s3911,26405
s3912,18501
s3912,10449
s3912,17585
s3912,23872
s3912,27404
s3912,10623
s3912,36019
s3912,28648
s3912,11967
s3912,1740
s3914,17585
s3914,30868
s3914,6202
s3914,27433
s3914,30018
s3914,35520
s3914,14391
s3914,31398
s3914,433
s3914,3008
s3915,27281
s3915,29728
s3915,28258
s3915,28318
s3915,16562
s3915,30718
s3916,27281
s3916,34628
s3916,2845
s3916,26405
s3916,30018
s3916,3321
s3916,30737
s3917,20777
s3917,2830
s3917,18584
s3917,31667
s3917,30598
s3917,13434
s3917,7339
s3917,32024
s3918,29716
s3918,750
s3918,36106
s3918,4868
s3918,29254
s3918,17089
s3919,15336
s3919,109
s3919,31993
s3919,8113
s3919,30656
s3919,12340
s3919,21060
s3919,34170
s3919,21059
s3919,24451
s3920,15067
s3920,20464
s3920,32989
s3920,25676
s3920,6020
s3920,23468
s3920,26389
s3920,14497
s3920,20721
s3920,27122
s3920,23933
s3921,27148
s3921,34713
s3921,29761
s3921,8875
s3921,26424
s3921,34442
s3921,11072
s3921,30119
s3922,21928
s3922,13966
s3922,26806
s3922,2080
s3923,24910
s3923,36396
s3923,32132
s3923,9767
s3923,26363
s3923,23896
s3924,5294
s3924,13475
s3924,9
s3924,32132
s3924,9645
s3924,29219
s3924,10982
s3924,22497
s3924,25262
s3925,10796
s3926,11082
s3926,30105
s3926,16134
s3926,10057
s3926,22141
s3927,25020
s3927,19120
s3927,5227
s3927,25254
s3927,22119
s3927,15505
s3927,5531
s3927,1100
s3927,4413
s3927,36078
s3928,36281
s3928,14000
s3928,22286
s3928,12293
s3928,18979
s3928,7349
s3929,19325
s3929,3686
s3929,25803
s3929,18322
s3929,30834
s3929,19387
s3929,16800
s3930,19957
s3931,31713
s3931,18154
s3931,23396
s3931,17418
s3931,15694
s3931,18829
s3931,8280
s3931,4349
s3932,3862
s3933,11005
s3933,24483
s3933,2871
s3933,8732
s3933,34732
s3933,18737
s3933,27631
s3933,32147
s3934,27386
s3934,34631
s3934,20574
s3934,24436
s3934,33976
s3934,31222
s3936,6796
s3936,7968
s3936,7548
s3936,30088
s3936,19034
s3936,29340
s3936,16200
s3936,30107
s3937,28182
s3937,17919
s3937,17290
s3937,7884
s3937,17588
s3937,33329
s3937,3115
s3937,30739
s3937,21296
s3937,3799
s3937,26954
s3937,4444
s3937,24960
s3937,4727
s3937,29021
s3937,12871
s3938,13358
s3938,28339
s3938,25868
s3938,21413
s3938,31798
s3938,4746
s3938,17449
s3939,7832
s3940,27386
s3940,34631
s3940,20574
s3940,24436
s3940,33976
s3940,31222
s3941,12264
s3941,10561
s3941,35231
s3941,9543
s3941,7878
s3941,27928
s3941,21371
s3941,27764
s3941,3159
s3941,12631
s3941,2493
s3942,31952
s3942,13133
s3942,6111
s3942,17944
s3942,33312
s3942,30793
s3942,3627
s3943,30148
s3943,72
s3943,9298
s3943,23195
s3943,11289
s3943,15660
s3943,32558
s3943,14377
s3943,2129
s3943,5190
s3943,30554
s3943,9531
s3943,19896
s3943,9779
s3943,26589
s3943,5322
s3943,302
s3944,1692
s3944,32447
s3944,3711
s3944,7709
s3944,25078
s3944,17252
s3944,2260
s3944,33459
s3944,16007
s3944,28428
s3945,7341
s3945,32685
s3945,28671
s3945,6742
s3945,33070
s3945,13649
s3945,21732
s3945,9303
s3945,5379
s3945,11474
s3945,22370
s3945,28579
s3945,28501
s3945,1941
s3945,28505
s3946,4853
s3946,29601
s3946,15421
s3946,4608
s3946,20996
s3946,12207
s3946,21738
s3946,17215
s3946,2584
s3947,31487
s3947,11681
s3947,35765
s3947,15398
s3947,19395
s3947,25801
s3947,18806
s3947,25837
s3948,28000
s3949,20482
s3949,12711
s3949,33072
s3949,34460
s3949,1091
s3950,3834
s3950,7588
s3950,3830
s3950,7413
s3950,35797
s3950,32646
s3950,29527
s3951,2389
s3951,31466
s3951,27383
s3951,16562
s3951,211
s3951,27814
s3951,20677
s3951,30265
s3951,4868
s3951,1486
s3952,12460
s3952,15224
s3952,33422
s3952,18720
s3952,30326
s3953,17992
s3955,15364
s3955,2317
s3955,35807
s3955,19651
s3955,19655
s3955,30450
s3955,14340
s3955,14603
s3955,6065
s3955,19642
s3956,12138
s3956,18406
s3956,454
s3956,32222
s3956,18093
s3956,30544
s3956,12140
s3956,620
s3957,36246
s3957,31475
s3957,18185
s3957,16789
s3957,3689
s3957,35777
s3958,32509
s3958,23197
s3958,20113
s3958,27086
s3958,33078
s3958,22417
s3958,31798
s3958,28664
s3958,15583
s3959,29120
s3959,32639
s3959,22482
s3959,12756
s3959,32152
s3959,17812
s3959,30821
s3959,29133
s3959,9326
s3959,12810
s3959,23373
s3959,17840
s3959,12803
s3959,17017
s3960,7587
s3960,9551
s3960,14300
s3960,23277
s3960,19288
s3960,3451
s3960,9526
s3960,9081
s3960,33988
s3960,14253
s3961,7171
s3961,1603
s3961,16247
s3961,18493
s3961,20992
s3961,12664
s3961,2394
s3961,4741
s3962,14017
s3962,27135
s3962,32157
s3962,22996
s3962,33772
s3962,30120
s3962,28837
s3963,27291
s3963,23837
s3963,421
s3963,34287
s3963,14618
s3963,29981
s3963,24091
s3963,34157
s3964,20378
s3964,4914
s3964,16101
s3964,19094
s3964,13296
s3964,34665
s3964,27722
s3964,23413
s3964,35396
s3965,570
s3965,13009
s3965,11250
s3965,21086
s3965,32004
s3965,20484
s3965,35922
s3965,32392
s3965,26654
s3965,19456
s3965,34946
s3965,3442
s3965,19877
s3965,10355
s3966,8988
s3966,33399
s3966,19980
s3966,31306
s3967,17972
s3967,35319
s3967,17495
s3967,15682
s3967,33221
s3967,18200
s3967,34887
s3967,35227
s3969,23592
s3969,4568
s3969,3838
s3969,601
s3969,30515
s3969,10744
s3969,167
s3969,174
s3969,23595
s3970,9770
s3970,22970
s3970,20466
s3970,17652
s3970,4642
s3970,22090
s3970,14195
s3970,7916
s3970,29429
s3970,31184
s3970,11850
s3970,31800
s3970,5301
s3971,11327
s3971,1229
s3971,34087
s3971,31982
s3971,10275
s3971,9449
s3971,15548
s3971,31873
s3971,2494
s3971,20645
s3971,26771
s3971,5636
s3971,20014
s3971,11318
s3972,3896
s3972,3399
s3972,22380
s3972,30840
s3973,26967
s3973,29681
s3973,30618
s3973,13376
s3973,18383
s3973,13400
s3973,3192
s3973,35095
s3973,17958
s3973,11107
s3974,10518
s3974,27978
s3974,5320
s3974,22542
s3974,36103
s3974,32292
s3974,8328
s3974,25282
s3975,24333
s3976,24099
s3976,46
s3976,24225
s3976,26890
s3976,33090
s3976,21066
s3976,15167
s3976,2583
s3977,23576
s3977,30056
s3977,8923
s3977,8680
s3977,711
s3978,7427
s3978,1244
s3978,16755
s3978,21420
s3978,26336
s3978,11781
s3978,10625
s3978,11726
s3978,23406
s3979,29942
s3979,26896
s3979,32250
s3979,31435
s3979,32249
s3979,24007
s3979,14515
s3979,6080
s3980,13874
s3980,29186
s3980,34090
s3980,36252
s3980,16690
s3980,16245
s3980,30959
s3980,506
s3980,8141
s3980,31684
s3981,16156
s3981,13304
s3981,963
s3981,12017
s3981,16159
s3981,2962
s3981,21818
s3981,12720
s3981,25143
s3981,19924
s3981,9437
s3981,21248
s3981,26350
s3981,19520
s3982,30734
s3982,27367
s3982,27583
s3982,419
s3982,34747
s3982,23830
s3982,11732
s3982,2840
s3982,11218
s3982,35518
s3983,501
s3983,6187
s3983,14536
s3983,36333
s3983,25116
s3983,23380
s3983,6717
s3983,23313
s3983,740
s3983,952
s3983,16730
s3983,3940
s3985,152
s3985,12127
s3985,27062
s3985,23604
s3985,161
s3986,8944
s3986,13660
s3986,6921
s3986,7550
s3986,7868
s3986,26421
s3987,4873
s3987,14448
s3987,9838
s3987,30134
s3987,26679
s3987,1398
s3987,25999
s3987,4689
s3987,4643
s3987,13136
s3987,35135
s3987,28321
s3987,26320
s3989,5624
s3989,2168
s3989,15275
s3990,18860
s3990,12811
s3990,17106
s3990,35644
s3990,17816
s3991,34510
s3991,4363
s3991,1126
s3991,33603
s3992,34510
s3992,6852
s3992,25490
s3992,3508
s3992,3332
s3992,26385
s3992,15598
s3992,22009
s3992,18412
s3992,19076
s3992,20579
s3993,29449
s3993,2290
s3993,36092
s3993,6079
s3993,1541
s3993,22009
s3993,858
s3993,3885
s3993,17555
s3994,2325
s3994,8694
s3994,26280
s3994,21422
s3994,8312
s3994,8669
s3994,16868
s3994,21714
s3994,25729
s3994,19414
s3994,13473
s3995,16574
s3995,16325
s3995,28753
s3995,21527
s3995,13349
s3995,30538
s3995,1887
s3995,14974
s3995,1499
s3995,21107
s3996,1286
s3997,30494
s3997,30503
s3997,12162
s3997,12244
s3997,29383
s3997,13190
s3997,20820
s3997,35781
s3997,11460
s3997,166
s3998,748
s3998,1787
s3998,368
s3998,34801
s3998,24510
s3998,1672
s3998,28259
s3998,30992
s3999,24392
s3999,2862
s4000,1864
s4001,16301
s4001,6707
s4001,23763
s4001,8562
s4001,5533
s4001,7178
s4001,18559
s4001,8555
s4001,22794
s4002,14029
s4002,3858
s4002,9876
s4002,12953
s4002,14451
s4002,18983
s4002,30767
s4002,28934
s4002,4452
s4003,27201
s4003,31087
s4003,847
s4003,419
s4003,1768
s4003,27628
s4003,780
s4003,30833
s4004,25403
s4004,10882
s4004,21082
s4004,29599
s4004,24202
s4004,24458
s4004,29443
s4004,20239
s4004,21511
s4004,21172
s4005,9235
s4006,34554
s4006,2993
s4006,25332
s4006,33307
s4006,17426
s4006,34305
s4006,20727
s4006,1410
s4006,6384
s4006,2343
s4007,25637
s4007,22642
s4007,2080
s4007,14527
s4007,26230
s4007,8047
s4007,23846
s4007,23381
s4007,4113
s4007,15564
s4007,23734
s4007,190
s4007,30376
s4007,36365
s4007,9420
s4008,14706
s4009,14706
s4010,14706
s4011,14706
s4011,4772
s4012,6143
s4013,18078
s4013,9416
s4013,10482
s4013,10397
s4013,10445
s4013,12162
s4014,12136
s4014,1782
s4014,14410
s4014,12653
s4014,12119
s4014,33131
s4014,11109
s4014,32874
s4014,24112
s4014,1729
s4014,33301
s4015,32889
s4015,33544
s4015,19040
s4015,4828
s4015,22914
s4015,23788
s4015,28952
s4015,9043
s4015,7650
s4015,1319
s4017,13218
s4017,26775
s4017,13719
s4017,10868
s4017,12032
s4018,21424
s4018,567
s4018,2325
s4018,7681
s4018,6162
s4018,4492
s4018,32519
s4018,3781
s4018,15658
s4018,11399
s4019,17483
s4019,7519
s4019,16325
s4019,729
s4019,15617
s4019,28180
s4019,21350
s4019,1893
s4019,7103
s4020,2290
s4020,35385
s4020,34666
s4020,22804
s4020,25090
s4020,18103
s4020,8464
s4020,1190
s4020,25109
s4020,28478
s4021,15781
s4021,29851
s4021,9858
s4021,6410
s4021,15617
s4021,35558
s4021,33058
s4021,8347
s4021,19497
s4021,1575
s4022,28737
s4022,567
s4022,8694
s4022,9888
s4022,7134
s4022,8871
s4022,17938
s4022,17639
s4023,35787
s4023,24068
s4023,30795
s4023,641
s4023,12732
s4023,13401
s4023,10462
s4023,20829
s4023,32884
s4023,12571
s4023,12572
s4023,21384
s4024,23564
s4024,7295
s4024,12242
s4024,23606
s4024,29399
s4024,23602
s4024,13195
s4024,19429
s4024,23603
s4025,3945
s4025,25546
s4025,5908
s4025,26344
s4025,11154
s4025,463
s4026,15317
s4027,1712
s4027,36056
s4027,13420
s4027,18083
s4027,6075
s4027,5435
s4027,23815
s4027,19429
s4027,3316
s4027,24050
s4028,10325
s4028,628
s4028,23561
s4028,12245
s4028,3164
s4028,3831
s4029,7553
s4029,9724
s4029,29831
s4029,25349
s4029,25515
s4029,1535
s4029,31823
s4029,21809
s4029,20653
s4029,2915
s4030,34997
s4030,13552
s4030,25095
s4030,6284
s4030,3380
s4030,32148
s4030,26376
s4030,32253
s4030,33124
s4030,20577
s4030,35635
s4030,2879
s4030,28223
s4031,24562
s4031,23568
s4031,12732
s4032,13048
s4032,1327
s4032,163
s4032,25428
s4032,22627
s4032,35515
s4032,10472
s4032,632
s4033,17906
s4033,9646
s4033,4387
s4033,30311
s4033,34149
s4033,24920
s4033,9308
s4033,9474
s4034,1305
s4034,274
s4034,18894
s4034,21271
s4034,4417
s4034,3251
s4034,34018
s4035,7193
s4035,9238
s4035,1396
s4035,24249
s4036,13053
s4036,31033
s4036,23596
s4036,25099
s4036,10397
s4036,12192
s4037,31649
s4037,23451
s4037,30802
s4037,3710
s4037,1598
s4037,22283
s4037,6989
s4037,17475
s4038,29629
s4038,28193
s4038,20544
s4038,20555
s4038,10083
s4039,704
s4039,34510
s4039,18596
s4039,35422
s4039,7519
s4039,17483
s4039,33441
s4039,8194
s4039,11658
s4039,14752
s4040,26756
s4040,33737
s4040,13662
s4041,2325
s4041,13721
s4042,28063
s4042,8089
s4042,3857
s4042,33603
s4042,33058
s4042,858
s4042,1893
s4042,13346
s4043,7152
s4043,29880
s4043,15856
s4043,7056
s4043,31853
s4043,17851
s4043,6418
s4043,4950
s4043,24363
s4043,8015
s4043,6290
s4043,16139
s4043,30310
s4043,6937
s4044,2563
s4044,13809
s4044,7397
s4044,1113
s4044,7346
s4044,22519
s4044,10207
s4044,22123
s4044,890
s4045,19370
s4045,5734
s4045,25272
s4045,19301
s4045,14318
s4045,19368
s4046,22857
s4046,20442
s4046,27504
s4046,20636
s4046,11807
s4046,11357
s4046,25584
s4046,462
s4046,23013
s4046,4516
s4047,9888
s4047,20005
s4047,11398
s4047,729
s4047,5453
s4047,3000
s4047,21540
s4047,20003
s4048,2598
s4048,8394
s4048,7134
s4048,33441
s4048,5451
s4048,15658
s4048,21678
s4048,28714
s4048,17344
s4049,10966
s4049,29118
s4049,31031
s4049,32151
s4049,30894
s4049,2861
s4050,34616
s4050,34385
s4050,17661
s4050,27200
s4050,25689
s4050,35658
s4052,3120
s4054,21103
s4054,16006
s4054,23727
s4054,1384
s4054,1479
s4056,12889
s4056,9200
s4056,677
s4056,17144
s4056,33625
s4056,10009
s4058,35183
s4058,17473
s4058,31650
s4058,32909
s4058,1620
s4058,23089
s4058,26499
s4058,24280
s4059,4605
s4059,16328
s4059,34132
s4059,4902
s4059,32906
s4059,24635
s4059,27188
s4059,18027
s4060,2100
s4060,14641
s4060,16198
s4060,26714
s4060,6780
s4060,11064
s4060,9310
s4060,5593
s4060,2748
s4061,8153
s4061,29924
s4061,295
s4061,22663
s4061,24152
s4062,11005
s4062,24483
s4062,2871
s4062,8732
s4062,34732
s4062,18737
s4062,27631
s4062,32147
s4063,22332
s4063,6211
s4063,3638
s4063,19755
s4063,19446
s4063,26604
s4063,16239
s4063,25079
s4064,12820
s4064,7271
s4064,25051
s4064,29992
s4064,24388
s4064,697
s4064,35877
s4064,23484
s4064,28224
s4065,20356
s4065,2077
s4065,31158
s4065,10558
s4065,11725
s4065,4994
s4065,2053
s4065,22238
s4065,27227
s4065,28508
s4065,10362
s4065,30400
s4065,7904
s4066,10911
s4066,21882
s4066,29831
s4066,15425
s4066,8033
s4066,24701
s4066,30424
s4066,2157
s4066,21786
s4067,16360
s4067,1935
s4067,3296
s4067,26806
s4067,10143
s4068,24096
s4068,10238
s4068,5425
s4068,24265
s4068,16758
s4068,13233
s4068,20094
s4068,34512
s4068,13422
s4068,26395
s4069,15781
s4069,3857
s4069,8669
s4069,14360
s4069,14051
s4069,692
s4069,3875
s4069,30538
s4069,18103
s4069,4336
s4069,858
s4069,2949
s4070,34510
s4070,6852
s4070,14152
s4070,24048
s4070,17294
s4070,29044
s4070,3679
s4070,1554
s4070,21238
s4070,19076
s4070,20579
s4071,18191
s4071,35385
s4071,9839
s4071,21795
s4071,26742
s4071,33441
s4071,8347
s4071,22079
s4071,20027
s4071,36144
s4072,17483
s4072,7519
s4072,22127
s4072,36092
s4072,6079
s4072,20142
s4072,8347
s4072,19961
s4072,16197
s4072,14360
s4073,23670
s4073,1978
s4073,8440
s4073,3083
s4073,35448
s4073,198
s4073,34427
s4073,8721
s4074,3857
s4074,33737
s4074,2290
s4074,30516
s4074,9858
s4074,29449
s4074,2333
s4074,6934
s4075,15781
s4075,29851
s4075,28875
s4075,858
s4075,13473
s4075,16197
s4075,11564
s4075,22009
s4075,23281
s4075,2029
s4075,7681
s4075,13538
s4076,20005
s4076,9888
s4076,15617
s4076,5133
s4076,3039
s4076,2903
s4076,29044
s4076,16197
s4076,14754
s4076,24549
s4077,17483
s4077,7519
s4077,28063
s4077,8089
s4077,31356
s4077,18103
s4077,13177
s4077,25729
s4077,13230
s4077,21232
s4078,26756
s4078,29851
s4078,28265
s4078,8347
s4078,3679
s4078,32940
s4078,2537
s4078,15164
s4078,7104
s4078,21527
s4079,15781
s4079,3857
s4079,12773
s4079,28737
s4079,2419
s4079,5451
s4080,16271
s4080,15313
s4080,4522
s4081,36030
s4081,4813
s4082,27619
s4082,30530
s4082,4195
s4082,21067
s4082,31090
s4082,14580
s4082,8211
s4082,18534
s4083,21500
s4083,28145
s4083,876
s4083,525
s4083,9241
s4083,31729
s4083,28940
s4083,24898
s4083,10839
s4083,21163
s4083,950
s4083,20417
s4083,27304
s4083,33736
s4083,9706
s4083,20610
s4084,4110
s4086,34247
s4086,11593
s4086,29232
s4086,27371
s4086,28992
s4086,23835
s4087,21584
s4087,27667
s4088,25173
s4088,11914
s4088,21441
s4088,20147
s4088,22025
s4088,21305
s4088,16594
s4088,1262
s4088,30076
s4088,33151
s4088,6844
s4088,8904
s4089,32753
s4089,15386
s4089,25773
s4089,3152
s4089,30996
s4089,31629
s4089,11147
s4090,36248
s4090,24055
s4090,11575
s4090,28826
s4091,2884
s4091,11039
s4091,22017
s4091,26345
s4091,35087
s4091,21100
s4091,2299
s4091,24508
s4091,26053
s4091,7207
s4091,5467
s4091,21476
s4092,31485
s4092,6239
s4092,3686
s4092,18307
s4092,18196
s4092,15408
s4092,19298
s4092,31494
s4092,35715
s4093,17997
s4094,14270
s4095,28827
s4095,27001
s4095,32
s4095,31239
s4095,22436
s4095,14595
s4096,16535
s4096,30078
s4096,3976
s4096,4507
s4096,33470
s4096,22963
s4096,11906
s4096,8040
s4096,15490
s4096,17285
s4098,17039
s4098,24997
s4098,27814
s4098,9305
s4098,23901
s4098,31678
s4098,27003
s4099,8216
s4099,2891
s4099,27443
s4099,12434
s4099,17322
s4099,11760
s4099,24072
s4099,23640
s4099,34421
s4101,2994
s4101,28292
s4101,4706
s4101,19784
s4101,21237
s4101,7544
s4101,23684
s4101,1880
s4101,11618
s4101,8432
s4101,28958
s4102,26921
s4102,17060
s4102,26890
s4102,11966
s4102,34337
s4103,17222
s4103,27281
s4103,28258
s4103,35520
s4103,20919
s4103,16975
s4103,25744
s4104,27536
s4104,11960
s4104,27031
s4104,24529
s4104,11972
s4104,30018
s4104,3387
s4104,4868
s4104,4189
s4104,27296
s4105,19950
s4105,21748
s4105,9560
s4105,24726
s4105,24808
s4105,14398
s4105,35226
s4105,21549
s4105,28415
s4106,19048
s4107,27
s4107,32777
s4107,28303
s4107,34449
s4107,29780
s4108,27281
s4108,20973
s4108,27536
s4108,30614
s4108,42
s4108,32797
s4108,14389
s4108,32041
s4108,29777
s4108,31603
s4109,20309
s4109,31219
s4109,250
s4109,9323
s4109,12431
s4109,35519
s4109,11221
s4109,8726
s4110,25654
s4111,20657
s4111,13825
s4111,14158
s4111,5688
s4111,1927
s4111,28243
s4111,5322
s4111,4732
s4111,6866
s4111,14764
s4112,24819
s4112,19586
s4112,21903
s4112,6678
s4112,23265
s4112,16183
s4112,5572
s4112,16178
s4113,20973
s4113,27536
s4113,33432
s4113,32360
s4113,21042
s4113,34614
s4113,4189
s4113,36127
s4114,20398
s4114,28596
s4114,15424
s4114,31761
s4114,11665
s4114,529
s4114,1418
s4114,16160
s4114,593
s4114,20495
s4114,34073
s4114,35367
s4114,1034
s4114,16435
s4115,1728
s4115,18434
s4115,5577
s4115,5584
s4115,28301
s4116,17795
s4117,21723
s4117,3299
s4117,528
s4117,8611
s4117,10609
s4117,20020
s4117,22464
s4117,23974
s4117,21730
s4117,2049
s4117,758
s4117,497
s4117,13319
s4119,3489
s4119,4007
s4119,263
s4119,13895
s4119,11030
s4119,13782
s4119,35339
s4119,35248
s4119,32012
s4119,14876
s4120,35649
s4120,11938
s4120,2594
s4120,14401
s4120,33526
s4120,29443
s4120,5627
s4120,14651
s4121,2207
s4121,36114
s4121,4278
s4121,18840
s4121,22611
s4121,31517
s4121,36046
s4122,17992
s4122,29712
s4122,19716
s4122,9911
s4122,33288
s4122,857
s4122,20077
s4122,1562
s4122,24857
s4122,3788
s4122,11839
s4122,15721
s4122,14564
s4123,16903
s4123,28290
s4123,33499
s4123,13523
s4123,21181
s4123,31845
s4124,29413
s4125,36393
s4125,36330
s4125,24096
s4125,25954
s4125,7478
s4125,15463
s4125,21361
s4125,9708
s4125,20405
s4125,16378
s4125,36341
s4126,6131
s4126,646
s4126,12731
s4126,3848
s4126,8674
s4127,388
s4127,29344
s4127,12743
s4127,5082
s4127,10478
s4127,27520
s4127,615
s4128,16816
s4128,19346
s4128,3690
s4128,3689
s4128,32193
s4129,27667
s4130,22774
s4130,1628
s4130,21167
s4130,12271
s4130,3401
s4130,24842
s4131,1802
s4131,1797
s4131,29189
s4132,35854
s4132,32616
s4132,7270
s4132,3519
s4132,18528
s4132,23368
s4132,12450
s4133,19331
s4133,19358
s4133,16786
s4133,35112
s4133,18324
s4133,18346
s4133,6235
s4133,18315
s4134,29420
s4134,11817
s4134,24501
s4134,222
s4134,18603
s4134,12880
s4134,7850
s4135,27337
s4135,21041
s4135,17
s4135,34596
s4135,30729
s4135,30426
s4135,1968
s4135,17329
s4137,28891
s4137,12953
s4137,16233
s4137,31639
s4138,14606
s4138,15500
s4138,21088
s4138,5695
s4138,10917
s4138,4952
s4138,17921
s4138,5948
s4138,11320
s4138,21747
s4138,29249
s4138,5350
s4139,8189
s4139,33989
s4139,15706
s4139,11895
s4139,33579
s4139,25078
s4139,18108
s4139,14045
s4140,14135
s4140,17933
s4140,36002
s4140,7280
s4140,13487
s4140,33935
s4140,19683
s4140,23118
s4140,10901
s4140,19090
s4142,27963
s4142,13409
s4142,8541
s4142,33921
s4142,19722
s4142,18843
s4142,34718
s4142,1079
s4142,13148
s4142,4902
s4142,4140
s4142,32526
s4143,24313
s4143,5887
s4143,35911
s4143,9485
s4143,7773
s4143,14940
s4143,11883
s4143,27739
s4143,4693
s4143,6229
s4143,4930
s4144,1223
s4144,3134
s4144,34323
s4144,21481
s4144,1452
s4144,25321
s4144,10646
s4144,25323
s4144,26418
s4144,35452
s4145,33711
s4145,35669
s4145,17634
s4145,6169
s4146,23050
s4146,14239
s4146,9982
s4146,7030
s4146,24749
s4147,13996
s4147,27899
s4147,36104
s4147,33735
s4147,15790
s4147,24250
s4147,7814
s4147,33613
s4148,3506
s4148,2904
s4148,30657
s4148,33461
s4148,8252
s4148,36301
s4148,34221
s4148,28773
s4149,23414
s4149,30711
s4149,26102
s4149,15213
s4149,34982
s4149,31280
s4149,18798
s4149,33479
s4149,7244
s4149,13016
s4150,17596
s4150,7902
s4150,33591
s4150,19280
s4150,3767
s4151,11996
s4151,28551
s4151,4869
s4151,11485
s4151,13362
s4151,19441
s4152,3167
s4152,17173
s4152,11967
s4152,22509
s4152,2873
s4152,1623
s4152,25081
s4153,13335
s4153,23490
s4153,33966
s4153,4214
s4153,27623
s4153,27248
s4153,18741
s4153,28640
s4154,11029
s4155,25805
s4155,32006
s4155,35715
s4155,27124
s4155,19328
s4155,18217
s4155,12229
s4155,18218
s4155,24110
s4155,14327
s4156,20365
s4156,16158
s4156,20610
s4156,20772
s4156,36337
s4156,21924
s4156,16372
s4156,18460
s4156,13406
s4156,19994
s4157,7767
s4157,28133
s4158,27948
s4158,5056
s4158,33436
s4158,27597
s4158,23215
s4158,34811
s4158,6512
s4159,31681
s4159,29639
s4159,30613
s4159,3718
s4159,11828
s4159,12436
s4159,30467
s4159,11735
s4160,27948
s4160,6015
s4160,8522
s4160,13360
s4160,10076
s4160,4549
s4160,27941
s4160,7020
s4160,25737
s4160,3839
s4161,10518
s4161,19084
s4161,27412
s4161,29681
s4161,17777
s4161,32749
s4161,36103
s4161,19005
s4161,27670
s4161,34811
s4162,10518
s4162,27412
s4162,19084
s4162,27948
s4162,25111
s4163,32703
s4163,14178
s4163,26358
s4163,8358
s4164,24241
s4164,29006
s4164,22994
s4164,1992
s4164,17728
s4164,7230
s4164,17687
s4164,26783
s4165,26280
s4165,5355
s4165,3086
s4165,23669
s4165,12035
s4165,14752
s4165,1571
s4165,9840
s4165,26406
s4165,4020
s4166,6722
s4166,13656
s4166,20362
s4166,19994
s4166,5739
s4166,36341
s4167,23010
s4167,15739
s4167,196
s4167,25079
s4167,28731
s4167,7664
s4167,12389
s4167,34135
s4167,9817
s4167,20283
s4167,32684
s4168,20378
s4168,21405
s4168,31761
s4168,7477
s4168,1556
s4168,2811
s4168,13181
s4168,16504
s4168,15462
s4168,29299
s4168,2223
s4168,31383
s4168,9343
s4168,12020
s4168,6776
s4168,34493
s4168,15157
s4168,12012
s4168,27999
s4168,9707
s4168,20397
s4168,11945
s4168,28151
s4168,31384
s4168,981
s4168,16477
s4168,21191
s4170,11948
s4170,20364
s4170,27710
s4170,2053
s4170,21932
s4170,23977
s4170,20818
s4170,29753
s4170,16739
s4170,1019
s4172,35333
s4172,13647
s4172,4007
s4172,35388
s4172,25213
s4174,10829
s4174,35446
s4174,34593
s4174,2053
s4174,11423
s4174,3845
s4174,16209
s4174,25063
s4174,8539
s4174,7559
s4175,1331
s4175,12191
s4175,25191
s4175,25285
s4175,34148
s4175,30408
s4175,3810
s4175,13443
s4175,22506
s4175,22672
s4175,8234
s4175,5706
s4175,10128
s4176,25098
s4176,31586
s4176,13373
s4176,11340
s4176,6584
s4176,9912
s4178,21295
s4178,2716
s4178,7648
s4179,15937
s4179,9137
s4179,3946
s4179,1700
s4179,14476
s4179,7550
s4179,13970
s4179,22906
s4179,8160
s4179,26192
s4180,2239
s4180,21032
s4180,15927
s4180,21030
s4180,18604
s4180,25213
s4181,19533
s4182,25654
s4183,11267
s4183,29389
s4183,23618
s4183,23621
s4183,34643
s4183,11220
s4183,31228
s4183,8668
s4184,26722
s4184,5515
s4185,18173
s4187,29316
s4187,12201
s4187,12098
s4187,13331
s4187,29244
s4187,13336
s4187,3178
s4187,35444
s4189,29976
s4189,34385
s4189,18449
s4189,34828
s4189,14591
s4189,35658
s4189,31631
s4189,18884
s4190,1707
s4190,32703
s4190,34964
s4190,19797
s4190,12947
s4190,19790
s4191,18593
s4191,1972
s4191,29917
s4191,20686
s4191,4410
s4191,25001
s4191,3138
s4191,17330
s4191,30576
s4191,26978
s4192,16772
s4192,3616
s4192,18126
s4192,29353
s4192,27063
s4192,27572
s4192,10404
s4193,4954
s4193,25809
s4193,35716
s4193,18235
s4193,18280
s4193,25797
s4193,14903
s4193,18237
s4193,6257
s4194,30216
s4195,30553
s4195,8360
s4195,29822
s4195,34811
s4195,8276
s4195,10414
s4195,12304
s4195,3309
s4195,2629
s4195,35084
s4196,20482
s4196,12711
s4196,29822
s4196,21368
s4196,29103
s4196,13437
s4196,30944
s4196,22447
s4196,35028
s4196,26976
s4197,9423
s4197,1397
s4197,14777
s4197,6207
s4197,12703
s4197,5015
s4197,12956
s4197,20587
s4197,6177
s4198,29306
s4198,6202
s4198,27201
s4198,28641
s4198,21045
s4198,8367
s4198,26308
s4198,8210
s4198,34260
s4198,7620
s4199,14888
s4199,8394
s4199,35558
s4199,17639
s4199,24732
s4199,9908
s4199,34497
s4199,12284
s4201,17651
s4201,6846
s4201,4340
s4201,10899
s4201,24235
s4201,2644
s4201,13924
s4202,21773
s4202,25593
s4202,6386
s4202,26447
s4202,33580
s4202,22950
s4202,35041
s4202,33678
s4203,20015
s4203,15441
s4203,9803
s4203,32063
s4203,32712
s4203,35035
s4203,715
s4203,31756
s4203,7922
s4205,876
s4205,3430
s4205,4001
s4206,6100
s4206,28049
s4206,2019
s4206,17401
s4206,6366
s4206,11368
s4206,19606
s4207,31812
s4207,1152
s4208,33647
s4208,24959
s4208,22739
s4208,24019
s4208,23795
s4208,34360
s4208,35430
s4208,11501
s4208,25246
s4208,7383
s4209,20995
s4209,32592
s4209,17098
s4209,33704
s4209,35881
s4209,16824
s4209,27847
s4209,2967
s4209,7271
s4209,17885
s4209,17898
s4209,17631
s4209,17618
s4210,24411
s4210,19035
s4210,29915
s4210,32671
s4210,32189
s4210,26846
s4211,32875
s4211,23794
s4211,16428
s4211,29544
s4211,8788
s4212,13425
s4212,35264
s4213,18663
s4213,3665
s4213,26048
s4214,15306
s4214,28591
s4214,8601
s4214,7438
s4214,20951
s4214,16717
s4214,10726
s4214,31165
s4214,364
s4214,10621
s4215,11294
s4215,25014
s4215,26422
s4215,25489
s4215,17112
s4216,12303
s4216,23359
s4216,942
s4216,7862
s4216,15905
s4216,18713
s4216,27675
s4216,19979
s4217,21032
s4217,35501
s4217,34979
s4217,35482
s4217,14806
s4217,25213
s4218,11792
s4218,15690
s4218,9960
s4218,33035
s4218,33037
s4218,22918
s4218,6936
s4218,5463
s4218,24536
s4219,24542
s4219,26043
s4219,20966
s4219,20175
s4219,16949
s4219,15421
s4219,113
s4220,7353
s4220,26746
s4220,5814
s4220,6283
s4220,252
s4220,34515
s4220,18594
s4220,19713
s4221,24467
s4221,6313
s4221,24778
s4221,24714
s4221,8106
s4221,13621
s4221,7805
s4221,16950
s4221,15569
s4221,20716
s4221,24978
s4221,9582
s4221,34242
s4221,15566
s4221,24449
s4221,5165
s4221,27976
s4221,34040
s4221,20223
s4221,20224
s4221,3384
s4221,429
s4221,1769
s4221,10826
s4221,13013
s4221,11080
s4221,9874
s4221,13294
s4221,17594
s4221,33168
s4221,22696
s4221,563
s4221,30910
s4221,14419
s4221,32732
s4221,8851
s4221,13187
s4221,27648
s4221,413
s4221,23529
s4221,20191
s4221,10877
s4221,17451
s4221,416
s4221,21744
s4221,31632
s4221,27678
s4222,2813
s4222,11245
s4222,241
s4222,2736
s4222,100
s4222,31612
s4223,23797
s4224,13263
s4224,29877
s4224,7985
s4224,23227
s4224,17372
s4224,32399
s4224,28569
s4225,34631
s4225,11246
s4225,20806
s4225,3031
s4225,27445
s4225,27532
s4226,2059
s4226,2435
s4226,34402
s4226,477
s4226,3618
s4226,20013
s4226,25006
s4226,210
s4227,4659
s4227,33996
s4227,1040
s4227,36233
s4227,25319
s4227,11738
s4227,9222
s4227,36119
s4227,33306
s4227,23168
s4227,7284
s4227,1062
s4227,2434
s4227,8974
s4228,21436
s4229,35107
s4230,4285
s4231,4285
s4231,31885
s4232,4285
s4233,4285
s4234,4285
s4235,11549
s4236,11549
s4238,29438
s4239,29438
s4240,29438
s4241,29438
s4242,5805
s4242,12900
s4242,19788
s4242,18766
s4242,19220
s4242,23316
s4243,32908
s4244,35881
s4244,31605
s4244,23431
s4244,2864
s4244,32864
s4244,16761
s4244,35849
s4244,20597
s4244,33704
s4244,34016
s4244,12450
s4244,27841
s4244,821
s4244,33866
s4244,35669
s4244,33848
s4244,22004
s4244,32606
s4244,31138
s4245,33326
s4246,33326
s4247,33360
s4247,16568
s4248,33360
s4249,33497
s4250,33597
s4252,31497
s4252,29333
s4252,17433
s4252,31604
s4252,2877
s4252,26668
s4252,24199
s4252,25936
s4252,17714
s4252,32251
s4252,26748
s4252,33102
s4252,18685
s4252,32945
s4252,18543
s4252,19019
s4252,31285
s4252,25790
s4252,13826
s4252,34281
s4252,30039
s4252,17176
s4252,26788
s4252,5991
s4252,33110
s4253,2810
s4253,6187
s4253,1304
s4253,31416
s4253,7211
s4253,31155
s4253,7200
s4253,23410
s4253,24827
s4253,9259
s4254,10679
s4254,35156
s4254,7081
s4254,1401
s4254,3303
s4255,23796
s4255,12028
s4255,35987
s4255,35621
s4255,3486
s4255,34461
s4255,19884
s4256,17585
s4256,27536
s4256,21104
s4256,26882
s4256,24512
s4256,13823
s4256,3321
s4256,24500
s4256,30614
s4256,33522
s4258,23593
s4258,35516
s4258,27367
s4258,20800
s4258,17220
s4258,27596
s4258,847
s4260,16758
s4260,21391
s4260,10143
s4260,31255
s4260,3296
s4260,7495
s4260,6438
s4261,4803
s4262,16782
s4262,27651
s4262,20488
s4262,35617
s4262,6177
s4262,20850
s4263,14136
s4263,24642
s4263,15669
s4263,3969
s4263,33629
s4263,11272
s4263,26445
s4263,25360
s4263,20625
s4263,2620
s4263,32825
s4263,14087
s4263,10909
s4263,19313
s4263,23279
s4263,7497
s4263,28782
s4263,7081
s4263,28802
s4263,7526
s4263,14494
s4264,34907
s4264,15271
s4264,18802
s4264,10555
s4264,30535
s4264,9385
s4264,17423
s4264,25481
s4264,32224
s4265,1498
s4265,13012
s4265,3303
s4265,19756
s4265,25373
s4265,7396
s4265,31908
s4265,29021
s4265,11347
s4265,21356
s4266,32164
s4266,6477
s4266,1442
s4266,4540
s4268,18111
s4268,5612
s4268,2201
s4268,20210
s4268,418
s4268,12155
s4268,35802
s4268,20803
s4268,16235
s4269,29664
s4269,33932
s4269,15790
s4269,29880
s4269,3649
s4269,13809
s4269,28792
s4269,7602
s4269,19716
s4269,33570
s4270,33262
s4270,13338
s4270,35589
s4270,14447
s4270,2268
s4270,30639
s4271,33694
s4271,17098
s4271,17840
s4271,24174
s4271,35915
s4271,34217
s4271,35980
s4271,697
s4272,35587
s4272,1637
s4272,18011
s4272,26321
s4272,17875
s4272,34141
s4272,34681
s4272,19787
s4272,19788
s4272,23005
s4273,19410
s4273,24884
s4273,9221
s4273,1637
s4274,10946
s4274,3413
s4274,35325
s4274,24245
s4274,17788
s4274,34004
s4274,6425
s4274,16559
s4274,21155
s4274,32349
s4275,35977
s4275,32592
s4275,17898
s4275,24134
s4275,35964
s4275,31042
s4275,16829
s4275,28208
s4275,12792
s4275,17840
s4275,32616
s4275,30049
s4275,25052
s4277,695
s4277,30409
s4277,23891
s4277,9764
s4277,10685
s4277,670
s4277,22681
s4278,32937
s4278,31739
s4278,12653
s4278,19226
s4278,33672
s4278,16289
s4278,21614
s4278,32315
s4278,4038
s4279,17180
s4279,30870
s4279,18535
s4279,20908
s4279,31400
s4279,28248
s4279,35886
s4279,27566
s4280,25127
s4280,17102
s4280,3531
s4280,16824
s4280,25134
s4280,20847
s4280,21946
s4280,25053
s4280,3370
s4280,30872
s4280,35979
s4280,23254
s4280,12820
s4280,16403
s4280,33703
s4281,9291
s4281,13146
s4281,26670
s4281,18353
s4282,35209
s4282,2335
s4282,34847
s4282,10152
s4282,910
s4283,18454
s4283,35387
s4283,4509
s4283,30569
s4283,30356
s4283,21264
s4283,31119
s4283,1832
s4283,19801
s4283,35803
s4284,27006
s4284,34288
s4284,29764
s4284,1976
s4284,2462
s4284,17335
s4284,17020
s4284,34761
s4285,9558
s4286,29621
s4286,104
s4286,8485
s4286,17164
s4286,29317
s4286,18000
s4286,3358
s4287,11239
s4287,33155
s4287,30752
s4287,7173
s4288,32527
s4288,3600
s4288,27201
s4288,2385
s4288,21013
s4288,36085
s4288,3292
s4288,6105
s4288,26311
s4288,16976
s4289,35483
s4289,8288
s4289,20493
s4290,14553
s4290,1727
s4290,36054
s4290,6570
s4290,32511
s4290,2097
s4291,3999
s4291,8015
s4291,6373
s4291,13905
s4291,14553
s4291,11416
s4291,7070
s4291,1727
s4291,9188
s4291,23220
s4291,2776
s4291,5206
s4292,14963
s4292,28822
s4292,27661
s4292,33331
s4292,25347
s4292,3802
s4292,22957
s4292,26320
s4292,22866
s4292,21845
s4292,2242
s4292,28446
s4293,16658
s4293,22719
s4293,28447
s4293,15697
s4293,25393
s4293,29850
s4293,10249
s4293,24622
s4293,8085
s4294,4962
s4295,9758
s4295,5895
s4295,10533
s4295,22329
s4295,12417
s4295,9192
s4295,8038
s4295,31188
s4296,17738
s4296,2364
s4296,5271
s4296,20308
s4296,27836
s4296,34095
s4296,5571
s4296,6468
s4296,33076
s4296,12456
s4297,25360
s4297,16618
s4297,7526
s4297,31556
s4297,19432
s4297,35162
s4297,12389
s4298,1073
s4298,9839
s4300,30398
s4300,33590
s4300,6317
s4300,13158
s4300,19166
s4302,11183
s4302,24355
s4302,16084
s4302,26215
s4302,15891
s4302,9223
s4304,12000
s4304,6658
s4304,34786
s4304,2409
s4304,5788
s4304,3618
s4304,15860
s4304,34404
s4304,12343
s4304,14596
s4305,19331
s4305,30847
s4305,18277
s4305,25843
s4305,18327
s4305,13071
s4305,19326
s4305,11676
s4305,30850
s4306,14439
s4307,35440
s4307,21488
s4308,15317
s4308,7225
s4308,17457
s4309,15741
s4310,5935
s4310,9613
s4310,21242
s4310,72
s4310,22201
s4310,7304
s4310,1113
s4310,28044
s4310,5502
s4310,26518
s4310,20652
s4311,9971
s4311,20607
s4311,24582
s4311,14375
s4311,27843
s4311,26000
s4312,14965
s4312,34109
s4312,4169
s4312,16288
s4312,31958
s4312,18352
s4312,27966
s4312,14
s4313,7271
s4313,29992
s4313,17634
s4313,35872
s4313,17183
s4313,12760
s4313,16824
s4313,17672
s4315,34763
s4316,21998
s4316,28187
s4316,21805
s4316,27422
s4316,4218
s4316,28005
s4316,25756
s4317,10552
s4317,10401
s4317,2544
s4317,17435
s4317,1447
s4317,34232
s4317,31232
s4317,17024
s4317,23565
s4317,12490
s4317,7843
s4317,8324
s4317,17546
s4317,30227
s4318,7602
s4318,14813
s4318,25253
s4318,20639
s4318,4169
s4318,20432
s4318,11386
s4318,8955
s4318,12374
s4318,17500
s4318,11553
s4318,12779
s4319,14606
s4319,4326
s4319,21088
s4319,5695
s4319,10917
s4319,4952
s4319,17921
s4319,5948
s4319,11312
s4319,21747
s4320,6411
s4320,5600
s4320,4012
s4320,24190
s4320,2265
s4320,28636
s4320,26515
s4320,13797
s4320,9186
s4320,33570
s4320,20159
s4320,22178
s4320,10935
s4321,13920
s4321,16535
s4321,32877
s4321,32326
s4321,8430
s4321,33128
s4321,28022
s4321,35247
s4321,18154
s4321,14482
s4321,1668
s4321,27674
s4322,25864
s4322,13890
s4322,31910
s4322,33051
s4322,31806
s4322,19607
s4322,21615
s4324,9642
s4324,34718
s4324,10049
s4324,2063
s4324,1079
s4324,24770
s4324,8541
s4324,13154
s4324,4882
s4324,17463
s4324,11492
s4325,25789
s4325,16299
s4325,4890
s4325,18418
s4325,7227
s4325,9745
s4325,12131
s4326,28999
s4327,32194
s4327,18812
s4327,32536
s4327,16090
s4327,30836
s4327,15187
s4327,25797
s4327,18297
s4327,17150
s4327,30327
s4327,3693
s4328,13087
s4328,25845
s4328,25811
s4328,18336
s4328,5829
s4328,19361
s4328,19295
s4328,19374
s4328,18208
s4329,1374
s4329,22338
s4329,14521
s4329,22508
s4329,10409
s4329,24446
s4329,3315
s4329,21320
s4329,31164
s4329,29386
s4330,27066
s4330,19977
s4330,2738
s4330,19694
s4330,7689
s4330,28250
s4330,36177
s4330,33266
s4330,2151
s4331,20178
s4331,28152
s4331,31709
s4331,23103
s4331,18966
s4331,1203
s4331,23704
s4333,19938
s4333,10350
s4333,34415
s4333,5931
s4333,31968
s4333,17246
s4334,2248
s4334,29565
s4334,11129
s4334,11981
s4334,26618
s4334,18966
s4334,20031
s4334,32561
s4334,20999
s4334,35634
s4334,35616
s4335,9362
s4335,6402
s4335,13638
s4335,14392
s4335,1144
s4335,35061
s4335,23414
s4335,9965
s4335,17197
s4336,8208
s4336,32831
s4336,17665
s4336,34396
s4336,29723
s4336,35520
s4336,23866
s4336,3390
s4336,21049
s4336,18764
s4337,36060
s4337,3012
s4337,3320
s4337,28811
s4337,1729
s4337,13221
s4337,33391
s4337,6102
s4337,1553
s4337,24112
s4338,20178
s4338,11129
s4338,7553
s4339,20178
s4339,11129
s4339,23414
s4339,34504
s4339,7553
s4340,17022
s4340,13945
s4340,11590
s4341,15401
s4341,11536
s4341,11534
s4341,13123
s4341,6247
s4342,13835
s4342,24673
s4342,5798
s4342,30711
s4342,34984
s4342,14338
s4342,15181
s4342,6269
s4343,24673
s4343,20178
s4343,10804
s4343,5972
s4343,13022
s4343,19638
s4343,36165
s4343,35403
s4343,6064
s4343,23791
s4343,20162
s4344,2248
s4344,27066
s4344,36162
s4344,8311
s4344,8792
s4344,35404
s4344,7861
s4344,11349
s4344,27750
s4344,21337
s4344,32850
s4345,24035
s4345,6190
s4345,14955
s4345,21689
s4346,9362
s4346,16111
s4346,1124
s4346,23103
s4346,25477
s4346,35129
s4346,6960
s4347,27381
s4347,8490
s4347,26913
s4347,5994
s4347,27934
s4347,20709
s4347,34606
s4349,5830
s4349,30711
s4349,22067
s4349,18798
s4350,35082
s4350,10429
s4350,19965
s4350,27070
s4350,27872
s4350,12538
s4351,28482
s4351,20617
s4351,23020
s4351,2188
s4351,6831
s4351,36270
s4351,9302
s4351,22012
s4351,10315
s4351,34877
s4351,33646
s4351,18704
s4352,28816
s4352,3971
s4352,1398
s4352,31174
s4352,12907
s4352,29845
s4352,33145
s4352,15742
s4352,2250
s4352,27312
s4352,28021
s4352,4326
s4352,32556
s4352,15580
s4353,20330
s4353,29031
s4353,4690
s4353,20926
s4353,34836
s4353,2859
s4353,14313
s4353,4769
s4353,25919
s4354,9006
s4355,5574
s4355,19532
s4355,992
s4355,1240
s4355,23976
s4355,30387
s4355,10602
s4355,13028
s4355,21240
s4355,1001
s4355,18117
s4355,10611
s4356,512
s4356,579
s4356,938
s4356,20242
s4356,33657
s4356,30376
s4356,24291
s4356,5361
s4356,25910
s4356,24804
s4357,9935
s4357,7259
s4357,10960
s4357,29313
s4357,23338
s4357,21092
s4357,18395
s4357,35873
s4357,9878
s4357,35853
s4357,25129
s4357,21957
s4357,18459
s4358,24436
s4358,27583
s4358,32555
s4359,28281
s4359,2401
s4359,1877
s4359,15390
s4359,2875
s4359,12355
s4359,21104
s4359,24971
s4359,30728
s4359,419
s4359,27292
s4359,23861
s4360,3226
s4360,5548
s4360,5156
s4360,24635
s4360,24582
s4360,28081
s4360,33579
s4360,33921
s4360,5277
s4360,23388
s4361,13534
s4361,17262
s4361,10884
s4361,34689
s4361,25582
s4362,20378
s4362,23150
s4362,27113
s4362,5574
s4362,23738
s4362,2215
s4362,9688
s4363,14729
s4363,7784
s4364,26063
s4364,5632
s4364,30147
s4364,22576
s4364,3232
s4364,22168
s4364,15288
s4364,21739
s4364,30124
s4364,4801
s4364,26180
s4364,4357
s4364,7793
s4365,32796
s4365,2063
s4365,3214
s4365,5651
s4365,32526
s4365,15868
s4365,29474
s4365,11160
s4366,14469
s4366,19002
s4366,1567
s4366,15105
s4366,36249
s4366,1493
s4366,10261
s4366,17528
s4367,26320
s4367,16731
s4367,2919
s4367,20409
s4367,19000
s4367,13656
s4367,16375
s4367,22642
s4367,5974
s4367,28509
s4367,27716
s4367,22554
s4367,26339
s4367,25255
s4368,28986
s4368,24681
s4368,8823
s4368,19854
s4368,26776
s4368,21140
s4368,17291
s4368,3921
s4368,5233
s4368,9052
s4368,33520
s4369,10528
s4369,26063
s4369,15983
s4369,3782
s4369,12210
s4370,18775
s4370,7704
s4370,16529
s4370,18361
s4370,25337
s4370,18979
s4370,21778
s4371,25655
s4371,5442
s4371,20362
s4371,21421
s4371,20873
s4371,3042
s4371,21535
s4371,21917
s4371,21110
s4371,3125
s4372,5886
s4372,21600
s4372,15030
s4372,26598
s4372,16288
s4372,23246
s4372,1850
s4372,35071
s4372,18022
s4372,5277
s4372,19030
s4374,17032
s4374,20630
s4374,20904
s4374,7876
s4374,11354
s4374,27805
s4374,8590
s4374,6215
s4374,25232
s4374,8648
s4374,36319
s4374,34131
s4375,20482
s4375,6448
s4375,29822
s4375,14972
s4375,28146
s4375,28323
s4375,3323
s4376,27205
s4376,6676
s4376,29608
s4376,35249
s4376,177
s4376,12757
s4376,28698
s4376,27974
s4376,2349
s4377,2145
s4378,33945
s4379,31689
s4380,35474
s4380,21573
s4380,8654
s4380,17785
s4380,34445
s4380,12974
s4381,2909
s4381,7863
s4381,7627
s4381,27741
s4381,25255
s4381,11056
s4381,2069
s4381,16507
s4381,8616
s4381,7561
s4382,21548
s4382,5403
s4382,21472
s4382,493
s4382,21189
s4382,27984
s4382,33091
s4382,1252
s4382,4856
s4382,29759
s4382,25969
s4382,28495
s4382,29491
s4382,27610
s4382,34682
s4382,14546
s4383,20660
s4383,25927
s4383,22607
s4383,8454
s4383,13316
s4383,22806
s4383,10713
s4383,29508
s4383,15112
s4383,27089
s4384,5112
s4384,32389
s4384,32000
s4384,34696
s4384,11916
s4384,8905
s4384,28809
s4384,10706
s4385,23769
s4385,20664
s4385,18114
s4385,5137
s4385,36314
s4385,22343
s4385,34587
s4385,13006
s4385,8530
s4386,19682
s4386,14092
s4386,33331
s4386,33623
s4386,36255
s4386,4686
s4387,34364
s4387,29453
s4387,24707
s4387,32016
s4387,21592
s4387,1837
s4387,29818
s4387,26297
s4387,28524
s4387,5185
s4387,24244
s4387,1186
s4388,2431
s4389,13386
s4389,31663
s4389,34796
s4389,1481
s4389,30269
s4389,30518
s4389,29318
s4389,4061
s4390,21480
s4390,29125
s4390,32632
s4390,16835
s4390,10968
s4390,35818
s4390,3525
s4391,31820
s4391,17758
s4392,32857
s4392,3171
s4392,27536
s4392,25760
s4392,18742
s4392,8445
s4392,30998
s4393,6015
s4393,26565
s4393,29576
s4393,17278
s4393,27668
s4393,29028
s4393,12107
s4393,6710
s4393,18383
s4393,24795
s4395,12000
s4395,24227
s4395,1967
s4395,18944
s4395,3205
s4395,27640
s4395,231
s4395,34447
s4396,32029
s4396,34003
s4396,27396
s4396,25698
s4396,2282
s4396,12642
s4396,30035
s4396,29641
s4397,16205
s4397,9861
s4397,13680
s4397,27472
s4397,705
s4397,13681
s4398,2598
s4398,4653
s4398,34553
s4398,3022
s4398,19597
s4398,1103
s4398,19017
s4398,16197
s4398,28190
s4398,25090
s4399,20155
s4400,7696
s4400,7431
s4400,19071
s4400,21234
s4400,32500
s4400,14022
s4402,20178
s4402,29673
s4402,27695
s4402,28730
s4402,35498
s4402,11981
s4402,12738
s4402,6630
s4402,23257
s4403,20259
s4403,23777
s4403,20173
s4403,35325
s4403,1248
s4403,22547
s4403,22268
s4403,7696
s4403,9598
s4403,2746
s4404,25337
s4404,3993
s4404,26213
s4404,980
s4404,16087
s4404,16227
s4404,13982
s4404,8391
s4405,6368
s4405,91
s4405,10722
s4405,4346
s4405,29468
s4405,33763
s4405,5179
s4405,14070
s4405,31808
s4406,10613
s4406,32492
s4406,34902
s4406,25628
s4406,31144
s4406,27542
s4406,32467
s4406,11926
s4407,5492
s4407,5411
s4407,2229
s4407,492
s4407,20600
s4407,20360
s4407,25653
s4407,8551
s4407,21397
s4407,18475
s4407,30239
s4407,21398
s4407,21918
s4407,11944
s4407,16483
s4407,1018
s4407,7984
s4408,4906
s4408,14791
s4408,29045
s4408,26605
s4408,19422
s4408,129
s4410,2993
s4410,4973
s4410,33507
s4410,31909
s4410,26741
s4410,25988
s4410,26025
s4410,16729
s4410,32488
s4410,1281
s4410,756
s4411,20045
s4411,18174
s4411,29863
s4411,5983
s4411,6550
s4411,22559
s4411,15493
s4412,20682
s4412,32143
s4412,27909
s4412,23291
s4412,34351
s4412,26881
s4412,31020
s4412,27923
s4413,15777
s4414,15429
s4414,8947
s4414,19813
s4414,27578
s4414,21065
s4414,32717
s4415,1892
s4415,34816
s4415,6731
s4415,4948
s4415,33123
s4415,5144
s4415,36360
s4415,34545
s4415,11054
s4415,5012
s4415,12204
s4416,29281
s4416,1435
s4416,3994
s4418,17350
s4418,27097
s4418,10177
s4418,28701
s4418,11287
s4418,1345
s4418,28583
s4418,19144
s4418,17990
s4418,28679
s4419,15757
s4419,25278
s4419,26440
s4419,32327
s4419,28456
s4419,19743
s4419,25151
s4419,9229
s4419,22638
s4419,5216
s4419,26200
s4420,25531
s4420,889
s4421,30993
s4421,17585
s4421,30915
s4421,29726
s4421,30773
s4421,20804
s4422,27340
s4422,11100
s4422,30661
s4422,15172
s4422,11249
s4422,1501
s4423,26872
s4423,34392
s4423,30973
s4423,19160
s4423,32351
s4423,27029
s4423,8494
s4423,27249
s4424,26872
s4424,17585
s4424,11118
s4424,8494
s4424,29384
s4424,19160
s4424,25106
s4424,27029
s4425,35844
s4425,3256
s4425,27627
s4425,34621
s4425,13270
s4425,29232
s4425,27371
s4425,12647
s4426,27484
s4426,24518
s4426,18730
s4426,28990
s4426,29920
s4426,25781
s4426,30264
s4426,27391
s4427,27487
s4427,27007
s4427,13277
s4427,30018
s4427,3211
s4427,28976
s4427,4207
s4427,15386
s4427,12333
s4428,30496
s4428,11285
s4428,23627
s4428,29983
s4428,25786
s4428,34639
s4428,18779
s4428,36068
s4429,30090
s4429,17031
s4429,34845
s4429,25991
s4429,15035
s4429,21596
s4430,30496
s4430,17222
s4430,25425
s4430,24514
s4430,32206
s4430,25783
s4430,27388
s4430,30525
s4431,10359
s4431,13111
s4431,30220
s4432,15651
s4432,4379
s4432,3091
s4432,30799
s4432,4528
s4432,8577
s4432,11508
s4432,7305
s4432,27352
s4433,25783
s4433,18746
s4433,31527
s4433,31387
s4433,15886
s4433,8638
s4433,3321
s4433,20936
s4433,27702
s4433,12945
s4434,28281
s4434,24507
s4434,432
s4434,2947
s4434,806
s4434,24316
s4434,21069
s4434,32260
s4435,30769
s4435,28446
s4435,36227
s4435,15483
s4435,28428
s4435,1681
s4435,28549
s4435,2251
s4435,28390
s4435,15720
s4435,33928
s4436,9226
s4437,15846
s4437,30069
s4437,3614
s4437,4359
s4437,16654
s4437,5925
s4438,12336
s4438,21087
s4438,3207
s4438,11595
s4438,30694
s4438,28990
s4438,2421
s4438,32829
s4438,3722
s4438,4506
s4439,9841
s4439,34599
s4439,27364
s4439,24119
s4439,25890
s4440,23475
s4440,2655
s4440,23613
s4440,24203
s4440,27004
s4440,28674
s4440,31102
s4440,13943
s4441,24130
s4441,25783
s4441,18744
s4441,28245
s4441,7640
s4441,26928
s4441,11224
s4441,12433
s4442,17222
s4442,3029
s4442,27498
s4442,8726
s4442,11762
s4442,29728
s4442,23843
s4442,30493
s4442,27536
s4442,19741
s4443,766
s4443,32671
s4443,25783
s4443,36100
s4443,20800
s4444,14598
s4444,13382
s4444,3300
s4444,18947
s4444,4178
s4444,27466
s4444,28242
s4444,26939
s4445,3167
s4445,29548
s4445,11996
s4445,4373
s4445,14512
s4445,3647
s4445,34426
s4445,29920
s4446,27383
s4446,1766
s4446,32353
s4446,1813
s4446,8626
s4446,3301
s4446,21012
s4446,3208
s4447,34667
s4447,2435
s4447,30916
s4447,25586
s4447,29744
s4447,15860
s4447,20569
s4447,21066
s4448,17564
s4448,2675
s4449,13334
s4449,17152
s4449,216
s4449,23474
s4449,34821
s4449,32076
s4449,24780
s4449,264
s4450,8493
s4450,13477
s4450,18544
s4450,17585
s4450,30832
s4450,30868
s4450,30633
s4450,17152
s4450,24061
s4450,21075
s4451,21158
s4452,20669
s4452,13477
s4452,31387
s4452,25783
s4452,17585
s4452,1962
s4452,34625
s4452,34501
s4452,29764
s4452,17091
s4453,28829
s4453,14509
s4453,31225
s4453,4193
s4453,2661
s4453,12864
s4453,32211
s4453,23375
s4453,21078
s4453,32221
s4454,27518
s4454,34599
s4454,23943
s4454,24529
s4454,27364
s4454,23607
s4454,5035
s4454,30004
s4454,35655
s4454,11263
s4455,197
s4455,25783
s4455,24506
s4455,2939
s4455,21104
s4455,28015
s4455,2840
s4455,27346
s4455,21055
s4455,5782
s4456,13477
s4456,20804
s4456,27347
s4456,4868
s4456,13947
s4456,34761
s4456,36085
s4457,9841
s4457,13026
s4457,25783
s4457,17585
s4457,8217
s4457,26877
s4457,23607
s4458,17222
s4458,1774
s4458,766
s4458,3029
s4458,1815
s4458,21068
s4458,34761
s4458,2439
s4459,3166
s4459,2435
s4459,12320
s4459,29744
s4459,26958
s4459,24227
s4460,34653
s4460,29976
s4460,23682
s4460,29975
s4460,10088
s4460,11215
s4461,31432
s4462,26135
s4462,21839
s4462,22523
s4462,32066
s4463,3066
s4463,24533
s4463,19118
s4463,13160
s4463,1871
s4463,21289
s4463,16014
s4463,1657
s4464,23515
s4464,31131
s4464,31076
s4464,36234
s4464,35019
s4464,25084
s4464,3632
s4464,12387
s4465,30993
s4465,1815
s4465,27628
s4465,13270
s4465,27371
s4465,8726
s4465,35520
s4465,27624
s4465,18955
s4466,1768
s4466,35737
s4466,2664
s4466,3301
s4466,32288
s4467,7760
s4467,2833
s4467,21052
s4467,33432
s4467,30728
s4467,29169
s4467,114
s4467,11146
s4467,13956
s4468,20398
s4468,23074
s4468,34513
s4468,21081
s4468,25659
s4468,500
s4468,26382
s4468,13966
s4468,10078
s4468,10605
s4469,15658
s4469,23669
s4469,3086
s4469,15598
s4469,2941
s4469,3096
s4469,1154
s4469,25090
s4469,20100
s4469,14752
s4469,1571
s4469,23936
s4469,4370
s4469,19489
s4469,17938
s4469,28758
s4469,26280
s4470,3372
s4470,29336
s4470,17102
s4470,12820
s4470,25134
s4470,18512
s4470,34222
s4470,699
s4470,18755
s4470,32591
s4471,8884
s4471,24658
s4471,30711
s4471,8853
s4471,19657
s4471,35847
s4471,6040
s4471,35403
s4471,34716
s4471,33689
s4472,23010
s4472,3011
s4472,11351
s4472,3247
s4472,15509
s4472,28748
s4472,20458
s4472,23929
s4473,23267
s4473,7614
s4473,12629
s4473,3124
s4473,2755
s4473,32409
s4473,9402
s4473,26763
s4473,10232
s4473,12269
s4474,20365
s4474,16518
s4474,5359
s4474,16204
s4474,5109
s4474,20858
s4474,319
s4474,30399
s4478,18941
s4478,26
s4478,27003
s4478,29581
s4478,31000
s4478,31006
s4479,2776
s4479,13002
s4479,23220
s4479,27798
s4479,30424
s4479,18635
s4479,8119
s4480,4854
s4480,2068
s4480,281
s4480,15800
s4480,12918
s4480,24794
s4481,28755
s4482,26870
s4482,27481
s4482,2848
s4482,32671
s4482,29976
s4482,24225
s4482,27465
s4482,32043
s4483,344
s4484,14346
s4484,12314
s4485,36033
s4485,26326
s4485,24361
s4485,26511
s4485,17566
s4485,22367
s4485,12930
s4485,13395
s4487,11598
s4487,17269
s4487,14763
s4487,2228
s4487,6597
s4487,5375
s4488,16774
s4488,35611
s4488,35612
s4488,23841
s4488,19647
s4488,23523
s4489,30528
s4489,27900
s4489,29683
s4490,29402
s4490,6873
s4490,4829
s4490,4891
s4490,1459
s4490,19046
s4490,33286
s4490,27157
s4490,22059
s4490,559
s4491,15462
s4491,21191
s4491,4051
s4491,9678
s4491,22247
s4491,31407
s4491,21826
s4491,21824
s4491,11723
s4492,8405
s4493,3898
s4493,16302
s4493,32796
s4493,25370
s4493,7944
s4493,14706
s4493,26035
s4493,24219
s4493,20693
s4493,11350
s4494,11123
s4494,12223
s4494,16812
s4494,18276
s4494,12236
s4494,6265
s4494,30844
s4494,18182
s4494,19284
s4494,16810
s4494,6259
s4496,5895
s4496,8160
s4496,9389
s4496,28808
s4496,34691
s4496,15937
s4496,9600
s4496,30100
s4496,31835
s4496,34869
s4496,3549
s4496,33480
s4496,4473
s4497,31102
s4497,2439
s4497,18942
s4497,24943
s4497,27592
s4497,2654
s4498,24035
s4498,6190
s4498,14955
s4498,21689
s4499,35278
s4499,20783
s4499,19550
s4499,13320
s4499,29334
s4499,25234
s4499,19408
s4499,31300
s4499,32242
s4499,5820
s4499,17940
s4499,26685
s4499,29760
s4500,20178
s4500,16621
s4500,34504
s4500,260
s4500,4571
s4500,7244
s4500,14307
s4500,20031
s4501,15555
s4501,13260
s4501,3192
s4501,32227
s4501,29398
s4501,228
s4501,36052
s4501,8659
s4501,16674
s4501,8524
s4502,33735
s4502,31934
s4502,36104
s4502,15524
s4502,9777
s4502,5679
s4502,35181
s4502,28906
s4502,14971
s4502,1995
s4502,13575
s4502,31587
s4503,17321
s4503,11227
s4503,27814
s4503,34385
s4503,29747
s4503,23314
s4503,13688
s4503,34636
s4504,22157
s4504,34370
s4504,3381
s4504,5213
s4504,17417
s4504,2963
s4505,28127
s4505,22074
s4505,522
s4505,29002
s4505,7595
s4505,5502
s4505,11313
s4505,17369
s4505,17650
s4505,7333
s4506,28725
s4507,3813
s4507,29223
s4508,27487
s4508,34521
s4508,25783
s4508,31466
s4508,8511
s4508,15300
s4508,2847
s4508,21051
s4508,4528
s4510,8644
s4510,32777
s4510,2281
s4510,18727
s4510,29979
s4510,34628
s4510,30264
s4510,20776
s4510,1486
s4510,15328
s4511,7393
s4511,20317
s4511,22957
s4511,21617
s4511,4295
s4511,18661
s4511,26132
s4511,28055
s4511,9394
s4511,28860
s4512,21210
s4512,22807
s4512,25457
s4512,26108
s4512,27756
s4512,11513
s4512,17463
s4512,8915
s4513,17119
s4513,34192
s4513,9861
s4513,27471
s4513,16204
s4513,11757
s4513,16385
s4513,11749
s4513,13682
s4513,760
s4515,10841
s4516,29680
s4516,3444
s4516,10622
s4516,2187
s4516,6653
s4516,1342
s4516,451
s4516,24572
s4516,24408
s4516,2902
s4518,6506
s4518,6912
s4518,328
s4518,22916
s4518,8994
s4518,23114
s4518,33354
s4518,8723
s4518,31933
s4518,9528
s4519,23107
s4519,5339
s4519,33397
s4519,12688
s4519,9517
s4519,25338
s4519,17416
s4519,34582
s4519,20473
s4519,22413
s4519,26313
s4519,16630
s4519,34756
s4520,20753
s4520,25865
s4520,11084
s4520,22788
s4520,2491
s4520,28792
s4520,772
s4521,11577
s4521,21224
s4521,7111
s4521,11887
s4521,23049
s4521,8558
s4521,5357
s4521,6786
s4521,28693
s4521,25520
s4521,20355
s4521,28006
s4521,20101
s4521,13637
s4521,26694
s4521,21235
s4521,2515
s4521,26393
s4521,11576
s4522,29549
s4523,2006
s4523,15974
s4523,15991
s4523,25294
s4523,21335
s4523,33249
s4523,13920
s4524,11927
s4524,27614
s4524,16015
s4524,2212
s4524,510
s4524,22525
s4524,7118
s4525,17693
s4525,4998
s4525,1264
s4525,4293
s4525,21746
s4525,17826
s4525,14402
s4525,17646
s4526,23516
s4527,27043
s4527,27866
s4527,1573
s4528,3004
s4528,7709
s4528,29813
s4528,33345
s4528,6850
s4528,33923
s4528,35030
s4528,15030
s4528,22476
s4528,36027
s4529,33920
s4529,12174
s4529,13744
s4529,11174
s4529,9079
s4529,6732
s4529,34751
s4529,26276
s4529,14699
s4530,16851
s4531,15293
s4532,18546
s4532,35877
s4532,23431
s4532,6121
s4532,30278
s4532,3180
s4532,35825
s4532,697
s4532,34023
s4532,35976
s4532,23488
s4532,12819
s4533,10722
s4533,3974
s4533,5686
s4533,14070
s4533,30091
s4533,11392
s4534,26119
s4534,17488
s4534,17602
s4534,23660
s4534,15682
s4534,8303
s4534,8421
s4534,33885
s4534,31246
s4534,9747
s4535,9642
s4535,34718
s4535,10050
s4535,2063
s4535,1079
s4535,24770
s4535,8541
s4535,13154
s4535,4882
s4535,17463
s4536,30448
s4536,35696
s4536,19320
s4536,15372
s4536,31445
s4536,18213
s4536,25798
s4536,3697
s4536,6270
s4537,35854
s4537,32616
s4537,7270
s4537,3519
s4537,18580
s4537,23368
s4537,12450
s4537,35669
s4538,29977
s4538,30469
s4538,14438
s4538,1661
s4538,28974
s4538,31593
s4538,17694
s4538,7891
s4538,19266
s4538,27530
s4539,5578
s4539,5029
s4539,21981
s4539,12456
s4539,20431
s4539,27989
s4539,1291
s4539,6474
s4539,12558
s4540,36033
s4540,7644
s4540,10922
s4540,7667
s4540,6505
s4540,5585
s4540,35592
s4540,20312
s4541,28999
s4541,4334
s4541,33335
s4541,9960
s4541,9180
s4541,14287
s4541,15298
s4541,33890
s4541,31601
s4542,15544
s4543,12994
s4543,11792
s4543,15690
s4543,33035
s4543,9960
s4543,33037
s4543,22918
s4544,11792
s4544,9960
s4544,33037
s4544,22918
s4544,33035
s4544,15690
s4545,15690
s4545,33035
s4545,9960
s4545,33037
s4545,22918
s4546,11792
s4546,9960
s4546,33037
s4546,22918
s4546,33035
s4546,15690
s4547,28427
s4547,15690
s4547,33035
s4547,9960
s4547,33037
s4547,22918
s4547,11792
s4547,9180
s4548,11792
s4548,15690
s4548,33035
s4548,9960
s4548,33037
s4548,22918
s4548,24536
s4548,5463
s4549,15690
s4549,33035
s4549,9960
s4549,33037
s4549,22918
s4549,23220
s4549,11792
s4549,31818
s4550,11792
s4550,9960
s4550,15690
s4550,22918
s4550,33035
s4550,33037
s4551,11792
s4551,15690
s4551,9960
s4551,33037
s4551,22918
s4551,6936
s4552,15690
s4552,11792
s4552,33037
s4552,9960
s4552,22918
s4552,33035
s4553,11792
s4553,15690
s4553,33035
s4553,9960
s4553,33037
s4553,22918
s4553,32992
s4553,5463
s4554,15690
s4554,33035
s4554,33037
s4554,11792
s4554,22918
s4554,9960
s4555,31894
s4555,15690
s4555,11792
s4555,33035
s4555,9960
s4555,33037
s4555,22918
s4555,5463
s4555,6936
s4557,11923
s4557,35659
s4557,31509
s4557,15333
s4557,29776
s4557,18938
s4557,29646
s4557,29920
s4558,23769
s4558,17240
s4558,20212
s4558,35139
s4558,27902
s4558,17692
s4558,26156
s4558,19934
s4558,3244
s4559,404
s4559,27583
s4559,16411
s4559,27625
s4559,13570
s4559,27010
s4559,17055
s4559,25000
s4559,11229
s4559,12935
s4560,32286
s4560,29509
s4560,34607
s4560,21068
s4560,31552
s4561,8198
s4561,14408
s4561,23620
s4561,34629
s4561,26970
s4561,32819
s4561,12430
s4562,208
s4562,31466
s4562,34906
s4562,25425
s4562,26952
s4562,3386
s4562,26295
s4562,8726
s4562,8208
s4562,30728
s4563,197
s4563,20804
s4563,17060
s4563,31235
s4563,1784
s4563,15311
s4563,25772
s4564,11985
s4564,24502
s4564,14509
s4564,27379
s4564,18125
s4564,21013
s4564,27316
s4564,31014
s4564,22494
s4565,17319
s4565,14393
s4565,29330
s4565,11967
s4565,30033
s4565,35520
s4565,23625
s4565,32112
s4566,17222
s4566,13334
s4566,4528
s4566,27433
s4566,27596
s4566,36143
s4566,31512
s4566,845
s4566,7412
s4566,27359
s4567,2815
s4567,34679
s4567,6024
s4567,33452
s4567,31243
s4567,3345
s4568,29824
s4568,20838
s4568,12336
s4568,2827
s4568,28978
s4568,31509
s4569,1803
s4569,12358
s4569,32144
s4569,11996
s4569,3647
s4569,26902
s4569,18728
s4570,24166
s4570,34502
s4570,1683
s4570,23622
s4570,8637
s4570,8498
s4570,17934
s4570,3351
s4570,22388
s4570,29661
s4571,9719
s4571,4797
s4572,27487
s4572,17554
s4572,30018
s4572,29971
s4572,27335
s4572,29916
s4573,11590
s4573,11996
s4573,36102
s4574,12946
s4574,750
s4574,31527
s4574,26850
s4574,32090
s4574,13270
s4574,27700
s4574,18727
s4574,183
s4575,27638
s4575,3647
s4575,29920
s4575,5783
s4575,2413
s4575,12381
s4575,12338
s4575,32275
s4576,30496
s4576,27007
s4576,8144
s4576,30933
s4576,5784
s4576,12944
s4576,1791
s4576,25941
s4576,5399
s4576,9985
s4577,27529
s4577,21029
s4577,21013
s4577,9599
s4577,20781
s4577,11923
s4577,30264
s4577,32107
s4578,31466
s4578,10496
s4578,18431
s4578,27596
s4578,1753
s4578,3256
s4578,17038
s4578,28276
s4579,13823
s4579,2933
s4579,31390
s4579,8737
s4579,24409
s4579,30614
s4579,7305
s4579,34799
s4579,29925
s4580,30496
s4580,34599
s4580,16562
s4580,25425
s4580,34791
s4580,17219
s4580,1770
s4581,17222
s4581,29306
s4581,25425
s4581,8737
s4581,34827
s4581,18727
s4581,18431
s4581,28989
s4581,24409
s4582,11590
s4582,11996
s4582,31319
s4582,11261
s4582,17204
s4582,12381
s4582,34649
s4582,27013
s4583,18744
s4583,13025
s4583,27364
s4583,34761
s4583,8762
s4583,34743
s4583,27277
s4583,27350
s4583,23880
s4583,12725
s4584,27388
s4584,28307
s4584,17585
s4584,34391
s4584,34743
s4584,24216
s4585,11590
s4585,31465
s4585,17204
s4585,13945
s4585,3647
s4585,12864
s4585,27484
s4585,29920
s4585,2413
s4585,12337
s4586,11996
s4586,12330
s4586,34655
s4586,31509
s4586,35659
s4586,29920
s4586,12435
s4586,2421
s4586,26889
s4586,11992
s4587,15235
s4587,26831
s4587,24201
s4587,24227
s4587,11592
s4587,2835
s4587,30318
s4588,26913
s4588,6072
s4588,12354
s4588,24866
s4588,32133
s4588,14595
s4589,26929
s4589,17060
s4589,3028
s4589,31012
s4589,20919
s4589,8726
s4589,27352
s4589,1740
s4589,17261
s4589,30519
s4590,3214
s4590,2063
s4590,27756
s4590,32526
s4590,32796
s4590,24789
s4591,3214
s4591,2063
s4591,27756
s4591,32526
s4591,32796
s4591,32949
s4592,11043
s4592,7857
s4592,21456
s4592,4924
s4592,25112
s4592,22994
s4592,36047
s4592,34367
s4592,33778
s4592,15532
s4593,34788
s4593,18942
s4593,29913
s4593,14595
s4593,32191
s4593,13940
s4593,13419
s4593,6091
s4594,30922
s4594,26848
s4594,30730
s4594,34789
s4594,28639
s4594,27486
s4594,27318
s4594,6197
s4595,24502
s4595,4373
s4595,3167
s4595,28829
s4595,3647
s4595,17204
s4595,12337
s4596,18731
s4596,24971
s4596,3207
s4596,1625
s4596,7309
s4596,30264
s4596,31019
s4596,17217
s4597,31629
s4597,25777
s4597,3145
s4597,32093
s4598,29306
s4598,17554
s4598,29223
s4598,23607
s4598,31393
s4598,8367
s4599,847
s4599,25881
s4599,3155
s4599,8711
s4599,27364
s4599,25468
s4599,13050
s4599,7217
s4600,23449
s4600,32832
s4600,27322
s4600,29292
s4600,3647
s4600,21071
s4600,2425
s4600,29920
s4601,29306
s4601,851
s4601,17554
s4601,4379
s4601,2389
s4601,29528
s4602,2389
s4602,29306
s4602,15651
s4602,8227
s4602,13887
s4602,1715
s4602,27359
s4602,6637
s4603,12336
s4603,17334
s4603,11996
s4603,27294
s4603,8434
s4603,13361
s4604,1785
s4604,23700
s4604,17204
s4604,29920
s4604,14380
s4604,29999
s4604,12337
s4604,3720
s4605,11070
s4606,34646
s4606,13941
s4606,2848
s4606,1843
s4606,18945
s4606,29744
s4606,24227
s4606,29913
s4608,31084
s4608,29744
s4608,12320
s4608,11121
s4608,27118
s4608,4560
s4608,21066
s4608,6200
s4610,31253
s4610,13246
s4610,35659
s4610,35520
s4610,8193
s4610,27284
s4610,34767
s4610,2274
s4611,27331
s4611,28746
s4611,27433
s4611,115
s4611,21055
s4611,1969
s4611,27327
s4611,30689
s4611,34395
s4611,849
s4612,3166
s4612,20669
s4612,29528
s4612,1618
s4612,24227
s4612,3279
s4612,31661
s4612,23922
s4613,27487
s4613,18544
s4613,31009
s4613,18690
s4613,24119
s4613,23877
s4613,23631
s4613,2833
s4613,27286
s4613,17023
s4614,17042
s4614,17222
s4614,3029
s4614,25083
s4614,13442
s4614,25
s4614,8738
s4615,12358
s4615,13557
s4615,34762
s4615,4373
s4615,26849
s4615,3647
s4615,29998
s4616,10624
s4616,29315
s4616,15225
s4616,1599
s4616,30488
s4616,24446
s4616,27576
s4617,8988
s4617,15768
s4617,18627
s4617,8404
s4617,33331
s4617,34735
s4617,32922
s4617,31836
s4617,28353
s4617,22825
s4618,16943
s4618,19390
s4618,12715
s4618,16592
s4618,9915
s4618,21557
s4618,30432
s4618,14027
s4618,10535
s4618,13029
s4618,20977
s4619,19658
s4619,36214
s4619,22811
s4619,4372
s4619,11256
s4619,17640
s4619,36172
s4619,35622
s4619,32008
s4620,14757
s4620,1226
s4620,14047
s4620,28233
s4620,16619
s4620,32751
s4620,20631
s4620,16063
s4620,26508
s4623,34083
s4623,32450
s4623,767
s4623,11027
s4623,12295
s4623,33394
s4623,4471
s4623,25239
s4623,24646
s4623,18436
s4623,1184
s4624,16880
s4624,3248
s4624,15998
s4624,6314
s4624,4511
s4624,28134
s4624,25139
s4624,7510
s4624,5625
s4624,25863
s4624,16085
s4624,14478
s4624,32326
s4624,12361
s4624,7553
s4624,8189
s4624,6311
s4624,15273
s4624,10528
s4624,15706
s4624,11896
s4625,15109
s4625,8360
s4625,6683
s4625,4225
s4625,9914
s4625,2414
s4625,8411
s4625,34864
s4625,30944
s4625,554
s4627,24272
s4627,9162
s4627,9745
s4627,24539
s4627,14255
s4627,14070
s4627,15597
s4629,23431
s4629,33716
s4629,20907
s4629,29988
s4629,17186
s4629,28692
s4629,35881
s4629,35893
s4629,28204
s4629,16824
s4629,16403
s4630,9801
s4630,15980
s4630,16897
s4630,29369
s4630,11022
s4630,31526
s4630,16584
s4630,4350
s4630,14765
s4631,27100
s4632,27244
s4633,33766
s4633,16279
s4633,23692
s4633,13572
s4634,18580
s4634,3593
s4634,12801
s4634,12450
s4634,7270
s4634,22489
s4634,35850
s4634,31032
s4634,33068
s4635,18898
s4635,9382
s4635,22235
s4635,14463
s4635,30589
s4635,31866
s4635,25888
s4635,7220
s4635,13321
s4635,19240
s4635,8520
s4636,32569
s4636,24050
s4636,149
s4636,25589
s4636,23680
s4637,34089
s4637,11899
s4637,15340
s4637,5245
s4637,20152
s4637,9246
s4637,15096
s4637,5251
s4637,5192
s4637,11000
s4637,17301
s4639,17424
s4639,10104
s4639,963
s4639,10019
s4639,20395
s4639,36332
s4639,709
s4639,10611
s4639,22315
s4639,21407
s4639,21377
s4639,32680
s4639,21488
s4639,21219
s4639,1421
s4639,12379
s4639,1089
s4639,8595
s4639,12720
s4641,9642
s4641,34718
s4641,10050
s4641,2063
s4641,1079
s4641,24770
s4641,13154
s4641,4882
s4641,17463
s4641,8541
s4642,21837
s4642,12296
s4642,33478
s4642,34920
s4642,20866
s4642,29969
s4642,23123
s4642,25505
s4642,31315
s4643,3976
s4643,9213
s4643,6937
s4643,33221
s4643,4273
s4643,9509
s4643,5922
s4643,22825
s4643,16301
s4644,6042
s4644,24608
s4644,36200
s4644,24607
s4644,35838
s4644,34972
s4644,3705
s4644,36180
s4644,22514
s4644,19971
s4644,35821
s4644,12925
s4644,12125
s4644,30811
s4644,30603
s4645,28177
s4645,2647
s4646,19286
s4646,6243
s4646,35298
s4646,19349
s4646,23755
s4646,35702
s4646,23752
s4646,6631
s4647,1076
s4647,14411
s4647,23312
s4647,22309
s4648,7536
s4649,36051
s4649,10705
s4650,3786
s4650,13852
s4650,26702
s4650,13731
s4650,27694
s4650,10745
s4650,22130
s4650,15477
s4650,26484
s4650,12065
s4651,555
s4651,26039
s4651,21065
s4651,27578
s4651,31355
s4651,24556
s4651,16649
s4651,34954
s4652,26452
s4652,32134
s4652,10859
s4652,14741
s4652,18022
s4652,32733
s4652,16288
s4652,31866
s4652,2260
s4652,10083
s4652,7702
s4652,35142
s4653,35142
s4653,7739
s4653,6969
s4653,18108
s4653,23473
s4653,31981
s4653,32932
s4653,26452
s4656,10656
s4656,15091
s4656,8058
s4656,15123
s4656,33599
s4657,15768
s4657,5969
s4657,14489
s4657,22928
s4657,7872
s4657,6968
s4658,30590
s4658,18661
s4658,27119
s4658,25020
s4658,20113
s4658,11571
s4658,1399
s4658,19246
s4658,907
s4658,21870
s4658,6403
s4659,30117
s4659,31958
s4659,25261
s4659,35121
s4659,17693
s4659,23144
s4659,7939
s4659,17404
s4659,24456
s4659,10528
s4660,2549
s4660,24833
s4660,2214
s4660,23040
s4660,31268
s4660,14654
s4660,16696
s4660,9956
s4660,22340
s4660,6962
s4661,43
s4661,2849
s4661,29716
s4661,30018
s4661,25786
s4661,32353
s4661,4528
s4661,28959
s4662,30082
s4662,20180
s4662,34855
s4662,22921
s4662,27150
s4662,30306
s4662,33815
s4663,26574
s4663,32168
s4663,1451
s4663,36288
s4663,794
s4663,35003
s4663,34808
s4663,26674
s4663,17613
s4664,27007
s4664,16286
s4664,14006
s4664,3428
s4664,35531
s4664,15638
s4664,32855
s4664,11799
s4664,1943
s4664,29015
s4664,4417
s4664,26326
s4665,26478
s4665,14671
s4665,32703
s4665,14492
s4665,5805
s4665,24125
s4665,24834
s4666,4063
s4666,11908
s4666,13216
s4666,19138
s4666,23023
s4666,7423
s4666,25981
s4666,12051
s4667,32740
s4667,33966
s4667,29972
s4667,29974
s4667,11608
s4667,31015
s4667,24861
s4667,18606
s4668,11265
s4668,36069
s4668,30976
s4668,23670
s4668,5796
s4668,3813
s4668,29286
s4668,30733
s4669,29283
s4669,32724
s4669,12781
s4669,2874
s4669,20060
s4669,29523
s4670,30734
s4670,24497
s4670,27583
s4670,4238
s4670,27017
s4670,4172
s4671,20322
s4671,2768
s4671,21331
s4671,7392
s4671,5901
s4671,19849
s4671,36236
s4671,5623
s4671,28887
s4671,20731
s4672,22030
s4672,25378
s4672,31627
s4672,4320
s4672,20959
s4672,36079
s4672,15923
s4672,20519
s4672,1349
s4672,8011
s4673,7478
s4673,11563
s4673,36368
s4673,876
s4673,25116
s4673,20334
s4673,16176
s4673,1338
s4673,16577
s4673,8045
s4673,16089
s4673,13007
s4673,24265
s4675,23065
s4675,13155
s4675,32910
s4675,29434
s4675,26602
s4675,29208
s4675,13981
s4675,33338
s4676,34809
s4676,4115
s4676,6187
s4676,34524
s4676,2080
s4676,13447
s4676,16213
s4676,7542
s4677,33311
s4677,6315
s4677,10797
s4677,4221
s4677,34607
s4677,29906
s4677,3650
s4677,27076
s4677,26250
s4677,30067
s4677,11519
s4677,29688
s4677,33032
s4677,5834
s4677,35866
s4677,30047
s4677,20455
s4677,12311
s4677,18875
s4677,18819
s4677,20372
s4677,13428
s4677,27244
s4677,2015
s4677,32461
s4678,20372
s4678,13428
s4678,33311
s4678,6315
s4678,10797
s4678,4221
s4678,34607
s4678,29906
s4678,3650
s4678,27076
s4678,26250
s4678,30067
s4678,11519
s4678,29688
s4678,33032
s4678,5834
s4678,35866
s4678,30047
s4678,20455
s4678,12311
s4678,18875
s4678,18819
s4678,27244
s4678,2015
s4678,32461
s4679,34848
s4679,16521
s4679,20480
s4679,34320
s4679,33686
s4679,20392
s4679,17458
s4679,16481
s4679,25986
s4679,28001
s4679,33871
s4680,32777
s4680,846
s4680,21068
s4680,26992
s4680,7640
s4680,2833
s4680,36085
s4680,34769
s4681,13477
s4681,25880
s4681,24514
s4681,27041
s4681,20449
s4681,31098
s4681,3715
s4681,4868
s4682,20792
s4682,27408
s4682,29168
s4682,4188
s4682,27003
s4682,27118
s4684,21332
s4684,35034
s4684,13817
s4685,4110
s4686,27201
s4686,21012
s4686,27598
s4686,20793
s4687,28360
s4687,15817
s4687,15715
s4688,32179
s4688,16252
s4688,20508
s4688,12965
s4688,34983
s4688,20584
s4689,18834
s4689,12396
s4689,33078
s4689,30759
s4689,35280
s4689,4417
s4689,16128
s4689,1741
s4689,2236
s4689,14200
s4690,31611
s4690,26396
s4690,12030
s4690,29426
s4690,24049
s4690,16932
s4690,19094
s4690,13412
s4690,3112
s4690,33986
s4690,19953
s4690,26631
s4691,3600
s4691,18680
s4691,27383
s4691,25747
s4691,30265
s4691,28644
s4691,32429
s4692,16251
s4692,29168
s4692,17039
s4692,29509
s4692,24997
s4692,34284
s4692,29976
s4693,31674
s4693,851
s4693,29315
s4693,24436
s4693,457
s4693,26789
s4693,204
s4693,34645
s4694,846
s4694,31466
s4694,27201
s4694,16917
s4694,34230
s4694,32192
s4694,29727
s4694,27399
s4695,846
s4695,4209
s4695,8733
s4695,3390
s4695,2833
s4695,3554
s4695,23865
s4695,31020
s4695,32059
s4696,9579
s4696,14286
s4696,33457
s4696,5465
s4696,15949
s4696,4502
s4696,19148
s4696,29790
s4696,31408
s4696,8384
s4696,727
s4697,11290
s4697,26498
s4698,14536
s4698,21920
s4698,395
s4698,498
s4698,32976
s4698,27231
s4698,2810
s4699,18986
s4699,25020
s4699,14302
s4699,2498
s4699,2111
s4699,33956
s4699,20634
s4699,13588
s4699,9699
s4699,15694
s4700,35696
s4701,12438
s4701,27017
s4701,3210
s4701,30983
s4701,26925
s4701,6184
s4701,24986
s4701,12944
s4702,1341
s4702,22532
s4702,27374
s4702,1778
s4702,25466
s4702,29579
s4702,17710
s4703,4465
s4705,16250
s4705,16905
s4705,18136
s4705,24352
s4705,19255
s4705,20613
s4705,27098
s4705,7231
s4705,266
s4705,33359
s4705,8098
s4705,10015
s4705,6534
s4705,3392
s4705,3088
s4705,31837
s4705,22285
s4705,25024
s4705,14237
s4705,3215
s4706,19766
s4706,23107
s4706,26370
s4706,33546
s4706,15074
s4706,17455
s4706,22147
s4707,7459
s4707,11414
s4707,20463
s4707,9246
s4707,29246
s4708,36237
s4709,20412
s4709,1609
s4709,27229
s4709,24811
s4709,25507
s4709,26336
s4709,2916
s4709,5364
s4709,21926
s4709,29819
s4710,16244
s4710,7475
s4710,26662
s4710,5870
s4710,19253
s4710,7592
s4710,6698
s4710,31929
s4711,31121
s4711,9109
s4711,35829
s4711,36204
s4711,33277
s4712,6611
s4712,6632
s4712,10783
s4712,6207
s4712,32013
s4712,13648
s4712,11554
s4712,12955
s4712,34140
s4712,35830
s4713,1378
s4713,3027
s4713,28746
s4713,1816
s4713,27934
s4713,3135
s4714,33303
s4714,30973
s4714,32050
s4714,25778
s4714,32204
s4714,31634
s4714,30690
s4715,3028
s4715,24825
s4715,21013
s4715,30731
s4715,32222
s4715,35655
s4715,34633
s4716,32579
s4716,21554
s4716,23340
s4716,12449
s4716,12815
s4716,32620
s4716,13265
s4716,32610
s4717,14545
s4717,33983
s4717,2783
s4717,5374
s4717,21112
s4717,14269
s4717,35409
s4717,13509
s4717,10230
s4717,16501
s4718,2130
s4718,28081
s4718,4763
s4718,22083
s4718,3214
s4718,26108
s4719,18627
s4719,17764
s4719,30424
s4719,26208
s4719,36024
s4719,19515
s4719,4418
s4719,2710
s4719,21860
s4719,4726
s4720,27007
s4720,24541
s4720,15651
s4720,13477
s4720,1046
s4720,2653
s4720,24216
s4720,34820
s4720,34251
s4720,18544
s4721,13461
s4721,27390
s4721,29637
s4721,28637
s4721,24116
s4721,47
s4721,34795
s4721,6179
s4721,34420
s4721,31005
s4721,8725
s4722,27007
s4722,17152
s4722,23843
s4722,2933
s4722,3021
s4722,27311
s4722,18403
s4722,29556
s4723,443
s4723,17554
s4723,32527
s4723,27280
s4723,19022
s4723,847
s4723,430
s4723,766
s4724,17283
s4724,14589
s4724,12946
s4724,24509
s4724,3194
s4724,4258
s4724,13556
s4724,15909
s4724,32361
s4724,21068
s4725,12946
s4725,750
s4725,30799
s4725,443
s4725,24061
s4725,23717
s4725,32091
s4725,27374
s4725,3187
s4725,34619
s4726,30496
s4726,32527
s4726,30973
s4726,17585
s4726,13477
s4726,24205
s4727,27498
s4727,1378
s4727,9047
s4727,26879
s4728,13334
s4728,31466
s4728,29569
s4728,29556
s4728,17577
s4728,4965
s4729,846
s4729,31453
s4729,30993
s4729,23360
s4729,26789
s4729,7755
s4729,1290
s4729,3321
s4729,29723
s4729,34873
s4730,29387
s4730,17222
s4730,31390
s4730,26951
s4730,3736
s4730,35517
s4730,24409
s4730,20784
s4731,12946
s4731,31453
s4731,26831
s4731,16974
s4731,3155
s4731,18452
s4731,24205
s4731,25002
s4732,766
s4732,24130
s4732,27487
s4732,17554
s4732,3029
s4732,21068
s4732,29895
s4732,24216
s4733,43
s4733,31089
s4733,3386
s4733,30633
s4733,18744
s4733,1404
s4733,31387
s4733,34906
s4733,18431
s4733,25425
s4733,2833
s4733,20669
s4734,846
s4734,31453
s4734,24227
s4734,35520
s4734,25782
s4734,11986
s4734,23909
s4734,1763
s4735,27487
s4735,8227
s4735,26795
s4735,14521
s4735,24859
s4735,10443
s4736,28300
s4736,11285
s4736,33432
s4736,25425
s4736,31323
s4736,6203
s4736,24424
s4736,17319
s4737,846
s4737,4497
s4737,31466
s4737,13477
s4737,32206
s4737,28245
s4737,5692
s4738,25746
s4738,30991
s4738,8762
s4738,8208
s4738,27288
s4738,25776
s4738,26791
s4738,29580
s4740,21640
s4740,10852
s4741,23756
s4741,21134
s4741,8601
s4742,7263
s4742,33697
s4742,17592
s4742,23494
s4742,27839
s4742,30875
s4742,23493
s4742,28229
s4742,22487
s4742,30949
s4743,15382
s4743,20852
s4743,32612
s4743,30964
s4743,32708
s4743,35873
s4743,17884
s4743,35871
s4743,35884
s4743,27876
s4743,23875
s4743,30895
s4743,33850
s4743,35758
s4743,20861
s4743,836
s4743,2861
s4743,21970
s4743,21330
s4743,22481
s4743,22379
s4743,35966
s4744,13009
s4744,35127
s4744,6523
s4744,17257
s4744,4990
s4744,14662
s4744,22035
s4744,16400
s4744,21450
s4744,2745
s4744,16675
s4745,35977
s4745,35981
s4745,25051
s4745,35980
s4745,33859
s4745,16403
s4745,28252
s4745,33704
s4745,12801
s4745,3536
s4745,34222
s4745,18510
s4745,20598
s4745,32606
s4745,23108
s4745,32604
s4746,14298
s4746,11547
s4746,11651
s4746,26528
s4746,20731
s4747,14298
s4747,11547
s4747,20731
s4747,11651
s4747,26528
s4747,28355
s4747,28052
s4747,3793
s4747,10052
s4747,15082
s4748,14298
s4748,11547
s4748,11651
s4748,26528
s4748,20731
s4749,24349
s4749,21156
s4749,20347
s4749,36005
s4749,16926
s4749,34717
s4749,34361
s4749,8257
s4749,3738
s4749,19720
s4750,6848
s4750,27717
s4751,21253
s4751,13028
s4751,1005
s4751,28579
s4751,20375
s4751,16456
s4751,28671
s4751,5385
s4751,13103
s4751,8619
s4751,33070
s4751,20397
s4751,8772
s4751,7119
s4751,34311
s4751,16728
s4751,238
s4752,22928
s4752,20018
s4752,13588
s4752,23191
s4752,9775
s4752,19618
s4752,10010
s4752,19752
s4753,29110
s4753,25047
s4753,33709
s4753,17034
s4755,22531
s4755,13626
s4755,35677
s4755,24171
s4755,11391
s4755,19628
s4755,25091
s4756,15651
s4756,4528
s4756,8545
s4756,2828
s4756,35655
s4756,434
s4756,34641
s4756,775
s4756,7758
s4756,21565
s4757,13293
s4758,27710
s4758,3430
s4758,13007
s4758,3937
s4758,2782
s4758,759
s4758,30394
s4761,15276
s4761,36140
s4761,18996
s4761,11852
s4761,27808
s4761,5331
s4761,14834
s4761,31812
s4761,8590
s4761,24310
s4761,7070
s4761,28169
s4762,8028
s4762,24235
s4762,15605
s4762,22113
s4762,4851
s4762,13822
s4762,21848
s4763,27153
s4763,21656
s4763,1922
s4763,28703
s4763,22085
s4763,25078
s4764,836
s4764,33063
s4764,12830
s4764,30875
s4764,13264
s4764,35545
s4764,21322
s4765,6649
s4765,17519
s4765,7030
s4765,15984
s4765,31774
s4765,31756
s4765,28470
s4766,26563
s4766,8094
s4766,4132
s4766,7310
s4766,9247
s4766,2204
s4766,21197
s4767,27713
s4767,10524
s4767,16526
s4767,12929
s4767,953
s4767,16148
s4767,528
s4767,27562
s4767,21719
s4767,4146
s4768,5202
s4768,16467
s4769,16467
s4770,20995
s4770,32592
s4770,17098
s4770,33704
s4770,35881
s4770,16824
s4770,27847
s4770,2967
s4770,7271
s4770,17885
s4770,17898
s4770,17631
s4770,17618
s4771,17724
s4771,9741
s4771,33043
s4771,15031
s4771,15406
s4771,9643
s4771,7275
s4771,29030
s4771,12689
s4771,21737
s4772,15579
s4773,30772
s4773,9108
s4773,7737
s4773,6943
s4773,5130
s4774,33147
s4774,10755
s4774,17350
s4774,24771
s4774,21624
s4774,11767
s4775,15283
s4776,10817
s4776,25344
s4776,2919
s4776,6777
s4776,34933
s4776,28487
s4776,34536
s4776,9255
s4777,35578
s4777,35577
s4777,30502
s4777,19886
s4777,809
s4777,13608
s4777,12240
s4778,35014
s4778,14276
s4780,19275
s4780,18323
s4780,35708
s4780,18271
s4780,5100
s4782,20294
s4783,16263
s4783,7658
s4783,23728
s4783,30078
s4783,5525
s4784,21500
s4784,13447
s4784,29024
s4785,24702
s4785,27579
s4785,26119
s4785,9195
s4785,7847
s4785,30171
s4785,27554
s4785,7481
s4785,31822
s4785,35185
s4785,14442
s4785,3055
s4786,31432
s4787,10541
s4788,15426
s4789,17564
s4790,36199
s4790,34971
s4790,12234
s4790,31063
s4790,11298
s4790,35610
s4791,29716
s4791,3091
s4791,23360
s4791,27255
s4791,2845
s4791,11967
s4791,27618
s4792,4454
s4793,30490
s4793,27518
s4793,14389
s4793,29983
s4793,27380
s4793,19741
s4793,14613
s4793,15909
s4794,11763
s4794,27007
s4794,16987
s4794,26952
s4794,30525
s4794,30614
s4794,12782
s4794,15886
s4795,1380
s4795,18921
s4795,20718
s4795,12890
s4795,17366
s4795,19845
s4795,18732
s4795,21584
s4795,14559
s4795,14879
s4796,11967
s4796,12429
s4796,26789
s4796,13052
s4796,3870
s4796,29715
s4797,29728
s4797,25114
s4797,36141
s4797,32243
s4797,9401
s4798,846
s4798,17554
s4798,28281
s4798,34218
s4798,14521
s4798,24954
s4798,6832
s4798,33292
s4799,21601
s4799,22993
s4799,26252
s4799,7965
s4799,30181
s4799,7049
s4799,4760
s4799,28552
s4799,19163
s4799,29948
s4799,15549
s4799,890
s4799,9759
s4799,25734
s4800,31384
s4800,24304
s4800,1929
s4800,14534
s4800,20377
s4800,16517
s4800,16179
s4800,3079
s4800,33460
s4800,16365
s4800,27986
s4800,12341
s4800,6783
s4800,25651
s4801,24130
s4801,8667
s4801,32206
s4801,34602
s4801,27832
s4801,2445
s4801,23627
s4801,34872
s4803,30658
s4803,31056
s4803,27288
s4803,11733
s4803,35656
s4803,26969
s4804,4272
s4805,26234
s4805,8463
s4805,13724
s4805,2970
s4805,5605
s4805,29493
s4805,13330
s4805,7439
s4805,5426
s4805,25061
s4805,27762
s4806,1542
s4806,3419
s4806,1042
s4806,29711
s4806,8535
s4806,9538
s4807,13784
s4807,21775
s4807,33763
s4807,13169
s4807,5211
s4809,14334
s4810,32664
s4810,31207
s4810,22133
s4810,22131
s4811,534
s4811,16720
s4811,5393
s4811,16391
s4811,21871
s4811,1426
s4811,33005
s4811,9249
s4813,20860
s4813,9162
s4813,11186
s4814,5021
s4814,10280
s4814,11092
s4814,16245
s4814,7366
s4814,7844
s4814,15797
s4815,34889
s4816,33123
s4816,2798
s4816,17273
s4816,27225
s4816,20387
s4817,28204
s4817,35065
s4817,30872
s4817,31866
s4817,12820
s4817,15906
s4818,29892
s4818,14646
s4818,16600
s4818,3019
s4818,6845
s4818,32001
s4818,28025
s4818,5616
s4819,20325
s4820,6228
s4820,33221
s4820,28020
s4820,14882
s4820,5538
s4820,34116
s4820,1184
s4821,8405
s4822,23191
s4822,1305
s4822,28808
s4822,31218
s4822,20791
s4822,10022
s4822,33149
s4822,10860
s4822,10867
s4822,31504
s4822,28701
s4823,15364
s4823,36214
s4823,36229
s4823,27083
s4823,36193
s4824,12279
s4825,15157
s4825,13181
s4825,22262
s4825,27888
s4825,27711
s4825,21667
s4825,11945
s4825,21732
s4825,981
s4825,30391
s4825,25757
s4825,26340
s4826,34521
s4826,4209
s4826,27201
s4826,24514
s4826,21051
s4826,800
s4826,27499
s4826,24529
s4826,13958
s4826,29720
s4826,18140
s4827,12023
s4827,12246
s4827,13618
s4827,13227
s4829,36263
s4829,11640
s4829,20327
s4829,32885
s4829,22648
s4829,26421
s4829,33457
s4830,5104
s4830,32362
s4830,23158
s4830,28027
s4831,26727
s4831,24826
s4831,33882
s4831,33681
s4831,10494
s4831,17428
s4831,12528
s4831,9716
s4831,29682
s4831,33770
s4832,23050
s4832,14239
s4832,2504
s4832,7683
s4832,9982
s4833,23050
s4833,14239
s4833,2504
s4833,7683
s4833,9982
s4834,7459
s4834,20665
s4834,2794
s4834,7555
s4834,2646
s4834,24851
s4834,10895
s4834,17487
s4834,13516
s4834,31571
s4835,25537
s4835,8820
s4835,12604
s4835,10776
s4835,20891
s4835,28570
s4835,11456
s4835,29055
s4836,10826
s4838,9912
s4838,15241
s4838,10920
s4838,17800
s4838,4683
s4838,14664
s4838,13709
s4838,28376
s4838,7584
s4838,5604
s4839,22484
s4839,22051
s4839,33707
s4839,3341
s4839,30282
s4839,34472
s4839,30204
s4839,17939
s4839,27138
s4839,20649
s4840,18684
s4840,29958
s4840,29705
s4840,13383
s4840,30014
s4840,31025
s4840,32106
s4840,2930
s4841,6641
s4841,5818
s4841,32945
s4841,9349
s4841,33110
s4841,29935
s4841,9318
s4841,25908
s4841,29280
s4841,17159
s4843,14559
s4843,9213
s4843,17030
s4843,3993
s4843,20172
s4843,1581
s4843,25723
s4843,22096
s4843,55
s4844,10562
s4845,9579
s4845,14286
s4845,33457
s4845,5465
s4846,14414
s4846,26866
s4846,35133
s4846,22780
s4846,1380
s4846,33778
s4846,7872
s4846,14755
s4846,15130
s4846,28707
s4848,3940
s4848,21391
s4848,13654
s4848,21080
s4848,24677
s4848,10735
s4849,31451
s4849,16791
s4849,14327
s4850,10615
s4851,11523
s4851,34358
s4851,26660
s4851,28101
s4851,23016
s4851,10995
s4852,31894
s4852,21786
s4853,17764
s4853,2757
s4853,5917
s4853,19621
s4853,10901
s4853,6708
s4853,21600
s4853,28717
s4853,31958
s4853,1846
s4853,16020
s4853,2448
s4853,19453
s4853,7850
s4853,33579
s4853,19030
s4853,11896
s4853,14147
s4854,32865
s4854,17621
s4854,35888
s4854,3596
s4854,3373
s4854,821
s4854,23781
s4855,33300
s4856,16995
s4856,26326
s4856,819
s4856,2115
s4857,23050
s4857,14239
s4857,2504
s4857,7683
s4857,9982
s4858,13632
s4858,32796
s4858,21778
s4858,30114
s4858,20552
s4858,8389
s4859,17564
s4859,7235
s4859,31335
s4859,32670
s4859,14959
s4859,20339
s4859,22534
s4859,27770
s4859,1562
s4859,7312
s4859,32800
s4861,31103
s4861,21068
s4861,27408
s4861,26830
s4861,419
s4861,18742
s4861,24216
s4861,2833
s4861,34648
s4861,16561
s4862,35550
s4862,18473
s4862,9330
s4862,20910
s4862,11754
s4862,32149
s4862,32820
s4862,18509
s4862,13207
s4863,33068
s4863,12801
s4863,3521
s4863,3372
s4863,29631
s4863,17885
s4863,33699
s4863,24127
s4863,30819
s4864,1371
s4865,22746
s4865,20754
s4865,9389
s4865,28425
s4865,21655
s4865,6225
s4866,4303
s4866,17300
s4866,8392
s4866,9728
s4866,24449
s4866,15435
s4867,5370
s4869,15612
s4869,15565
s4869,13854
s4869,23658
s4870,12176
s4870,314
s4870,18432
s4870,19740
s4870,4070
s4870,36035
s4870,2123
s4870,12082
s4871,12349
s4872,12634
s4872,34178
s4872,32459
s4872,491
s4872,31727
s4872,34179
s4872,18973
s4872,34162
s4872,33843
s4872,3514
s4873,14149
s4873,34735
s4873,781
s4873,6886
s4874,14687
s4874,20904
s4874,8319
s4874,27805
s4874,7876
s4874,17032
s4874,16170
s4874,11354
s4874,8590
s4874,20630
s4875,5461
s4875,29011
s4875,21578
s4875,32798
s4875,4899
s4875,34952
s4875,8380
s4875,4340
s4875,19914
s4875,5271
s4875,7227
s4875,33778
s4875,16666
s4876,6830
s4876,1663
s4876,6918
s4876,31535
s4876,21624
s4876,15541
s4876,13212
s4876,30219
s4876,27176
s4876,10181
s4877,7686
s4879,21230
s4879,6789
s4879,15023
s4879,10709
s4880,19391
s4880,29474
s4880,1079
s4880,32526
s4880,17463
s4880,34817
s4880,30581
s4880,34718
s4881,7627
s4881,21556
s4881,1556
s4881,7578
s4881,18959
s4881,9262
s4881,26263
s4881,10616
s4881,20098
s4881,6977
s4882,36162
s4882,21940
s4882,27067
s4882,15200
s4882,16766
s4882,2318
s4882,24135
s4883,5442
s4883,497
s4883,758
s4883,7427
s4883,9978
s4883,26336
s4883,16392
s4883,16358
s4883,1913
s4883,26341
s4883,24605
s4884,28000
s4884,13653
s4884,10916
s4884,24568
s4884,10369
s4884,19957
s4884,15117
s4884,19804
s4885,14657
s4885,7699
s4885,33121
s4885,7700
s4885,5698
s4885,30031
s4885,31405
s4886,32350
s4886,209
s4886,31327
s4886,30654
s4886,34641
s4886,29254
s4886,32059
s4886,21126
s4887,9032
s4887,17324
s4887,31102
s4887,31624
s4887,8636
s4887,15860
s4887,5787
s4887,15373
s4887,32100
s4887,1063
s4889,33811
s4889,3050
s4889,18400
s4889,30940
s4889,34609
s4889,33061
s4889,11804
s4889,8086
s4890,13319
s4890,7769
s4890,13017
s4890,20388
s4890,23158
s4890,33724
s4890,34314
s4891,15802
s4892,18364
s4892,6583
s4892,19163
s4892,15488
s4892,23761
s4893,31812
s4893,1152
s4894,31812
s4894,5555
s4895,31812
s4895,1152
s4896,31812
s4896,23730
s4897,31812
s4897,23730
s4899,20140
s4899,12508
s4899,17695
s4899,28947
s4899,20444
s4899,13871
s4899,15441
s4899,1177
s4900,26890
s4900,30990
s4900,3262
s4901,12827
s4901,23258
s4901,29986
s4901,17616
s4901,25131
s4901,23537
s4901,12883
s4901,21464
s4902,9153
s4902,1663
s4902,33902
s4902,4677
s4902,25618
s4902,19254
s4902,23121
s4902,323
s4902,29011
s4902,912
s4903,25655
s4903,1244
s4903,28866
s4903,25194
s4903,528
s4903,25548
s4903,13422
s4903,1925
s4903,5487
s4904,27571
s4904,30056
s4904,8680
s4904,23541
s4904,21138
s4904,20821
s4904,3184
s4904,23675
s4904,3615
s4904,3566
s4904,9348
s4904,8658
s4905,1766
s4905,32777
s4905,3089
s4905,4868
s4905,20781
s4905,25744
s4905,24505
s4906,32550
s4906,22400
s4906,28809
s4906,11913
s4906,32128
s4906,1354
s4906,5248
s4906,30066
s4906,22652
s4906,29380
s4907,28402
s4908,6470
s4908,12609
s4908,34269
s4908,29537
s4908,13861
s4909,5773
s4909,36015
s4909,10924
s4909,22613
s4909,6385
s4909,28178
s4909,12653
s4910,17312
s4910,876
s4910,16482
s4910,15563
s4910,20609
s4910,33451
s4910,25657
s4910,11949
s4910,34074
s4910,25658
s4911,13452
s4911,11177
s4911,3000
s4911,26040
s4911,20197
s4911,21065
s4911,15914
s4911,1573
s4913,344
s4913,6373
s4913,31867
s4913,27155
s4913,1531
s4913,28660
s4913,17520
s4913,6218
s4913,14003
s4913,15262
s4913,16779
s4914,2579
s4914,1690
s4914,5447
s4914,7669
s4914,7543
s4914,14740
s4915,19650
s4915,6562
s4915,15063
s4915,2892
s4915,14665
s4916,9874
s4917,4303
s4917,24548
s4917,10209
s4917,10805
s4917,2474
s4918,10990
s4918,5699
s4918,10590
s4919,29145
s4919,30835
s4919,16822
s4919,23329
s4919,35833
s4920,17997
s4921,20325
s4921,17493
s4921,1255
s4921,3507
s4921,1183
s4921,4929
s4921,15004
s4921,28742
s4921,30000
s4921,32443
s4922,9152
s4922,14489
s4922,9514
s4924,15890
s4924,4224
s4924,27813
s4924,21355
s4924,34550
s4924,33165
s4924,27226
s4924,9254
s4924,28283
s4924,19036
s4925,1432
s4925,22324
s4925,16908
s4925,22195
s4925,6514
s4925,10087
s4925,18479
s4925,27456
s4925,7540
s4925,32738
s4925,23714
s4925,9684
s4925,22191
s4925,33220
s4926,6227
s4926,26637
s4926,9696
s4926,21164
s4926,4443
s4926,9986
s4926,24758
s4926,5635
s4926,33172
s4927,24310
s4927,23797
s4928,10841
s4928,4520
s4928,16087
s4928,5179
s4928,2785
s4928,35556
s4928,25725
s4928,13877
s4928,13260
s4929,6211
s4929,21785
s4929,7644
s4929,14484
s4929,6933
s4929,18937
s4929,31686
s4929,34869
s4930,34696
s4930,21453
s4930,26700
s4930,4442
s4930,5697
s4931,17400
s4931,23280
s4931,23177
s4931,11007
s4931,19439
s4931,22169
s4931,20549
s4931,4389
s4931,16985
s4931,19773
s4932,5372
s4932,24259
s4932,9687
s4932,9018
s4932,21190
s4933,11835
s4934,8394
s4934,34684
s4934,1508
s4934,10559
s4934,28931
s4935,120
s4935,7796
s4935,14285
s4935,33356
s4935,5938
s4935,20661
s4935,22341
s4935,8081
s4935,14776
s4936,22935
s4936,16265
s4936,4815
s4936,30642
s4936,3212
s4936,7006
s4937,6713
s4937,1127
s4937,2224
s4937,3940
s4938,27430
s4939,30424
s4939,13254
s4939,22787
s4939,29225
s4939,14713
s4939,33288
s4939,6333
s4939,24688
s4939,15802
s4939,18732
s4939,6019
s4939,7084
s4939,19173
s4939,16893
s4939,29886
s4939,23102
s4940,22742
s4940,22568
s4940,35423
s4940,1525
s4940,9159
s4940,13710
s4940,9947
s4940,24895
s4940,24648
s4940,1230
s4940,10606
s4940,33533
s4941,20263
s4942,20174
s4942,3927
s4942,10780
s4942,8040
s4942,6222
s4942,33627
s4942,1307
s4942,15986
s4943,10437
s4943,16569
s4943,25980
s4943,13011
s4943,33176
s4943,22149
s4943,4043
s4943,3107
s4943,11296
s4943,396
s4943,15071
s4943,33206
s4943,28855
s4943,12056
s4943,18150
s4943,4062
s4943,4986
s4944,15874
s4944,31592
s4944,21281
s4944,14714
s4944,19745
s4944,34185
s4944,30621
s4944,3348
s4945,10467
s4946,31103
s4946,31453
s4946,851
s4947,26033
s4947,16013
s4947,19240
s4947,22810
s4947,21487
s4947,4716
s4947,11208
s4947,20889
s4947,35121
s4948,5104
s4948,7438
s4948,6790
s4948,26224
s4948,35489
s4949,13477
s4949,30490
s4949,19022
s4949,27388
s4949,25425
s4949,3321
s4949,21071
s4950,19912
s4950,305
s4950,33640
s4950,19664
s4950,6513
s4950,31971
s4950,10023
s4950,20765
s4950,22600
s4950,19838
s4950,4400
s4950,28147
s4950,7250
s4951,15802
s4952,15281
s4952,29588
s4952,16086
s4952,24685
s4952,21864
s4952,738
s4952,20070
s4953,30490
s4953,32206
s4953,32361
s4953,36106
s4953,1815
s4953,18431
s4953,4528
s4953,4367
s4953,24216
s4953,16974
s4954,35658
s4954,4508
s4954,30903
s4955,30490
s4955,8227
s4955,30993
s4955,3029
s4955,18433
s4955,14521
s4956,30490
s4956,27518
s4956,2833
s4956,8640
s4956,1774
s4956,16562
s4956,24941
s4956,27388
s4957,30490
s4957,16562
s4957,25783
s4957,29983
s4957,8643
s4957,11762
s4957,31323
s4957,30525
s4957,15886
s4958,32271
s4958,4116
s4958,6725
s4958,6081
s4958,15485
s4958,34576
s4958,21734
s4958,318
s4958,33254
s4958,29818
s4958,24545
s4958,33615
s4958,28454
s4958,30724
s4958,6647
s4958,22471
s4958,5897
s4958,24422
s4959,19359
s4959,5113
s4959,14438
s4959,31075
s4959,34953
s4959,30289
s4959,19551
s4959,35055
s4959,25972
s4959,33555
s4960,9630
s4960,35435
s4960,6920
s4960,15170
s4960,18283
s4960,14372
s4960,1513
s4961,25174
s4961,3993
s4961,15538
s4961,2645
s4961,27287
s4961,18642
s4961,8054
s4961,19531
s4961,17366
s4962,20051
s4962,24215
s4962,7811
s4962,32509
s4962,10999
s4962,3
s4962,27551
s4962,16849
s4962,8
s4963,31383
s4964,29479
s4964,32907
s4964,595
s4964,24346
s4964,25027
s4964,7002
s4964,1041
s4964,8594
s4964,33629
s4965,23233
s4965,15817
s4965,28360
s4965,15715
s4965,26027
s4965,7028
s4965,20321
s4965,3784
s4965,29846
s4965,14672
s4965,22856
s4965,11161
s4965,34137
s4965,30762
s4965,16058
s4966,28360
s4966,15817
s4966,23233
s4966,15715
s4966,16058
s4966,26027
s4966,20321
s4966,29846
s4966,3784
s4966,34137
s4967,28360
s4967,15817
s4967,23233
s4967,20321
s4967,20515
s4967,7028
s4967,22856
s4967,11740
s4967,1147
s4967,11435
s4967,11638
s4967,10195
s4967,3784
s4967,15715
s4967,26027
s4968,8845
s4969,14042
s4970,21854
s4970,3076
s4970,18710
s4970,15658
s4970,8589
s4970,9605
s4970,28759
s4970,28667
s4970,32394
s4970,2323
s4971,291
s4971,2007
s4971,4421
s4971,34259
s4971,3518
s4971,24469
s4971,7539
s4971,14205
s4971,27962
s4971,29458
s4971,31887
s4971,20603
s4971,11306
s4971,28599
s4972,25113
s4972,13292
s4972,23600
s4972,10120
s4972,4264
s4972,24598
s4972,3561
s4972,3622
s4972,12474
s4972,13046
s4973,24547
s4973,20425
s4973,22728
s4973,7004
s4973,2714
s4973,32862
s4974,20518
s4974,15571
s4974,4680
s4974,14094
s4974,6703
s4974,15442
s4974,26777
s4974,32783
s4974,28073
s4974,31070
s4975,5826
s4975,20791
s4975,24613
s4975,9633
s4975,18028
s4975,30774
s4976,36074
s4976,22494
s4976,27309
s4976,43
s4976,33442
s4977,24333
s4977,10759
s4977,8370
s4977,24880
s4977,4138
s4977,7391
s4978,11020
s4978,7704
s4978,18148
s4978,14983
s4978,11803
s4978,2366
s4978,35158
s4978,15277
s4978,4613
s4979,16520
s4979,2232
s4979,8246
s4979,25562
s4979,11429
s4979,16495
s4979,31379
s4979,7518
s4979,7483
s4979,10699
s4982,35697
s4983,25087
s4983,35742
s4983,24389
s4983,23370
s4983,7271
s4983,22482
s4983,24137
s4983,30821
s4983,22384
s4984,4402
s4984,6507
s4984,28575
s4984,21802
s4984,32405
s4984,2429
s4984,25161
s4985,1802
s4985,8674
s4985,2657
s4985,1743
s4985,24017
s4985,30042
s4985,628
s4986,34435
s4986,31970
s4986,14985
s4986,12774
s4986,11281
s4986,26547
s4986,24243
s4987,20732
s4987,10103
s4987,16909
s4987,26757
s4987,3033
s4987,35289
s4987,4558
s4987,17357
s4987,3123
s4988,35316
s4988,8751
s4988,17191
s4988,35315
s4988,10212
s4988,18820
s4988,35299
s4988,13094
s4989,24388
s4989,21004
s4989,35980
s4989,25051
s4989,23182
s4989,7264
s4989,12820
s4990,28182
s4991,30117
s4991,31958
s4991,25261
s4991,24456
s4991,17404
s4991,35121
s4991,17693
s4991,15950
s4991,36002
s4991,6708
s4991,14045
s4991,11896
s4991,23144
s4991,17738
s4991,34940
s4991,34369
s4991,35142
s4991,2144
s4992,12449
s4992,35964
s4992,20916
s4992,32573
s4992,17186
s4992,23985
s4992,29133
s4992,697
s4992,33847
s4992,32616
s4992,3370
s4993,5311
s4993,15840
s4993,24747
s4993,4324
s4993,24383
s4993,14682
s4993,12524
s4993,3977
s4993,29966
s4993,600
s4994,14373
s4994,32532
s4994,18400
s4994,30892
s4994,9675
s4994,27691
s4994,28777
s4994,24173
s4994,23325
s4995,16103
s4995,15357
s4995,35470
s4995,23742
s4995,15185
s4995,35772
s4995,12902
s4995,32540
s4995,35834
s4995,31546
s4995,35724
s4997,516
s4997,15790
s4997,28778
s4997,2776
s4997,25505
s4997,1241
s4997,25595
s4997,8481
s4998,33471
s4998,9559
s4998,4033
s4998,10949
s4998,4406
s4998,9352
s4998,33137
s4998,33492
s4998,25304
s4998,21483
s4998,11550
s4998,1903
s4998,18347
s4998,23786
s4998,9556
s4998,10304
s4999,11082
s5000,20758
s5002,20950
s5003,24263
s5004,21171
s5004,23690
s5004,5960
s5004,4864
s5004,21448
s5004,23060
s5004,36354
s5004,20236
s5004,8588
s5004,28380
s5004,26003
s5005,31759
s5005,9818
s5005,27120
s5005,2105
s5005,17966
s5005,6957
s5005,6732
s5005,29091
s5005,9338
s5005,32296
s5005,7125
s5005,16026
s5005,6918
s5006,389
s5007,20180
s5007,7538
s5007,28019
s5007,25310
s5007,24328
s5007,14435
s5007,8813
s5007,22921
s5008,30490
s5008,21051
s5008,26951
s5008,27255
s5008,36272
s5008,29223
s5008,26795
s5008,18619
s5008,447
s5009,208
s5009,23477
s5009,750
s5009,20669
s5009,34599
s5009,28830
s5009,3167
s5009,29232
s5009,8503
s5009,21071
s5010,34392
s5010,13887
s5010,32777
s5010,27388
s5010,29232
s5010,2833
s5010,36085
s5010,26295
s5011,3613
s5011,20303
s5011,15250
s5011,6927
s5011,20134
s5011,12241
s5011,14935
s5012,25299
s5012,21492
s5012,21438
s5012,15476
s5012,4111
s5012,21803
s5012,6516
s5012,20414
s5012,12775
s5012,13326
s5013,12428
s5013,26877
s5013,4181
s5013,8195
s5013,49
s5013,26918
s5013,12432
s5014,4117
s5014,5478
s5014,14528
s5014,5368
s5014,23147
s5014,33742
s5015,30490
s5015,11247
s5015,18451
s5015,31329
s5015,19440
s5015,27368
s5015,8095
s5015,10466
s5016,23233
s5016,15817
s5016,28360
s5016,15715
s5016,25924
s5016,19423
s5016,20441
s5017,23233
s5017,15817
s5017,28360
s5017,15715
s5017,25924
s5017,13872
s5017,21317
s5017,8930
s5017,26110
s5017,11141
s5018,23233
s5018,15817
s5018,28360
s5018,25924
s5019,15817
s5019,28360
s5019,15715
s5019,26027
s5019,20321
s5019,29846
s5019,3784
s5019,14672
s5019,30762
s5019,34137
s5020,15817
s5020,28360
s5020,15715
s5020,26027
s5020,20321
s5020,29846
s5020,7028
s5020,3784
s5020,22856
s5020,30762
s5021,3814
s5021,30493
s5021,34791
s5021,3494
s5021,27583
s5021,20595
s5021,24101
s5021,14584
s5022,766
s5022,208
s5022,34827
s5022,10115
s5022,17222
s5022,27518
s5022,20217
s5022,1979
s5022,25425
s5022,34628
s5022,31527
s5023,3698
s5024,8405
s5025,21692
s5026,29669
s5026,6766
s5026,4967
s5026,13651
s5026,1931
s5026,6976
s5027,7240
s5027,36215
s5027,34976
s5027,18792
s5027,15205
s5027,14920
s5028,12051
s5028,4063
s5028,12049
s5028,24032
s5028,31999
s5028,14659
s5028,25895
s5028,12054
s5029,1226
s5029,26185
s5029,16897
s5030,6725
s5030,27816
s5030,3883
s5030,22902
s5030,7958
s5030,29007
s5030,27712
s5030,26016
s5031,1453
s5031,12662
s5031,14126
s5031,4431
s5031,26544
s5032,12091
s5032,23742
s5032,35775
s5032,30353
s5032,23954
s5032,10222
s5032,5775
s5032,11677
s5032,30351
s5032,31548
s5033,30148
s5033,33624
s5033,28148
s5033,34365
s5033,9164
s5033,29095
s5033,28365
s5033,2547
s5033,9585
s5033,5896
s5033,9604
s5033,29611
s5034,29128
s5034,34015
s5034,8120
s5034,23432
s5034,17111
s5034,30877
s5034,16766
s5034,35644
s5034,29152
s5034,10974
s5034,35548
s5035,591
s5036,14553
s5036,1727
s5036,32511
s5036,6570
s5036,2097
s5036,36054
s5037,13950
s5037,26570
s5037,25927
s5037,6782
s5037,28266
s5037,27103
s5037,32451
s5037,9440
s5037,36047
s5037,217
s5038,11924
s5038,23107
s5038,6599
s5038,31871
s5038,17400
s5038,13809
s5038,33403
s5038,4812
s5038,924
s5038,11248
s5038,32684
s5039,18061
s5040,6373
s5041,34521
s5041,2359
s5041,923
s5041,27255
s5041,27596
s5041,32258
s5042,11654
s5043,27238
s5043,3092
s5043,28421
s5043,29472
s5045,291
s5045,1239
s5045,30759
s5045,28362
s5045,2111
s5046,10892
s5047,6479
s5047,22058
s5047,6990
s5047,5887
s5047,34890
s5048,11924
s5048,7988
s5048,7446
s5048,15809
s5048,6360
s5048,842
s5048,36194
s5048,9495
s5048,28612
s5048,6837
s5049,31335
s5050,17578
s5051,1235
s5051,12057
s5051,29157
s5051,36279
s5051,10100
s5051,13605
s5051,36362
s5051,27055
s5051,36299
s5051,25219
s5052,8861
s5052,8864
s5052,12089
s5052,35315
s5052,35772
s5052,5811
s5052,21000
s5052,35566
s5054,24642
s5054,18921
s5054,7648
s5054,7058
s5054,22148
s5054,948
s5056,30303
s5056,10562
s5057,15011
s5058,11393
s5058,15509
s5058,469
s5058,31877
s5058,19107
s5058,16679
s5058,15785
s5058,11182
s5058,16714
s5058,15443
s5059,20609
s5059,2497
s5059,3937
s5059,11781
s5059,28039
s5059,20028
s5059,30246
s5059,21914
s5059,34883
s5059,12680
s5059,10164
s5060,35141
s5060,8777
s5060,21776
s5060,15579
s5060,22095
s5060,33218
s5060,30417
s5060,13824
s5060,24313
s5060,9837
s5060,9634
s5060,22119
s5060,15734
s5060,28160
s5060,5244
s5061,10417
s5062,22215
s5063,30234
s5064,9942
s5064,14609
s5064,11895
s5064,26186
s5064,16336
s5064,5277
s5064,19030
s5065,2776
s5065,17292
s5065,26320
s5065,28405
s5065,6821
s5065,7126
s5065,19745
s5065,3348
s5065,21633
s5066,12113
s5066,18871
s5066,8863
s5066,18694
s5066,31542
s5066,13928
s5066,12908
s5066,18861
s5066,12858
s5066,5808
s5066,18873
s5067,28000
s5068,33497
s5070,3453
s5070,26858
s5070,13635
s5070,21097
s5070,72
s5070,9676
s5070,15826
s5070,21281
s5070,4932
s5070,7507
s5070,14684
s5071,9329
s5071,29118
s5071,10969
s5071,23540
s5071,33693
s5071,17190
s5071,29111
s5072,12359
s5073,22448
s5073,9204
s5073,20530
s5073,11091
s5073,22100
s5073,21695
s5073,1072
s5073,24405
s5073,24612
s5073,28392
s5074,9092
s5074,26691
s5074,25940
s5074,30624
s5074,52
s5074,9289
s5074,17536
s5074,26176
s5075,24844
s5075,32317
s5075,16934
s5075,31983
s5075,7993
s5075,4794
s5075,2554
s5075,31744
s5075,13159
s5075,18960
s5076,1609
s5076,36326
s5076,1414
s5076,16389
s5076,34492
s5076,36325
s5076,2548
s5076,7140
s5076,31146
s5076,7505
s5076,25194
s5077,16751
s5077,2804
s5078,20995
s5078,32592
s5078,17098
s5078,33704
s5078,35881
s5078,16824
s5078,7271
s5078,17885
s5078,17898
s5078,17631
s5078,17618
s5079,17564
s5080,8493
s5080,12640
s5080,36127
s5080,28659
s5080,26952
s5080,35437
s5080,20638
s5080,31375
s5081,23477
s5081,14594
s5081,31221
s5081,18609
s5081,13944
s5081,4367
s5081,30008
s5081,31020
s5081,1807
s5081,18958
s5082,8153
s5082,11291
s5082,2122
s5082,24185
s5082,73
s5082,34326
s5082,14954
s5082,7593
s5082,21268
s5082,18371
s5083,17495
s5083,83
s5083,33731
s5083,8942
s5083,9501
s5083,9484
s5083,6371
s5083,4145
s5083,24801
s5083,22984
s5084,3549
s5084,28407
s5084,34509
s5084,3639
s5084,13636
s5084,34858
s5084,7251
s5084,14383
s5084,21777
s5084,4750
s5085,13752
s5085,14882
s5085,14482
s5085,13809
s5085,13694
s5085,34358
s5085,28382
s5085,35240
s5085,19603
s5087,33607
s5088,1024
s5089,31089
s5089,2059
s5089,2410
s5089,3386
s5089,32278
s5089,26888
s5090,12116
s5090,34221
s5090,1438
s5090,22272
s5091,22091
s5091,32711
s5091,31826
s5091,17475
s5091,15813
s5091,23402
s5092,17368
s5092,33214
s5092,13876
s5092,2582
s5092,7774
s5092,14565
s5092,18989
s5093,18580
s5093,3597
s5093,22482
s5093,1733
s5093,3370
s5093,28226
s5093,3502
s5093,17840
s5093,16962
s5093,32019
s5093,35770
s5093,12302
s5093,19
s5094,20631
s5094,19288
s5094,15799
s5094,5096
s5094,14471
s5096,28692
s5096,28204
s5096,22489
s5096,23503
s5096,33847
s5096,23108
s5096,17838
s5096,12749
s5096,29135
s5096,35909
s5096,35547
s5096,17672
s5096,35549
s5096,33718
s5096,33060
s5096,32615
s5096,20917
s5096,22386
s5096,18573
s5096,29989
s5097,28692
s5097,28204
s5097,22488
s5097,30872
s5097,10970
s5097,17838
s5097,17672
s5097,35868
s5097,4249
s5097,33068
s5097,17834
s5097,17186
s5097,12749
s5097,17885
s5097,18169
s5097,33060
s5097,23343
s5097,12832
s5097,35672
s5097,17631
s5097,29154
s5098,15880
s5098,2770
s5098,7490
s5098,12273
s5098,16333
s5098,28136
s5098,15086
s5099,27981
s5099,13263
s5099,22382
s5099,22483
s5099,34217
s5100,5847
s5100,16600
s5100,25896
s5100,24947
s5100,20234
s5100,2604
s5100,28535
s5100,28450
s5100,31574
s5101,7789
s5102,17507
s5102,33735
s5102,4842
s5102,23660
s5102,345
s5102,28340
s5102,323
s5102,26187
s5103,30203
s5103,1468
s5103,19710
s5103,21171
s5103,35348
s5103,9471
s5103,5187
s5103,14450
s5103,18192
s5103,32511
s5104,5473
s5104,10902
s5104,25894
s5104,21082
s5104,10954
s5104,36356
s5104,13901
s5105,660
s5105,1384
s5105,18034
s5105,24768
s5105,34946
s5105,34201
s5106,32433
s5106,2952
s5106,24087
s5106,30484
s5106,10648
s5106,562
s5106,1879
s5106,3619
s5106,608
s5107,19809
s5107,19945
s5107,20170
s5107,19247
s5107,9713
s5107,22883
s5107,21782
s5108,25174
s5108,24715
s5108,4881
s5108,7587
s5108,2030
s5108,3060
s5108,30382
s5109,33491
s5110,12586
s5110,30445
s5110,31541
s5110,13090
s5110,35774
s5110,18272
s5111,21584
s5111,8417
s5111,17215
s5112,24637
s5113,4465
s5114,35163
s5114,15570
s5114,25098
s5114,20324
s5114,9209
s5114,13254
s5114,4597
s5114,9892
s5114,12328
s5114,17851
s5114,2072
s5114,8086
s5115,5477
s5115,23972
s5115,11931
s5115,16511
s5115,2053
s5116,18114
s5116,25021
s5116,22343
s5116,6712
s5116,20664
s5116,19677
s5116,22112
s5116,10182
s5116,288
s5117,14931
s5117,2683
s5117,21497
s5117,29033
s5118,29008
s5119,29011
s5119,2833
s5119,6467
s5119,23444
s5119,12212
s5119,22651
s5119,35229
s5120,35569
s5120,30438
s5120,10215
s5120,13065
s5120,13077
s5121,6098
s5122,9482
s5122,14002
s5122,2019
s5122,23004
s5122,24531
s5122,2733
s5122,15432
s5122,21778
s5123,23474
s5123,1730
s5123,29232
s5123,6185
s5124,22955
s5124,16553
s5124,33218
s5124,28717
s5124,6470
s5124,13161
s5125,13345
s5125,16861
s5125,15142
s5125,10133
s5125,32985
s5125,28795
s5125,17130
s5125,7145
s5125,7678
s5125,32069
s5125,949
s5125,5089
s5125,7951
s5125,30442
s5125,24342
s5125,30350
s5125,15191
s5126,26529
s5126,23654
s5126,6416
s5126,30126
s5126,33331
s5126,15313
s5126,4464
s5126,22788
s5127,19359
s5127,30078
s5127,20626
s5127,17916
s5127,33475
s5127,1039
s5127,8062
s5127,23764
s5127,14071
s5127,21047
s5127,2582
s5128,16531
s5129,12263
s5129,32970
s5129,9658
s5129,36265
s5129,10403
s5129,35000
s5129,30787
s5129,20835
s5129,36086
s5129,17075
s5129,1647
s5129,1066
s5129,10476
s5129,9637
s5130,15065
s5130,33326
s5130,8093
s5130,34691
s5130,20443
s5130,18778
s5130,23088
s5131,14690
s5131,23477
s5131,27855
s5131,21017
s5131,23749
s5131,34742
s5131,32753
s5131,1807
s5132,23477
s5132,24216
s5132,13469
s5132,34390
s5132,11967
s5132,2444
s5132,1804
s5132,1807
s5132,254
s5132,19750
s5134,2531
s5134,16898
s5134,36281
s5134,6570
s5134,14069
s5134,28703
s5134,18748
s5134,741
s5134,5511
s5134,34932
s5135,7070
s5136,30490
s5136,2847
s5136,3135
s5136,5784
s5136,10300
s5136,17576
s5136,3772
s5136,26225
s5136,8296
s5136,21731
s5137,20042
s5137,24264
s5137,4649
s5137,24193
s5137,3176
s5137,22512
s5137,12838
s5137,23164
s5137,30279
s5137,35744
s5138,9269
s5138,16553
s5138,10045
s5138,10901
s5138,14712
s5138,11862
s5138,10273
s5138,15288
s5138,24338
s5139,7649
s5139,2262
s5139,12690
s5139,18022
s5139,13368
s5139,14694
s5139,7947
s5139,8590
s5139,8175
s5139,29897
s5139,4145
s5140,1878
s5140,10393
s5140,21346
s5140,30628
s5140,32434
s5140,29968
s5140,27325
s5140,10501
s5140,27045
s5140,28886
s5140,25137
s5141,27153
s5141,21656
s5141,17733
s5141,1922
s5141,3993
s5141,28703
s5141,22085
s5142,22052
s5142,27869
s5142,12830
s5142,12536
s5142,29943
s5143,15606
s5143,10670
s5143,15898
s5143,17524
s5143,28619
s5143,34931
s5143,26651
s5144,13126
s5144,22626
s5144,4114
s5144,34013
s5144,11568
s5144,11569
s5144,11761
s5144,8665
s5144,21383
s5145,8830
s5145,33810
s5145,29474
s5145,22083
s5145,11836
s5145,26485
s5145,32796
s5145,28165
s5146,32437
s5146,31660
s5146,19409
s5146,4261
s5146,30780
s5146,14410
s5146,1295
s5146,24938
s5147,1367
s5147,20817
s5147,29533
s5147,27394
s5147,12095
s5147,29532
s5147,29348
s5147,20866
s5147,23588
s5147,23994
s5148,14194
s5148,30423
s5148,7484
s5148,12560
s5148,22427
s5148,18021
s5148,5076
s5148,2364
s5148,13719
s5148,29610
s5149,11243
s5150,11835
s5150,28652
s5150,14682
s5150,12041
s5150,13602
s5150,23002
s5150,9588
s5150,29021
s5150,8237
s5150,31919
s5150,31742
s5150,28222
s5150,3236
s5150,31762
s5151,8036
s5151,25360
s5151,2114
s5151,15490
s5151,3110
s5151,15996
s5151,5522
s5151,357
s5151,5934
s5151,31217
s5151,32765
s5151,26275
s5151,26663
s5151,21409
s5151,5955
s5151,10288
s5151,14072
s5151,32303
s5151,34525
s5151,35149
s5151,7850
s5152,32220
s5152,4497
s5152,30993
s5152,31461
s5152,33973
s5152,29547
s5152,20220
s5152,27034
s5154,19612
s5154,16254
s5154,5933
s5154,5863
s5155,10971
s5155,25169
s5155,23390
s5155,9381
s5155,16999
s5155,35887
s5155,33714
s5155,17670
s5156,15817
s5156,28360
s5156,23233
s5156,33585
s5156,1147
s5156,30206
s5156,33664
s5156,8351
s5156,33779
s5156,34463
s5156,33562
s5156,28232
s5157,3841
s5157,20616
s5157,3888
s5157,35358
s5157,20051
s5157,27261
s5158,35314
s5158,16093
s5158,35301
s5159,3773
s5160,14704
s5160,23069
s5160,13794
s5160,30078
s5160,22664
s5160,33193
s5160,29477
s5160,32751
s5161,3214
s5161,19722
s5161,5851
s5161,27740
s5161,10049
s5162,4803
s5163,28458
s5164,28816
s5164,3971
s5164,1398
s5164,12907
s5165,15268
s5166,28469
s5166,17425
s5166,20148
s5166,3710
s5166,5582
s5166,273
s5166,20153
s5167,6649
s5167,17519
s5167,7030
s5167,15985
s5168,5311
s5168,14424
s5168,21851
s5168,11154
s5168,14468
s5168,28345
s5168,15998
s5170,35862
s5170,29772
s5170,35920
s5170,32632
s5170,29990
s5170,3376
s5170,31605
s5170,35863
s5170,21480
s5170,29120
s5170,16824
s5170,17098
s5170,20849
s5170,29325
s5170,12450
s5170,33704
s5170,35749
s5170,3597
s5171,18549
s5171,26254
s5171,1228
s5171,1223
s5171,13622
s5171,18421
s5172,8108
s5173,26004
s5173,6918
s5173,21146
s5173,25040
s5173,2090
s5173,21401
s5173,10021
s5173,29908
s5173,20298
s5173,24531
s5173,5630
s5174,7263
s5174,833
s5174,16839
s5174,33697
s5174,29149
s5174,32590
s5174,25170
s5174,34203
s5174,32623
s5174,25135
s5175,8155
s5175,5577
s5175,22573
s5175,31784
s5175,10001
s5175,17387
s5175,6071
s5175,32794
s5175,5020
s5175,10005
s5175,27653
s5175,5530
s5175,3957
s5175,11809
s5175,18427
s5176,21332
s5176,10897
s5176,21857
s5176,9146
s5176,1902
s5176,19470
s5176,4842
s5176,23517
s5176,16778
s5176,8115
s5176,36366
s5176,26063
s5176,17698
s5176,17871
s5176,29886
s5176,23388
s5176,15938
s5176,4645
s5176,337
s5176,33300
s5176,2264
s5176,8028
s5176,10892
s5176,14461
s5176,14882
s5176,16531
s5176,16553
s5176,35054
s5177,1288
s5178,8700
s5178,10185
s5178,21376
s5178,8432
s5178,15988
s5178,26284
s5178,35157
s5178,1496
s5178,9247
s5178,13240
s5179,24388
s5179,20597
s5179,18580
s5179,23508
s5179,29772
s5179,18526
s5179,20916
s5179,33059
s5179,29994
s5179,17669
s5179,16824
s5179,31042
s5179,29135
s5179,23487
s5179,28966
s5179,699
s5179,29336
s5180,15011
s5180,25528
s5180,6901
s5180,4276
s5180,28427
s5180,6373
s5180,11166
s5180,14570
s5180,18026
s5180,27667
s5181,23169
s5181,11305
s5181,34589
s5181,35805
s5181,3934
s5181,1594
s5181,7432
s5181,20643
s5181,29844
s5182,3992
s5182,17745
s5182,29426
s5182,9542
s5182,21333
s5182,35955
s5184,2389
s5184,3027
s5184,13277
s5184,3357
s5184,24522
s5184,34730
s5184,26295
s5184,27596
s5184,17211
s5184,2390
s5184,27282
s5184,29720
s5185,27044
s5185,551
s5185,24003
s5185,24453
s5185,24027
s5185,3926
s5186,29850
s5186,9281
s5186,26124
s5186,2551
s5186,27744
s5186,36043
s5186,17911
s5186,7871
s5187,34264
s5187,32119
s5187,34261
s5187,4367
s5187,1779
s5187,12605
s5187,13385
s5187,25665
s5187,13225
s5188,876
s5188,14536
s5188,935
s5188,13614
s5188,20398
s5188,10735
s5188,14385
s5188,26517
s5189,35535
s5189,12170
s5189,2854
s5189,25429
s5189,1327
s5189,20886
s5189,35783
s5189,27788
s5190,31727
s5190,21415
s5190,22287
s5191,23327
s5191,36223
s5192,32882
s5192,27068
s5192,6385
s5192,35499
s5192,9304
s5192,12891
s5192,2479
s5193,19650
s5193,6043
s5193,6101
s5193,32882
s5193,15447
s5193,10527
s5193,12980
s5193,911
s5194,14665
s5194,27068
s5194,26713
s5194,7257
s5194,36136
s5194,15447
s5194,9304
s5194,35387
s5194,35499
s5195,32882
s5195,15447
s5195,30674
s5195,27745
s5195,36221
s5195,28099
s5196,14665
s5196,7257
s5196,9623
s5196,9304
s5196,36208
s5196,731
s5196,36218
s5196,12891
s5196,36192
s5197,16528
s5198,9612
s5199,5543
s5199,25020
s5199,4230
s5199,13833
s5199,30190
s5199,28803
s5199,23658
s5199,25714
s5199,17641
s5199,11701
s5200,17032
s5200,25235
s5200,20071
s5200,23647
s5200,6309
s5200,27805
s5200,7876
s5200,22205
s5200,16276
s5200,4029
s5201,15299
s5201,22077
s5201,28853
s5201,30703
s5201,7914
s5201,10662
s5201,23299
s5201,11207
s5201,5171
s5201,24250
s5201,5906
s5201,25036
s5201,15528
s5201,7243
s5201,29250
s5201,26179
s5201,30147
s5201,27506
s5201,4726
s5201,19868
s5202,15422
s5203,12876
s5203,5525
s5203,18192
s5203,30565
s5203,2102
s5203,1516
s5203,11653
s5204,29601
s5204,18775
s5204,14841
s5204,34944
s5204,8277
s5204,33374
s5204,22882
s5204,4946
s5204,14144
s5204,7407
s5204,5816
s5204,36291
s5205,13807
s5206,23773
s5206,1596
s5206,12004
s5206,7431
s5206,25289
s5206,20436
s5206,7748
s5206,29012
s5206,10775
s5206,7363
s5206,13572
s5207,12994
s5207,23698
s5207,15095
s5207,28952
s5207,29879
s5207,24952
s5207,14494
s5207,13004
s5207,8059
s5207,15996
s5207,25496
s5207,8036
s5208,33214
s5208,23654
s5208,9099
s5208,17028
s5208,4471
s5208,4818
s5208,24469
s5209,6907
s5209,2304
s5209,31891
s5209,10789
s5209,10026
s5209,22063
s5211,17424
s5212,10841
s5212,5145
s5212,11152
s5212,30726
s5212,35077
s5212,15685
s5212,31310
s5213,27789
s5213,24756
s5213,16600
s5213,32472
s5213,10887
s5213,5823
s5213,19881
s5213,36351
s5213,34581
s5213,1724
s5214,26063
s5215,766
s5215,9841
s5215,34608
s5215,13277
s5215,10116
s5215,29723
s5215,32225
s5215,30610
s5215,27016
s5215,8367
s5216,17772
s5216,27863
s5216,20080
s5216,19229
s5216,10924
s5216,7596
s5216,15615
s5217,35031
s5217,10924
s5217,31913
s5217,33291
s5217,549
s5217,18857
s5217,2358
s5218,10453
s5218,8545
s5218,28746
s5218,11590
s5218,8208
s5218,13352
s5218,27364
s5219,18768
s5219,35190
s5219,33410
s5219,12351
s5220,19433
s5220,10700
s5220,16208
s5221,30547
s5221,25670
s5221,21358
s5221,30668
s5221,573
s5221,16957
s5221,20638
s5221,12605
s5222,29065
s5222,13036
s5223,614
s5223,20790
s5223,25242
s5223,24021
s5223,20834
s5223,24043
s5224,10975
s5224,9143
s5224,22500
s5224,25284
s5224,30408
s5224,30320
s5225,1120
s5227,29520
s5227,12241
s5227,16529
s5227,28362
s5227,3930
s5227,2111
s5227,9718
s5227,19563
s5227,17802
s5228,344
s5228,3999
s5228,9055
s5228,9509
s5228,11777
s5228,9804
s5228,5278
s5228,27748
s5228,7643
s5228,29328
s5228,290
s5229,12840
s5229,10483
s5229,29539
s5229,18068
s5229,173
s5230,14531
s5230,16755
s5230,23411
s5230,11750
s5230,33418
s5230,27473
s5231,6480
s5232,17634
s5232,23344
s5232,21972
s5232,30049
s5232,28226
s5232,12833
s5232,2967
s5232,16833
s5232,27847
s5233,3957
s5233,6071
s5233,7286
s5233,17709
s5233,15906
s5233,20301
s5233,14233
s5233,24765
s5233,28364
s5233,22966
s5235,28571
s5236,11728
s5236,13074
s5236,31538
s5236,30433
s5236,18820
s5236,12034
s5236,8369
s5236,10212
s5236,30343
s5236,4521
s5237,21480
s5237,16840
s5237,10968
s5237,34016
s5237,3525
s5237,35818
s5238,32796
s5238,3214
s5238,2063
s5238,32526
s5238,5651
s5238,27756
s5238,2179
s5238,1351
s5239,16199
s5239,14531
s5239,28509
s5239,26735
s5239,21929
s5239,5445
s5239,31146
s5239,11391
s5239,2080
s5239,23252
s5242,30115
s5242,34718
s5242,33921
s5242,30581
s5242,19722
s5243,6385
s5243,30674
s5243,9739
s5243,27864
s5243,36175
s5245,30087
s5245,15667
s5245,15922
s5245,8791
s5245,2720
s5245,19840
s5245,6949
s5246,17404
s5246,28378
s5246,28878
s5246,14847
s5246,28398
s5246,10178
s5246,28448
s5246,33376
s5246,14973
s5246,11157
s5246,32814
s5247,28957
s5247,28691
s5247,27745
s5247,36192
s5248,28957
s5248,32882
s5248,15063
s5248,30674
s5248,9623
s5248,24236
s5248,8088
s5248,25675
s5248,36192
s5249,28669
s5249,18476
s5249,28668
s5249,25306
s5249,17246
s5249,13211
s5249,19915
s5249,6940
s5249,12663
s5249,18876
s5249,22034
s5250,2935
s5250,25320
s5250,31381
s5251,1684
s5251,32174
s5251,5806
s5251,34970
s5251,12303
s5251,6345
s5251,35454
s5251,18161
s5251,31924
s5253,5339
s5253,4950
s5253,12688
s5253,5308
s5253,6123
s5255,10066
s5255,27267
s5255,34202
s5255,25111
s5256,28457
s5256,14281
s5256,4946
s5256,22196
s5256,13128
s5256,16553
s5256,26680
s5258,26135
s5259,28354
s5259,25959
s5259,14224
s5259,23400
s5260,29784
s5260,27866
s5260,28294
s5260,23429
s5260,12119
s5260,23298
s5261,20154
s5261,3319
s5261,12179
s5261,29798
s5261,146
s5261,7633
s5261,5356
s5261,5266
s5262,7789
s5262,31883
s5262,5674
s5262,21771
s5262,33288
s5262,17564
s5262,7083
s5262,7225
s5262,9178
s5262,13694
s5262,15557
s5262,18142
s5262,23197
s5262,30810
s5262,33902
s5262,8370
s5263,35759
s5263,27846
s5263,29134
s5263,35745
s5263,3631
s5263,17887
s5264,21147
s5264,22587
s5264,2712
s5264,1151
s5264,15479
s5264,28611
s5264,36273
s5265,23233
s5265,15817
s5265,28360
s5265,26027
s5265,23442
s5265,29864
s5265,30588
s5265,7417
s5265,12933
s5265,33562
s5266,4440
s5266,21500
s5266,5442
s5266,30246
s5266,13968
s5266,32991
s5266,15458
s5266,1006
s5267,18910
s5268,32113
s5268,14469
s5268,17641
s5268,15268
s5268,11589
s5268,35680
s5269,15011
s5270,10001
s5270,30581
s5270,17626
s5270,6692
s5270,6648
s5270,487
s5270,21892
s5270,26108
s5270,11160
s5271,31670
s5271,18536
s5271,31353
s5271,7698
s5271,31619
s5271,31671
s5271,18366
s5271,6060
s5271,24856
s5271,24993
s5273,26601
s5273,23221
s5273,28348
s5273,33930
s5274,2744
s5275,3202
s5275,17351
s5275,28044
s5275,19822
s5275,14283
s5275,1419
s5275,18905
s5275,9191
s5275,8167
s5275,15863
s5277,14706
s5278,24582
s5278,17421
s5278,15800
s5278,17704
s5278,1427
s5278,13986
s5278,18143
s5278,35784
s5278,27767
s5278,2617
s5278,26471
s5278,25985
s5279,957
s5279,9606
s5279,34483
s5279,20336
s5279,6774
s5280,10380
s5282,15468
s5283,3913
s5283,24363
s5283,34358
s5283,11022
s5283,14478
s5283,6899
s5283,35220
s5283,8421
s5284,21158
s5285,16338
s5285,33836
s5285,16032
s5285,29919
s5285,15059
s5285,1857
s5286,394
s5286,22455
s5286,33840
s5286,33485
s5286,14781
s5286,5694
s5286,5155
s5286,2553
s5286,916
s5286,28864
s5286,16023
s5286,30196
s5286,7080
s5287,26571
s5287,28237
s5287,22519
s5287,8455
s5287,19472
s5287,7442
s5287,2731
s5288,24931
s5288,26213
s5288,13173
s5288,31941
s5288,29787
s5288,17350
s5288,5279
s5288,36034
s5288,22982
s5288,22139
s5288,16244
s5289,7141
s5289,34006
s5289,20145
s5289,10424
s5289,12952
s5289,34457
s5289,5261
s5290,9423
s5290,26659
s5290,6047
s5290,10423
s5290,20227
s5290,10638
s5290,35269
s5290,9620
s5291,34740
s5291,8667
s5291,13823
s5291,31464
s5291,34742
s5291,30483
s5291,11967
s5291,28771
s5293,12804
s5293,32592
s5293,33462
s5293,35881
s5293,23340
s5293,32589
s5293,35747
s5293,17623
s5293,812
s5293,28226
s5293,17885
s5293,25055
s5293,12926
s5293,32611
s5294,12804
s5294,32592
s5294,33462
s5294,35881
s5294,35747
s5294,23340
s5294,32589
s5294,17623
s5294,35862
s5294,812
s5294,821
s5295,30092
s5295,16532
s5295,32310
s5295,9587
s5295,28918
s5295,14140
s5295,3367
s5295,33484
s5295,8561
s5295,15705
s5295,15005
s5295,19903
s5296,1958
s5297,27376
s5297,8728
s5297,30547
s5297,32753
s5297,18410
s5297,27398
s5297,11967
s5297,23741
s5298,35842
s5298,27871
s5298,10969
s5298,35734
s5298,12487
s5298,20912
s5299,33068
s5299,17563
s5299,21480
s5299,21973
s5299,25054
s5299,30935
s5299,7262
s5299,18444
s5299,28251
s5299,17102
s5299,17097
s5299,23481
s5299,32594
s5299,35876
s5299,18474
s5299,23108
s5299,822
s5299,18472
s5299,24214
s5299,2060
s5299,4735
s5299,4844
s5299,7787
s5299,7952
s5299,13082
s5299,18835
s5299,23096
s5299,35943
s5301,7640
s5301,20787
s5301,27855
s5301,10468
s5301,12605
s5301,13944
s5302,3214
s5302,10049
s5302,27740
s5302,18843
s5302,28234
s5302,34718
s5302,24789
s5302,30115
s5302,17463
s5303,345
s5303,10277
s5303,4842
s5303,25591
s5303,6313
s5303,8838
s5303,6708
s5303,34109
s5303,18828
s5303,5338
s5303,4598
s5303,29369
s5304,29733
s5304,36127
s5304,30547
s5304,8435
s5304,20638
s5304,25681
s5304,3305
s5304,573
s5304,23885
s5304,30732
s5305,23477
s5305,20682
s5305,32282
s5305,30525
s5305,25696
s5305,11967
s5305,1804
s5305,25201
s5305,13944
s5305,30614
s5306,34903
s5306,26344
s5306,4574
s5306,7341
s5306,957
s5306,10820
s5306,27057
s5306,22042
s5306,22968
s5306,22120
s5306,3128
s5306,14531
s5306,16380
s5306,9969
s5306,4721
s5306,23157
s5306,17916
s5306,26258
s5306,7128
s5306,26260
s5306,16509
s5306,15431
s5306,32658
s5306,2064
s5306,21080
s5306,8600
s5306,27718
s5306,4976
s5306,31785
s5306,10725
s5306,16500
s5306,19626
s5306,18550
s5306,21798
s5306,22231
s5306,22241
s5306,16181
s5306,11428
s5306,16501
s5306,16754
s5306,1007
s5306,10515
s5307,23778
s5307,20922
s5307,34171
s5307,8016
s5307,12298
s5307,35933
s5307,18145
s5309,28544
s5310,36127
s5310,26897
s5310,32753
s5310,26844
s5311,25548
s5311,7247
s5311,2053
s5311,25116
s5311,21117
s5311,3936
s5311,21202
s5311,12013
s5312,9288
s5312,7372
s5312,23187
s5312,3930
s5312,27495
s5312,22520
s5312,24786
s5312,22677
s5313,14096
s5314,19535
s5314,7483
s5314,36341
s5314,1483
s5314,25633
s5314,993
s5315,9372
s5316,29069
s5317,27448
s5317,7230
s5317,17395
s5317,32105
s5317,33475
s5317,19796
s5317,21609
s5317,4942
s5317,33010
s5317,29668
s5317,24653
s5318,22193
s5318,22303
s5318,33006
s5318,20296
s5318,9771
s5319,35175
s5319,24240
s5319,18937
s5319,21295
s5319,30726
s5319,26167
s5319,14457
s5320,20546
s5321,2130
s5321,28081
s5321,3214
s5321,22083
s5321,4763
s5321,26108
s5322,5895
s5322,18696
s5322,23191
s5322,10656
s5322,31124
s5322,9600
s5322,9389
s5322,15091
s5322,31218
s5322,27143
s5322,8160
s5322,28808
s5322,5538
s5322,9357
s5322,30100
s5323,23733
s5323,25225
s5323,4277
s5323,5992
s5324,25098
s5324,35175
s5324,11641
s5324,21837
s5324,6444
s5324,27056
s5324,33651
s5324,5585
s5324,5211
s5324,6715
s5324,28479
s5325,34028
s5325,13295
s5325,5114
s5325,36417
s5325,23984
s5325,10686
s5325,3586
s5325,6665
s5326,4589
s5326,24333
s5326,15749
s5326,15967
s5326,29898
s5326,23194
s5327,6901
s5328,35666
s5328,28231
s5328,27874
s5328,23497
s5328,27876
s5328,35897
s5328,35991
s5328,17034
s5328,23538
s5328,16844
s5328,21465
s5328,17161
s5328,33062
s5328,32603
s5328,33714
s5328,19764
s5329,34579
s5329,9204
s5329,3242
s5329,6759
s5329,17511
s5329,26571
s5329,14621
s5329,3478
s5329,35155
s5330,28459
s5330,7751
s5330,11562
s5330,11510
s5330,17689
s5330,22765
s5330,35245
s5330,22857
s5330,34845
s5330,22519
s5331,23957
s5331,30229
s5331,36394
s5331,28586
s5331,11427
s5331,33722
s5331,27821
s5331,8618
s5331,23975
s5331,16363
s5331,25635
s5332,21692
s5332,27815
s5332,8338
s5332,20113
s5332,9477
s5332,30097
s5332,13711
s5332,4792
s5332,7032
s5332,24530
s5332,8023
s5332,23362
s5333,21333
s5333,10841
s5333,6859
s5333,9058
s5333,22469
s5333,30116
s5333,96
s5333,1128
s5333,32997
s5333,15061
s5334,341
s5334,9478
s5334,13167
s5334,14154
s5334,28622
s5334,9892
s5334,33216
s5334,3871
s5334,11840
s5334,35485
s5335,26870
s5335,27481
s5335,2848
s5335,32671
s5335,29976
s5335,27465
s5335,24225
s5335,32021
s5336,26870
s5336,27481
s5336,2848
s5336,32671
s5336,29976
s5336,27465
s5336,24225
s5336,32021
s5337,26870
s5337,27481
s5337,2848
s5337,32671
s5337,29976
s5337,27465
s5337,24225
s5337,32021
s5338,26870
s5338,27481
s5338,2848
s5338,32671
s5338,29976
s5338,24225
s5338,27465
s5338,32043
s5339,26870
s5339,27481
s5339,2848
s5339,32671
s5339,29976
s5339,24225
s5339,27465
s5339,32043
s5340,26870
s5340,27481
s5340,2848
s5340,32671
s5340,29976
s5340,24225
s5340,27465
s5340,32043
s5341,19090
s5341,33989
s5341,9942
s5341,3957
s5341,11809
s5341,13722
s5341,15288
s5341,5054
s5341,28610
s5341,10901
s5341,33923
s5341,23118
s5342,14704
s5342,13794
s5342,23069
s5342,30078
s5342,22664
s5342,33193
s5342,10810
s5342,24608
s5343,909
s5344,5005
s5344,11907
s5345,5751
s5345,20440
s5345,33006
s5345,1309
s5345,24281
s5345,33557
s5345,7298
s5345,31074
s5346,9486
s5346,18936
s5346,12082
s5346,22843
s5346,29836
s5346,16265
s5346,13955
s5346,4131
s5346,15718
s5346,21591
s5346,14300
s5346,31306
s5346,24935
s5346,29564
s5346,15529
s5346,17802
s5346,6568
s5346,1595
s5346,11
s5346,21318
s5346,9977
s5346,36076
s5346,7927
s5346,6368
s5346,1858
s5346,26185
s5346,14482
s5346,345
s5346,23660
s5346,22958
s5346,28014
s5346,8051
s5346,18637
s5347,21721
s5347,9628
s5347,10786
s5347,13613
s5347,24573
s5347,23380
s5347,26336
s5347,6893
s5347,4055
s5348,15094
s5348,32882
s5348,33226
s5348,14758
s5348,35424
s5348,2479
s5348,36221
s5348,35499
s5349,5013
s5349,15207
s5349,35587
s5349,32174
s5349,1504
s5349,13998
s5349,6609
s5349,4452
s5350,33226
s5350,13801
s5350,21297
s5350,17410
s5350,12976
s5350,731
s5350,27697
s5350,36175
s5351,1223
s5351,10646
s5351,20920
s5351,1060
s5351,36286
s5351,13222
s5352,10677
s5352,24639
s5352,2171
s5352,22891
s5352,23535
s5352,28912
s5352,14558
s5352,21613
s5352,14213
s5352,2951
s5352,1841
s5353,18981
s5353,10162
s5353,12544
s5353,11841
s5354,6216
s5354,9795
s5354,14299
s5354,14296
s5354,9970
s5354,4415
s5354,3235
s5354,10226
s5354,18380
s5354,234
s5355,27306
s5355,35454
s5355,15888
s5355,5801
s5355,6030
s5356,27052
s5356,26254
s5356,8749
s5356,1057
s5356,10313
s5356,20921
s5357,6395
s5357,6052
s5357,11841
s5357,10162
s5357,35574
s5357,8289
s5358,22392
s5359,33827
s5359,1551
s5359,2602
s5359,32885
s5359,28353
s5359,26189
s5359,13695
s5359,19165
s5359,19561
s5359,4776
s5360,17724
s5360,19725
s5360,33050
s5360,9741
s5360,26417
s5360,354
s5360,5131
s5360,13803
s5360,13535
s5360,27154
s5361,16502
s5361,1794
s5361,24797
s5361,9527
s5361,10822
s5361,27463
s5361,19810
s5361,33871
s5361,5260
s5361,23167
s5361,24309
s5361,24566
s5362,22959
s5362,3842
s5362,1921
s5362,22255
s5362,26338
s5362,12713
s5362,13107
s5362,11724
s5362,25066
s5363,20205
s5363,28957
s5363,26713
s5363,7745
s5363,7176
s5363,3919
s5364,6360
s5364,28022
s5364,17455
s5364,22062
s5365,14628
s5365,9615
s5365,6559
s5365,1405
s5365,27296
s5365,31003
s5365,214
s5365,34443
s5365,1781
s5365,17060
s5366,33487
s5366,23398
s5366,20332
s5366,24678
s5366,28782
s5366,28765
s5366,28615
s5366,25973
s5367,28452
s5369,15131
s5369,6360
s5369,18937
s5369,25174
s5369,32663
s5369,36018
s5369,29863
s5369,35164
s5369,32313
s5369,22459
s5370,15530
s5372,429
s5373,2968
s5374,21174
s5374,4966
s5374,25196
s5374,25509
s5374,20405
s5374,32991
s5374,10607
s5374,16467
s5374,28609
s5374,16189
s5375,21928
s5375,26806
s5375,24261
s5375,24009
s5375,11879
s5375,12015
s5375,5700
s5375,31502
s5375,21717
s5376,4743
s5376,32933
s5376,12405
s5376,8155
s5376,26620
s5376,19422
s5376,13700
s5376,24710
s5376,29100
s5376,6736
s5378,19761
s5378,17641
s5378,5533
s5378,19729
s5378,1174
s5378,19688
s5378,4929
s5378,19563
s5378,17493
s5379,7225
s5380,33607
s5381,31772
s5381,14
s5381,7382
s5381,11895
s5381,7094
s5381,19030
s5381,6366
s5381,1902
s5381,8189
s5381,33218
s5381,8783
s5382,1631
s5382,1748
s5382,31423
s5382,14196
s5382,31724
s5382,6008
s5382,27854
s5382,1905
s5382,24881
s5382,27989
s5382,9322
s5382,2032
s5382,20522
s5382,31650
s5382,9980
s5382,7682
s5382,25387
s5382,29820
s5382,28138
s5383,27299
s5383,33297
s5383,20492
s5383,8654
s5383,35500
s5384,6033
s5384,26478
s5384,9009
s5384,27073
s5384,19660
s5384,35473
s5384,35761
s5384,35813
s5385,10955
s5385,24962
s5385,35810
s5385,36213
s5385,10958
s5385,10522
s5385,20230
s5385,27077
s5386,32907
s5386,25917
s5386,1581
s5386,15294
s5386,4921
s5386,21609
s5386,33475
s5386,1020
s5387,7635
s5387,23076
s5387,32923
s5387,12535
s5387,20494
s5387,24251
s5387,33892
s5387,17636
s5387,36219
s5387,35809
s5388,10824
s5388,6741
s5388,21437
s5388,22037
s5388,28951
s5388,25398
s5389,9919
s5389,35512
s5389,22562
s5389,30059
s5389,4085
s5389,22688
s5389,3603
s5389,30304
s5389,36379
s5389,32186
s5390,24948
s5390,354
s5390,9741
s5390,1838
s5390,5427
s5390,922
s5390,12327
s5390,19753
s5390,16685
s5390,9643
s5391,6562
s5391,28957
s5391,8427
s5391,36208
s5391,36192
s5391,25675
s5391,35410
s5391,5537
s5392,34882
s5392,32203
s5392,26955
s5392,4380
s5392,11099
s5392,36302
s5392,16957
s5392,27500
s5393,17387
s5393,30163
s5393,12494
s5393,26240
s5393,5889
s5393,19108
s5393,17515
s5393,24100
s5393,32794
s5393,3255
s5394,14665
s5394,9623
s5394,36218
s5394,6562
s5394,7257
s5394,11980
s5395,12312
s5396,36403
s5396,3935
s5396,1383
s5396,32987
s5396,30360
s5396,34147
s5396,12066
s5396,10587
s5396,28654
s5396,3540
s5397,27127
s5397,12640
s5397,27403
s5397,34742
s5397,3305
s5397,25681
s5397,9027
s5397,5795
s5397,32094
s5397,22431
s5398,6220
s5398,77
s5398,21905
s5399,24436
s5399,11265
s5399,21127
s5399,23890
s5400,28691
s5400,30746
s5400,35839
s5400,1557
s5401,30547
s5401,17065
s5401,18958
s5401,25886
s5401,29359
s5401,26934
s5401,27577
s5401,4381
s5401,3915
s5401,27599
s5402,14665
s5402,26010
s5402,12976
s5402,31607
s5402,12892
s5402,35410
s5402,6046
s5403,21500
s5403,1935
s5403,16360
s5403,5104
s5403,10786
s5403,25659
s5403,8019
s5404,6562
s5404,15063
s5404,2479
s5404,17410
s5404,36192
s5404,28099
s5405,6035
s5405,27745
s5405,8427
s5405,35962
s5406,36261
s5406,10434
s5406,19650
s5406,32882
s5406,9623
s5406,10527
s5406,15015
s5407,28957
s5407,6043
s5407,32882
s5407,2018
s5407,35387
s5407,16318
s5407,36218
s5408,12088
s5408,32882
s5408,14665
s5408,9623
s5408,36010
s5408,36192
s5408,34839
s5408,13145
s5408,35410
s5409,23477
s5409,29306
s5409,31434
s5409,26952
s5409,11967
s5409,27028
s5409,12782
s5409,15886
s5409,35934
s5409,34200
s5410,28691
s5410,27745
s5410,31607
s5410,35410
s5410,6043
s5410,6035
s5410,35499
s5410,9304
s5410,8332
s5411,18389
s5411,15063
s5411,35387
s5411,6046
s5411,9304
s5411,5654
s5411,31607
s5412,32984
s5412,33738
s5412,9395
s5412,13464
s5412,23958
s5412,1890
s5412,10588
s5412,16164
s5412,5487
s5412,11692
s5412,16464
s5413,21027
s5413,15532
s5413,33204
s5413,30764
s5413,22148
s5413,18437
s5413,12
s5413,25673
s5413,20064
s5413,14850
s5413,14675
s5414,24189
s5414,4337
s5414,31570
s5414,17286
s5414,26854
s5414,4917
s5414,20317
s5414,22539
s5414,4677
s5414,21287
s5414,4453
s5415,22482
s5415,10970
s5415,23111
s5415,35669
s5415,3013
s5415,28206
s5415,27847
s5415,29127
s5415,16835
s5415,25130
s5416,33317
s5416,13996
s5416,1883
s5416,26105
s5416,31958
s5416,5099
s5416,19761
s5416,35714
s5416,30904
s5416,7484
s5416,8459
s5416,35311
s5416,11472
s5417,6313
s5418,14092
s5418,36046
s5418,9797
s5418,5891
s5418,3478
s5418,7764
s5418,19553
s5418,14736
s5418,14261
s5418,690
s5420,3930
s5420,12190
s5420,32896
s5420,24219
s5420,2488
s5420,17490
s5420,4858
s5420,18361
s5420,34100
s5421,43
s5421,29332
s5421,10486
s5421,29767
s5421,2875
s5421,36074
s5421,32082
s5421,28310
s5422,9744
s5422,18853
s5422,27937
s5422,16050
s5422,734
s5422,15053
s5422,3248
s5423,10049
s5423,29474
s5423,2063
s5423,3214
s5423,13154
s5423,4763
s5423,19391
s5423,22083
s5424,9942
s5424,14609
s5424,21332
s5424,14694
s5424,11896
s5424,5341
s5424,26186
s5424,16336
s5425,28786
s5426,7882
s5426,11443
s5426,11894
s5426,9778
s5426,6698
s5426,23015
s5426,5030
s5426,7971
s5426,1710
s5426,32785
s5426,35109
s5426,14477
s5429,12493
s5429,1584
s5429,15111
s5429,9342
s5429,17372
s5429,29964
s5429,4895
s5429,4327
s5429,21166
s5429,32399
s5429,14444
s5429,29519
s5429,35036
s5429,1587
s5429,181
s5429,19905
s5430,15392
s5430,3141
s5430,32514
s5430,11672
s5430,20569
s5430,35654
s5430,22365
s5430,4410
s5431,21237
s5432,16029
s5433,24688
s5433,15802
s5434,15359
s5434,18868
s5434,32542
s5434,11445
s5435,15360
s5435,23330
s5435,13344
s5435,11462
s5436,12110
s5436,32200
s5436,23332
s5436,16817
s5436,16818
s5436,13094
s5436,21001
s5436,30864
s5436,12860
s5436,13342
s5437,15194
s5437,31544
s5437,23329
s5437,15197
s5438,15504
s5438,20474
s5438,15383
s5438,34499
s5438,12218
s5439,32543
s5439,31545
s5439,30340
s5439,32542
s5439,35778
s5440,30447
s5440,16073
s5440,35601
s5440,4460
s5440,13957
s5440,16095
s5441,4049
s5441,27308
s5441,28332
s5441,337
s5441,28710
s5441,15800
s5441,35348
s5441,31785
s5441,21631
s5441,13503
s5441,2314
s5442,30469
s5442,20919
s5442,12437
s5442,24
s5442,30926
s5442,30018
s5443,13260
s5443,6015
s5443,16674
s5443,32227
s5443,34479
s5443,7920
s5443,36052
s5443,35560
s5443,11124
s5444,20398
s5444,14536
s5444,36330
s5444,17312
s5444,5386
s5444,27988
s5444,25983
s5444,9242
s5444,23145
s5444,9711
s5445,26663
s5445,15996
s5445,488
s5445,7336
s5445,20201
s5445,16672
s5445,1767
s5446,35133
s5446,8035
s5446,29027
s5446,11325
s5446,19806
s5446,33917
s5446,28481
s5446,21568
s5446,22186
s5446,12554
s5446,18438
s5446,29187
s5446,6570
s5446,23352
s5446,14703
s5447,18490
s5447,18870
s5447,35831
s5447,13076
s5447,13343
s5447,12860
s5448,29306
s5448,20997
s5448,23627
s5448,30634
s5448,29259
s5448,16987
s5449,27142
s5450,29674
s5450,2602
s5450,1428
s5450,1840
s5450,23944
s5450,2995
s5450,7327
s5450,31815
s5450,11624
s5450,33457
s5451,5164
s5452,27142
s5453,14596
s5453,1967
s5453,3344
s5453,23440
s5454,22540
s5454,24564
s5454,3058
s5454,25492
s5454,14300
s5454,6508
s5454,24029
s5454,34414
s5454,35143
s5454,16682
s5455,13576
s5455,11499
s5455,15453
s5455,5469
s5455,1253
s5455,21257
s5455,16433
s5455,7202
s5456,8204
s5456,10461
s5456,27311
s5456,30490
s5456,30982
s5456,32046
s5456,25783
s5456,27255
s5456,30005
s5458,32882
s5458,15447
s5458,36182
s5458,25675
s5458,832
s5459,29697
s5459,14922
s5459,32545
s5459,35692
s5459,31348
s5459,34949
s5459,31637
s5459,15361
s5459,35605
s5460,29435
s5461,30490
s5461,8204
s5461,14519
s5461,2833
s5461,1804
s5461,33522
s5461,33432
s5461,29239
s5461,33313
s5461,16987
s5462,30547
s5462,34882
s5462,27349
s5462,782
s5462,12605
s5462,19402
s5462,25886
s5462,32054
s5462,32190
s5462,27577
s5463,8639
s5463,23870
s5463,27855
s5463,20997
s5463,31323
s5463,11967
s5464,9242
s5464,16360
s5464,21721
s5464,5409
s5464,9880
s5464,26639
s5464,13589
s5464,33729
s5464,9708
s5465,31374
s5465,19070
s5465,12334
s5465,954
s5465,19202
s5465,32502
s5465,31516
s5465,7878
s5465,31414
s5465,19071
s5466,13016
s5466,30674
s5466,14665
s5466,27745
s5466,36192
s5466,13145
s5467,27142
s5469,29886
s5470,29306
s5470,30496
s5470,17152
s5470,31002
s5470,28106
s5470,29991
s5470,32277
s5470,19793
s5471,18830
s5471,3976
s5471,31271
s5471,19821
s5471,25123
s5471,13744
s5471,14229
s5471,15777
s5471,9892
s5471,29465
s5471,6229
s5471,2078
s5471,3878
s5471,32905
s5471,25600
s5471,4637
s5473,30490
s5473,20812
s5473,24436
s5473,23607
s5473,30728
s5473,31021
s5473,31023
s5473,3386
s5473,24205
s5473,13958
s5473,32225
s5474,4590
s5474,33827
s5474,9838
s5474,15788
s5474,30078
s5474,2718
s5474,35156
s5475,25296
s5475,22732
s5475,33173
s5475,13114
s5475,29035
s5475,20190
s5475,10236
s5475,9691
s5476,12465
s5477,32592
s5477,17098
s5477,31605
s5477,17618
s5477,20995
s5477,3523
s5477,25051
s5477,35881
s5477,812
s5477,29772
s5478,30218
s5479,18912
s5481,33902
s5482,30490
s5482,24216
s5482,34231
s5482,20980
s5482,30547
s5482,8444
s5482,33432
s5482,2444
s5482,2442
s5482,27398
s5483,30490
s5483,32040
s5483,8217
s5483,28284
s5483,29983
s5483,2442
s5483,11689
s5483,33313
s5483,27618
s5483,24216
s5484,14778
s5484,28233
s5484,4934
s5484,1866
s5484,29063
s5484,28803
s5484,5553
s5484,21709
s5484,24468
s5486,30490
s5486,16562
s5486,34826
s5486,25746
s5486,27028
s5486,33432
s5486,8444
s5486,11967
s5486,1807
s5486,3140
s5487,32860
s5487,17289
s5487,11258
s5487,31208
s5487,21763
s5487,26298
s5487,36118
s5487,2517
s5487,19465
s5487,15384
s5488,30906
s5488,15098
s5488,4334
s5488,29757
s5488,12931
s5488,22119
s5488,14562
s5488,27729
s5488,8275
s5489,7649
s5489,2262
s5489,18022
s5489,13368
s5489,14694
s5489,22235
s5490,28627
s5491,16618
s5491,2078
s5491,10130
s5491,29015
s5491,31178
s5491,31871
s5491,28106
s5491,8014
s5491,24638
s5491,15070
s5492,28442
s5492,2301
s5492,7445
s5492,21602
s5492,2173
s5492,22021
s5492,28050
s5492,4612
s5492,28165
s5492,24040
s5492,31513
s5493,25139
s5494,14710
s5494,24313
s5494,1865
s5494,31955
s5494,6511
s5494,9190
s5494,33383
s5494,4588
s5494,19254
s5494,3469
s5495,27780
s5495,30109
s5495,1096
s5495,11276
s5495,15089
s5495,9803
s5496,21102
s5497,24548
s5497,4303
s5497,23109
s5498,21332
s5499,31286
s5499,12972
s5499,30260
s5499,34158
s5499,24996
s5499,13377
s5500,24216
s5500,30490
s5500,26829
s5500,2833
s5500,27465
s5500,3501
s5500,23909
s5501,30490
s5501,31460
s5501,27369
s5501,29259
s5501,18405
s5501,3658
s5501,13566
s5501,32230
s5501,11965
s5502,20302
s5502,755
s5502,36017
s5502,34696
s5502,23044
s5502,24083
s5502,21452
s5502,3829
s5502,8258
s5503,28676
s5503,5949
s5503,14026
s5503,5242
s5503,386
s5503,31599
s5503,13112
s5505,29848
s5505,20433
s5505,5822
s5505,30383
s5505,8294
s5505,16610
s5505,4887
s5505,36290
s5505,19155
s5505,24187
s5506,30915
s5506,8504
s5506,31098
s5506,28276
s5507,32225
s5508,36321
s5508,9802
s5508,30376
s5508,4995
s5508,13244
s5508,32495
s5508,11879
s5508,23242
s5510,20479
s5510,34151
s5510,12090
s5510,3640
s5510,12092
s5511,32014
s5511,12583
s5511,14566
s5511,15196
s5511,30864
s5512,28616
s5513,24902
s5513,11174
s5513,23654
s5513,20631
s5513,25917
s5513,13809
s5513,28405
s5514,10218
s5514,13934
s5514,10213
s5514,12093
s5514,30861
s5514,18794
s5515,28576
s5515,3939
s5515,26336
s5515,20376
s5515,25983
s5515,25211
s5515,15152
s5515,10605
s5516,1378
s5516,30490
s5516,13436
s5516,35518
s5516,11235
s5516,27313
s5516,28649
s5516,3383
s5516,18744
s5516,2281
s5516,1374
s5516,443
s5517,31871
s5517,2078
s5517,11149
s5517,28419
s5517,8371
s5517,21183
s5517,19178
s5518,28412
s5518,14892
s5518,5501
s5518,6893
s5518,7039
s5518,14583
s5518,8012
s5519,34763
s5520,32887
s5520,6882
s5520,16463
s5520,17466
s5520,31684
s5520,23212
s5521,4883
s5521,9581
s5521,15900
s5521,1562
s5523,24642
s5523,20045
s5523,12665
s5523,11640
s5523,24530
s5523,3883
s5523,29575
s5523,11721
s5524,6366
s5524,22281
s5524,8623
s5524,7237
s5525,5189
s5525,11777
s5525,23019
s5525,23187
s5525,21291
s5525,20161
s5525,27187
s5525,7422
s5526,17698
s5526,17871
s5527,19809
s5527,19945
s5527,20170
s5527,28928
s5527,5968
s5527,22883
s5527,35268
s5527,10346
s5527,22313
s5527,21782
s5528,19809
s5528,19945
s5528,20170
s5528,9710
s5528,22883
s5528,21782
s5528,35268
s5528,10346
s5528,22268
s5528,25410
s5528,5968
s5528,23268
s5529,19809
s5529,19945
s5529,33322
s5529,26633
s5529,5968
s5529,20170
s5529,4039
s5529,22313
s5529,18566
s5529,22883
s5529,10346
s5529,35268
s5530,20345
s5530,14411
s5530,20246
s5530,3759
s5530,11477
s5530,26726
s5530,10683
s5531,405
s5531,3733
s5531,28108
s5531,31411
s5531,13459
s5531,1382
s5531,36072
s5531,4164
s5531,9905
s5532,5949
s5532,11933
s5532,2604
s5532,26046
s5532,7330
s5532,35369
s5532,34703
s5533,9256
s5533,23074
s5533,10524
s5533,1609
s5534,344
s5534,14837
s5534,17997
s5534,33032
s5534,28354
s5534,6901
s5534,24714
s5534,18979
s5534,3088
s5534,14212
s5535,23150
s5535,5670
s5535,754
s5535,27889
s5535,21509
s5535,34324
s5535,8067
s5535,1939
s5535,21080
s5535,25259
s5536,17992
s5536,8817
s5536,12185
s5536,9153
s5536,7971
s5537,6942
s5537,16881
s5537,5639
s5537,6320
s5537,34123
s5537,22306
s5537,3464
s5537,26519
s5537,24772
s5537,17027
s5538,8867
s5538,24082
s5538,35465
s5538,35712
s5539,16850
s5539,30539
s5539,12710
s5539,31302
s5539,33926
s5539,16440
s5539,35435
s5539,15339
s5539,11472
s5539,17971
s5539,31730
s5539,31061
s5539,9944
s5539,23041
s5539,20996
s5540,21420
s5540,15463
s5540,15467
s5541,14000
s5541,754
s5541,15529
s5541,17651
s5541,24727
s5542,20160
s5543,35554
s5543,3820
s5543,36349
s5543,23913
s5543,30254
s5543,3605
s5543,34046
s5543,30361
s5544,36154
s5544,7453
s5544,26289
s5544,10594
s5544,16652
s5545,19031
s5545,22415
s5545,18991
s5545,2812
s5545,18890
s5545,28162
s5545,28868
s5545,2027
s5546,34742
s5546,27855
s5546,34740
s5546,12605
s5546,20638
s5546,4620
s5547,7988
s5547,8574
s5547,28839
s5547,33079
s5547,12254
s5547,4309
s5548,1820
s5548,2946
s5548,25875
s5548,11223
s5548,3352
s5548,32415
s5548,30999
s5548,34197
s5548,30921
s5548,16564
s5550,30665
s5550,32119
s5550,22507
s5550,32054
s5550,2444
s5550,29321
s5550,20572
s5550,20606
s5550,1804
s5550,27444
s5551,1923
s5551,5274
s5551,20610
s5551,5442
s5551,15954
s5551,30246
s5551,13615
s5551,2783
s5551,15458
s5551,1918
s5551,9601
s5552,908
s5552,16719
s5552,34253
s5552,9629
s5552,532
s5552,7361
s5552,9447
s5553,21500
s5553,20398
s5553,16389
s5553,6745
s5553,16375
s5553,13406
s5553,20353
s5554,4841
s5555,31949
s5555,11957
s5555,19225
s5555,10807
s5555,26123
s5555,22677
s5556,7917
s5556,3303
s5556,10584
s5556,21630
s5556,9545
s5556,4727
s5557,14484
s5557,28767
s5557,28457
s5557,28233
s5557,15057
s5557,28700
s5558,15403
s5559,14421
s5559,17485
s5559,835
s5559,14727
s5559,28067
s5559,31214
s5559,1096
s5559,23419
s5560,10544
s5561,23763
s5562,22579
s5562,16291
s5562,34700
s5562,16837
s5562,345
s5562,26464
s5562,29373
s5562,28777
s5563,7789
s5564,20916
s5564,17033
s5564,35881
s5564,2864
s5564,17618
s5564,17840
s5564,23343
s5564,33057
s5565,31840
s5565,12376
s5565,14413
s5565,21027
s5565,20078
s5566,27153
s5566,3218
s5566,29957
s5566,7604
s5566,8035
s5566,33331
s5566,23451
s5566,3128
s5566,30641
s5566,4923
s5566,18394
s5566,23934
s5566,18990
s5567,16662
s5567,11624
s5567,14815
s5567,34093
s5567,10866
s5567,31764
s5567,8912
s5567,15763
s5567,15852
s5569,24115
s5569,35771
s5569,14921
s5569,16094
s5569,15363
s5569,18820
s5569,30864
s5569,7248
s5569,30443
s5569,23955
s5570,24193
s5570,33063
s5570,12886
s5571,2700
s5571,34373
s5571,12620
s5571,9804
s5571,14180
s5571,29611
s5571,14770
s5571,16219
s5571,24744
s5571,32365
s5572,30490
s5572,17222
s5572,7640
s5572,27282
s5572,12945
s5572,11439
s5572,32026
s5572,34199
s5572,31549
s5573,26004
s5573,6918
s5573,32455
s5573,20298
s5573,26709
s5573,28708
s5573,29910
s5573,20191
s5574,7388
s5574,31216
s5575,30490
s5575,16562
s5575,13823
s5575,24970
s5575,8638
s5575,29293
s5575,32279
s5575,4182
s5575,3672
s5575,799
s5577,15292
s5578,7427
s5578,17312
s5578,1244
s5578,8046
s5578,6717
s5578,937
s5578,4975
s5578,27998
s5578,21118
s5578,21144
s5579,4743
s5579,32933
s5579,12405
s5579,16883
s5579,8155
s5579,26620
s5579,19422
s5579,13700
s5579,24710
s5579,29100
s5579,6736
s5580,33943
s5580,1305
s5580,33932
s5580,31882
s5580,8109
s5580,28868
s5580,30357
s5580,33868
s5580,20958
s5580,25241
s5580,8079
s5580,23468
s5580,24060
s5580,6443
s5580,13316
s5580,27555
s5581,18883
s5581,31340
s5581,11462
s5581,5809
s5581,15186
s5581,32544
s5581,24114
s5582,18882
s5582,22667
s5582,3935
s5582,10448
s5582,36014
s5582,668
s5582,32725
s5582,30315
s5582,36417
s5582,841
s5582,8469
s5582,29358
s5583,1864
s5584,23898
s5584,4383
s5584,30296
s5584,10067
s5584,17113
s5584,19594
s5584,3580
s5584,30312
s5584,34183
s5584,36418
s5584,35623
s5584,13573
s5585,31681
s5585,34527
s5586,19295
s5586,15192
s5586,13930
s5586,12696
s5586,35465
s5586,6277
s5587,23187
s5588,15651
s5588,31453
s5588,32555
s5588,24205
s5588,419
s5588,34651
s5588,25950
s5588,11286
s5588,27311
s5588,10918
s5588,4528
s5589,15147
s5589,19125
s5589,7101
s5589,1895
s5589,16434
s5589,2990
s5589,17303
s5589,5993
s5589,20286
s5589,6310
s5589,28488
s5590,6813
s5590,21255
s5590,33166
s5590,10386
s5590,10370
s5590,2798
s5590,10989
s5590,1953
s5590,11530
s5590,3424
s5591,22540
s5591,9441
s5591,8065
s5591,14288
s5591,8461
s5591,6511
s5591,28433
s5591,11170
s5592,4057
s5592,22375
s5592,2217
s5592,27997
s5592,1552
s5592,1035
s5592,31383
s5592,15898
s5592,2626
s5592,25544
s5592,26204
s5592,7163
s5592,19908
s5593,18793
s5593,7248
s5593,31342
s5593,5093
s5593,22698
s5594,1559
s5594,36151
s5594,5065
s5594,34205
s5594,9167
s5594,25609
s5594,22669
s5594,5066
s5594,35958
s5594,30297
s5595,33945
s5596,4438
s5596,2782
s5596,34513
s5596,21151
s5596,24410
s5596,2220
s5596,16360
s5596,20610
s5596,25656
s5596,30377
s5597,7814
s5598,21807
s5598,16162
s5598,531
s5598,22636
s5598,8614
s5598,6709
s5598,31362
s5598,19522
s5598,28199
s5598,3865
s5598,11391
s5599,32201
s5599,15197
s5599,6714
s5599,15352
s5600,15651
s5600,8735
s5600,31010
s5600,24986
s5600,30610
s5600,24341
s5601,26491
s5601,19457
s5601,19814
s5601,9217
s5601,21668
s5601,26531
s5601,27850
s5601,34162
s5602,31341
s5602,23328
s5602,18129
s5602,7239
s5602,30440
s5602,30863
s5604,16071
s5604,4462
s5604,7241
s5604,35595
s5604,18131
s5604,15356
s5604,10220
s5605,2810
s5605,20365
s5605,29024
s5605,27715
s5605,21081
s5605,10752
s5605,26737
s5605,1425
s5606,9395
s5606,4053
s5606,25215
s5606,30388
s5606,31151
s5606,10184
s5606,2772
s5606,25634
s5607,4480
s5607,1703
s5607,24313
s5607,1139
s5607,31689
s5607,2262
s5607,9146
s5607,8035
s5607,19051
s5607,16778
s5607,28014
s5607,31936
s5607,9144
s5607,31763
s5607,33475
s5607,34034
s5607,18027
s5607,24336
s5608,17457
s5609,35647
s5609,11728
s5609,34150
s5609,12111
s5609,11729
s5609,12237
s5610,17684
s5610,28275
s5610,23433
s5610,32642
s5610,29992
s5610,17837
s5610,23479
s5610,30429
s5610,12451
s5610,29117
s5610,35855
s5610,17615
s5610,35901
s5611,28182
s5611,8755
s5611,33529
s5611,15399
s5611,33531
s5611,2113
s5611,24952
s5611,2237
s5611,17953
s5611,28652
s5611,8568
s5611,3236
s5611,1199
s5611,21020
s5612,4076
s5614,22764
s5614,2264
s5614,35141
s5614,17869
s5614,22351
s5614,345
s5614,14300
s5614,4928
s5614,31234
s5614,22957
s5614,33372
s5614,4484
s5614,21850
s5614,2262
s5614,6923
s5614,8037
s5614,27495
s5614,29886
s5614,21874
s5614,10892
s5614,22156
s5614,22341
s5614,20156
s5614,6762
s5614,17366
s5614,3782
s5614,36045
s5614,5570
s5614,29885
s5614,15322
s5614,20415
s5614,834
s5614,9939
s5614,30085
s5614,24778
s5614,7794
s5614,33351
s5614,23206
s5614,23402
s5614,6366
s5614,29341
s5615,7537
s5616,15669
s5616,28868
s5616,11650
s5616,8105
s5616,17715
s5616,25118
s5616,33501
s5617,30490
s5617,17042
s5617,18680
s5617,16974
s5617,34392
s5617,4528
s5617,15886
s5617,34397
s5617,29723
s5617,34740
s5617,23866
s5617,25747
s5617,30696
s5618,30490
s5618,8227
s5618,208
s5618,31527
s5618,4528
s5618,34820
s5619,24436
s5619,31056
s5619,12355
s5619,13461
s5619,33966
s5619,23614
s5620,21920
s5620,23252
s5620,16146
s5620,2022
s5620,16452
s5620,32494
s5620,5368
s5620,15468
s5621,10795
s5621,13609
s5621,5275
s5621,25642
s5621,3430
s5622,36140
s5622,5797
s5622,31641
s5622,9682
s5622,295
s5622,35179
s5622,1038
s5622,20280
s5623,4272
s5624,32976
s5624,1951
s5624,10138
s5624,8039
s5624,15307
s5624,18943
s5625,33192
s5625,33231
s5625,10880
s5625,25305
s5625,297
s5626,4295
s5626,20870
s5626,28782
s5626,23399
s5626,16107
s5626,5883
s5626,3568
s5627,19535
s5627,5483
s5627,6187
s5627,1569
s5627,23410
s5627,28506
s5627,26224
s5627,9076
s5627,26980
s5627,11050
s5627,21922
s5628,7108
s5629,11082
s5630,32777
s5630,18442
s5630,2086
s5630,1774
s5630,26795
s5630,2281
s5630,34632
s5630,27129
s5630,34060
s5630,8503
s5630,20984
s5631,16302
s5631,33806
s5631,17971
s5631,6089
s5631,2264
s5631,31743
s5631,16128
s5631,5363
s5631,10892
s5632,24467
s5633,26141
s5633,28288
s5633,7012
s5633,2905
s5633,26531
s5633,28670
s5633,12660
s5633,34162
s5633,22456
s5633,22298
s5634,10733
s5634,12602
s5634,22551
s5634,16559
s5634,9217
s5634,10192
s5634,22011
s5634,8802
s5634,31181
s5634,10102
s5634,10947
s5634,16842
s5635,16946
s5635,23777
s5635,26560
s5635,11324
s5635,27303
s5635,21661
s5635,12628
s5635,10348
s5636,15990
s5636,33909
s5636,8450
s5636,15562
s5636,29967
s5636,26127
s5636,8016
s5636,14018
s5636,32419
s5636,20842
s5638,34735
s5638,18032
s5638,35182
s5638,89
s5638,35254
s5638,32452
s5638,13365
s5638,24586
s5639,879
s5639,10762
s5639,32810
s5639,1245
s5639,35276
s5639,11375
s5639,10389
s5639,21177
s5640,15276
s5641,21454
s5641,17626
s5641,21892
s5641,22083
s5641,8541
s5641,15475
s5641,29214
s5642,24206
s5642,3492
s5642,4503
s5642,27659
s5642,2924
s5642,12203
s5642,31635
s5642,4250
s5642,29320
s5642,3911
s5643,29953
s5643,1279
s5643,1172
s5643,14586
s5643,21567
s5643,24468
s5643,22798
s5643,4441
s5643,6946
s5643,35138
s5644,33989
s5644,8978
s5644,10901
s5644,8189
s5644,31866
s5644,486
s5644,11834
s5644,6106
s5644,3791
s5644,28510
s5645,4684
s5645,31861
s5645,29081
s5645,30122
s5645,20114
s5645,36070
s5645,7146
s5646,10901
s5646,19683
s5646,15042
s5646,9271
s5646,6126
s5646,23236
s5646,15960
s5646,22185
s5646,36027
s5646,19090
s5646,12911
s5647,14773
s5648,8214
s5648,28747
s5648,34658
s5648,15169
s5648,770
s5648,28646
s5648,32218
s5648,27635
s5649,15011
s5649,27919
s5649,22135
s5649,26043
s5649,15739
s5649,6373
s5649,17495
s5649,3797
s5649,19054
s5649,27661
s5650,4063
s5650,13537
s5650,2743
s5650,27470
s5650,4567
s5650,21445
s5650,7460
s5650,20234
s5650,3440
s5650,3405
s5651,3483
s5651,24132
s5651,27896
s5651,6680
s5651,1225
s5651,6919
s5651,3065
s5651,33034
s5651,22810
s5652,30496
s5652,17222
s5652,1378
s5652,8644
s5652,29979
s5652,32080
s5652,26871
s5652,12382
s5652,21013
s5652,32799
s5653,7644
s5653,22351
s5653,16380
s5653,15581
s5653,2370
s5653,11049
s5654,15203
s5654,8860
s5654,6627
s5654,4460
s5654,12141
s5654,30141
s5654,18453
s5655,20995
s5655,35742
s5655,16761
s5655,12865
s5655,7267
s5655,32592
s5655,23182
s5655,12829
s5655,3523
s5656,5205
s5656,57
s5656,32888
s5656,35241
s5656,33954
s5656,3807
s5656,4425
s5657,8277
s5657,13101
s5657,25552
s5657,3612
s5657,25240
s5657,5434
s5658,28225
s5658,17401
s5658,2706
s5658,31857
s5659,34054
s5659,4779
s5659,8898
s5659,22303
s5659,24413
s5659,7764
s5659,10933
s5659,33023
s5659,347
s5659,22298
s5659,1301
s5659,10104
s5659,1780
s5659,14202
s5659,33411
s5659,23157
s5659,33483
s5659,15538
s5660,7130
s5660,5020
s5660,17709
s5660,22529
s5660,22300
s5660,5530
s5660,31784
s5660,30291
s5660,3957
s5660,10045
s5660,11809
s5661,11029
s5662,8466
s5662,2860
s5662,14468
s5662,3233
s5662,14793
s5662,9548
s5662,3485
s5662,19872
s5662,15664
s5663,5305
s5663,32332
s5663,27977
s5663,3011
s5663,19613
s5663,33763
s5664,13809
s5664,33985
s5664,31698
s5664,23097
s5664,15036
s5664,1309
s5664,1868
s5664,33554
s5664,17014
s5664,735
s5664,17494
s5664,26482
s5665,18566
s5665,9365
s5665,18145
s5665,29210
s5665,29541
s5665,17599
s5665,16919
s5665,9842
s5665,33343
s5665,13116
s5666,13923
s5666,31544
s5666,31349
s5666,15195
s5666,29694
s5666,16097
s5667,9179
s5668,31540
s5668,31065
s5668,15204
s5668,23335
s5668,16704
s5668,16092
s5668,30354
s5669,12582
s5669,12112
s5669,26199
s5669,22697
s5669,13253
s5669,18128
s5670,5053
s5670,12856
s5670,29255
s5670,5776
s5670,35312
s5670,1883
s5670,12857
s5671,10575
s5671,34586
s5671,20591
s5671,36173
s5671,12587
s5671,11706
s5671,30602
s5671,12960
s5671,34959
s5672,13927
s5672,32183
s5672,9008
s5672,35567
s5672,16072
s5672,12089
s5672,35931
s5672,5091
s5672,32185
s5672,35722
s5673,17196
s5673,29995
s5673,18739
s5673,25130
s5673,18523
s5673,12927
s5673,33866
s5673,28081
s5673,23687
s5673,26108
s5673,18414
s5673,17759
s5673,15256
s5674,16787
s5674,35832
s5674,10214
s5674,35686
s5674,15346
s5675,6895
s5675,4604
s5675,17528
s5675,2286
s5675,28141
s5675,2697
s5675,15756
s5675,24384
s5676,8859
s5676,30439
s5676,15355
s5676,31350
s5676,35597
s5676,23331
s5677,18975
s5677,28914
s5677,12137
s5677,18065
s5677,14024
s5678,21178
s5678,26117
s5678,13477
s5678,31689
s5678,22846
s5678,31828
s5678,30891
s5679,27997
s5679,5370
s5679,31383
s5679,6628
s5679,21538
s5680,25018
s5680,10170
s5680,13773
s5680,24596
s5682,21379
s5682,18898
s5682,17764
s5682,4343
s5682,10650
s5682,17855
s5682,5214
s5682,4702
s5683,14047
s5683,9742
s5683,4950
s5683,22296
s5683,6793
s5683,7032
s5683,20184
s5683,15315
s5683,9102
s5683,26609
s5684,33852
s5684,17250
s5684,11814
s5685,10160
s5685,8697
s5685,11715
s5685,35380
s5685,12887
s5685,34438
s5685,30766
s5686,15057
s5686,23660
s5686,4608
s5686,22217
s5686,20688
s5686,15718
s5686,36037
s5686,26109
s5686,16781
s5688,29880
s5688,21584
s5688,6840
s5689,29985
s5689,21578
s5689,348
s5689,34830
s5690,27808
s5691,7224
s5691,36091
s5691,9353
s5691,15046
s5691,20691
s5691,4650
s5691,35255
s5691,28446
s5691,13988
s5691,29492
s5691,8823
s5692,33510
s5692,13290
s5692,23180
s5692,19198
s5692,26431
s5692,21129
s5692,32988
s5692,4124
s5693,34565
s5693,29838
s5693,16112
s5693,8110
s5693,17642
s5693,17553
s5693,30564
s5693,1358
s5693,19599
s5693,4896
s5693,33948
s5693,22979
s5693,1185
s5693,22132
s5693,1590
s5693,9539
s5693,13157
s5693,27405
s5693,3713
s5693,25388
s5694,19514
s5694,35229
s5694,11366
s5694,24627
s5694,6368
s5694,36046
s5694,31193
s5694,36260
s5694,15296
s5694,14413
s5694,24548
s5694,13702
s5695,23772
s5695,4738
s5695,16854
s5695,6357
s5695,482
s5695,13367
s5695,2730
s5695,27424
s5695,2577
s5697,34250
s5697,29650
s5697,30999
s5697,11122
s5697,26832
s5697,8447
s5698,3967
s5698,21704
s5698,17276
s5698,6878
s5698,27421
s5698,33959
s5699,5364
s5699,9679
s5699,6436
s5699,2228
s5699,1948
s5699,28594
s5699,8318
s5699,14532
s5699,1894
s5700,21263
s5700,13647
s5700,23359
s5700,35731
s5700,27675
s5700,5800
s5701,3780
s5701,22460
s5701,4248
s5701,17512
s5701,30173
s5702,8691
s5702,29615
s5702,18448
s5702,1972
s5702,23905
s5702,768
s5703,19815
s5703,22540
s5703,33383
s5703,33474
s5703,14559
s5703,19185
s5703,3103
s5703,27723
s5703,3456
s5704,95
s5704,15449
s5704,19463
s5704,13782
s5704,13723
s5705,28118
s5706,28308
s5706,419
s5706,24440
s5706,31467
s5707,25312
s5707,20526
s5707,28865
s5707,34950
s5707,26974
s5708,19161
s5708,1276
s5708,17730
s5708,30123
s5708,35487
s5708,22071
s5708,20007
s5708,23310
s5708,30162
s5708,17674
s5708,28812
s5708,22583
s5709,22787
s5710,14182
s5710,5148
s5710,33582
s5710,7398
s5710,22827
s5710,22809
s5710,8703
s5710,6961
s5711,16429
s5711,28219
s5711,31630
s5711,2823
s5711,33321
s5711,22357
s5711,33434
s5711,13327
s5711,30053
s5712,5370
s5713,8839
s5714,6901
s5715,9114
s5715,15385
s5715,18878
s5715,20884
s5715,25582
s5715,35523
s5716,1920
s5716,30210
s5716,16508
s5716,8619
s5716,5414
s5716,21185
s5716,22565
s5716,23091
s5716,958
s5716,6970
s5716,10600
s5717,13373
s5717,28408
s5717,8696
s5717,24545
s5717,6458
s5717,19558
s5717,17977
s5718,8624
s5719,27278
s5719,2933
s5719,32956
s5719,8487
s5719,29387
s5719,565
s5720,17997
s5720,2242
s5720,36303
s5720,22231
s5720,17720
s5720,2142
s5720,28353
s5720,19511
s5720,35911
s5720,18192
s5720,7554
s5720,28718
s5720,14698
s5721,26081
s5722,17468
s5723,31738
s5723,20768
s5723,36399
s5723,16931
s5723,4388
s5723,9596
s5723,4083
s5723,12184
s5723,3068
s5723,8080
s5723,4404
s5723,25218
s5723,12853
s5724,1198
s5724,17982
s5724,31812
s5724,9150
s5724,30687
s5724,7802
s5724,23788
s5725,7402
s5727,16699
s5728,2637
s5728,6390
s5728,12950
s5728,27023
s5728,14836
s5729,95
s5729,27023
s5729,17459
s5729,8120
s5729,20521
s5729,19802
s5730,11345
s5730,2637
s5730,21030
s5730,13782
s5730,32714
s5730,15206
s5730,34957
s5731,6390
s5731,30363
s5731,13782
s5731,1637
s5731,35629
s5731,27132
s5731,22621
s5732,2477
s5732,6390
s5732,894
s5732,16948
s5732,942
s5733,2637
s5733,11345
s5733,4498
s5733,34834
s5733,12404
s5733,10161
s5733,21032
s5734,25153
s5734,11336
s5734,4298
s5734,15655
s5734,29014
s5734,20204
s5734,28352
s5734,15971
s5734,1858
s5735,10049
s5735,29474
s5735,2063
s5735,3214
s5735,13154
s5735,4763
s5735,19391
s5735,22083
s5735,28113
s5736,7427
s5736,6713
s5736,17312
s5736,5442
s5736,3937
s5736,4117
s5736,28790
s5736,1302
s5736,966
s5736,16214
s5737,20904
s5737,14686
s5737,7876
s5737,5341
s5737,33554
s5737,8590
s5737,11354
s5737,4539
s5737,15824
s5738,29036
s5738,4464
s5738,20317
s5738,26238
s5739,35086
s5740,21170
s5740,3638
s5740,3850
s5740,23960
s5740,28951
s5740,16031
s5740,14643
s5741,35996
s5741,4065
s5741,5943
s5741,34342
s5741,7686
s5741,11916
s5741,8304
s5741,10884
s5741,35449
s5741,10940
s5741,28316
s5742,23233
s5742,15817
s5742,28360
s5743,8449
s5743,22036
s5743,34547
s5743,32125
s5743,26720
s5743,13010
s5744,25655
s5744,16518
s5744,16500
s5744,1102
s5744,21113
s5745,7911
s5745,6473
s5745,6394
s5745,18631
s5745,6744
s5745,11371
s5745,12266
s5745,33947
s5746,15544
s5747,12051
s5747,5823
s5747,22423
s5747,13287
s5747,4442
s5747,26041
s5747,3744
s5747,14627
s5747,33236
s5747,33259
s5747,20557
s5748,12804
s5748,32592
s5748,33462
s5748,35881
s5748,23340
s5748,32589
s5748,35747
s5748,17623
s5748,812
s5748,28226
s5748,17885
s5749,21944
s5749,10970
s5749,3521
s5749,12820
s5749,23479
s5749,29135
s5749,17888
s5749,30872
s5749,29995
s5749,21938
s5750,21944
s5750,10970
s5750,17631
s5750,25127
s5750,17893
s5750,35883
s5750,29135
s5750,28692
s5751,23962
s5751,6838
s5751,19754
s5751,26636
s5751,11915
s5751,25545
s5751,4555
s5751,21103
s5752,17196
s5752,1079
s5752,20995
s5752,4595
s5752,700
s5752,29265
s5752,805
s5752,19890
s5752,3521
s5752,30581
s5752,12447
s5752,17749
s5752,12752
s5752,4761
s5752,12813
s5752,29474
s5752,30816
s5752,4763
s5752,24194
s5752,6295
s5753,21171
s5753,8302
s5753,23398
s5753,8928
s5753,19672
s5753,6657
s5753,17396
s5753,32764
s5753,24183
s5753,20313
s5753,14768
s5753,24618
s5753,4680
s5754,7269
s5754,10338
s5754,20995
s5754,34505
s5754,35852
s5754,22529
s5754,28272
s5754,31784
s5754,16824
s5754,33989
s5754,16761
s5754,5020
s5754,20849
s5754,19090
s5754,31404
s5754,31907
s5754,32367
s5754,31657
s5754,12815
s5754,33923
s5754,10970
s5754,35065
s5755,5135
s5756,5523
s5756,29828
s5756,4464
s5756,9146
s5756,33531
s5756,21334
s5756,14823
s5756,17919
s5756,22081
s5756,6549
s5756,15800
s5756,22837
s5756,8825
s5756,14289
s5756,6571
s5756,6360
s5756,15298
s5756,25863
s5756,12423
s5756,10906
s5756,36037
s5756,32334
s5757,16898
s5759,29011
s5760,16553
s5760,14712
s5760,10045
s5760,10901
s5760,11862
s5761,14207
s5761,11933
s5761,9830
s5761,14472
s5761,23176
s5761,21647
s5761,22891
s5761,7664
s5761,29437
s5761,28738
s5761,23222
s5761,5909
s5761,6952
s5761,10677
s5761,6955
s5761,16121
s5762,14
s5762,30323
s5762,10901
s5762,14000
s5762,19165
s5762,36043
s5762,3649
s5762,7910
s5763,14492
s5763,27087
s5763,28314
s5763,10356
s5763,32726
s5763,10638
s5764,4498
s5764,26361
s5764,25213
s5764,34834
s5764,9221
s5764,30363
s5765,2003
s5765,21621
s5765,22713
s5765,24344
s5765,24365
s5765,6897
s5765,14582
s5765,6865
s5765,11881
s5765,5097
s5766,21244
s5766,2041
s5766,19589
s5766,19258
s5766,11021
s5766,26281
s5766,21259
s5766,9424
s5767,95
s5767,33262
s5767,13782
s5767,17459
s5767,3867
s5767,34681
s5767,6028
s5768,23590
s5768,30501
s5768,30543
s5768,29377
s5768,23842
s5768,27679
s5769,11345
s5769,26664
s5769,12950
s5769,14581
s5769,31320
s5769,15159
s5769,15134
s5771,594
s5771,26260
s5771,7434
s5771,1013
s5771,20380
s5771,29602
s5771,8683
s5771,13519
s5771,3425
s5771,26740
s5772,7674
s5772,6117
s5772,15927
s5772,14806
s5772,22621
s5772,35063
s5772,35050
s5772,26658
s5773,27543
s5773,21500
s5773,26394
s5773,4440
s5773,13017
s5773,5442
s5773,20365
s5773,5368
s5773,9896
s5773,29757
s5773,13968
s5773,33724
s5773,5478
s5773,1923
s5773,20376
s5774,32796
s5774,27756
s5774,3214
s5774,2063
s5774,32526
s5774,5651
s5774,9871
s5774,4762
s5774,24789
s5775,34161
s5775,32234
s5775,24651
s5775,21116
s5775,25119
s5775,33232
s5775,34235
s5775,28444
s5775,31201
s5775,15646
s5775,20424
s5776,10049
s5776,29474
s5776,2063
s5776,3214
s5776,13154
s5776,4763
s5776,19391
s5776,22083
s5777,14986
s5777,2556
s5777,31127
s5777,26438
s5777,4486
s5777,19944
s5777,17583
s5777,27910
s5777,31112
s5777,21634
s5778,18389
s5778,20099
s5778,30173
s5778,24992
s5778,35212
s5779,32268
s5779,33806
s5779,31327
s5779,419
s5779,27367
s5779,26930
s5779,26894
s5779,1768
s5779,30019
s5780,16263
s5781,6785
s5781,17340
s5781,4075
s5781,27861
s5781,21999
s5781,5720
s5781,25463
s5781,23053
s5781,10831
s5781,26050
s5781,26687
s5781,11483
s5782,14503
s5782,21032
s5782,15159
s5782,13647
s5782,33409
s5782,17178
s5785,13293
s5786,26601
s5786,23221
s5786,28348
s5786,33930
s5787,17305
s5787,36423
s5788,17358
s5788,27234
s5789,21551
s5789,17304
s5789,35274
s5790,27232
s5790,23026
s5791,27235
s5791,25408
s5792,33642
s5792,13743
s5793,28362
s5793,27143
s5793,30673
s5793,11824
s5793,13869
s5793,280
s5793,32751
s5794,5674
s5795,20160
s5797,11283
s5799,14273
s5801,21600
s5801,17693
s5801,35071
s5801,16288
s5801,23246
s5801,26598
s5801,19030
s5801,15030
s5801,5843
s5801,1850
s5801,7094
s5801,18898
s5801,28673
s5801,18022
s5801,5277
s5802,21564
s5803,13971
s5803,2257
s5803,17982
s5803,8076
s5803,35013
s5803,28321
s5803,4130
s5803,17470
s5803,27315
s5804,26543
s5806,31511
s5806,14178
s5806,1638
s5806,6390
s5806,17244
s5806,26010
s5806,14303
s5806,19663
s5806,10956
s5807,32388
s5808,19090
s5808,17387
s5808,1106
s5808,6911
s5808,7603
s5808,8155
s5808,21844
s5808,26031
s5808,17709
s5809,14709
s5809,19063
s5810,29859
s5810,11798
s5810,6313
s5810,12518
s5810,4723
s5810,29070
s5810,13137
s5810,13431
s5810,6905
s5810,18893
s5810,4831
s5811,31858
s5813,24717
s5814,20160
s5816,15276
s5817,15276
s5818,15276
s5819,15276
s5820,7872
s5821,19215
s5825,3117
s5826,24575
s5826,25511
s5826,23156
s5826,23532
s5826,25147
s5826,28001
s5826,34848
s5826,2230
s5826,24309
s5826,23425
s5827,10753
s5828,25074
s5828,25764
s5828,13902
s5828,27102
s5828,11310
s5828,7034
s5828,35205
s5828,7022
s5828,22969
s5829,9564
s5829,1525
s5829,32702
s5829,10261
s5829,34269
s5829,15664
s5829,8066
s5829,36046
s5829,10929
s5830,10045
s5830,35065
s5830,5577
s5830,6675
s5830,27724
s5830,3957
s5830,10338
s5830,17241
s5831,10769
s5831,306
s5831,24731
s5831,20378
s5831,12414
s5831,25917
s5831,17348
s5831,2143
s5831,9967
s5831,31857
s5832,33807
s5833,8798
s5833,6858
s5833,31823
s5833,33974
s5833,7644
s5833,34737
s5833,30011
s5833,28070
s5833,31868
s5833,14041
s5834,30658
s5834,32740
s5834,5762
s5834,34297
s5834,31236
s5834,31083
s5834,8367
s5835,35662
s5835,23985
s5835,27847
s5835,3180
s5835,17033
s5835,35964
s5835,31042
s5835,21006
s5835,23664
s5835,17108
s5835,29120
s5835,12763
s5835,32578
s5836,15283
s5837,20109
s5837,4014
s5837,6163
s5837,15419
s5837,23104
s5837,28176
s5837,6758
s5837,27865
s5837,36227
s5837,33634
s5837,20797
s5837,25359
s5837,34174
s5837,26693
s5837,13886
s5837,19519
s5837,11022
s5838,2664
s5838,27333
s5838,26836
s5838,26684
s5838,13025
s5838,34251
s5838,27201
s5838,32422
s5839,8990
s5839,30114
s5839,14807
s5840,31383
s5841,26185
s5841,7082
s5841,30299
s5841,14828
s5841,22454
s5841,10926
s5841,4496
s5842,8884
s5842,36168
s5842,20539
s5842,26037
s5842,17247
s5842,17880
s5842,5009
s5842,20162
s5842,7635
s5842,23235
s5842,3674
s5843,4454
s5844,17894
s5844,17621
s5844,23844
s5844,21958
s5844,12748
s5844,24075
s5844,30051
s5844,30962
s5844,33712
s5844,17188
s5846,23463
s5847,344
s5847,8028
s5847,26234
s5847,17488
s5847,24714
s5847,5606
s5847,22789
s5847,24310
s5847,30147
s5848,1371
s5849,9941
s5849,28182
s5849,34453
s5849,17745
s5849,18029
s5849,1727
s5849,27712
s5849,4024
s5851,26063
s5852,31721
s5852,33620
s5852,5965
s5852,13113
s5852,4556
s5852,29795
s5852,8815
s5852,29443
s5852,31723
s5852,31141
s5853,15731
s5853,17416
s5853,22984
s5853,29513
s5853,9782
s5854,16761
s5854,30886
s5854,12449
s5854,33694
s5854,23985
s5854,12814
s5854,32625
s5854,35822
s5854,12940
s5854,3598
s5854,29772
s5854,29992
s5854,15906
s5854,5020
s5854,6504
s5854,31657
s5854,31784
s5854,22960
s5854,17709
s5854,15616
s5854,33752
s5854,31907
s5854,7130
s5854,6535
s5856,11092
s5856,30114
s5856,14807
s5857,35759
s5857,27846
s5857,29134
s5857,35745
s5857,3631
s5857,3596
s5857,17887
s5858,13752
s5858,9055
s5858,30424
s5858,7872
s5858,20327
s5858,32787
s5858,14109
s5858,27493
s5859,12686
s5859,4541
s5859,17383
s5859,16133
s5859,8001
s5859,14060
s5859,8818
s5859,31938
s5860,15317
s5861,31588
s5861,20141
s5862,26180
s5862,15531
s5862,15114
s5862,1380
s5862,31758
s5862,4597
s5862,12157
s5862,8569
s5862,25993
s5862,32780
s5862,28123
s5863,19165
s5863,15718
s5863,12692
s5863,17366
s5863,24319
s5863,26208
s5863,33372
s5863,8963
s5864,24388
s5864,28275
s5864,3536
s5864,29132
s5864,29772
s5864,35881
s5865,23104
s5865,8884
s5865,12424
s5865,24312
s5865,14483
s5865,10207
s5865,28631
s5865,16565
s5865,6365
s5865,35321
s5865,7754
s5866,23118
s5866,22168
s5866,33923
s5866,10901
s5866,11895
s5866,33989
s5866,2814
s5866,33935
s5866,18022
s5866,31866
s5866,14297
s5867,22931
s5868,22960
s5868,23012
s5868,8932
s5868,4615
s5868,25369
s5868,7955
s5868,24444
s5868,29100
s5869,12299
s5870,27837
s5870,15722
s5870,1755
s5870,26598
s5870,11895
s5870,22924
s5870,9942
s5872,6012
s5873,27997
s5874,8884
s5874,31205
s5874,20165
s5874,18965
s5874,35403
s5874,35306
s5874,6058
s5874,20539
s5874,12828
s5875,8884
s5875,29570
s5875,12981
s5875,31205
s5875,20539
s5875,17158
s5875,17880
s5875,7749
s5875,20165
s5875,5195
s5876,33607
s5877,33634
s5877,4014
s5877,23104
s5879,23197
s5880,344
s5880,33032
s5880,16171
s5880,32899
s5880,28354
s5880,20467
s5880,35141
s5880,31915
s5880,12457
s5880,24701
s5880,15956
s5880,35107
s5880,8028
s5880,7667
s5880,24714
s5880,4433
s5880,34380
s5880,16588
s5880,29277
s5880,19215
s5880,31867
s5881,23233
s5881,15817
s5881,28360
s5881,15715
s5881,25924
s5881,33562
s5881,34463
s5881,16058
s5882,4299
s5882,23286
s5882,11336
s5882,6373
s5882,1858
s5882,22780
s5882,22351
s5882,27579
s5882,14482
s5882,26193
s5882,14877
s5882,26665
s5883,23403
s5883,21128
s5883,34912
s5883,21947
s5883,20862
s5883,17796
s5883,8903
s5883,24784
s5883,22380
s5884,34579
s5884,26723
s5884,22138
s5884,29099
s5884,11902
s5884,23719
s5884,7643
s5885,15802
s5886,7872
s5886,4480
s5886,15721
s5886,14564
s5886,4801
s5886,15251
s5886,26112
s5886,33579
s5886,4733
s5887,14559
s5887,19815
s5887,19545
s5887,283
s5887,8072
s5887,32390
s5887,33474
s5888,18627
s5888,16277
s5888,16014
s5888,13214
s5888,11319
s5888,1305
s5888,5529
s5888,33348
s5888,7976
s5888,29840
s5888,7795
s5888,8395
s5888,4158
s5888,36043
s5888,21026
s5889,10421
s5889,19002
s5889,8953
s5889,4313
s5889,15588
s5889,17155
s5889,20654
s5889,22741
s5889,26368
s5889,10941
s5889,19204
s5889,24776
s5889,32924
s5889,19729
s5889,62
s5889,17121
s5889,21811
s5889,8278
s5889,20660
s5890,12030
s5890,6846
s5890,17971
s5890,11589
s5890,2718
s5890,4934
s5890,6969
s5890,33446
s5891,2706
s5892,13218
s5892,233
s5892,18771
s5892,16533
s5892,9810
s5892,1603
s5892,18493
s5892,10814
s5892,28116
s5893,16665
s5893,22646
s5893,5549
s5893,23650
s5893,22905
s5893,29815
s5893,18041
s5893,5716
s5893,19926
s5893,36041
s5893,19224
s5893,16147
s5893,17037
s5893,22895
s5893,1503
s5893,3468
s5893,15720
s5893,22069
s5895,2446
s5896,10437
s5896,16569
s5896,25980
s5896,13011
s5896,396
s5896,15071
s5896,33206
s5896,28855
s5896,11296
s5897,17705
s5898,18397
s5899,32574
s5899,3990
s5899,19845
s5899,16331
s5899,14845
s5899,26546
s5899,7416
s5899,14471
s5899,23652
s5900,8270
s5901,9486
s5901,18936
s5901,12082
s5901,22843
s5901,22780
s5901,16265
s5901,4601
s5901,16528
s5901,14300
s5901,15949
s5901,24935
s5901,15529
s5901,17802
s5901,6568
s5901,11
s5901,21318
s5901,36076
s5901,16124
s5901,7927
s5901,6368
s5901,1858
s5901,26185
s5901,21532
s5901,14482
s5901,23660
s5901,22958
s5901,15842
s5901,18047
s5901,8051
s5901,18637
s5902,33300
s5903,31513
s5903,12874
s5903,33245
s5903,2301
s5904,21584
s5904,25979
s5905,6387
s5906,27427
s5908,13888
s5908,14172
s5908,10938
s5908,17795
s5908,14828
s5908,29497
s5908,33984
s5908,25371
s5908,14838
s5908,22633
s5909,7932
s5909,33044
s5909,9284
s5909,4811
s5910,7341
s5910,1301
s5910,15459
s5910,25565
s5910,31152
s5910,10698
s5910,30068
s5910,33765
s5912,14773
s5913,4487
s5914,6313
s5916,3623
s5917,8010
s5918,27427
s5920,13293
s5921,35133
s5921,85
s5921,1461
s5921,285
s5921,18635
s5921,10899
s5922,4272
s5923,31953
s5923,33986
s5923,31737
s5923,28464
s5923,33669
s5923,10944
s5923,21390
s5924,27114
s5925,6019
s5928,35346
s5929,6012
s5931,14062
s5931,23008
s5931,32462
s5931,5018
s5931,14950
s5931,5332
s5932,33496
s5932,18775
s5934,14948
s5934,10876
s5934,12872
s5934,26541
s5934,30164
s5934,15451
s5934,20143
s5934,6918
s5934,34464
s5934,7982
s5935,23489
s5936,640
s5936,18092
s5936,20742
s5936,27464
s5936,4562
s5936,8671
s5936,708
s5936,27257
s5936,26717
s5936,8672
s5936,30788
s5936,18085
s5936,29382
s5936,657
s5936,869
s5937,4818
s5937,7444
s5937,32376
s5937,6590
s5937,15852
s5937,28908
s5937,29062
s5937,19249
s5937,6337
s5937,21544
s5937,8359
s5938,31298
s5938,1495
s5938,14685
s5938,36088
s5938,1195
s5938,1674
s5938,3421
s5938,18718
s5938,13792
s5938,11188
s5939,3623
s5940,15572
s5940,13890
s5940,26007
s5940,6932
s5940,5743
s5940,28085
s5940,20791
s5940,4333
s5941,5003
s5941,85
s5941,2523
s5941,8128
s5941,4144
s5941,27113
s5941,4480
s5941,31936
s5941,15998
s5941,11472
s5942,17965
s5942,35110
s5943,17805
s5943,15240
s5943,22227
s5943,11861
s5943,24653
s5943,25043
s5943,26513
s5943,28717
s5943,33156
s5943,25357
s5943,4268
s5943,4590
s5944,7492
s5944,15412
s5944,28105
s5944,21740
s5944,26177
s5945,8365
s5945,20544
s5945,28105
s5945,839
s5946,16546
s5946,22915
s5946,15009
s5946,25914
s5946,24633
s5946,15692
s5946,7183
s5946,15881
s5947,25707
s5947,22908
s5947,4123
s5947,26436
s5947,14105
s5947,18830
s5948,24151
s5948,34329
s5948,31825
s5948,33958
s5948,23301
s5949,16546
s5949,20420
s5949,22766
s5949,24879
s5949,11338
s5949,34330
s5949,29862
s5949,23472
s5950,28191
s5950,15940
s5950,8174
s5950,21882
s5950,6536
s5950,28174
s5950,33631
s5951,21516
s5951,32324
s5951,19009
s5951,20544
s5951,298
s5951,26811
s5951,14575
s5951,15836
s5952,15239
s5952,4578
s5952,29403
s5953,35192
s5953,14973
s5953,23052
s5953,24709
s5953,19841
s5953,13685
s5953,5086
s5953,16420
s5954,3945
s5954,21600
s5954,28078
s5954,22226
s5954,15481
s5954,16546
s5954,14085
s5954,28107
s5954,7854
s5954,31955
s5954,7365
s5954,27896
s5954,17792
s5954,33621
s5954,14694
s5955,20398
s5955,11084
s5955,16452
s5955,17312
s5955,27710
s5955,5409
s5955,5574
s5955,23271
s5955,19631
s5955,34513
s5955,7451
s5955,26069
s5956,6997
s5956,33815
s5956,32784
s5956,10056
s5956,21561
s5956,31987
s5957,2011
s5957,27764
s5957,24904
s5957,5941
s5957,8240
s5957,17318
s5957,10703
s5957,4068
s5957,10317
s5957,16257
s5957,33384
s5957,8724
s5958,3755
s5958,30466
s5958,15769
s5958,35729
s5958,7870
s5958,5749
s5959,9441
s5959,15676
s5959,14822
s5959,6575
s5959,7106
s5959,21770
s5959,10901
s5959,901
s5959,33578
s5960,15302
s5960,18045
s5960,17368
s5960,96
s5960,20002
s5960,13870
s5960,19187
s5960,13786
s5960,16277
s5960,29422
s5960,12607
s5960,13767
s5961,29601
s5961,15747
s5961,17757
s5961,6819
s5961,33804
s5962,8726
s5962,3386
s5962,23608
s5962,2834
s5962,27130
s5962,35521
s5962,11830
s5962,2936
s5962,27378
s5963,27384
s5963,265
s5963,13383
s5963,2450
s5963,27352
s5963,34761
s5963,1740
s5963,30994
s5964,29253
s5964,7836
s5964,17606
s5964,17666
s5964,10344
s5964,24705
s5964,18759
s5964,6880
s5964,13199
s5964,10564
s5964,17112
s5964,19228
s5964,399
s5965,30494
s5965,30503
s5965,12162
s5965,12244
s5965,29383
s5965,13190
s5965,20820
s5965,35781
s5965,11460
s5965,166
s5966,2006
s5966,15974
s5966,15991
s5966,25294
s5966,21335
s5966,33249
s5966,13920
s5967,27291
s5967,23837
s5967,421
s5967,34287
s5967,14618
s5967,29981
s5967,24091
s5967,34157
s5968,19281
s5968,13178
s5968,26163
s5969,29615
s5969,4187
s5969,34749
s5969,10107
s5969,6024
s5969,11233
s5969,18608
s5969,32028
s5970,419
s5970,30520
s5970,20786
s5970,32118
s5970,27283
s5970,18725
s5970,13388
s5970,23810
s5971,31629
s5971,26916
s5971,13384
s5971,32061
s5971,32136
s5971,11147
s5974,14010
s5974,29848
s5974,4541
s5974,7667
s5974,26778
s5974,14012
s5974,25964
s5974,5550
s5975,6640
s5975,30783
s5975,24626
s5975,33122
s5976,16932
s5976,36323
s5976,9596
s5976,33246
s5976,2524
s5976,29797
s5976,36400
s5976,16930
s5976,32401
s5976,3069
s5977,3604
s5977,3547
s5977,3607
s5977,5067
s5977,5115
s5977,5117
s5977,9845
s5977,10096
s5977,10113
s5977,11632
s5977,12071
s5977,12073
s5977,12195
s5977,36402
s5977,22690
s5978,5930
s5978,21809
s5978,16083
s5978,31587
s5978,10778
s5978,26426
s5978,1722
s5978,5506
s5978,24900
s5978,25930
s5978,35484
s5979,1383
s5979,22566
s5979,23906
s5979,30407
s5979,36386
s5979,36395
s5979,32748
s5979,24054
s5979,30410
s5979,3558
s5980,19620
s5980,16892
s5980,27210
s5980,26842
s5980,33000
s5980,17059
s5980,1269
s5980,339
s5980,30177
s5981,4337
s5981,11799
s5981,19688
s5981,31733
s5981,33374
s5981,22540
s5981,33196
s5981,26450
s5982,31950
s5982,5234
s5982,6816
s5982,15587
s5982,558
s5982,23524
s5982,24372
s5982,23673
s5982,25450
s5985,7520
s5985,22594
s5985,17242
s5985,11778
s5986,29473
s5986,14368
s5986,21568
s5986,18923
s5986,17420
s5986,5580
s5986,6868
s5986,23148
s5986,14550
s5987,31346
s5987,24120
s5987,32544
s5987,31340
s5987,35300
s5987,13084
s5988,25625
s5988,4832
s5988,29829
s5988,15273
s5988,12599
s5988,24594
s5989,21655
s5989,29038
s5989,8461
s5989,33534
s5989,28717
s5989,27021
s5990,25497
s5990,3472
s5991,8884
s5991,36203
s5991,35329
s5991,19220
s5991,17419
s5991,35990
s5991,35336
s5991,6040
s5991,29570
s5991,6058
s5991,7321
s5991,35386
s5992,24594
s5992,1697
s5992,5028
s5992,12260
s5992,6009
s5992,15870
s5992,20083
s5992,4832
s5993,4964
s5993,23790
s5993,7975
s5993,14802
s5993,7165
s5993,5565
s5993,8066
s5993,28455
s5993,25998
s5993,29954
s5994,36020
s5994,19574
s5994,22175
s5994,33218
s5994,23097
s5994,22606
s5994,31854
s5994,13043
s5994,24801
s5994,1528
s5995,24777
s5995,11512
s5995,32903
s5995,887
s5995,5682
s5995,32308
s5995,6795
s5995,9131
s5996,12520
s5996,32939
s5996,4916
s5996,247
s5996,14460
s5997,7730
s5997,22665
s5997,19904
s5997,34143
s5997,6760
s5997,16543
s5997,4962
s5997,23115
s5997,31961
s5997,31972
s5997,4148
s5997,6681
s5997,30806
s5997,32851
s5998,5
s5998,3648
s5998,5033
s5998,9119
s5998,9120
s5998,9121
s5998,11755
s5998,13125
s5998,16959
s5998,30866
s5998,31272
s5998,34278
s5998,24957
s5998,3654
s5998,30245
s5998,33829
s5999,17425
s5999,27657
s5999,16669
s5999,31925
s5999,8043
s5999,15508
s6000,2628
s6000,9550
s6000,11880
s6000,20261
s6000,4337
s6001,23284
s6001,31303
s6001,16861
s6001,29904
s6001,16023
s6001,10881
s6001,29006
s6001,7443
s6001,29010
s6001,16346
s6001,9060
s6002,20449
s6002,23624
s6002,23870
s6003,26194
s6003,3005
s6003,4622
s6003,17718
s6003,2622
s6003,4591
s6003,33398
s6003,10599
s6003,9020
s6003,12461
s6003,31978
s6004,10171
s6004,35418
s6004,26079
s6004,29018
s6004,34136
s6004,24344
s6004,19669
s6005,8598
s6005,31379
s6005,7438
s6005,35252
s6005,9373
s6005,26231
s6005,35559
s6005,11956
s6006,14349
s6006,15310
s6006,1873
s6006,15289
s6006,18770
s6007,29664
s6007,34612
s6007,8801
s6007,8564
s6007,9515
s6007,31867
s6007,915
s6007,23224
s6007,3630
s6007,27903
s6007,21409
s6008,24216
s6008,13823
s6008,16562
s6008,24067
s6008,11967
s6008,437
s6008,30994
s6009,9550
s6009,24189
s6009,32326
s6009,32854
s6009,19824
s6009,16110
s6009,29471
s6009,21342
s6009,33053
s6010,27948
s6010,5056
s6010,32778
s6010,6015
s6012,32552
s6012,29236
s6012,607
s6012,31418
s6012,20815
s6012,12730
s6012,30513
s6012,24578
s6012,31376
s6013,15045
s6013,7658
s6013,3623
s6013,24714
s6013,8655
s6013,22928
s6013,4227
s6013,10905
s6014,18703
s6014,2193
s6014,504
s6014,27237
s6014,17071
s6014,35116
s6014,1044
s6014,13922
s6014,35288
s6015,13985
s6016,10274
s6016,25868
s6016,6286
s6016,15945
s6016,17381
s6016,4921
s6016,14825
s6016,16120
s6016,1168
s6016,13992
s6017,3012
s6017,3009
s6017,9067
s6017,23847
s6017,7020
s6017,33308
s6017,24969
s6017,11124
s6017,34460
s6018,2757
s6018,5113
s6018,25391
s6018,18974
s6018,10845
s6018,11641
s6019,344
s6019,8988
s6019,28354
s6019,30147
s6019,20500
s6019,7355
s6019,1840
s6019,1506
s6019,4423
s6019,22351
s6020,16232
s6020,30424
s6020,2531
s6020,5016
s6020,2448
s6020,30369
s6020,2109
s6020,22080
s6020,26607
s6020,21427
s6020,15112
s6021,12711
s6021,27412
s6021,10518
s6021,26565
s6021,30060
s6021,8360
s6021,8585
s6021,10688
s6022,14194
s6022,121
s6022,21647
s6022,21784
s6022,4003
s6022,3568
s6022,33364
s6022,28451
s6022,6888
s6022,2135
s6022,21758
s6022,9850
s6023,26923
s6023,11217
s6023,11214
s6023,8719
s6023,24847
s6023,3270
s6023,7757
s6024,22148
s6024,2569
s6024,1455
s6024,30747
s6024,29416
s6024,14139
s6024,769
s6024,22751
s6024,7959
s6024,12188
s6024,26483
s6024,9983
s6024,20323
s6025,27270
s6025,12495
s6025,27814
s6025,24162
s6025,2409
s6025,33960
s6025,27024
s6025,426
s6026,20812
s6026,30736
s6026,14521
s6026,12788
s6026,1786
s6026,23387
s6026,28244
s6026,29350
s6026,44
s6026,456
s6027,8269
s6028,23263
s6028,18627
s6028,17488
s6028,32326
s6028,6489
s6028,14563
s6028,6083
s6028,26468
s6028,16874
s6029,8507
s6029,11219
s6029,34405
s6030,6547
s6030,16626
s6030,17026
s6030,2112
s6030,5145
s6030,30162
s6030,4998
s6030,10497
s6030,4767
s6031,8715
s6031,14059
s6031,22775
s6031,30155
s6031,9276
s6031,9591
s6031,11282
s6031,2700
s6031,12342
s6031,19193
s6031,29089
s6031,28457
s6031,22326
s6031,19983
s6032,20940
s6032,26012
s6032,22749
s6032,35016
s6032,520
s6032,26113
s6032,23417
s6032,14129
s6033,8176
s6033,3753
s6033,11022
s6033,19208
s6033,15854
s6033,20753
s6033,13996
s6033,6224
s6033,8033
s6034,33556
s6035,11416
s6035,11889
s6035,1461
s6035,35175
s6035,1309
s6035,22330
s6035,2833
s6035,9058
s6036,33303
s6036,13887
s6036,24361
s6036,17585
s6036,1816
s6036,11216
s6036,30973
s6036,1813
s6037,5919
s6037,14482
s6037,4299
s6037,17461
s6037,25939
s6037,3395
s6037,21845
s6037,8404
s6038,33277
s6038,6562
s6038,7738
s6038,30608
s6038,4419
s6038,35379
s6038,6608
s6040,21692
s6040,10129
s6040,5674
s6040,24714
s6040,7944
s6040,7809
s6040,559
s6040,13694
s6040,2123
s6040,925
s6041,19106
s6041,14066
s6041,12413
s6041,6808
s6041,8283
s6041,5002
s6041,14827
s6041,321
s6041,24872
s6042,4539
s6042,30760
s6042,16108
s6042,29447
s6042,12526
s6042,29430
s6042,5536
s6042,6352
s6042,9212
s6042,14829
s6043,26044
s6043,15072
s6043,34700
s6043,12171
s6043,9186
s6043,15961
s6043,27195
s6043,6494
s6045,31476
s6045,12217
s6045,18269
s6045,11679
s6045,16794
s6045,24104
s6045,35701
s6046,9267
s6046,10634
s6046,20139
s6046,20655
s6046,24080
s6046,637
s6046,29300
s6046,3683
s6046,9651
s6047,25546
s6047,15078
s6047,7988
s6047,944
s6047,9640
s6047,5598
s6047,6528
s6047,26470
s6047,1080
s6050,35140
s6050,6342
s6050,7376
s6050,23660
s6050,28066
s6050,20075
s6050,9448
s6050,11491
s6050,20034
s6050,9065
s6051,11494
s6051,13852
s6051,28213
s6051,16527
s6051,36123
s6051,9457
s6051,16104
s6052,31816
s6052,6935
s6052,19027
s6052,3092
s6052,31983
s6052,13159
s6053,19710
s6053,14675
s6053,15590
s6053,20200
s6053,17509
s6053,27917
s6053,13062
s6053,22922
s6054,17528
s6054,31254
s6054,29427
s6054,33921
s6054,19435
s6054,23282
s6054,5959
s6055,29011
s6055,25714
s6055,22770
s6055,15956
s6055,30129
s6055,10416
s6055,11685
s6055,32929
s6056,15877
s6056,27799
s6056,21012
s6056,32761
s6056,27035
s6056,34406
s6056,114
s6056,24967
s6057,19431
s6057,26566
s6057,30491
s6057,29922
s6057,29934
s6057,3662
s6057,1376
s6057,30901
s6057,18370
s6057,22653
s6057,29279
s6058,22970
s6058,28091
s6058,10897
s6058,29928
s6058,270
s6058,1846
s6058,896
s6058,10986
s6058,26442
s6058,94
s6058,15107
s6058,4708
s6059,19120
s6059,25862
s6059,17452
s6059,21275
s6059,30721
s6059,23066
s6059,17477
s6060,24284
s6060,11504
s6060,1756
s6060,23689
s6060,25274
s6060,20918
s6060,24588
s6060,1222
s6060,28867
s6060,33647
s6061,21771
s6061,20544
s6061,27816
s6061,4494
s6061,8254
s6061,7765
s6061,28623
s6061,20967
s6061,28613
s6061,31159
s6061,32729
s6061,35080
s6061,31687
s6061,10416
s6061,23138
s6061,33902
s6062,9188
s6062,17927
s6062,6816
s6062,6733
s6062,1525
s6062,28924
s6062,15865
s6062,13785
s6063,21026
s6063,30570
s6063,26450
s6063,7764
s6063,19157
s6063,6793
s6063,859
s6064,2833
s6064,24216
s6064,15336
s6064,8219
s6064,42
s6064,17055
s6064,34618
s6064,6095
s6066,31977
s6066,25497
s6066,27798
s6066,23347
s6066,8400
s6066,19598
s6066,6368
s6066,11924
s6066,36030
s6066,22928
s6066,3932
s6066,2207
s6066,35148
s6066,28873
s6066,7507
s6067,7523
s6067,15949
s6067,305
s6067,6545
s6067,28834
s6067,34516
s6067,21290
s6067,33378
s6067,30681
s6068,16492
s6068,324
s6068,6195
s6068,3666
s6068,9833
s6068,35166
s6068,28042
s6068,34712
s6068,11886
s6068,14061
s6068,15451
s6068,15480
s6068,6294
s6068,10891
s6068,16932
s6068,17783
s6068,17852
s6069,8178
s6069,26616
s6069,29462
s6069,12491
s6069,4535
s6069,34470
s6069,20121
s6069,2117
s6069,19123
s6069,9444
s6070,1160
s6070,3898
s6070,1150
s6070,8799
s6070,33214
s6070,20149
s6070,25945
s6070,24894
s6070,32932
s6070,21447
s6070,9955
s6070,8908
s6071,22499
s6071,3935
s6071,3546
s6071,1565
s6071,30243
s6071,13119
s6071,4088
s6071,36396
s6072,14598
s6072,34679
s6072,32233
s6072,34617
s6072,29308
s6072,34733
s6072,34215
s6072,8492
s6072,13386
s6073,29232
s6073,3290
s6073,20800
s6073,12944
s6073,29978
s6073,32209
s6073,27039
s6073,1964
s6074,1774
s6074,29306
s6074,21068
s6074,8227
s6074,26929
s6074,32759
s6074,30018
s6074,7755
s6074,35520
s6074,23866
s6075,15651
s6075,31458
s6075,26928
s6075,11592
s6075,10458
s6075,3284
s6075,1950
s6075,34650
s6075,34760
s6075,26843
s6075,24067
s6076,29725
s6076,4184
s6076,29980
s6076,3289
s6077,229
s6077,27297
s6077,3152
s6077,27011
s6077,32093
s6077,17115
s6077,4393
s6077,4196
s6077,32413
s6077,34038
s6077,25777
s6077,18107
s6077,6199
s6078,23576
s6079,32671
s6079,26872
s6079,31527
s6079,29780
s6079,23901
s6079,27116
s6079,16414
s6079,12639
s6080,13093
s6080,31067
s6080,30143
s6081,13515
s6081,8978
s6081,9705
s6081,25077
s6081,22159
s6081,27661
s6081,14289
s6081,3004
s6082,24642
s6082,33735
s6082,34585
s6082,30649
s6082,24261
s6082,13498
s6082,12998
s6082,27184
s6082,24643
s6083,10206
s6083,10135
s6083,11657
s6083,27229
s6083,33723
s6083,16716
s6083,36253
s6083,20274
s6084,25967
s6084,30380
s6084,1031
s6084,20504
s6084,4476
s6084,32990
s6085,29861
s6085,31192
s6085,8306
s6085,14930
s6085,31932
s6085,5303
s6085,15272
s6085,30540
s6085,31752
s6085,19010
s6085,13005
s6086,10267
s6086,15302
s6086,15497
s6086,7406
s6086,21772
s6086,14172
s6086,32516
s6086,31647
s6087,17900
s6087,8981
s6087,9712
s6087,28775
s6087,14426
s6087,733
s6087,1180
s6087,7781
s6087,28821
s6087,33229
s6087,24586
s6087,11721
s6088,12191
s6088,20839
s6088,23917
s6088,11540
s6088,28446
s6088,7644
s6088,9864
s6088,30133
s6088,30652
s6089,6870
s6089,4964
s6089,30697
s6089,3272
s6089,22569
s6089,26032
s6089,31554
s6089,23197
s6090,285
s6090,327
s6090,9719
s6091,2742
s6091,15060
s6091,17317
s6091,35173
s6091,22006
s6091,22027
s6091,22055
s6092,24189
s6092,28531
s6092,35374
s6092,14094
s6092,3976
s6092,15127
s6092,31581
s6092,11193
s6092,1588
s6092,31301
s6092,29857
s6093,27629
s6093,3555
s6093,24984
s6093,2937
s6093,27399
s6093,24824
s6093,202
s6093,178
s6094,7459
s6094,16553
s6094,31251
s6094,29011
s6094,11774
s6094,2159
s6094,1097
s6094,2139
s6094,10227
s6094,16274
s6095,7832
s6098,10337
s6098,372
s6098,14938
s6098,22970
s6098,9838
s6098,7868
s6098,28822
s6098,7725
s6098,11198
s6098,26198
s6098,1247
s6098,19394
s6099,9422
s6099,2075
s6099,2996
s6099,24324
s6099,24813
s6099,20102
s6099,21214
s6099,27477
s6099,13231
s6099,26319
s6100,29020
s6100,26777
s6100,8114
s6100,3886
s6100,4427
s6100,33358
s6100,27420
s6100,22891
s6101,10498
s6102,8148
s6102,549
s6102,10924
s6102,19566
s6103,30610
s6103,34
s6103,20800
s6103,8220
s6103,7621
s6103,14490
s6103,27795
s6103,32428
s6104,197
s6104,31387
s6104,30718
s6104,17089
s6104,31398
s6104,23886
s6104,30519
s6104,24320
s6104,4868
s6105,702
s6105,19016
s6106,742
s6107,25692
s6107,13436
s6107,35520
s6107,33432
s6107,26988
s6107,18856
s6107,29984
s6108,846
s6108,17222
s6108,27007
s6108,1804
s6108,25783
s6108,2653
s6110,7535
s6110,14852
s6110,8172
s6110,31809
s6110,15690
s6110,19679
s6110,28091
s6110,3482
s6110,5591
s6111,1028
s6112,9557
s6112,18599
s6112,4345
s6112,8564
s6112,12457
s6112,19444
s6112,19006
s6112,34508
s6112,15486
s6112,1308
s6113,13689
s6114,35229
s6114,7386
s6114,18436
s6114,34076
s6114,30180
s6114,6419
s6114,14601
s6114,19171
s6114,1184
s6114,29690
s6116,21845
s6116,6927
s6116,17424
s6116,5738
s6116,14571
s6116,3878
s6116,6798
s6116,22605
s6116,5265
s6116,23349
s6116,2338
s6116,24778
s6116,33501
s6116,9510
s6116,31526
s6116,5953
s6116,34555
s6116,2097
s6117,8774
s6117,5079
s6117,7763
s6117,5284
s6117,5872
s6117,34508
s6117,22549
s6117,16541
s6117,28336
s6117,9130
s6117,2540
s6117,24845
s6117,20075
s6117,17806
s6117,11688
s6118,6694
s6118,13982
s6118,33456
s6118,22554
s6119,19620
s6119,3221
s6119,15701
s6119,8569
s6119,21766
s6119,33888
s6119,8192
s6119,26743
s6119,7449
s6119,34697
s6119,8647
s6120,3241
s6120,1243
s6120,32935
s6120,29436
s6120,29837
s6120,2236
s6120,11797
s6120,22859
s6120,15835
s6120,84
s6121,2669
s6121,9292
s6121,22994
s6121,4917
s6121,1693
s6121,71
s6121,35106
s6121,20443
s6121,22589
s6122,23306
s6122,32463
s6122,11252
s6122,35193
s6122,16243
s6122,9585
s6122,26411
s6122,35021
s6123,9804
s6123,4686
s6123,7446
s6123,23718
s6123,15413
s6123,17545
s6123,19072
s6123,34266
s6123,7540
s6123,27304
s6123,23176
s6124,23763
s6124,23706
s6124,22998
s6124,9074
s6124,23170
s6124,2757
s6124,18222
s6124,14572
s6124,4332
s6124,22900
s6124,26367
s6125,3957
s6125,17387
s6125,4411
s6125,19858
s6125,20008
s6125,33903
s6125,4289
s6125,22676
s6125,30678
s6126,8155
s6126,3957
s6126,17387
s6126,19858
s6126,19061
s6126,4289
s6126,6675
s6127,33002
s6127,7922
s6127,20015
s6129,14523
s6129,16109
s6129,28093
s6129,36002
s6129,23084
s6129,1689
s6129,14399
s6130,27946
s6130,29475
s6130,21752
s6130,17228
s6130,19085
s6130,11702
s6130,22438
s6130,24954
s6130,32758
s6130,1808
s6131,34740
s6131,28281
s6131,1774
s6131,24507
s6131,25885
s6131,30469
s6131,24974
s6131,26897
s6132,11447
s6132,34898
s6132,12476
s6132,12928
s6132,29221
s6133,15993
s6134,35222
s6135,9095
s6135,22864
s6135,29629
s6135,30918
s6135,32898
s6135,33949
s6135,24421
s6135,30082
s6135,8034
s6135,32448
s6136,18045
s6136,2628
s6136,33248
s6136,35089
s6136,22616
s6136,6308
s6136,26468
s6136,1525
s6136,30087
s6136,29461
s6138,10532
s6138,33397
s6138,9633
s6138,27816
s6138,19729
s6138,28034
s6138,4707
s6138,4017
s6138,30565
s6138,34887
s6138,5149
s6138,26367
s6138,15894
s6139,7800
s6139,4456
s6139,29821
s6141,4414
s6142,8844
s6142,34700
s6142,25334
s6142,26091
s6142,26078
s6142,22057
s6142,7358
s6142,15444
s6142,14216
s6142,1205
s6143,12507
s6143,516
s6143,16139
s6143,33855
s6143,838
s6143,20367
s6143,18989
s6143,15505
s6144,9288
s6144,9277
s6144,4161
s6144,14847
s6144,10180
s6144,10406
s6144,3483
s6144,9591
s6144,31689
s6144,35225
s6144,12031
s6145,29952
s6145,30815
s6145,28233
s6145,22408
s6145,3005
s6146,32936
s6147,2520
s6147,26459
s6147,14008
s6147,15303
s6147,33925
s6147,29250
s6147,25439
s6147,24336
s6147,9400
s6147,7587
s6147,408
s6148,6411
s6148,35175
s6148,14373
s6148,27798
s6148,29502
s6148,6229
s6148,16897
s6148,16291
s6148,22110
s6148,4312
s6148,5304
s6148,11958
s6149,14995
s6149,26152
s6149,16337
s6149,5480
s6149,8004
s6149,22868
s6149,33547
s6149,14851
s6149,34571
s6149,29046
s6149,13487
s6149,29296
s6150,1873
s6150,19158
s6152,10012
s6152,24524
s6152,1836
s6152,26646
s6152,6575
s6152,15726
s6152,35159
s6152,12160
s6152,8774
s6152,20663
s6153,26614
s6153,14167
s6153,10012
s6153,5643
s6153,24524
s6153,8774
s6153,1842
s6153,15690
s6153,15956
s6154,33198
s6154,18898
s6154,14297
s6154,24524
s6154,32301
s6154,28417
s6154,25922
s6154,8774
s6154,5277
s6154,14694
s6155,33198
s6155,8774
s6155,25922
s6155,24524
s6155,10012
s6155,18898
s6155,9375
s6155,27896
s6155,7857
s6155,30797
s6155,33782
s6155,28087
s6155,15762
s6155,28717
s6156,10325
s6156,624
s6156,10477
s6156,30042
s6156,20744
s6156,32806
s6156,17266
s6156,35788
s6156,31426
s6156,23558
s6157,14493
s6157,22033
s6157,23522
s6157,35379
s6157,19794
s6157,17739
s6157,16417
s6158,4718
s6158,8033
s6158,12777
s6158,5838
s6158,35429
s6159,23576
s6159,27490
s6159,24578
s6159,13354
s6159,22361
s6159,12473
s6159,29201
s6159,871
s6159,130
s6159,23582
s6160,32422
s6160,29723
s6160,34624
s6160,25747
s6160,22390
s6160,13570
s6161,25491
s6161,24261
s6161,8046
s6161,11407
s6162,28387
s6163,29477
s6163,33331
s6163,15090
s6163,18636
s6163,7007
s6163,16949
s6163,11641
s6163,11889
s6163,22866
s6163,11667
s6163,23128
s6163,35911
s6163,12287
s6163,3970
s6164,14849
s6164,15270
s6164,31504
s6164,33021
s6164,14967
s6164,23688
s6164,34531
s6164,30905
s6165,344
s6165,13791
s6165,21533
s6165,20383
s6165,1506
s6165,20547
s6165,18772
s6165,16035
s6165,18623
s6165,14359
s6165,35319
s6165,15858
s6165,18026
s6166,1806
s6166,27389
s6166,26304
s6166,2846
s6166,29657
s6166,29906
s6166,32746
s6166,419
s6166,3028
s6166,2826
s6168,11199
s6168,12590
s6169,17585
s6169,33443
s6169,3028
s6169,25760
s6169,34787
s6169,21045
s6169,34795
s6169,12428
s6170,3708
s6170,28382
s6170,27175
s6170,22271
s6170,35108
s6170,11196
s6170,16648
s6170,17951
s6170,14250
s6170,22710
s6170,4229
s6171,7566
s6171,21690
s6171,26487
s6171,3763
s6172,26185
s6172,10277
s6172,22811
s6172,22928
s6172,12283
s6172,19187
s6172,23092
s6172,34944
s6172,32509
s6172,16553
s6172,4496
s6172,7874
s6172,128
s6172,27495
s6173,23563
s6173,3836
s6173,8923
s6173,20139
s6174,31457
s6174,28975
s6174,16698
s6174,29194
s6174,15230
s6174,27357
s6175,2683
s6176,27504
s6176,6620
s6176,35120
s6176,5683
s6176,27217
s6176,1583
s6176,24244
s6176,33187
s6177,31097
s6177,24409
s6177,21051
s6177,27388
s6177,35520
s6177,34628
s6177,12845
s6177,32059
s6177,29723
s6177,18956
s6180,36043
s6181,35015
s6181,20026
s6181,29094
s6181,22870
s6181,2109
s6182,2301
s6182,26119
s6182,32326
s6182,33778
s6182,13706
s6182,33808
s6182,21570
s6182,33490
s6182,5363
s6182,17252
s6183,15830
s6183,19601
s6183,30449
s6183,8048
s6183,23199
s6183,27705
s6183,20123
s6183,1862
s6183,1490
s6184,629
s6184,3583
s6184,638
s6184,23629
s6185,32292
s6185,7162
s6185,33832
s6186,28999
s6186,12613
s6186,11880
s6186,14833
s6186,11410
s6186,20383
s6186,24701
s6186,6471
s6186,23902
s6186,16387
s6187,14136
s6187,13002
s6187,4301
s6187,15266
s6187,13324
s6187,3231
s6187,27457
s6187,21168
s6187,19118
s6187,10240
s6187,22918
s6187,15421
s6187,8162
s6187,28009
s6187,29887
s6187,6821
s6187,17925
s6187,31962
s6187,4908
s6187,17960
s6187,1475
s6187,7970
s6187,18602
s6187,13138
s6187,28010
s6187,30268
s6187,14284
s6187,26435
s6187,9789
s6187,8801
s6187,15002
s6187,16578
s6187,28363
s6187,13132
s6187,29731
s6187,2265
s6187,32711
s6187,27966
s6187,30144
s6187,6855
s6187,8013
s6187,17982
s6187,7650
s6187,4753
s6188,26400
s6188,3959
s6188,9292
s6188,10882
s6188,21521
s6188,1354
s6188,7042
s6188,12202
s6188,33256
s6188,9851
s6189,13791
s6189,12609
s6189,11845
s6189,7152
s6189,31292
s6189,30905
s6189,35572
s6189,20496
s6190,15565
s6190,5192
s6190,2016
s6190,17452
s6190,5199
s6190,21986
s6190,33033
s6190,34810
s6190,14855
s6190,18036
s6191,16821
s6191,8751
s6191,21001
s6191,35316
s6192,25861
s6192,11013
s6193,31733
s6193,33157
s6193,26399
s6193,17373
s6193,30065
s6193,18643
s6193,14185
s6194,5824
s6194,26944
s6194,5769
s6194,33124
s6194,29635
s6194,26818
s6194,27048
s6194,11751
s6194,35460
s6194,26821
s6195,9942
s6195,19922
s6195,5381
s6195,26521
s6195,12550
s6195,28167
s6195,28356
s6195,18659
s6196,12372
s6197,3941
s6197,8316
s6197,6972
s6197,10367
s6197,20252
s6197,594
s6197,5258
s6197,13405
s6197,9632
s6197,29602
s6198,28898
s6200,2776
s6200,9089
s6200,22536
s6200,4386
s6200,28405
s6200,6405
s6200,33358
s6200,2257
s6200,8007
s6201,28396
s6201,16263
s6201,21635
s6201,33567
s6201,6322
s6201,6336
s6201,14963
s6201,6370
s6201,9514
s6201,30224
s6201,4012
s6201,26086
s6201,6846
s6201,4014
s6201,36260
s6201,17231
s6201,34669
s6201,7786
s6201,4601
s6201,26817
s6201,30075
s6201,4016
s6201,2716
s6201,5751
s6201,7418
s6201,26185
s6201,8817
s6201,33569
s6202,3487
s6203,9841
s6203,26876
s6203,24207
s6203,19022
s6203,18743
s6203,11225
s6203,2383
s6203,18727
s6203,27364
s6203,30799
s6203,34434
s6204,30477
s6204,30833
s6204,27364
s6204,8577
s6204,34622
s6204,2829
s6204,12331
s6204,27611
s6204,25662
s6205,36347
s6205,10640
s6205,13118
s6205,9315
s6205,36434
s6205,35607
s6205,4374
s6205,20836
s6205,24576
s6205,4266
s6206,4590
s6206,5600
s6206,11084
s6206,18524
s6206,493
s6206,28260
s6206,29301
s6206,4564
s6206,9550
s6206,24359
s6206,23547
s6208,13407
s6208,10987
s6208,1387
s6208,28807
s6208,5498
s6208,16432
s6209,23452
s6209,14728
s6209,9940
s6209,24633
s6210,4409
s6210,5094
s6210,8785
s6210,24680
s6210,26462
s6210,16408
s6211,516
s6211,29450
s6211,28520
s6211,4961
s6211,14810
s6211,6212
s6211,2535
s6211,11362
s6212,35163
s6212,21771
s6212,34144
s6212,32916
s6212,33160
s6212,15538
s6212,9825
s6212,22844
s6212,24586
s6212,16740
s6213,35163
s6213,21771
s6213,16144
s6213,11077
s6213,26538
s6213,33160
s6213,15538
s6213,22955
s6213,15970
s6213,35911
s6214,13807
s6214,22020
s6214,29889
s6214,23071
s6214,24888
s6214,16990
s6214,19234
s6214,10174
s6214,5928
s6214,13751
s6214,13750
s6214,12409
s6215,13756
s6215,19728
s6215,4647
s6215,5981
s6215,25164
s6215,30422
s6215,6493
s6215,33929
s6215,17001
s6215,7181
s6215,36125
s6215,9983
s6216,16042
s6216,3507
s6216,7950
s6216,28094
s6217,373
s6217,29729
s6217,18404
s6217,207
s6217,32755
s6217,23670
s6218,1820
s6218,27362
s6218,8451
s6218,27908
s6218,34265
s6218,16917
s6218,23292
s6218,29233
s6219,18012
s6219,4946
s6219,23388
s6219,33883
s6219,35093
s6219,33815
s6219,14708
s6219,14160
s6219,1666
s6220,1013
s6220,33971
s6220,13408
s6220,21508
s6220,21120
s6220,10595
s6220,5596
s6220,25649
s6220,1449
s6220,21214
s6220,34885
s6220,1313
s6220,28496
s6220,13015
s6220,7447
s6220,21927
s6220,1029
s6220,24810
s6220,30388
s6220,35250
s6220,10097
s6221,17952
s6221,4474
s6221,4843
s6221,15273
s6221,26593
s6221,13747
s6221,7656
s6221,28367
s6222,22235
s6222,15481
s6222,18898
s6222,7857
s6222,21600
s6222,5855
s6222,26500
s6222,28348
s6222,24807
s6222,22544
s6223,22235
s6223,30147
s6223,17690
s6223,5855
s6223,15481
s6223,4279
s6223,5837
s6223,17500
s6223,7992
s6223,14639
s6224,25558
s6224,743
s6224,29237
s6224,18120
s6224,1365
s6224,36128
s6224,9045
s6224,30488
s6224,384
s6224,14521
s6225,12250
s6225,10479
s6225,8469
s6225,5711
s6225,9920
s6225,4078
s6225,9918
s6225,29243
s6225,6664
s6225,5066
s6225,32842
s6225,12079
s6225,12061
s6226,36257
s6226,337
s6226,10892
s6226,32364
s6226,27927
s6226,12293
s6226,4934
s6226,2338
s6226,6889
s6226,27634
s6226,14201
s6226,10057
s6226,11529
s6226,15062
s6227,18832
s6227,333
s6227,22148
s6227,22568
s6227,12299
s6227,9947
s6227,31823
s6227,7461
s6227,15895
s6227,6980
s6227,19291
s6227,4133
s6227,7095
s6228,27033
s6228,25771
s6228,5985
s6229,30168
s6229,25205
s6229,25931
s6229,21010
s6229,2001
s6229,17659
s6230,5766
s6230,29285
s6230,26860
s6230,18541
s6230,29521
s6230,32373
s6231,33132
s6231,31260
s6231,34213
s6231,25740
s6231,32630
s6231,5924
s6231,17622
s6232,15629
s6232,2221
s6232,11184
s6232,35366
s6232,19878
s6232,26071
s6233,24216
s6233,3028
s6233,34628
s6233,32746
s6233,34755
s6233,4030
s6235,17759
s6235,17626
s6235,6692
s6235,3252
s6235,1140
s6235,32526
s6235,30581
s6236,17759
s6236,17463
s6236,32526
s6236,26510
s6236,24100
s6236,21892
s6236,9794
s6236,6652
s6236,11160
s6236,24789
s6237,17759
s6237,4880
s6237,22870
s6237,27740
s6237,18402
s6238,17759
s6238,6126
s6238,4140
s6238,8473
s6238,22807
s6238,5024
s6238,27159
s6238,1079
s6238,26485
s6238,25457
s6238,13409
s6238,24789
s6238,30682
s6238,18402
s6239,10001
s6239,28364
s6239,18362
s6239,29827
s6239,22784
s6239,9070
s6239,3949
s6239,16034
s6239,20301
s6239,19129
s6240,8541
s6240,487
s6240,4880
s6240,5577
s6240,17387
s6240,31157
s6240,4902
s6240,1238
s6240,24789
s6240,3766
s6241,8541
s6241,23788
s6241,24789
s6241,4902
s6241,1351
s6241,30581
s6241,20656
s6241,5651
s6241,9563
s6241,34718
s6241,8397
s6241,4763
s6241,32526
s6241,4140
s6241,23395
s6241,17749
s6241,17626
s6241,2506
s6242,10001
s6242,31784
s6242,14880
s6242,1597
s6242,9504
s6242,4761
s6242,27740
s6242,5651
s6243,17759
s6243,14865
s6243,3214
s6243,33290
s6243,9580
s6243,26485
s6243,16017
s6243,1532
s6243,6544
s6243,19167
s6244,10001
s6244,31115
s6244,30581
s6244,22807
s6244,1597
s6244,27766
s6244,4595
s6244,29474
s6244,13409
s6244,24582
s6245,12130
s6245,15065
s6245,29601
s6245,31597
s6245,8955
s6245,33486
s6245,11019
s6245,33221
s6245,27136
s6245,7372
s6245,31916
s6245,28340
s6245,10652
s6245,13965
s6246,10380
s6246,28592
s6246,26347
s6246,30385
s6246,16522
s6246,1067
s6246,20369
s6246,10536
s6247,34072
s6247,4497
s6247,7640
s6247,27311
s6247,3286
s6247,23862
s6247,12356
s6248,33953
s6248,22117
s6248,8521
s6248,35533
s6248,14878
s6248,10072
s6248,28477
s6248,33936
s6249,22811
s6249,30650
s6249,11338
s6249,14675
s6249,8295
s6249,19436
s6249,4939
s6249,6005
s6249,8922
s6249,35039
s6249,7557
s6249,31845
s6250,28791
s6250,961
s6250,13972
s6250,16353
s6251,34453
s6251,10911
s6251,22308
s6251,25361
s6251,24746
s6251,24584
s6251,23237
s6251,17649
s6252,31914
s6253,16271
s6253,8137
s6253,3393
s6253,9274
s6253,17047
s6253,14311
s6253,20002
s6253,7346
s6253,22647
s6255,27358
s6255,15
s6255,9046
s6255,14589
s6255,17054
s6255,34248
s6255,3321
s6255,25681
s6256,10461
s6256,31325
s6256,24216
s6256,4185
s6256,32258
s6256,28293
s6256,20963
s6257,2267
s6258,22145
s6258,29861
s6258,1530
s6258,32876
s6258,5152
s6258,18893
s6258,20779
s6258,21985
s6258,19689
s6259,24292
s6259,26809
s6261,28872
s6261,26500
s6261,15801
s6261,25723
s6261,12391
s6261,5079
s6261,19050
s6261,7645
s6261,15881
s6261,6321
s6261,2149
s6261,26458
s6261,26445
s6261,16775
s6261,26480
s6261,29674
s6263,31890
s6263,10809
s6263,17484
s6263,30095
s6263,23225
s6264,18871
s6264,31345
s6264,13092
s6264,11728
s6264,13091
s6264,31066
s6264,35602
s6264,30343
s6264,23954
s6264,10216
s6265,18650
s6265,14578
s6265,22278
s6265,3452
s6265,24944
s6265,4815
s6265,30323
s6266,22684
s6266,31446
s6266,35636
s6266,26745
s6266,15029
s6266,11911
s6266,2865
s6266,27642
s6266,24239
s6266,3726
s6266,10327
s6266,26366
s6266,7717
s6266,12904
s6266,27601
s6266,25348
s6266,25502
s6266,25935
s6266,35974
s6266,786
s6266,26802
s6266,6985
s6266,18519
s6266,23264
s6266,23269
s6267,23210
s6267,4964
s6267,8275
s6267,6833
s6267,28465
s6267,13881
s6267,25715
s6267,9944
s6267,18669
s6267,33767
s6267,7953
s6268,10416
s6268,34359
s6268,35032
s6268,16070
s6268,21697
s6268,33732
s6268,23942
s6268,24555
s6269,12711
s6269,35267
s6269,10065
s6269,19091
s6269,32839
s6269,710
s6269,25575
s6269,13378
s6270,12476
s6270,9852
s6270,3852
s6270,32551
s6270,24580
s6270,23815
s6270,8513
s6270,16548
s6271,2601
s6271,14136
s6271,16699
s6271,14071
s6271,20760
s6271,19188
s6271,13172
s6272,344
s6272,17908
s6272,12030
s6272,28999
s6272,28068
s6272,16045
s6272,7055
s6272,20326
s6272,33006
s6272,745
s6272,19087
s6272,13822
s6272,20126
s6272,7414
s6272,2118
s6272,16035
s6272,16040
s6272,24714
s6272,33347
s6272,4356
s6272,15907
s6272,23247
s6272,30222
s6272,4311
s6272,29248
s6272,5437
s6272,1506
s6272,17489
s6272,2585
s6272,4423
s6272,16595
s6272,29849
s6273,19525
s6275,33504
s6276,26803
s6276,35244
s6276,5833
s6276,33747
s6276,26802
s6276,5676
s6276,26790
s6276,547
s6276,20187
s6276,30040
s6277,9919
s6277,10479
s6277,36416
s6277,30248
s6277,4085
s6277,3603
s6277,4086
s6277,5268
s6277,9313
s6277,9917
s6277,12146
s6278,32225
s6278,27384
s6278,27345
s6278,7551
s6278,35989
s6278,36231
s6279,33796
s6280,11077
s6280,19940
s6280,21288
s6280,25456
s6280,19078
s6280,60
s6280,3644
s6280,27615
s6280,28126
s6281,10035
s6281,24278
s6281,30219
s6281,22366
s6281,33659
s6281,22538
s6281,2084
s6281,7560
s6282,32796
s6282,23735
s6282,7939
s6282,28610
s6282,33500
s6282,9070
s6282,7766
s6283,23388
s6283,18667
s6283,8935
s6283,26197
s6283,65
s6283,30355
s6283,6530
s6283,6565
s6283,33671
s6283,17647
s6283,21675
s6284,24719
s6284,6343
s6284,27494
s6284,9013
s6284,19816
s6284,6603
s6284,30132
s6285,28713
s6285,26055
s6285,7184
s6286,3347
s6286,24473
s6286,32842
s6286,36388
s6286,24846
s6286,5710
s6286,5711
s6286,25503
s6286,22666
s6288,29529
s6288,22624
s6288,22660
s6289,35178
s6290,2389
s6290,846
s6290,17222
s6290,32361
s6290,30545
s6290,21068
s6290,16974
s6290,24061
s6290,32258
s6290,27321
s6290,32257
s6291,642
s6291,36132
s6291,30805
s6291,9852
s6291,35785
s6291,35538
s6291,34897
s6291,21886
s6292,811
s6292,29992
s6292,9768
s6292,17668
s6292,28470
s6292,26451
s6292,19955
s6292,3756
s6293,18748
s6294,13560
s6294,20934
s6294,11759
s6294,30612
s6294,32746
s6294,30660
s6294,12641
s6294,798
s6295,8442
s6295,32038
s6295,29938
s6295,34394
s6295,4203
s6295,9050
s6295,11961
s6295,3389
s6296,17328
s6296,5782
s6296,17157
s6296,34418
s6296,25187
s6296,32833
s6296,26998
s6296,34406
s6296,2461
s6296,3093
s6297,846
s6297,11763
s6297,19022
s6297,25783
s6297,27388
s6297,13823
s6297,2933
s6297,32754
s6297,3321
s6297,30525
s6299,846
s6299,34599
s6299,1715
s6299,30868
s6299,25783
s6299,27388
s6299,21071
s6299,3321
s6299,34648
s6299,27584
s6300,766
s6300,34231
s6300,24130
s6300,27855
s6300,10449
s6300,34534
s6300,32753
s6300,30260
s6301,27255
s6301,21976
s6301,23611
s6301,21071
s6301,23866
s6301,30525
s6301,31277
s6301,18757
s6302,35096
s6302,12707
s6302,9458
s6302,30582
s6302,4342
s6302,10833
s6302,18837
s6302,7782
s6302,8396
s6302,34840
s6303,15611
s6303,278
s6303,36042
s6303,34109
s6303,25648
s6303,33475
s6303,12596
s6303,690
s6304,344
s6304,15614
s6304,15971
s6304,6875
s6304,9103
s6304,16295
s6304,19574
s6304,1506
s6304,28354
s6304,18674
s6305,23740
s6306,10870
s6306,26119
s6306,1633
s6306,1642
s6306,8838
s6306,29674
s6306,29007
s6306,22769
s6306,6510
s6306,19353
s6306,15688
s6307,6520
s6307,14474
s6307,6823
s6307,20148
s6307,7667
s6307,30113
s6307,9512
s6307,31760
s6307,16951
s6307,22921
s6308,4396
s6309,28181
s6309,15479
s6309,3787
s6309,10676
s6309,18027
s6309,17232
s6310,24671
s6311,4272
s6312,14194
s6312,11182
s6312,31990
s6312,4341
s6312,6892
s6312,24741
s6312,5468
s6312,15543
s6312,14344
s6312,5905
s6312,23196
s6312,14630
s6312,14208
s6312,16699
s6312,33937
s6312,286
s6313,4344
s6313,14716
s6313,33537
s6313,11888
s6313,8570
s6313,19054
s6313,11328
s6313,11367
s6313,4274
s6313,10872
s6314,16418
s6314,18538
s6314,17116
s6314,26883
s6315,24941
s6315,32087
s6315,18780
s6315,31659
s6315,21037
s6315,31327
s6315,34425
s6315,29647
s6316,33735
s6316,22147
s6316,2090
s6316,22963
s6316,10681
s6316,32389
s6316,16126
s6316,22468
s6316,2752
s6316,34134
s6316,34699
s6317,14478
s6317,13965
s6317,21408
s6317,4857
s6317,28266
s6317,14464
s6317,18393
s6317,3006
s6317,21789
s6317,28616
s6317,5497
s6317,4314
s6318,17408
s6318,33112
s6318,26555
s6318,32030
s6318,14617
s6318,18967
s6319,19141
s6319,11897
s6319,11832
s6319,31892
s6319,26122
s6319,23004
s6319,11287
s6320,21923
s6320,33741
s6320,23383
s6320,8297
s6320,20338
s6320,29816
s6320,15329
s6320,25705
s6320,21108
s6320,35580
s6320,28002
s6320,24574
s6320,29751
s6320,21806
s6320,5417
s6321,27025
s6321,3259
s6321,32762
s6321,1772
s6321,32206
s6321,27350
s6321,23612
s6322,8090
s6322,31161
s6322,7001
s6322,20945
s6322,24037
s6322,4815
s6322,4673
s6322,7167
s6322,5321
s6323,16281
s6323,10321
s6323,33609
s6323,9941
s6323,35193
s6323,10322
s6323,29465
s6323,11025
s6323,18192
s6323,12995
s6323,28702
s6323,13429
s6323,33563
s6323,5907
s6323,7647
s6323,14448
s6323,36134
s6323,11648
s6323,14959
s6323,4693
s6324,3817
s6324,34067
s6324,30405
s6324,12075
s6324,17817
s6326,5751
s6326,22745
s6326,20497
s6326,7418
s6326,21756
s6326,7497
s6326,19585
s6326,35273
s6326,31853
s6326,2295
s6326,10755
s6326,2265
s6326,10719
s6326,15759
s6326,8009
s6326,31695
s6327,5199
s6327,33016
s6327,22802
s6327,8705
s6327,5562
s6327,4026
s6327,15671
s6327,2925
s6328,29601
s6328,6482
s6328,16898
s6328,29166
s6328,15695
s6328,7837
s6328,22937
s6328,503
s6328,18286
s6328,24550
s6329,27987
s6329,19535
s6329,18921
s6329,10513
s6329,8771
s6329,2220
s6331,2700
s6331,16607
s6331,1218
s6331,27661
s6331,12156
s6331,20034
s6331,31860
s6331,86
s6331,1038
s6332,4027
s6332,1380
s6332,16280
s6332,5918
s6332,29463
s6332,35348
s6332,31915
s6332,18599
s6332,28096
s6332,7937
s6332,28299
s6333,23284
s6333,63
s6333,17431
s6333,6656
s6333,32930
s6333,16117
s6333,1639
s6333,7533
s6333,6497
s6333,33408
s6334,29076
s6334,28953
s6334,33735
s6334,28520
s6334,8058
s6334,3793
s6334,28127
s6334,8167
s6334,3800
s6335,32480
s6335,19874
s6335,5942
s6335,33575
s6335,32456
s6335,19095
s6335,10747
s6336,24435
s6336,35323
s6336,15029
s6336,25775
s6336,26674
s6337,22522
s6337,10051
s6337,8610
s6337,22920
s6337,35195
s6337,23152
s6337,7298
s6337,28034
s6337,7511
s6337,29059
s6338,15878
s6338,26377
s6338,10863
s6338,27158
s6338,26180
s6338,16144
s6338,6816
s6338,23152
s6338,10180
s6338,27661
s6339,20560
s6339,544
s6339,29361
s6339,3446
s6339,5627
s6339,4047
s6339,23677
s6339,1538
s6339,16921
s6339,2606
s6339,4064
s6339,29662
s6339,10439
s6340,5600
s6340,29370
s6340,986
s6340,20160
s6340,4496
s6340,2125
s6340,26529
s6340,22970
s6340,32702
s6340,22279
s6340,977
s6341,905
s6341,7715
s6341,14060
s6341,28350
s6341,6374
s6341,10871
s6341,25457
s6341,9157
s6341,8486
s6341,9145
s6341,15340
s6342,7832
s6343,20631
s6343,8456
s6343,1839
s6343,18006
s6343,10290
s6343,8050
s6343,4717
s6343,31691
s6343,31110
s6343,29685
s6343,4537
s6344,21771
s6344,20467
s6344,26474
s6344,7789
s6344,24771
s6344,11791
s6344,28439
s6344,25311
s6344,30028
s6344,28033
s6344,35194
s6345,29067
s6345,23101
s6345,10412
s6345,15708
s6345,23237
s6345,3995
s6345,14772
s6345,21890
s6345,21711
s6345,14049
s6345,3765
s6345,5313
s6345,9870
s6347,28431
s6348,4482
s6349,6871
s6349,4950
s6349,34541
s6349,22736
s6349,27305
s6349,6898
s6349,21892
s6349,29474
s6349,11010
s6350,4491
s6351,28281
s6351,8667
s6351,26897
s6351,26955
s6351,31510
s6351,9046
s6351,3151
s6351,26952
s6351,10458
s6352,4504
s6354,20860
s6354,22105
s6354,3068
s6354,11977
s6354,4081
s6355,15856
s6355,23286
s6355,32364
s6355,21653
s6355,20940
s6355,14125
s6355,11839
s6355,8590
s6355,24714
s6355,13708
s6355,7371
s6355,17252
s6355,6228
s6355,27512
s6355,28749
s6355,15706
s6355,7702
s6355,14694
s6355,4807
s6355,33494
s6356,12581
s6357,14273
s6357,19736
s6357,33073
s6357,30389
s6357,8352
s6357,1561
s6357,26586
s6358,2136
s6358,8122
s6358,4953
s6358,33927
s6358,2166
s6358,29053
s6358,6303
s6358,2672
s6359,35012
s6359,10500
s6359,22851
s6359,11282
s6359,10142
s6359,8363
s6359,9017
s6359,10278
s6359,11284
s6360,1774
s6360,11967
s6360,13823
s6360,14519
s6360,17554
s6360,20674
s6360,25666
s6360,30260
s6360,36127
s6360,4528
s6361,33389
s6362,7833
s6362,13813
s6362,7889
s6362,19993
s6362,14230
s6363,9179
s6363,12122
s6363,4805
s6363,36310
s6364,5592
s6364,36318
s6365,5890
s6365,32064
s6366,14778
s6366,8950
s6366,32930
s6366,32678
s6366,17753
s6366,21642
s6366,15958
s6367,34752
s6367,10547
s6367,1601
s6367,20226
s6367,21221
s6367,5587
s6367,1315
s6368,35080
s6368,28854
s6368,30954
s6368,32707
s6368,25440
s6368,33897
s6368,34474
s6368,17754
s6368,34303
s6369,14485
s6370,1171
s6370,28816
s6370,14639
s6370,30124
s6370,18010
s6370,31645
s6370,5548
s6370,28240
s6370,15736
s6371,20037
s6371,14302
s6371,24342
s6371,31307
s6371,6016
s6372,19870
s6373,33778
s6373,2495
s6373,29432
s6373,12551
s6373,7357
s6373,27686
s6373,10028
s6373,22527
s6373,10261
s6373,11772
s6374,33734
s6374,33968
s6374,33893
s6374,33873
s6374,32673
s6375,31675
s6376,29585
s6376,3997
s6376,31168
s6376,9495
s6376,28127
s6376,27134
s6376,13741
s6377,16232
s6377,25118
s6377,20420
s6377,25023
s6377,22105
s6377,9697
s6377,25037
s6377,28126
s6377,22415
s6377,4815
s6378,7133
s6378,16129
s6378,11465
s6378,31598
s6378,32404
s6378,31754
s6378,24287
s6378,34845
s6379,29487
s6380,28062
s6380,8817
s6380,10171
s6380,35100
s6380,35154
s6380,19729
s6380,22866
s6380,5030
s6380,30586
s6380,9554
s6380,34691
s6380,20045
s6381,5798
s6381,35474
s6381,36183
s6381,19417
s6381,35402
s6381,30822
s6382,27344
s6382,30773
s6382,17192
s6382,27867
s6382,25466
s6382,22532
s6382,29626
s6382,16018
s6382,787
s6383,16082
s6383,5180
s6383,26486
s6383,12295
s6383,18138
s6383,16330
s6383,8992
s6383,13571
s6383,30129
s6383,5516
s6384,16082
s6384,5180
s6384,22057
s6384,5516
s6384,18138
s6385,16082
s6385,5180
s6385,26486
s6385,5516
s6386,12786
s6386,17040
s6386,29741
s6386,16974
s6386,29524
s6386,13942
s6386,27926
s6386,31100
s6386,1760
s6386,12643
s6387,35753
s6387,3012
s6387,26565
s6387,33436
s6387,27852
s6387,23248
s6387,12332
s6387,1091
s6387,36052
s6389,23188
s6389,14811
s6389,7966
s6389,24198
s6389,8921
s6389,28123
s6391,6070
s6391,6464
s6391,889
s6391,9950
s6391,5199
s6391,16657
s6391,26468
s6391,18627
s6391,31713
s6391,8573
s6393,35695
s6393,31958
s6393,16764
s6393,18311
s6393,23755
s6393,6245
s6394,13129
s6394,28404
s6394,18441
s6394,28120
s6394,1497
s6394,20209
s6395,7786
s6395,4899
s6395,2321
s6395,14935
s6395,23944
s6395,3128
s6395,6439
s6396,9520
s6396,19189
s6396,9175
s6396,8676
s6396,23270
s6396,4153
s6396,14749
s6396,32319
s6397,11933
s6397,11936
s6397,1405
s6397,9113
s6397,29197
s6397,10940
s6397,13536
s6397,19199
s6398,11091
s6398,22138
s6398,29592
s6398,24045
s6398,9056
s6398,27513
s6399,8579
s6399,35196
s6400,6128
s6400,179
s6400,13980
s6400,28202
s6400,19488
s6400,30487
s6400,11644
s6400,3410
s6400,5073
s6400,3889
s6401,23900
s6401,26557
s6401,13102
s6401,30241
s6401,17270
s6401,12721
s6401,10372
s6401,34485
s6402,31337
s6402,30849
s6402,5753
s6402,12226
s6402,18220
s6402,35762
s6402,35687
s6402,18804
s6403,40
s6403,29634
s6403,455
s6403,23587
s6403,4073
s6403,10460
s6403,12799
s6403,23174
s6404,790
s6404,3479
s6404,18865
s6404,28956
s6404,29973
s6404,23459
s6404,17708
s6404,8218
s6404,13383
s6404,34654
s6405,11387
s6405,15093
s6405,22383
s6405,29894
s6405,1478
s6405,14801
s6408,28596
s6408,30388
s6408,22640
s6408,23900
s6408,1102
s6408,22321
s6408,2104
s6408,21229
s6409,29809
s6409,10019
s6409,2222
s6409,7254
s6409,20372
s6409,2935
s6409,10104
s6410,15771
s6410,15826
s6410,26084
s6410,7931
s6410,19137
s6410,6084
s6410,16879
s6410,20642
s6411,6947
s6411,20049
s6411,22831
s6411,21666
s6411,19425
s6411,16742
s6411,34130
s6413,18636
s6413,26566
s6413,15682
s6413,19007
s6413,16236
s6413,30355
s6413,7035
s6413,16580
s6414,32195
s6414,31342
s6414,32198
s6414,548
s6414,22700
s6414,10221
s6414,30345
s6414,35780
s6414,12221
s6414,15358
s6415,14850
s6415,10169
s6415,5910
s6415,19149
s6415,26459
s6415,30417
s6415,23064
s6415,1219
s6415,10024
s6415,5817
s6415,30186
s6416,34776
s6416,33815
s6416,35364
s6416,17339
s6416,34375
s6416,8107
s6416,22797
s6416,31708
s6417,14655
s6417,35523
s6417,26336
s6417,6526
s6417,17402
s6417,29748
s6419,8492
s6419,2272
s6419,32207
s6419,2420
s6419,18575
s6419,24303
s6419,12344
s6419,30613
s6419,34733
s6419,32053
s6420,15693
s6420,10678
s6420,18157
s6420,26077
s6420,29078
s6420,15338
s6420,33739
s6420,10680
s6420,31802
s6420,6655
s6421,7955
s6421,26064
s6421,8932
s6421,31784
s6421,24444
s6421,22960
s6421,23012
s6422,30637
s6422,15723
s6422,15791
s6422,27982
s6422,15176
s6422,30010
s6422,22180
s6422,6699
s6422,20911
s6422,23120
s6423,5600
s6423,28767
s6423,29880
s6423,18830
s6423,14002
s6423,15788
s6423,7035
s6423,5524
s6423,17973
s6423,24852
s6424,31271
s6424,26773
s6424,1842
s6424,35206
s6424,15856
s6424,24140
s6424,4151
s6424,25620
s6424,26984
s6424,32442
s6424,31725
s6424,22972
s6424,8931
s6424,12411
s6424,25068
s6425,20149
s6425,6368
s6425,26775
s6425,9757
s6425,6568
s6425,18154
s6425,28711
s6425,21623
s6426,35140
s6426,11084
s6426,8610
s6426,11288
s6426,26332
s6426,24702
s6426,9312
s6426,482
s6427,23343
s6427,1469
s6427,34913
s6427,6909
s6427,827
s6427,27109
s6427,35027
s6427,5756
s6427,21645
s6428,7450
s6428,16538
s6428,10234
s6428,14757
s6428,20712
s6428,11473
s6429,35302
s6430,8331
s6431,5764
s6431,15371
s6431,35324
s6431,25527
s6431,35685
s6431,17659
s6431,794
s6431,18562
s6431,24398
s6432,9520
s6432,26169
s6432,5075
s6432,13753
s6432,16539
s6432,20658
s6432,19053
s6432,34411
s6434,14130
s6434,24701
s6434,6465
s6434,17564
s6434,4148
s6434,24542
s6434,30166
s6434,34927
s6434,28622
s6434,15538
s6434,22790
s6434,6359
s6434,13785
s6434,18154
s6436,12601
s6436,4033
s6436,20713
s6436,13394
s6437,25621
s6438,1662
s6438,36260
s6438,32318
s6438,26468
s6438,8877
s6438,8173
s6438,10179
s6438,29947
s6438,16686
s6438,13285
s6439,25425
s6440,24066
s6441,29716
s6441,29387
s6441,17283
s6441,7305
s6441,32359
s6441,30525
s6441,24070
s6441,31460
s6441,34072
s6441,27618
s6442,32479
s6442,17882
s6442,25536
s6442,21093
s6442,36155
s6442,10460
s6442,3912
s6442,30544
s6443,16954
s6444,21840
s6444,27152
s6444,720
s6444,25422
s6444,20568
s6444,26470
s6444,20633
s6444,30000
s6445,6128
s6445,26565
s6446,14424
s6446,17397
s6446,9153
s6446,4946
s6446,15276
s6446,25391
s6446,6708
s6446,32903
s6446,15727
s6447,15878
s6447,10911
s6447,7941
s6447,12620
s6447,25039
s6447,23451
s6447,14090
s6447,8202
s6447,6562
s6447,305
s6447,2570
s6447,16614
s6447,16115
s6447,26630
s6448,5206
s6448,8988
s6448,20327
s6448,4107
s6448,7106
s6448,16897
s6448,28446
s6448,8275
s6448,28593
s6448,30815
s6448,22091
s6448,20467
s6448,15690
s6449,8150
s6449,5872
s6449,26154
s6449,12672
s6449,27935
s6449,7632
s6449,25726
s6449,8829
s6449,577
s6449,21740
s6449,15848
s6449,12704
s6449,7803
s6450,1374
s6450,31089
s6450,8733
s6450,32777
s6450,28281
s6450,2833
s6450,4189
s6450,34392
s6450,19741
s6450,3538
s6450,3210
s6451,3945
s6451,15614
s6451,14453
s6451,9068
s6451,14466
s6451,18043
s6452,7187
s6453,8884
s6453,2248
s6453,26618
s6453,17880
s6453,35129
s6453,17810
s6453,35816
s6454,8365
s6454,4274
s6454,27621
s6454,6927
s6454,4058
s6454,15323
s6454,35354
s6454,31523
s6454,5408
s6454,7017
s6455,32381
s6455,27336
s6455,11997
s6455,32803
s6455,12362
s6455,17173
s6455,12371
s6455,32960
s6455,11968
s6456,22546
s6457,32922
s6457,27953
s6457,11370
s6457,15824
s6457,30760
s6457,18438
s6457,35319
s6457,17764
s6457,24634
s6458,30352
s6458,16819
s6459,13404
s6459,8663
s6459,25389
s6459,8455
s6459,15053
s6459,24368
s6459,16050
s6459,1119
s6459,18664
s6459,25906
s6460,10754
s6460,11843
s6460,17229
s6460,21577
s6460,26181
s6461,23010
s6461,15787
s6461,28434
s6461,7609
s6461,16988
s6461,32332
s6461,30951
s6461,29858
s6461,127
s6461,20761
s6461,25327
s6462,16698
s6462,29173
s6462,15230
s6462,28975
s6462,18954
s6462,27366
s6462,8718
s6462,27357
s6462,27390
s6463,16698
s6463,29173
s6463,15230
s6463,28975
s6463,18954
s6463,27366
s6463,8718
s6463,27357
s6463,27390
s6464,16698
s6464,29173
s6464,15230
s6464,28975
s6464,18954
s6464,27366
s6464,8718
s6464,27357
s6464,27390
s6465,31457
s6465,28975
s6465,15230
s6465,29194
s6465,16698
s6465,27356
s6465,34292
s6465,29583
s6465,442
s6465,34741
s6466,2842
s6466,13386
s6466,8492
s6466,32053
s6466,4254
s6466,24520
s6466,26915
s6467,36026
s6467,15421
s6467,26033
s6467,31915
s6467,5625
s6467,12423
s6467,355
s6467,8824
s6467,1865
s6467,11162
s6467,26043
s6467,10906
s6467,34927
s6468,32583
s6468,15918
s6468,10419
s6468,7285
s6468,10978
s6468,36072
s6468,30482
s6468,13416
s6468,19830
s6468,22276
s6468,28108
s6468,27141
s6468,25014
s6468,25933
s6469,5615
s6469,1181
s6469,4579
s6469,6376
s6469,8681
s6469,33684
s6469,13754
s6469,24534
s6469,16506
s6469,917
s6470,4482
s6471,19636
s6471,23235
s6471,31945
s6471,14341
s6471,19632
s6471,10059
s6471,6839
s6471,34993
s6472,6178
s6473,21068
s6473,3795
s6473,8263
s6473,34437
s6473,24436
s6473,27383
s6473,13958
s6473,34632
s6473,8577
s6474,8581
s6474,29368
s6474,19876
s6474,11440
s6474,2555
s6474,4059
s6474,14156
s6474,28418
s6474,12566
s6474,473
s6474,3768
s6474,8078
s6474,1206
s6474,4099
s6474,31714
s6475,16658
s6475,19682
s6475,1663
s6475,22308
s6475,27112
s6475,24931
s6475,19144
s6475,23445
s6476,6297
s6477,18898
s6477,16043
s6477,29302
s6477,31845
s6477,15807
s6477,7940
s6477,23761
s6477,6988
s6479,27149
s6479,16000
s6479,15966
s6479,32226
s6479,16612
s6479,9506
s6479,9332
s6479,16267
s6480,29867
s6480,3790
s6480,903
s6480,15252
s6480,7668
s6480,11869
s6480,27743
s6480,4734
s6481,33326
s6481,14222
s6481,7355
s6481,10025
s6481,6000
s6481,13988
s6481,20568
s6481,17961
s6481,9496
s6481,27911
s6482,10321
s6482,12517
s6482,4913
s6482,21595
s6482,15273
s6482,4581
s6482,24698
s6482,26445
s6483,28596
s6483,25638
s6483,24448
s6483,19213
s6483,22210
s6483,21827
s6483,7198
s6483,11947
s6483,7457
s6485,694
s6485,24487
s6485,10415
s6485,1364
s6485,34299
s6485,36108
s6485,32649
s6485,14521
s6486,8493
s6486,30634
s6486,1774
s6486,14589
s6486,25424
s6486,3321
s6486,7821
s6486,34248
s6486,19759
s6486,17932
s6487,15676
s6487,17813
s6487,16287
s6487,6350
s6487,27671
s6487,25996
s6487,25521
s6487,35175
s6487,29379
s6487,22781
s6487,14286
s6487,10867
s6487,25978
s6487,6908
s6487,8828
s6487,15076
s6487,18635
s6489,1261
s6489,19260
s6489,26583
s6489,8949
s6489,16015
s6489,22019
s6489,30432
s6489,14691
s6489,1387
s6490,28321
s6490,4324
s6490,14089
s6490,7159
s6490,28830
s6490,12291
s6490,2773
s6490,11360
s6490,1225
s6490,34712
s6490,3785
s6492,6727
s6493,29479
s6493,19682
s6493,27416
s6493,14438
s6493,11272
s6493,1189
s6493,33421
s6493,20712
s6493,20440
s6494,6463
s6494,2028
s6494,7373
s6494,16291
s6494,6830
s6494,31600
s6494,32071
s6494,19118
s6495,25370
s6495,31306
s6495,18646
s6495,4946
s6495,24687
s6495,17464
s6495,26504
s6495,28561
s6495,12496
s6495,7629
s6496,14518
s6497,32677
s6497,4106
s6497,4679
s6497,10156
s6497,30763
s6498,344
s6498,17365
s6498,6599
s6498,7917
s6498,12690
s6498,16684
s6498,30147
s6498,16225
s6498,15980
s6498,13997
s6498,14823
s6499,8837
s6500,6828
s6501,9941
s6501,27736
s6501,6656
s6501,28321
s6501,2620
s6501,17853
s6501,16607
s6501,15266
s6501,8300
s6501,3771
s6501,14769
s6502,33564
s6502,12185
s6502,15266
s6502,13020
s6502,15302
s6502,8898
s6502,4005
s6502,17693
s6502,14072
s6502,36216
s6503,16723
s6503,18636
s6503,6228
s6503,19066
s6503,15880
s6503,2315
s6503,12301
s6503,4610
s6504,20018
s6504,15102
s6504,32511
s6504,22968
s6504,23237
s6504,25251
s6504,2454
s6504,21315
s6504,33149
s6504,4784
s6505,27049
s6505,18542
s6505,26944
s6506,31613
s6506,1827
s6506,32766
s6506,30679
s6506,10763
s6506,33824
s6506,23685
s6506,24237
s6506,25276
s6506,34611
s6506,26750
s6507,6640
s6507,10746
s6507,29997
s6507,33740
s6507,26246
s6507,34783
s6507,25686
s6508,34997
s6508,2880
s6508,11703
s6508,33122
s6509,27049
s6509,18951
s6510,15378
s6510,10746
s6511,29601
s6511,28329
s6511,28459
s6511,28162
s6511,24124
s6511,2818
s6511,5816
s6511,3198
s6511,33076
s6511,8309
s6511,8146
s6512,5674
s6512,20327
s6512,24809
s6512,21579
s6512,5187
s6512,8108
s6512,24830
s6512,35154
s6513,32204
s6513,36085
s6513,2445
s6513,8711
s6513,25747
s6513,27364
s6513,34744
s6513,11999
s6515,4288
s6516,23384
s6516,11211
s6516,32756
s6516,2398
s6516,28297
s6516,32033
s6516,3010
s6517,9808
s6517,7446
s6517,22909
s6517,28147
s6517,34522
s6517,14676
s6517,16638
s6517,3420
s6517,21794
s6517,31728
s6518,27498
s6518,24156
s6518,15265
s6518,25783
s6518,33522
s6518,34648
s6518,34761
s6518,11213
s6519,85
s6519,2580
s6519,11152
s6519,6302
s6519,36042
s6519,9903
s6519,22870
s6519,33030
s6520,30085
s6520,27808
s6521,27433
s6521,11731
s6521,25793
s6521,18613
s6521,14397
s6521,8209
s6521,25883
s6521,32287
s6523,766
s6523,34827
s6523,23613
s6523,21051
s6523,30260
s6523,2671
s6523,799
s6523,20637
s6523,34628
s6523,27388
s6524,1952
s6524,14019
s6524,21722
s6524,14255
s6524,2418
s6524,34308
s6527,28529
s6527,20759
s6527,15873
s6527,3995
s6527,14301
s6527,9738
s6528,26673
s6528,27084
s6528,12863
s6528,6109
s6528,33278
s6528,12861
s6529,6954
s6530,24526
s6530,32805
s6530,36411
s6530,30408
s6530,10126
s6530,3582
s6530,5707
s6530,5289
s6531,412
s6531,26910
s6531,29330
s6531,36085
s6531,1820
s6531,18447
s6531,32142
s6531,34220
s6532,3836
s6532,615
s6532,623
s6532,8675
s6532,23580
s6532,649
s6532,20775
s6532,8512
s6532,13355
s6532,29300
s6533,16290
s6533,24601
s6534,26169
s6534,11346
s6534,13697
s6534,20146
s6534,28397
s6534,31979
s6534,15407
s6534,12408
s6534,8340
s6534,15514
s6534,14098
s6534,35044
s6535,20148
s6535,20473
s6535,11513
s6535,14310
s6535,22791
s6535,34927
s6535,11542
s6535,16152
s6535,34718
s6535,27796
s6537,7289
s6537,33013
s6537,15753
s6537,14858
s6537,8084
s6537,17693
s6537,28376
s6537,13161
s6538,29837
s6538,19033
s6538,17600
s6538,22160
s6538,14077
s6538,1471
s6538,4941
s6538,24274
s6538,26649
s6539,6293
s6540,13590
s6541,29664
s6541,8817
s6541,22075
s6541,14831
s6541,35193
s6541,4685
s6541,33021
s6541,20339
s6541,33109
s6541,29090
s6541,19031
s6541,25088
s6541,22928
s6542,23833
s6542,34675
s6542,30017
s6542,13555
s6542,199
s6542,11266
s6543,3424
s6543,36359
s6543,12014
s6543,8708
s6543,10597
s6543,11394
s6543,19493
s6543,21141
s6543,22256
s6543,29205
s6543,32493
s6544,6288
s6544,23104
s6544,36194
s6544,5798
s6544,20487
s6544,6063
s6544,10343
s6544,35384
s6544,35453
s6544,8103
s6545,10667
s6545,22974
s6545,316
s6545,1181
s6545,14863
s6545,4579
s6545,32163
s6545,11773
s6545,9460
s6545,36077
s6545,1370
s6546,25133
s6546,34255
s6547,2465
s6547,20919
s6547,26837
s6547,29722
s6547,35553
s6547,17091
s6547,29645
s6547,8627
s6548,30321
s6548,24913
s6548,34866
s6548,10521
s6548,9645
s6548,36374
s6548,23896
s6548,3543
s6548,5064
s6549,13783
s6549,32922
s6549,25422
s6549,17494
s6549,18045
s6549,10171
s6549,36082
s6549,13712
s6549,26513
s6549,15657
s6549,28107
s6549,4296
s6549,21847
s6550,3113
s6550,15774
s6550,6829
s6550,15773
s6550,3077
s6550,13156
s6550,14048
s6550,4307
s6551,9188
s6551,14710
s6551,31915
s6551,27816
s6551,2448
s6551,18026
s6551,16021
s6551,31246
s6551,19902
s6551,18898
s6551,19116
s6551,19428
s6552,20695
s6552,23729
s6552,2164
s6552,23731
s6552,17079
s6552,15482
s6552,30415
s6552,28754
s6552,19958
s6552,13703
s6553,34934
s6553,7687
s6553,5457
s6553,28555
s6553,6613
s6553,1654
s6553,20874
s6554,33427
s6554,20935
s6554,32051
s6554,13386
s6555,34534
s6555,419
s6555,4179
s6555,26947
s6555,4197
s6555,2464
s6555,30266
s6555,29579
s6556,22166
s6556,14833
s6556,14373
s6556,8303
s6556,31915
s6556,22912
s6556,7308
s6556,11898
s6556,18033
s6556,8872
s6557,35378
s6557,1413
s6557,8281
s6557,13504
s6557,33186
s6557,16129
s6557,33217
s6557,33366
s6557,32789
s6558,35378
s6558,1413
s6558,8281
s6558,16129
s6558,17712
s6558,33217
s6558,32789
s6558,23396
s6559,21804
s6559,12316
s6559,30212
s6559,6756
s6559,8245
s6559,33467
s6559,29019
s6560,1301
s6560,7341
s6560,11056
s6560,13604
s6560,7254
s6560,12722
s6560,7508
s6560,6454
s6560,1293
s6560,7661
s6560,25684
s6560,10993
s6560,13103
s6560,5413
s6561,468
s6561,32066
s6561,5882
s6561,27959
s6561,11835
s6561,3961
s6561,12996
s6561,9149
s6561,2258
s6561,20006
s6561,7835
s6562,7642
s6562,13229
s6562,1388
s6562,16550
s6562,33682
s6562,13736
s6562,19474
s6562,35040
s6562,15678
s6562,14352
s6563,26688
s6563,19827
s6563,9502
s6563,14232
s6563,14944
s6563,5859
s6563,11813
s6563,18428
s6563,2906
s6563,34139
s6565,28318
s6565,20805
s6565,27364
s6565,13387
s6565,23873
s6565,32060
s6565,30669
s6565,18584
s6566,15268
s6566,21809
s6566,5943
s6566,569
s6566,17504
s6566,36116
s6566,7684
s6566,34849
s6566,28482
s6566,26764
s6567,5930
s6567,24642
s6567,6228
s6567,34084
s6567,31852
s6567,7007
s6567,6470
s6567,8982
s6567,30151
s6567,2081
s6568,566
s6568,2671
s6568,4528
s6568,13556
s6568,24130
s6568,27255
s6568,27388
s6568,27934
s6568,29306
s6568,29528
s6568,29720
s6568,30832
s6568,31390
s6568,34827
s6569,4379
s6570,11994
s6570,12330
s6570,17319
s6570,29920
s6570,30692
s6570,17204
s6570,25728
s6570,24971
s6570,21089
s6571,6986
s6571,1568
s6571,3770
s6571,34000
s6571,424
s6571,17595
s6571,3702
s6571,6085
s6571,33683
s6571,7021
s6572,25731
s6572,34969
s6572,19696
s6572,20565
s6572,35631
s6572,12924
s6572,31486
s6573,30167
s6573,5799
s6573,35328
s6573,33001
s6573,35688
s6573,9220
s6573,30550
s6573,13471
s6573,12949
s6574,8453
s6574,8895
s6574,18558
s6574,18899
s6574,5982
s6574,21696
s6574,30693
s6574,22234
s6575,9083
s6575,24683
s6575,21545
s6575,13305
s6575,33074
s6575,26034
s6575,28172
s6575,28198
s6576,4757
s6577,33629
s6577,2279
s6577,10940
s6577,21519
s6577,6538
s6577,24842
s6577,34441
s6578,13477
s6578,18544
s6578,27374
s6578,29657
s6578,36085
s6578,27345
s6578,26977
s6579,17847
s6579,6998
s6579,1192
s6579,26569
s6579,30807
s6579,30801
s6579,9988
s6579,25788
s6579,26337
s6579,1472
s6580,8270
s6580,18005
s6580,11523
s6580,28786
s6580,11552
s6580,27837
s6580,21875
s6580,4854
s6580,6511
s6580,26532
s6581,3162
s6581,12785
s6581,9360
s6581,1626
s6581,4200
s6582,24359
s6582,27661
s6582,9705
s6582,3004
s6582,22159
s6582,35943
s6582,21522
s6582,32796
s6583,1824
s6583,7918
s6583,25982
s6583,11542
s6583,14082
s6583,21307
s6583,4938
s6583,14073
s6583,4475
s6584,6373
s6584,21771
s6584,33902
s6584,7644
s6584,14130
s6584,20467
s6584,36260
s6584,27815
s6584,6926
s6584,26454
s6584,17992
s6584,20113
s6584,27828
s6584,17693
s6584,28704
s6585,6861
s6585,7027
s6585,518
s6585,22758
s6585,3747
s6585,31082
s6585,11976
s6585,19851
s6585,17122
s6585,20025
s6585,5247
s6585,4297
s6585,33815
s6585,8192
s6585,34722
s6585,34466
s6586,4682
s6586,25413
s6586,18836
s6586,2161
s6586,24740
s6586,29072
s6586,29428
s6586,16264
s6586,4648
s6587,7785
s6588,25039
s6588,35431
s6588,14954
s6588,7595
s6588,3985
s6588,7392
s6588,7079
s6588,35218
s6588,25377
s6588,15673
s6588,31170
s6588,31176
s6588,34577
s6588,27900
s6588,16635
s6588,11344
s6589,766
s6589,851
s6589,34231
s6589,10458
s6589,34635
s6590,33564
s6590,21478
s6591,33827
s6591,11288
s6591,25944
s6591,5179
s6591,28525
s6591,7281
s6593,11416
s6593,25648
s6593,25222
s6593,6
s6593,22414
s6593,22231
s6593,4814
s6593,10260
s6593,23520
s6593,17036
s6594,8299
s6595,35136
s6595,5179
s6595,34138
s6595,4315
s6595,24299
s6595,14160
s6595,16049
s6595,16906
s6595,21608
s6595,32640
s6595,22939
s6595,13755
s6595,33962
s6596,13974
s6596,1585
s6596,33482
s6596,6739
s6597,23576
s6597,8674
s6597,10325
s6597,30056
s6597,34923
s6597,9650
s6598,34084
s6598,3913
s6598,9838
s6598,11252
s6598,14368
s6598,15785
s6598,31831
s6599,9772
s6599,24668
s6599,4600
s6599,11096
s6599,6991
s6599,17392
s6599,28371
s6599,5136
s6599,1420
s6599,31620
s6600,34064
s6600,20765
s6600,9443
s6600,6687
s6600,17016
s6600,2817
s6600,19200
s6600,15643
s6600,21369
s6600,26780
s6600,31514
s6601,1662
s6601,23310
s6601,30697
s6601,4848
s6601,16013
s6601,29841
s6601,31643
s6601,14528
s6602,27583
s6602,8441
s6603,3386
s6603,31461
s6603,34059
s6603,8451
s6603,1820
s6603,23608
s6603,3284
s6603,16917
s6604,22774
s6604,14820
s6604,8066
s6604,14154
s6604,5121
s6604,19184
s6604,8423
s6604,16665
s6604,6483
s6604,11314
s6605,29716
s6605,28300
s6605,3091
s6605,111
s6605,14519
s6605,26952
s6605,3321
s6605,33313
s6606,21573
s6606,10575
s6606,17870
s6606,5318
s6606,10173
s6606,29671
s6607,14072
s6609,20560
s6609,34704
s6609,6836
s6609,12726
s6609,23969
s6609,26046
s6609,34702
s6609,16397
s6609,8810
s6610,26688
s6610,12185
s6610,33487
s6610,28176
s6610,28802
s6610,16538
s6610,15690
s6610,22882
s6610,35169
s6610,17865
s6610,9704
s6610,23251
s6610,19227
s6610,6902
s6610,29490
s6611,27855
s6611,26951
s6611,20805
s6611,3029
s6611,15336
s6611,1547
s6611,8638
s6611,11762
s6613,31870
s6613,26185
s6613,36030
s6613,14764
s6613,14706
s6613,4950
s6613,28710
s6613,6360
s6613,20332
s6613,31789
s6613,8053
s6613,19062
s6615,12923
s6615,11745
s6615,19767
s6615,14473
s6615,6116
s6616,33503
s6617,17881
s6617,9103
s6617,27209
s6617,1581
s6617,28433
s6617,6290
s6617,27495
s6617,23468
s6617,34592
s6617,19579
s6617,22152
s6618,30632
s6618,14425
s6618,7930
s6618,34362
s6618,21022
s6618,17861
s6618,10198
s6618,20181
s6618,35180
s6618,24344
s6620,25450
s6620,16668
s6620,11407
s6620,28564
s6620,987
s6620,33546
s6620,31248
s6620,27423
s6620,14753
s6621,24753
s6621,35175
s6621,6566
s6621,25441
s6621,20193
s6621,22569
s6621,27943
s6622,3516
s6622,33916
s6622,34105
s6622,1282
s6622,8111
s6622,18895
s6622,22354
s6622,27085
s6622,16123
s6622,8385
s6623,23763
s6623,3233
s6623,12406
s6623,18599
s6623,24359
s6623,3466
s6623,16648
s6623,5865
s6623,3457
s6623,7064
s6624,24902
s6624,5315
s6624,10059
s6624,12030
s6624,23600
s6624,32500
s6624,25770
s6624,12624
s6625,5432
s6625,12918
s6625,20382
s6625,34452
s6625,20095
s6625,27848
s6625,13903
s6625,2734
s6625,19796
s6625,14092
s6626,29463
s6626,1861
s6626,35141
s6626,7658
s6626,14764
s6626,19563
s6626,31901
s6626,31296
s6626,25617
s6626,35490
s6627,17521
s6627,12030
s6627,3708
s6627,13802
s6627,11163
s6627,890
s6627,16576
s6627,9300
s6627,9676
s6627,11957
s6628,8071
s6628,15060
s6628,20053
s6628,35173
s6628,22055
s6629,8071
s6629,9953
s6629,15060
s6629,28150
s6629,20053
s6629,35173
s6629,22055
s6630,32963
s6630,8071
s6630,15060
s6630,20053
s6630,35173
s6630,22055
s6631,17425
s6631,20317
s6631,28110
s6631,24699
s6631,25904
s6631,14528
s6631,26852
s6631,29834
s6632,28030
s6633,17651
s6633,11523
s6633,23187
s6633,17401
s6633,6328
s6633,28105
s6633,32693
s6633,10042
s6634,854
s6634,15878
s6634,22882
s6634,4985
s6634,14160
s6634,2602
s6634,36134
s6634,11433
s6634,28438
s6634,36032
s6635,17292
s6635,28802
s6635,9066
s6635,8368
s6635,3956
s6635,27701
s6635,28028
s6635,8480
s6635,861
s6635,4806
s6636,22847
s6637,5459
s6637,20749
s6637,35259
s6637,5774
s6637,5893
s6637,33601
s6637,18791
s6637,12884
s6637,30798
s6637,20030
s6638,22677
s6638,26627
s6638,1825
s6638,34753
s6638,1390
s6638,3407
s6638,32300
s6638,5533
s6638,20514
s6638,20022
s6640,23220
s6640,986
s6640,17755
s6640,7289
s6640,31642
s6640,1840
s6640,30166
s6640,7365
s6641,4012
s6641,5224
s6641,27579
s6641,26581
s6641,17819
s6641,2305
s6642,30155
s6642,8349
s6642,8038
s6642,26426
s6642,8677
s6642,14448
s6642,4810
s6642,16668
s6643,16637
s6643,32713
s6643,3969
s6643,14508
s6643,16077
s6643,8794
s6643,28604
s6643,13990
s6643,9041
s6643,25606
s6644,6565
s6644,12427
s6644,28728
s6644,22082
s6644,12682
s6644,33540
s6644,28369
s6644,17807
s6644,15866
s6644,20235
s6645,33602
s6645,15040
s6645,26033
s6645,2203
s6645,28041
s6645,21764
s6645,34058
s6645,8259
s6645,32713
s6647,19980
s6647,30159
s6647,16861
s6647,25096
s6647,29176
s6647,15337
s6648,14696
s6650,9003
s6651,16708
s6651,17029
s6652,23232
s6653,17424
s6653,16190
s6653,16379
s6653,33765
s6653,12047
s6653,35395
s6653,493
s6653,16497
s6653,7578
s6653,33265
s6653,21300
s6653,23153
s6653,3002
s6653,21921
s6653,964
s6653,2066
s6653,22315
s6653,16174
s6653,967
s6653,31382
s6654,29563
s6654,23616
s6654,29355
s6654,3302
s6654,456
s6654,764
s6654,170
s6654,29550
s6654,25427
s6654,36129
s6655,34827
s6655,8737
s6655,3386
s6655,11762
s6655,23864
s6655,32352
s6655,35520
s6655,30727
s6656,9947
s6656,8395
s6656,27172
s6656,6073
s6656,20383
s6656,9389
s6656,35210
s6656,23321
s6656,10200
s6657,22902
s6658,32983
s6658,3338
s6658,27797
s6658,9546
s6658,14443
s6658,1316
s6658,5588
s6658,31532
s6658,17924
s6658,34775
s6658,26502
s6658,34334
s6659,2327
s6659,27607
s6659,9938
s6660,25360
s6661,7002
s6662,8534
s6662,35971
s6662,28581
s6662,17591
s6662,28655
s6662,19008
s6662,23504
s6663,9801
s6663,26373
s6663,1633
s6663,7364
s6663,33209
s6663,25944
s6663,5199
s6663,19914
s6663,20940
s6663,1578
s6664,18981
s6664,15503
s6664,28891
s6664,15473
s6664,6141
s6664,33423
s6664,34957
s6665,16605
s6665,14092
s6665,14526
s6665,28082
s6665,34753
s6665,4337
s6665,12106
s6665,23224
s6665,34065
s6665,20240
s6666,9188
s6667,30567
s6667,24927
s6667,21040
s6667,1063
s6667,32099
s6667,25612
s6667,32053
s6668,26295
s6668,32048
s6668,3030
s6668,3500
s6668,3163
s6668,22003
s6668,13953
s6668,11090
s6669,18447
s6669,3291
s6669,17073
s6669,8451
s6669,32208
s6669,31001
s6669,25668
s6670,29306
s6670,34231
s6670,30260
s6670,26935
s6670,447
s6670,27584
s6670,20637
s6670,30258
s6671,63
s6671,19688
s6671,25315
s6671,11158
s6671,9956
s6671,35541
s6671,24540
s6671,7839
s6671,1210
s6671,24666
s6671,13913
s6672,16525
s6672,21500
s6672,4440
s6672,13450
s6672,20365
s6672,24589
s6672,16501
s6672,13626
s6672,21485
s6672,4090
s6672,14538
s6672,25938
s6672,8017
s6672,11601
s6673,21080
s6673,17234
s6673,28534
s6673,8595
s6673,10618
s6673,16616
s6673,29675
s6673,16500
s6673,10600
s6674,8595
s6674,28534
s6674,25955
s6674,5485
s6674,15869
s6674,20370
s6674,1015
s6674,16508
s6674,34884
s6674,29755
s6674,5382
s6674,15735
s6675,28498
s6675,21895
s6675,5416
s6675,10736
s6675,2336
s6675,28935
s6675,9210
s6675,27475
s6676,25654
s6677,22252
s6677,29667
s6677,30068
s6677,28502
s6677,11415
s6677,2066
s6677,16500
s6677,7504
s6679,9368
s6679,7124
s6679,27999
s6679,12011
s6679,22249
s6679,13607
s6679,2935
s6679,12915
s6679,10993
s6679,19524
s6679,11475
s6679,23976
s6679,30233
s6679,22244
s6679,982
s6679,16732
s6679,3079
s6679,16381
s6679,25630
s6679,25970
s6681,5557
s6681,34088
s6683,119
s6683,6656
s6683,5339
s6683,22133
s6683,9074
s6684,24343
s6687,26088
s6687,14942
s6687,15686
s6687,2692
s6687,19205
s6687,11158
s6687,8388
s6687,2363
s6687,7999
s6687,25710
s6688,29831
s6688,16336
s6688,5421
s6688,33190
s6688,32321
s6688,6291
s6689,7162
s6689,6512
s6689,3047
s6689,13980
s6689,13360
s6689,8662
s6689,13476
s6689,2108
s6689,10431
s6690,4066
s6690,16118
s6690,27263
s6690,15965
s6690,20316
s6690,3948
s6690,7077
s6690,11414
s6690,17967
s6690,4852
s6691,13041
s6693,7420
s6693,15121
s6693,8093
s6693,2240
s6693,33328
s6693,4767
s6693,9312
s6693,21200
s6693,7673
s6693,12361
s6694,20389
s6694,21360
s6694,10376
s6694,1897
s6694,24563
s6694,34546
s6694,31154
s6694,26736
s6694,956
s6694,10358
s6694,21788
s6694,21822
s6694,26239
s6695,24216
s6695,32781
s6695,799
s6695,27596
s6695,8640
s6695,3501
s6696,28097
s6697,13996
s6697,22928
s6697,24281
s6697,2531
s6697,7914
s6697,10841
s6697,1727
s6697,6797
s6697,13964
s6697,6859
s6697,30954
s6697,1726
s6698,27718
s6698,10591
s6698,22041
s6698,11955
s6698,19524
s6698,25579
s6698,1030
s6698,3054
s6698,34311
s6698,9627
s6699,13996
s6699,23965
s6699,29850
s6699,13531
s6699,16335
s6699,33367
s6700,14046
s6701,33223
s6701,15036
s6701,8527
s6701,27491
s6701,21471
s6701,15644
s6701,24787
s6702,4955
s6702,15833
s6702,15284
s6702,689
s6702,18149
s6702,28480
s6702,2306
s6702,4152
s6702,11323
s6702,4526
s6702,26433
s6703,24642
s6703,18636
s6703,13809
s6703,12030
s6703,27738
s6703,30110
s6703,17006
s6703,28325
s6704,6411
s6704,9758
s6704,32885
s6704,2364
s6704,30148
s6704,30188
s6704,22150
s6704,35193
s6705,14362
s6705,36116
s6705,33004
s6705,26761
s6705,35356
s6705,23024
s6705,14263
s6705,15018
s6706,20364
s6706,6167
s6706,2787
s6706,16735
s6706,4142
s6706,23710
s6706,16484
s6706,2087
s6706,5668
s6706,9893
s6707,10698
s6707,754
s6707,25958
s6707,33271
s6707,2370
s6707,12915
s6707,11719
s6707,28937
s6707,13291
s6707,21871
s6708,27437
s6708,27395
s6709,28006
s6709,34335
s6709,13521
s6709,34313
s6709,14411
s6709,2055
s6709,21893
s6709,13127
s6710,3739
s6710,9926
s6710,3328
s6710,20315
s6711,31870
s6711,15739
s6711,23660
s6711,19161
s6711,11798
s6711,15900
s6711,23763
s6711,34952
s6711,15800
s6711,15980
s6711,15316
s6712,19187
s6712,29450
s6712,17472
s6712,15597
s6712,28135
s6712,13793
s6712,14448
s6712,30188
s6713,8991
s6713,21160
s6713,23081
s6713,34099
s6713,22581
s6713,17860
s6713,10869
s6714,26377
s6714,14526
s6714,27987
s6714,9242
s6714,5104
s6714,13421
s6714,9628
s6714,27473
s6714,5336
s6714,29819
s6714,28609
s6714,16396
s6715,21620
s6716,7882
s6716,16658
s6716,25521
s6716,30203
s6716,32930
s6716,10180
s6716,22767
s6716,25918
s6716,34075
s6716,7355
s6717,8777
s6717,1430
s6717,25546
s6717,31526
s6717,6704
s6717,32474
s6717,11115
s6717,33293
s6717,7002
s6717,10314
s6717,8168
s6718,33818
s6718,24125
s6718,14998
s6718,19697
s6719,4080
s6719,35637
s6719,1573
s6719,12109
s6719,23686
s6719,28972
s6719,35352
s6719,22336
s6719,549
s6719,10073
s6720,18775
s6720,12185
s6720,15777
s6720,25347
s6720,31945
s6720,15534
s6720,8034
s6720,3649
s6720,19447
s6720,35104
s6722,14038
s6722,18365
s6722,27099
s6722,4243
s6722,17992
s6722,23453
s6722,25067
s6722,31080
s6722,5377
s6722,19992
s6722,24711
s6723,31945
s6723,7234
s6723,13549
s6723,2675
s6723,22857
s6723,4278
s6723,15243
s6723,33525
s6723,4957
s6723,8044
s6723,10244
s6724,8377
s6724,1720
s6724,30782
s6724,33453
s6724,12525
s6724,22740
s6724,28098
s6724,1296
s6725,28182
s6725,31830
s6725,3231
s6725,30684
s6725,30681
s6726,8265
s6726,3347
s6726,36380
s6726,4235
s6726,29358
s6726,32739
s6726,22630
s6727,8265
s6727,3347
s6727,36380
s6727,29358
s6727,32739
s6727,22630
s6727,4235
s6727,32842
s6727,3609
s6728,8265
s6728,3347
s6728,36380
s6728,29358
s6728,32739
s6728,30413
s6728,32842
s6728,3609
s6729,17820
s6729,5292
s6729,12191
s6729,35639
s6729,3816
s6729,5081
s6729,3676
s6729,29939
s6729,36417
s6729,29358
s6729,34045
s6729,30254
s6729,4109
s6729,36421
s6730,5220
s6730,28086
s6730,6073
s6730,7592
s6730,24665
s6730,15565
s6730,20433
s6731,7562
s6731,7436
s6731,18016
s6731,21849
s6731,9737
s6731,17314
s6731,24644
s6731,9898
s6731,30754
s6731,22967
s6732,33068
s6732,3521
s6732,28204
s6732,35862
s6732,30049
s6732,29990
s6732,35852
s6732,12815
s6732,29124
s6732,12814
s6732,30884
s6732,35026
s6732,20849
s6732,17563
s6732,9930
s6732,33500
s6732,6071
s6732,33263
s6732,24597
s6732,6909
s6732,4901
s6732,13904
s6732,6576
s6732,23708
s6732,28166
s6732,27109
s6732,8052
s6732,4870
s6732,26031
s6732,14227
s6733,10666
s6733,26621
s6733,4010
s6734,29232
s6734,4184
s6734,2382
s6734,31085
s6734,29725
s6734,34287
s6734,29764
s6734,29722
s6734,20800
s6735,1671
s6735,10000
s6735,15596
s6735,25791
s6735,10007
s6735,32692
s6735,1312
s6735,13683
s6735,13040
s6735,9093
s6736,8365
s6736,15739
s6736,8844
s6736,9656
s6736,14099
s6736,9429
s6736,11025
s6736,22850
s6736,28424
s6737,18723
s6737,3072
s6737,23852
s6737,34758
s6737,5063
s6737,11630
s6737,28203
s6737,13284
s6737,22832
s6737,30253
s6739,8364
s6739,12922
s6739,23084
s6739,7722
s6739,30713
s6739,31964
s6739,23138
s6739,21978
s6739,36022
s6740,31433
s6740,32267
s6740,6105
s6740,18447
s6740,27370
s6740,4213
s6740,24071
s6740,31392
s6740,29714
s6740,34642
s6741,637
s6741,3848
s6741,29540
s6741,23606
s6741,23578
s6741,12497
s6741,23629
s6742,3136
s6742,24199
s6742,26574
s6742,27589
s6742,26376
s6742,29333
s6743,21657
s6743,31610
s6743,24141
s6743,1166
s6743,13018
s6743,33543
s6743,17701
s6744,15878
s6744,4016
s6744,33464
s6744,9554
s6744,11172
s6744,6482
s6744,21601
s6744,5206
s6744,17446
s6744,22860
s6744,7067
s6744,20523
s6744,10702
s6744,6568
s6744,12408
s6744,33379
s6746,27100
s6746,6927
s6746,29014
s6746,10471
s6746,26210
s6746,27101
s6747,33828
s6747,25144
s6747,19512
s6747,23655
s6747,26155
s6747,28797
s6747,23056
s6747,24590
s6747,26164
s6747,27662
s6748,7285
s6748,13457
s6748,25176
s6748,25470
s6749,20448
s6750,6368
s6751,25486
s6751,30405
s6751,22506
s6751,24447
s6751,17609
s6751,17083
s6751,5722
s6751,5070
s6751,34206
s6751,30322
s6752,19507
s6753,6128
s6753,28264
s6753,16674
s6753,13980
s6753,31311
s6753,25572
s6753,2923
s6753,12533
s6753,8661
s6753,35101
s6754,8463
s6754,1350
s6754,17912
s6754,18628
s6754,30203
s6754,33815
s6754,7529
s6754,5742
s6754,28616
s6754,1642
s6755,1350
s6755,12
s6755,22873
s6755,33020
s6755,16005
s6755,17649
s6755,29839
s6755,20528
s6755,7989
s6755,16903
s6756,21845
s6756,29082
s6756,18600
s6756,1292
s6756,29415
s6756,15055
s6756,11542
s6756,33076
s6756,6003
s6756,7146
s6756,1640
s6757,29613
s6757,11626
s6758,27286
s6758,3028
s6758,30925
s6758,23697
s6758,33
s6759,18977
s6759,19893
s6759,9466
s6759,17826
s6760,12507
s6760,4964
s6760,11443
s6760,22462
s6760,34107
s6760,30725
s6760,35191
s6760,20762
s6760,34081
s6760,6494
s6761,2770
s6761,20458
s6761,33130
s6761,9334
s6761,16020
s6763,12408
s6764,20208
s6766,33279
s6766,33276
s6766,22620
s6766,22783
s6766,26359
s6766,19654
s6766,17635
s6767,2802
s6768,11845
s6768,19161
s6768,8404
s6768,884
s6768,4314
s6768,23462
s6768,7529
s6768,33352
s6768,52
s6768,6619
s6768,2132
s6769,642
s6769,8870
s6769,29218
s6769,3852
s6769,14246
s6769,3856
s6769,35538
s6769,9856
s6770,4616
s6770,13491
s6770,34226
s6770,9097
s6770,6851
s6770,30563
s6770,24056
s6770,6944
s6770,11209
s6770,27802
s6771,6250
s6771,35476
s6771,11533
s6771,10147
s6771,34190
s6771,30862
s6772,10572
s6772,6634
s6772,32482
s6772,20489
s6772,20032
s6772,32483
s6773,3322
s6774,22902
s6774,14183
s6775,35591
s6775,19566
s6775,9631
s6775,5285
s6775,13838
s6775,16135
s6775,1573
s6777,18355
s6777,14309
s6777,20113
s6777,33109
s6777,2381
s6777,17927
s6777,33056
s6777,26676
s6777,35110
s6777,25456
s6777,20633
s6777,22813
s6777,28093
s6777,12777
s6777,18102
s6779,28936
s6779,4950
s6779,4957
s6779,26520
s6779,2242
s6779,24584
s6779,9264
s6779,5598
s6779,10240
s6779,29750
s6779,465
s6779,25546
s6779,22245
s6780,28425
s6780,29488
s6780,9163
s6780,33817
s6780,27162
s6780,13623
s6780,2500
s6780,7916
s6780,32770
s6781,17499
s6782,26055
s6782,7184
s6782,1509
s6782,9158
s6782,3100
s6782,26441
s6782,4840
s6782,23162
s6782,8123
s6782,33750
s6783,4905
s6784,16871
s6784,15725
s6785,19575
s6785,34943
s6785,2600
s6785,13779
s6785,35022
s6785,14080
s6785,9128
s6791,34687
s6791,27798
s6791,28399
s6791,31271
s6791,15973
s6791,15942
s6791,21875
s6791,9071
s6791,33357
s6791,18646
s6792,16182
s6792,5383
s6792,21507
s6792,20358
s6792,16518
s6792,19133
s6793,12998
s6793,2019
s6793,14088
s6793,31171
s6793,15744
s6793,18652
s6793,7848
s6793,5939
s6793,7913
s6793,28872
s6793,31595
s6793,2500
s6793,7011
s6794,2700
s6794,29067
s6794,8033
s6794,28802
s6794,9656
s6794,4332
s6794,6816
s6794,10675
s6794,4473
s6794,16310
s6795,11880
s6795,23128
s6795,5967
s6795,296
s6795,12275
s6795,22818
s6795,11768
s6795,26002
s6795,16280
s6795,6671
s6795,22348
s6795,16904
s6795,4884
s6795,16712
s6795,8135
s6795,23007
s6796,17764
s6796,14287
s6796,7927
s6796,26404
s6796,15789
s6796,7363
s6797,1146
s6797,220
s6797,2570
s6797,13164
s6797,5689
s6797,19216
s6797,4148
s6797,35170
s6797,19058
s6797,15796
s6797,23128
s6797,7440
s6797,34930
s6797,21192
s6798,34687
s6798,26119
s6798,15800
s6798,23399
s6798,27184
s6798,17495
s6798,33946
s6798,20339
s6798,9486
s6799,14449
s6799,20119
s6799,14610
s6799,3417
s6799,22882
s6799,22846
s6799,28123
s6799,23933
s6799,22746
s6799,7600
s6800,10934
s6801,3852
s6801,6131
s6801,12731
s6801,637
s6801,24580
s6801,7711
s6801,5082
s6801,29616
s6802,34893
s6802,3026
s6802,22553
s6802,9611
s6802,17508
s6802,29743
s6803,8517
s6803,24248
s6803,4018
s6803,11869
s6803,8415
s6803,35355
s6803,9151
s6803,24301
s6803,5223
s6803,16324
s6805,14374
s6805,7605
s6805,1660
s6805,33922
s6805,96
s6805,8390
s6805,16050
s6805,16655
s6805,3959
s6805,3038
s6805,29070
s6806,1580
s6806,35220
s6806,6944
s6806,4874
s6806,4923
s6806,30176
s6806,19709
s6806,30662
s6806,32307
s6807,14813
s6807,7055
s6807,19914
s6807,22091
s6807,22175
s6807,8015
s6808,629
s6808,29326
s6808,24018
s6808,23606
s6809,15856
s6809,16047
s6809,17340
s6809,28051
s6809,4371
s6809,1700
s6809,9956
s6809,10878
s6809,6025
s6809,29535
s6809,8587
s6810,28008
s6811,7832
s6812,7832
s6813,7832
s6814,22579
s6814,23457
s6814,5912
s6814,22910
s6814,21568
s6814,14153
s6814,14567
s6814,15680
s6814,9075
s6814,22962
s6815,14816
s6815,1905
s6815,3098
s6815,13992
s6815,27458
s6815,33948
s6815,18972
s6815,3191
s6815,29848
s6817,24602
s6817,26577
s6817,20840
s6817,33111
s6817,26575
s6818,89
s6818,33016
s6818,30185
s6818,10756
s6818,31936
s6818,26089
s6818,33914
s6818,29047
s6818,14980
s6818,34708
s6819,4301
s6819,35133
s6819,36030
s6819,17725
s6819,34114
s6819,26774
s6819,11025
s6819,13755
s6819,24830
s6819,16882
s6819,24753
s6819,29463
s6819,15942
s6819,26377
s6819,31867
s6819,33902
s6820,16437
s6820,5498
s6820,1093
s6820,19517
s6820,33753
s6820,15738
s6820,27580
s6820,33733
s6820,11355
s6820,27964
s6820,20456
s6820,19608
s6820,21121
s6821,1790
s6821,12363
s6821,5761
s6821,26997
s6821,26932
s6822,35510
s6822,23250
s6822,25314
s6822,34283
s6822,34856
s6822,34661
s6822,24024
s6822,7612
s6823,16338
s6823,33400
s6823,34737
s6823,20974
s6823,17228
s6823,20468
s6824,27801
s6824,30809
s6824,3589
s6824,15919
s6824,12652
s6824,21539
s6824,29927
s6825,19410
s6825,1397
s6825,553
s6825,34006
s6825,34957
s6825,19438
s6825,5929
s6826,27258
s6826,21021
s6826,32736
s6827,19525
s6827,7455
s6827,5206
s6827,15266
s6827,15676
s6827,12688
s6827,19682
s6827,4686
s6827,11182
s6827,31816
s6828,17033
s6828,12833
s6828,697
s6828,17097
s6828,30935
s6828,30049
s6828,17563
s6828,35874
s6828,35885
s6828,33704
s6828,3593
s6828,895
s6828,5577
s6828,24277
s6828,14337
s6828,19129
s6828,16664
s6828,26031
s6828,23096
s6828,21150
s6828,22168
s6828,17241
s6829,9766
s6829,22219
s6829,13261
s6829,983
s6829,21703
s6829,2969
s6830,9766
s6830,983
s6830,22219
s6830,27468
s6830,28264
s6830,23709
s6830,27895
s6831,10245
s6831,31194
s6831,16873
s6831,8935
s6831,18993
s6831,22144
s6831,26001
s6831,30193
s6831,21963
s6832,14506
s6832,26295
s6832,11991
s6832,8632
s6832,446
s6832,27314
s6833,10149
s6833,31132
s6833,27904
s6833,33116
s6833,29959
s6833,18450
s6833,30427
s6833,28843
s6834,17514
s6835,4147
s6836,4147
s6837,7878
s6837,29035
s6837,7899
s6837,32407
s6837,2092
s6837,32403
s6837,4529
s6837,19067
s6837,30223
s6837,1655
s6837,20765
s6837,26446
s6837,26437
s6837,6598
s6837,19068
s6837,9692
s6838,6588
s6838,16665
s6838,2367
s6838,33209
s6838,6481
s6838,15690
s6838,22790
s6838,15762
s6838,17987
s6838,17707
s6839,4763
s6839,10049
s6839,28081
s6839,29847
s6839,23687
s6840,15980
s6840,28999
s6840,9459
s6840,28813
s6840,6919
s6840,30145
s6840,3623
s6840,5338
s6840,24688
s6840,18635
s6841,15490
s6841,35023
s6841,15266
s6841,31816
s6841,25093
s6841,27238
s6841,10322
s6841,22087
s6842,27667
s6842,6360
s6843,31870
s6843,2601
s6843,9066
s6843,885
s6843,32999
s6843,33032
s6843,7944
s6843,14059
s6843,21977
s6843,24339
s6843,4299
s6844,5437
s6844,31683
s6844,34845
s6844,4271
s6844,17500
s6844,15557
s6844,8906
s6844,23349
s6844,16223
s6844,19045
s6844,22857
s6844,30810
s6844,9132
s6845,32220
s6845,22434
s6845,1804
s6845,23818
s6845,18727
s6845,25425
s6845,27311
s6845,30471
s6846,30139
s6846,14122
s6846,21568
s6846,22948
s6846,29004
s6846,28012
s6846,9384
s6846,18031
s6846,35062
s6846,17552
s6847,20597
s6847,13259
s6847,17833
s6847,32836
s6847,35665
s6847,23508
s6847,22381
s6847,32597
s6847,35546
s6847,17836
s6848,24753
s6848,10244
s6848,35089
s6848,29418
s6848,8836
s6848,22093
s6848,26464
s6848,4721
s6848,27553
s6848,19186
s6849,20597
s6849,13259
s6849,17833
s6849,32836
s6849,31041
s6849,32638
s6849,35665
s6849,17631
s6849,23508
s6849,32864
s6850,4872
s6850,30099
s6851,20597
s6851,13259
s6851,17833
s6851,33717
s6851,32638
s6851,35665
s6851,17631
s6851,23508
s6851,13269
s6851,32593
s6852,24130
s6852,27612
s6852,25783
s6852,3151
s6852,23611
s6852,23627
s6852,30920
s6852,34799
s6852,3286
s6852,29983
s6853,24655
s6853,31275
s6853,20469
s6853,13374
s6853,35343
s6853,33225
s6853,34063
s6853,28370
s6853,16041
s6854,19564
s6854,22230
s6854,20177
s6854,12717
s6854,10231
s6854,13896
s6854,13507
s6854,15650
s6854,9293
s6854,7014
s6855,9550
s6855,1080
s6855,6470
s6855,1392
s6855,33404
s6855,25347
s6855,2628
s6855,15480
s6855,25342
s6855,2137
s6856,34510
s6856,21424
s6856,15617
s6856,28950
s6856,7134
s6856,13717
s6856,9355
s6856,2344
s6856,4492
s6858,12653
s6858,8148
s6858,10924
s6858,35352
s6858,22613
s6858,1573
s6859,26049
s6859,18199
s6859,16150
s6859,20904
s6859,19678
s6859,2180
s6859,19855
s6859,11179
s6859,28517
s6859,3109
s6860,20120
s6861,34724
s6861,29570
s6861,27826
s6861,35543
s6861,17683
s6861,33385
s6861,22978
s6862,18044
s6862,30563
s6862,7820
s6862,8115
s6862,4018
s6862,26147
s6862,12103
s6862,33977
s6862,7038
s6862,35243
s6862,18560
s6863,7820
s6863,15694
s6863,30563
s6863,32932
s6863,14862
s6863,4018
s6863,32871
s6863,6681
s6864,16298
s6864,989
s6864,13150
s6864,11277
s6865,1789
s6865,4366
s6865,8444
s6865,34261
s6865,31020
s6865,21058
s6865,8679
s6865,27040
s6865,7821
s6865,3321
s6867,26688
s6867,30148
s6867,13665
s6867,10421
s6867,15514
s6867,16538
s6867,28363
s6867,11756
s6867,889
s6867,32916
s6867,8424
s6867,29490
s6867,22869
s6867,30364
s6867,31184
s6868,31313
s6868,11359
s6868,30605
s6868,7647
s6868,18116
s6868,14620
s6868,921
s6868,10768
s6869,24279
s6869,11389
s6870,87
s6870,1171
s6870,13809
s6870,6063
s6870,7909
s6870,23079
s6870,8058
s6870,33675
s6870,33662
s6871,766
s6871,34062
s6871,3091
s6871,30633
s6871,25783
s6871,28245
s6871,32360
s6871,34872
s6872,21228
s6872,10758
s6872,29396
s6872,10366
s6872,6426
s6872,11585
s6872,5456
s6872,19869
s6872,21241
s6872,34727
s6872,21366
s6872,8776
s6872,9654
s6872,5455
s6872,1086
s6873,18993
s6873,33532
s6873,22446
s6873,7667
s6874,12061
s6874,9866
s6874,25485
s6875,24631
s6875,36263
s6875,22007
s6875,13588
s6875,8101
s6875,16584
s6875,17962
s6875,3233
s6876,10171
s6876,14359
s6876,4950
s6876,36293
s6876,13982
s6876,29083
s6876,9085
s6876,31692
s6877,17249
s6877,27174
s6877,16581
s6878,629
s6878,22337
s6878,8512
s6878,29616
s6878,3682
s6878,12473
s6878,653
s6878,30057
s6878,18928
s6879,8033
s6879,25944
s6879,11336
s6879,14704
s6879,28396
s6879,10845
s6879,27674
s6879,28423
s6879,32854
s6879,1101
s6879,22110
s6879,11813
s6880,14092
s6880,17388
s6880,33629
s6880,25452
s6880,29468
s6880,2520
s6880,33189
s6880,25335
s6880,8538
s6880,22861
s6880,8575
s6881,28395
s6881,27661
s6881,15540
s6881,20131
s6881,26197
s6881,10856
s6881,33768
s6881,23234
s6881,10858
s6881,6616
s6882,31211
s6882,16861
s6882,8025
s6882,7158
s6882,29692
s6882,3980
s6882,25471
s6882,13545
s6883,30203
s6883,14553
s6883,19710
s6883,1468
s6883,21171
s6883,18192
s6883,10200
s6883,24633
s6883,28037
s6883,16005
s6884,14962
s6884,20694
s6884,5174
s6884,35069
s6884,6366
s6884,17795
s6884,13752
s6885,9333
s6885,4464
s6885,886
s6885,5850
s6885,31812
s6885,22824
s6885,28052
s6885,33570
s6885,8381
s6885,17745
s6885,12613
s6885,14958
s6885,6830
s6885,29090
s6885,20760
s6885,11413
s6885,18652
s6885,31595
s6885,9758
s6885,14180
s6886,4429
s6886,19427
s6886,26373
s6886,5738
s6886,9165
s6886,17758
s6886,22182
s6886,32900
s6886,15125
s6886,36307
s6886,6944
s6887,12185
s6887,28396
s6887,5875
s6887,15682
s6887,4096
s6887,26377
s6887,8907
s6887,4915
s6888,34674
s6888,18544
s6888,27536
s6888,32746
s6888,27374
s6888,34648
s6888,34761
s6888,27296
s6888,30018
s6888,3321
s6889,6822
s6889,3903
s6889,691
s6889,6532
s6889,15682
s6889,4770
s6889,11409
s6889,4775
s6889,35199
s6889,8983
s6890,18015
s6891,35683
s6891,1609
s6891,497
s6891,26330
s6891,6930
s6891,20020
s6891,26380
s6891,9606
s6891,10524
s6891,20505
s6891,21724
s6891,2801
s6891,13655
s6891,8702
s6891,27563
s6892,28300
s6892,34827
s6892,566
s6892,32281
s6892,21052
s6892,31459
s6892,17282
s6892,17022
s6892,4965
s6892,21887
s6892,26880
s6893,9730
s6893,26683
s6893,2715
s6894,15856
s6894,25382
s6894,31975
s6894,14700
s6894,3801
s6894,22986
s6894,17761
s6894,8583
s6894,14206
s6894,8681
s6894,10283
s6894,8758
s6894,31081
s6894,15417
s6894,10864
s6895,33551
s6895,7486
s6895,31588
s6897,2757
s6897,13329
s6897,26033
s6897,1380
s6897,15507
s6897,5189
s6897,20631
s6897,8050
s6897,21655
s6897,9954
s6897,17006
s6898,13223
s6898,14034
s6898,29609
s6898,7107
s6898,25288
s6898,4362
s6898,22444
s6898,9951
s6898,8848
s6898,25475
s6902,35982
s6902,17105
s6902,9933
s6902,1733
s6902,12751
s6902,23487
s6902,21961
s6902,25128
s6902,28207
s6902,21953
s6902,19090
s6902,20273
s6902,5150
s6902,1065
s6902,23708
s6902,14999
s6902,31792
s6902,23217
s6903,12029
s6903,18046
s6903,30676
s6904,10380
s6904,16522
s6904,10598
s6904,8247
s6904,26068
s6904,2227
s6904,16737
s6904,24815
s6905,8265
s6905,30411
s6905,20810
s6905,12071
s6905,5067
s6905,5725
s6905,27879
s6905,3542
s6905,29162
s6905,5116
s6906,8265
s6906,30411
s6906,20810
s6906,12071
s6906,5067
s6906,23351
s6906,25557
s6906,5116
s6906,25324
s6906,8962
s6907,34031
s6907,3723
s6907,24459
s6908,20898
s6908,20679
s6908,32029
s6909,5117
s6909,23893
s6909,5725
s6909,36436
s6909,36405
s6909,13117
s6909,5269
s6909,36431
s6909,9844
s6909,23984
s6910,24878
s6910,15856
s6910,23092
s6910,6599
s6910,1633
s6910,14130
s6910,27086
s6910,36020
s6910,4899
s6910,1525
s6910,9439
s6910,15012
s6911,2252
s6911,14087
s6911,20273
s6911,15851
s6912,14775
s6912,31875
s6912,23080
s6912,4878
s6912,33923
s6912,15666
s6912,33500
s6912,6872
s6913,2389
s6913,750
s6913,31460
s6913,27036
s6913,2833
s6913,29979
s6913,23864
s6913,14501
s6913,27702
s6913,12782
s6913,31323
s6913,32719
s6914,2679
s6914,22763
s6914,8817
s6914,22808
s6914,8822
s6914,9089
s6914,22733
s6914,12420
s6914,7515
s6914,33368
s6914,33684
s6914,7056
s6914,31955
s6914,32950
s6915,12193
s6915,35788
s6915,637
s6915,23606
s6915,29545
s6915,8513
s6915,130
s6915,23569
s6915,29616
s6915,3848
s6915,13356
s6915,32551
s6916,854
s6916,17292
s6916,4899
s6916,15497
s6916,29885
s6916,31317
s6916,6006
s6916,31872
s6916,22947
s6917,12683
s6917,35078
s6918,12995
s6918,20712
s6918,5507
s6918,12736
s6918,19187
s6918,30129
s6918,52
s6918,11521
s6918,19025
s6919,12315
s6920,32703
s6920,18389
s6920,12950
s6920,6612
s6920,14806
s6921,21753
s6921,17798
s6921,17877
s6921,6951
s6921,11192
s6921,5119
s6921,14952
s6921,19706
s6921,17848
s6921,22976
s6922,20361
s6922,5574
s6922,13028
s6922,13650
s6922,5110
s6922,23150
s6923,29866
s6923,31247
s6923,5913
s6923,14142
s6923,11337
s6923,17285
s6923,30571
s6923,31902
s6923,15499
s6923,325
s6923,28173
s6923,27965
s6923,17448
s6924,31871
s6924,17488
s6924,30045
s6924,4608
s6925,24374
s6925,22614
s6925,1249
s6925,25349
s6925,17349
s6925,2250
s6925,27415
s6925,4162
s6926,30632
s6926,7614
s6926,12171
s6926,2183
s6926,7775
s6926,32411
s6926,33374
s6926,13306
s6927,6614
s6927,12364
s6928,15688
s6928,17047
s6928,28332
s6928,13755
s6928,28606
s6928,24542
s6928,7628
s6928,9995
s6928,26227
s6928,15967
s6928,23451
s6929,15688
s6929,17047
s6929,26227
s6929,24542
s6929,7947
s6929,9184
s6929,6568
s6929,29093
s6929,10906
s6930,12373
s6930,19749
s6930,22520
s6930,10807
s6930,7639
s6931,12378
s6932,14861
s6932,18643
s6932,35099
s6932,8937
s6932,30686
s6932,14417
s6932,14611
s6932,22560
s6932,1204
s6932,34370
s6934,12407
s6935,12401
s6936,27147
s6936,13965
s6936,7096
s6936,35256
s6936,30124
s6936,33356
s6936,17029
s6936,28861
s6937,29716
s6937,11763
s6937,17283
s6937,26826
s6937,16987
s6937,25783
s6937,29979
s6937,3151
s6937,2833
s6937,3211
s6937,110
s6937,3321
s6937,27702
s6937,30525
s6937,4367
s6937,20782
s6937,23611
s6937,2385
s6938,29284
s6938,22701
s6938,12120
s6938,12114
s6938,24059
s6938,3928
s6940,13845
s6940,14614
s6940,30575
s6940,6759
s6940,3274
s6940,5218
s6940,23662
s6940,6088
s6941,2713
s6942,9748
s6942,20256
s6942,24633
s6942,9940
s6942,28048
s6942,15715
s6942,22232
s6942,287
s6943,16665
s6943,3934
s6943,16310
s6943,7600
s6943,8952
s6943,22089
s6943,8283
s6943,33475
s6943,14817
s6943,10681
s6944,11537
s6944,22820
s6944,10321
s6944,4306
s6944,5816
s6944,2776
s6944,22030
s6944,22742
s6944,22811
s6944,2685
s6945,20933
s6946,36012
s6946,2552
s6946,225
s6946,29080
s6946,16857
s6946,16617
s6947,13491
s6947,3217
s6947,4168
s6947,4351
s6947,13044
s6947,6004
s6947,33854
s6947,22836
s6947,1612
s6947,29445
s6947,6983
s6948,1113
s6948,26098
s6948,16628
s6948,33798
s6948,9403
s6948,10204
s6948,7332
s6948,2067
s6948,21359
s6948,8901
s6948,1164
s6948,34403
s6949,17750
s6949,8206
s6949,22753
s6949,15513
s6949,8968
s6949,11858
s6949,15418
s6949,21416
s6950,31124
s6950,14850
s6950,27661
s6950,14453
s6950,11282
s6950,2591
s6950,14747
s6950,25112
s6950,28183
s6950,36030
s6951,3394
s6951,17678
s6951,26459
s6951,10534
s6951,13431
s6951,15316
s6951,32890
s6952,7808
s6953,2724
s6953,13151
s6953,14789
s6953,15950
s6953,6100
s6954,4333
s6954,12831
s6954,18867
s6954,21596
s6954,22428
s6954,16119
s6954,24540
s6954,22093
s6954,30452
s6954,14973
s6954,5620
s6955,24714
s6955,23263
s6955,4480
s6955,32511
s6955,28353
s6955,32326
s6955,7658
s6955,14823
s6955,15724
s6955,21332
s6956,2669
s6956,6919
s6956,6927
s6956,8808
s6956,9195
s6956,3958
s6956,26591
s6956,6550
s6956,28520
s6956,33593
s6957,14696
s6957,6368
s6957,3962
s6957,11498
s6957,21474
s6957,17567
s6957,7298
s6957,18033
s6957,35232
s6958,28717
s6958,15756
s6958,30310
s6958,28981
s6958,17223
s6958,14755
s6958,8935
s6958,4806
s6958,18909
s6958,4236
s6958,7002
s6958,18051
s6959,15456
s6959,30075
s6959,1825
s6959,28767
s6959,25392
s6959,6370
s6959,22092
s6959,26865
s6960,8307
s6960,33388
s6960,19500
s6960,32684
s6960,34359
s6960,33296
s6960,17688
s6960,9466
s6960,15016
s6961,1774
s6961,34740
s6961,29311
s6961,32119
s6961,30982
s6961,26751
s6961,25613
s6961,35934
s6962,20333
s6962,11546
s6962,290
s6962,30570
s6962,29104
s6962,192
s6962,27761
s6963,32624
s6963,35845
s6963,34328
s6963,15092
s6963,32585
s6963,34904
s6963,7009
s6964,19070
s6964,2476
s6964,31202
s6964,23784
s6964,10436
s6964,15599
s6964,5238
s6964,20878
s6964,31414
s6964,15645
s6965,20446
s6965,33883
s6965,18599
s6965,4946
s6965,5222
s6965,17036
s6965,13039
s6965,28385
s6965,4875
s6966,13093
s6966,31413
s6966,8862
s6966,35776
s6967,27031
s6967,3021
s6967,23831
s6967,29525
s6967,3538
s6967,1819
s6967,26294
s6967,26917
s6967,1788
s6968,34926
s6968,27072
s6968,27826
s6968,15137
s6968,8858
s6968,19659
s6968,10428
s6970,7808
s6970,14204
s6970,303
s6970,18037
s6971,22874
s6971,34540
s6972,28073
s6972,20954
s6972,12274
s6972,1129
s6972,2275
s6972,7528
s6973,15837
s6974,20973
s6974,13477
s6974,14705
s6974,8726
s6974,27436
s6974,20819
s6974,27313
s6974,32219
s6974,33762
s6974,25889
s6975,1006
s6975,5669
s6975,6187
s6975,24448
s6975,33982
s6975,12013
s6975,25633
s6975,21932
s6975,28291
s6975,34564
s6975,4051
s6976,34797
s6976,34672
s6976,29309
s6976,15915
s6976,25042
s6976,31665
s6976,24165
s6976,32207
s6978,35163
s6978,10244
s6978,17997
s6978,1704
s6978,16663
s6978,270
s6978,28533
s6978,24364
s6978,22936
s6978,14744
s6981,385
s6981,20812
s6981,30736
s6981,31531
s6981,5083
s6981,24929
s6981,3090
s6981,14036
s6982,20715
s6983,5705
s6983,22393
s6983,36387
s6983,34042
s6983,34047
s6983,17778
s6983,12078
s6983,5288
s6983,3606
s6983,3704
s6984,29055
s6984,7088
s6984,17918
s6984,5232
s6984,29888
s6984,12030
s6984,2709
s6984,11322
s6985,20650
s6985,30024
s6985,29020
s6985,3469
s6985,31596
s6985,15470
s6985,12365
s6985,12366
s6985,3228
s6985,25385
s6985,30417
s6985,6723
s6985,20102
s6985,2112
s6987,2881
s6987,32371
s6987,26587
s6987,25156
s6988,18621
s6988,24340
s6988,35648
s6988,8373
s6988,25156
s6988,18513
s6988,5769
s6989,32023
s6989,8489
s6989,12085
s6989,32036
s6989,1709
s6989,24496
s6990,25773
s6990,2377
s6990,16010
s6990,34400
s6990,32473
s6990,26892
s6990,24763
s6990,1946
s6991,17350
s6991,21510
s6991,3408
s6991,30454
s6991,27516
s6991,4641
s6991,22585
s6991,16349
s6991,20073
s6991,19210
s6991,6587
s6992,33078
s6992,31118
s6992,5026
s6993,12509
s6993,11641
s6993,26043
s6993,15421
s6993,7983
s6993,4283
s6993,1858
s6993,2240
s6993,21786
s6993,4581
s6993,6000
s6993,33664
s6993,12597
s6993,35042
s6994,24216
s6994,16976
s6994,31461
s6994,1749
s6994,24415
s6994,24513
s6994,34784
s6995,22714
s6995,4135
s6995,31976
s6995,16721
s6995,19159
s6995,3879
s6995,26362
s6996,11488
s6997,25652
s6997,34213
s6997,32368
s6997,6640
s6997,31256
s6997,11973
s6997,29635
s6997,33102
s6997,32247
s6997,30256
s6997,17782
s6998,7523
s6998,16837
s6998,22299
s6998,15497
s6998,17725
s6998,12554
s6998,7975
s6998,17472
s6998,14154
s6999,15242
s7000,17211
s7000,24982
s7000,12482
s7000,27641
s7000,27203
s7000,2870
s7000,24159
s7000,30730
s7000,4260
s7000,21989
s7003,6411
s7003,28802
s7003,35093
s7003,15057
s7003,33406
s7003,3962
s7003,274
s7003,28777
s7003,26515
s7003,30134
s7003,26079
s7003,16037
s7003,15664
s7003,27060
s7003,29049
s7004,7174
s7004,8933
s7004,36054
s7004,19056
s7004,7657
s7004,2675
s7004,8020
s7004,8838
s7004,2304
s7004,18413
s7004,15829
s7005,23927
s7005,33602
s7005,9545
s7005,29454
s7005,17370
s7006,2264
s7006,16196
s7006,4283
s7006,7658
s7006,13578
s7006,31271
s7006,13161
s7006,35133
s7006,6366
s7006,6089
s7007,20543
s7007,13398
s7007,14257
s7007,18597
s7007,15634
s7007,17544
s7007,23133
s7007,28600
s7007,16155
s7007,15916
s7007,5963
s7007,12022
s7007,33435
s7007,27851
s7007,3761
s7008,21286
s7008,28685
s7008,28684
s7008,36401
s7008,23029
s7008,21762
s7008,31704
s7008,15436
s7008,14384
s7009,344
s7009,30299
s7009,17997
s7009,17488
s7009,2264
s7009,8028
s7009,31867
s7009,10767
s7009,23660
s7009,22520
s7009,17651
s7010,11497
s7010,22308
s7010,14846
s7010,9462
s7010,16119
s7010,14169
s7010,10237
s7010,25076
s7010,1523
s7010,18624
s7011,36021
s7012,31312
s7013,11343
s7013,15778
s7013,28257
s7013,26158
s7013,4764
s7014,15268
s7014,32900
s7014,14755
s7014,6489
s7014,4287
s7014,23660
s7014,6824
s7014,16306
s7014,23349
s7014,2700
s7015,10210
s7015,29379
s7015,28342
s7015,27544
s7015,18627
s7015,27565
s7015,19834
s7015,27918
s7015,28353
s7015,28332
s7015,28340
s7015,22780
s7015,23016
s7016,4271
s7016,24271
s7016,19042
s7016,21326
s7016,26706
s7016,14976
s7016,2707
s7016,22291
s7016,4163
s7016,11506
s7016,4107
s7019,35270
s7019,2591
s7019,9557
s7019,17407
s7019,1305
s7019,16993
s7019,29792
s7019,17374
s7019,8404
s7019,271
s7019,22339
s7019,28270
s7019,15434
s7019,6693
s7019,14638
s7019,8295
s7019,15874
s7019,29502
s7019,8409
s7019,14373
s7021,13823
s7021,440
s7021,32424
s7021,1731
s7021,34231
s7022,10901
s7022,22187
s7022,11795
s7022,11895
s7022,17252
s7022,5019
s7022,14365
s7022,14554
s7022,16017
s7022,26108
s7022,22736
s7022,10937
s7022,24789
s7022,27064
s7022,31866
s7022,21558
s7022,6898
s7022,25078
s7022,33578
s7023,29387
s7023,17283
s7023,29306
s7023,32527
s7023,31460
s7023,23627
s7023,20801
s7023,24486
s7023,1547
s7023,29983
s7024,846
s7024,17554
s7024,4379
s7024,4173
s7024,30799
s7024,34831
s7024,20801
s7024,27526
s7024,24941
s7024,27028
s7024,2452
s7024,21071
s7024,2389
s7025,10496
s7025,20812
s7025,3363
s7025,24417
s7025,29803
s7026,8989
s7026,11379
s7026,29409
s7026,33605
s7026,24843
s7026,6903
s7026,18466
s7027,31859
s7027,11497
s7027,11175
s7027,21427
s7027,9695
s7027,22815
s7027,9984
s7027,22838
s7027,8881
s7027,474
s7028,29479
s7028,25253
s7028,1846
s7028,1512
s7028,34483
s7029,35152
s7030,35943
s7030,8986
s7030,17241
s7030,21166
s7030,27759
s7030,23227
s7031,28895
s7031,4228
s7031,8362
s7031,35172
s7031,7223
s7031,16851
s7031,23659
s7031,32925
s7031,27155
s7031,889
s7031,21289
s7031,28910
s7032,28895
s7032,27155
s7032,4790
s7032,7223
s7032,8938
s7032,6104
s7032,18633
s7032,12564
s7032,34952
s7032,14300
s7033,33021
s7033,2675
s7033,32837
s7033,32798
s7033,7230
s7033,20339
s7033,26228
s7033,9466
s7033,13488
s7034,13083
s7034,29699
s7034,15193
s7035,35446
s7035,11423
s7035,15306
s7035,34353
s7035,5276
s7035,10728
s7035,24448
s7035,31379
s7035,12013
s7035,3936
s7035,10351
s7035,26492
s7036,16562
s7036,27281
s7036,24160
s7036,29728
s7036,21051
s7036,27031
s7036,30799
s7036,204
s7036,3028
s7036,27201
s7037,34243
s7038,15078
s7039,21526
s7040,11427
s7040,7568
s7040,16357
s7040,26244
s7040,13103
s7040,13106
s7040,9239
s7040,4644
s7040,16391
s7040,33438
s7041,10422
s7041,11981
s7041,7236
s7041,36167
s7041,35813
s7041,35615
s7041,36280
s7041,36200
s7041,33267
s7041,35632
s7041,9867
s7041,35401
s7041,15218
s7043,31980
s7043,2560
s7043,21598
s7043,5008
s7043,18009
s7043,11175
s7044,15856
s7044,6568
s7044,1662
s7044,29471
s7044,26032
s7044,27732
s7044,3183
s7044,26195
s7044,20367
s7044,16136
s7045,29862
s7045,26688
s7045,11845
s7045,6470
s7045,17764
s7045,30420
s7045,25381
s7045,14278
s7045,21567
s7045,5085
s7045,29885
s7045,15125
s7047,26944
s7047,32232
s7047,31606
s7047,27048
s7047,26857
s7048,7801
s7048,12524
s7048,4822
s7048,9090
s7048,17413
s7048,30647
s7048,17776
s7048,31942
s7049,4453
s7049,21789
s7049,16781
s7049,27953
s7049,21857
s7049,20964
s7049,29418
s7049,98
s7049,21559
s7049,3246
s7050,13727
s7050,517
s7050,31796
s7050,34709
s7050,22882
s7050,32505
s7050,21767
s7050,33481
s7051,2083
s7051,33554
s7051,25330
s7052,7788
s7052,4730
s7052,28351
s7052,14382
s7052,35066
s7052,30121
s7052,7813
s7052,14553
s7053,8884
s7053,34955
s7053,30778
s7053,35816
s7053,31205
s7053,18966
s7053,31240
s7053,21660
s7054,4191
s7054,20799
s7054,29231
s7054,3261
s7054,24973
s7055,3964
s7056,15697
s7056,31867
s7056,30166
s7056,23660
s7056,9180
s7056,14823
s7056,14570
s7057,13293
s7058,9188
s7058,33209
s7058,35506
s7058,28764
s7058,31833
s7058,24771
s7058,8108
s7058,34375
s7058,21785
s7058,19185
s7058,33383
s7058,4490
s7059,19951
s7059,10377
s7059,5932
s7059,25704
s7059,25902
s7059,10716
s7059,13879
s7059,20104
s7060,14303
s7060,15888
s7060,7738
s7060,34834
s7060,26010
s7060,10426
s7061,18707
s7061,21861
s7061,21333
s7061,9883
s7061,25762
s7061,4137
s7061,7980
s7061,24142
s7061,4996
s7061,23000
s7061,2075
s7062,21026
s7062,6698
s7062,22170
s7062,6340
s7062,35485
s7062,29757
s7063,12178
s7063,36425
s7063,674
s7063,22502
s7063,31233
s7063,34069
s7064,30082
s7064,79
s7064,34286
s7064,20422
s7064,23078
s7064,869
s7064,23266
s7064,3037
s7064,34851
s7064,8797
s7065,28308
s7065,32425
s7065,25760
s7065,4661
s7065,29765
s7065,8577
s7065,2396
s7065,26867
s7065,24839
s7065,4204
s7066,11540
s7066,10500
s7066,24753
s7066,24731
s7066,24273
s7066,15997
s7066,14174
s7068,34886
s7068,6974
s7068,7770
s7068,19625
s7068,25336
s7068,9028
s7068,9418
s7068,21760
s7069,12589
s7069,3288
s7069,23910
s7069,976
s7069,3550
s7070,19988
s7070,15948
s7070,10935
s7071,12394
s7071,5600
s7071,17226
s7071,27673
s7071,15756
s7071,15266
s7071,13241
s7071,30815
s7072,12394
s7072,30155
s7072,8291
s7072,1463
s7072,15826
s7072,16629
s7072,28315
s7072,22773
s7072,18059
s7072,28400
s7073,12394
s7073,17226
s7073,26117
s7073,28732
s7073,15826
s7073,8291
s7073,1309
s7073,35294
s7073,2699
s7073,34507
s7074,12394
s7074,17374
s7074,1804
s7074,28830
s7074,26629
s7074,28890
s7074,16022
s7074,8063
s7074,27980
s7074,6610
s7075,23388
s7075,5552
s7075,6530
s7075,17452
s7075,19907
s7075,22607
s7075,5040
s7075,30556
s7076,28458
s7078,4590
s7078,23965
s7078,6521
s7078,9422
s7078,22820
s7078,8563
s7078,7446
s7078,33314
s7078,11258
s7078,13837
s7078,3645
s7078,32459
s7078,21794
s7079,4685
s7079,26086
s7079,12613
s7079,15266
s7079,2265
s7079,31116
s7079,9476
s7079,27242
s7079,19558
s7079,14210
s7080,846
s7080,766
s7080,34062
s7080,10115
s7080,19022
s7080,18922
s7080,27282
s7080,18501
s7080,2939
s7080,30614
s7085,10210
s7085,15099
s7085,20112
s7085,7524
s7085,1071
s7085,13019
s7085,2935
s7085,29573
s7085,592
s7085,17297
s7086,13176
s7086,18484
s7086,15684
s7086,22080
s7086,920
s7086,18825
s7086,5255
s7086,7708
s7086,10201
s7086,22815
s7087,30559
s7087,31879
s7087,1636
s7087,6423
s7087,35076
s7087,28128
s7087,28606
s7087,15800
s7087,23451
s7087,15340
s7087,32883
s7087,279
s7088,9564
s7088,10267
s7088,22299
s7088,5187
s7088,22815
s7088,35074
s7089,17196
s7089,29995
s7089,18523
s7089,12927
s7089,18739
s7089,25130
s7089,17804
s7089,6230
s7089,20991
s7089,25053
s7089,10970
s7089,28081
s7089,23687
s7090,17196
s7090,29995
s7090,18523
s7090,12927
s7090,18739
s7090,17804
s7090,821
s7090,18169
s7091,17196
s7091,29995
s7091,18523
s7091,12927
s7091,18739
s7091,25130
s7091,17831
s7091,33866
s7091,23134
s7092,23763
s7092,22073
s7092,33783
s7092,26015
s7092,22115
s7092,16634
s7092,450
s7092,21319
s7092,19443
s7092,26011
s7092,26375
s7094,24098
s7094,4534
s7094,25011
s7094,33184
s7094,11112
s7094,12167
s7094,13393
s7094,31072
s7094,31252
s7094,36309
s7095,30993
s7095,24216
s7095,11592
s7095,31055
s7095,35553
s7095,26928
s7095,8641
s7095,16913
s7095,26
s7095,12001
s7096,31323
s7096,31085
s7097,14123
s7098,486
s7098,28610
s7098,10901
s7098,7939
s7098,6708
s7098,19683
s7098,28510
s7098,8189
s7099,487
s7099,7439
s7099,2506
s7099,34718
s7099,18640
s7099,20628
s7099,19890
s7099,1474
s7099,5621
s7099,10896
s7100,32090
s7100,17577
s7100,10300
s7102,31067
s7102,30143
s7102,8866
s7102,15202
s7102,29424
s7103,26929
s7103,1877
s7103,27628
s7103,26920
s7103,27371
s7103,24494
s7103,20899
s7103,34730
s7103,1768
s7103,26923
s7103,32059
s7103,10300
s7103,29643
s7104,18438
s7104,31881
s7104,21881
s7104,3238
s7104,26608
s7104,14296
s7105,29179
s7105,1670
s7105,23576
s7105,17221
s7105,3583
s7105,1745
s7105,11303
s7105,20139
s7105,20828
s7106,7427
s7106,21934
s7106,16146
s7106,15466
s7106,1425
s7106,6713
s7106,2522
s7106,11781
s7106,22601
s7106,21729
s7107,20815
s7107,29179
s7107,24578
s7107,29268
s7108,1511
s7109,34190
s7109,35471
s7109,14905
s7109,30862
s7109,19376
s7109,31344
s7110,29387
s7110,846
s7110,26951
s7110,2833
s7110,1627
s7110,14521
s7110,31500
s7110,24428
s7111,25522
s7111,29488
s7111,12422
s7111,31755
s7111,15133
s7111,31557
s7111,3762
s7111,23070
s7111,28122
s7111,12936
s7113,13131
s7113,18174
s7113,25120
s7113,32779
s7113,10848
s7114,25709
s7114,29601
s7114,28405
s7114,4843
s7114,22864
s7114,28395
s7114,22766
s7114,6387
s7114,19946
s7114,33660
s7114,12489
s7114,31082
s7115,6110
s7115,18982
s7115,9059
s7115,33252
s7116,24541
s7116,21068
s7116,23843
s7116,3167
s7116,6095
s7116,27294
s7116,24427
s7116,21050
s7117,22470
s7117,28239
s7117,13921
s7117,7829
s7117,14694
s7117,6996
s7117,359
s7117,8189
s7118,27031
s7118,32746
s7118,18442
s7118,35520
s7118,23870
s7118,29303
s7118,27622
s7118,27294
s7119,19412
s7119,18611
s7119,25890
s7119,32090
s7119,34277
s7119,32746
s7119,27294
s7119,12429
s7120,3059
s7120,4262
s7120,1362
s7120,12257
s7120,34256
s7120,24446
s7121,32619
s7121,12835
s7121,32588
s7121,17630
s7122,14466
s7122,18043
s7122,3945
s7122,14692
s7122,4799
s7122,30584
s7122,9478
s7122,1350
s7122,14859
s7122,35140
s7122,14453
s7123,21550
s7123,10319
s7123,35357
s7123,2194
s7123,16936
s7123,26765
s7123,3863
s7123,9230
s7123,11825
s7123,2196
s7124,1178
s7125,14964
s7126,31292
s7126,19469
s7126,3245
s7126,17859
s7126,4576
s7126,2899
s7126,1417
s7126,25723
s7126,4485
s7126,11400
s7126,6721
s7126,28132
s7126,22825
s7126,10021
s7126,30960
s7126,31658
s7127,15782
s7127,10013
s7127,22878
s7127,34711
s7127,6599
s7127,23193
s7127,27916
s7127,10008
s7127,15622
s7127,8882
s7127,17454
s7127,31906
s7128,12994
s7129,15166
s7130,34177
s7130,29524
s7130,1764
s7130,30508
s7130,3151
s7131,15310
s7131,9948
s7131,4335
s7133,15381
s7134,27317
s7134,25670
s7134,26897
s7134,5781
s7134,18958
s7134,27320
s7134,33458
s7134,24129
s7134,24438
s7134,32127
s7137,32898
s7137,20537
s7137,29504
s7137,35175
s7137,33209
s7137,21647
s7137,6656
s7137,8801
s7137,14147
s7137,5003
s7137,26814
s7137,7766
s7137,3099
s7137,9341
s7137,1639
s7137,8077
s7137,7514
s7137,15237
s7137,16269
s7137,25333
s7137,26606
s7137,3037
s7137,15501
s7137,8833
s7137,7762
s7137,10639
s7137,8015
s7137,9776
s7137,6546
s7137,5601
s7137,30154
s7137,9061
s7137,31925
s7137,26592
s7137,12880
s7137,24660
s7137,28983
s7137,9231
s7138,24216
s7138,27498
s7138,30799
s7138,9401
s7138,30614
s7138,34761
s7138,8367
s7138,17854
s7138,32357
s7139,15798
s7140,2659
s7140,32113
s7140,8946
s7140,25944
s7140,22065
s7140,31628
s7140,31038
s7140,15517
s7141,9186
s7141,4116
s7141,21167
s7141,5956
s7141,1392
s7141,29611
s7141,9907
s7141,26144
s7141,9280
s7141,3018
s7142,8203
s7142,8493
s7142,3207
s7142,1624
s7142,25693
s7142,23866
s7142,23870
s7143,9454
s7143,1032
s7143,20252
s7143,11206
s7143,24565
s7143,9683
s7143,7479
s7143,36340
s7144,2935
s7144,2919
s7144,12720
s7144,21303
s7144,19924
s7144,35676
s7144,5413
s7144,22244
s7144,26350
s7144,9714
s7144,25216
s7144,26263
s7144,959
s7144,28554
s7144,20391
s7144,6806
s7145,29387
s7145,17283
s7145,27438
s7145,16987
s7145,2833
s7145,30525
s7145,4367
s7145,27793
s7145,29983
s7145,23864
s7146,16138
s7146,12554
s7146,25874
s7146,26963
s7146,18668
s7146,11156
s7146,14025
s7146,3225
s7146,32886
s7146,5203
s7146,14784
s7146,14314
s7148,22677
s7148,1825
s7148,31713
s7148,6353
s7148,19824
s7148,12607
s7148,21861
s7148,14289
s7148,15423
s7149,9494
s7149,16690
s7149,3355
s7149,4034
s7149,31774
s7150,2295
s7150,26234
s7150,19235
s7150,20113
s7150,22415
s7150,32844
s7150,16666
s7150,8108
s7150,34303
s7150,26824
s7150,32973
s7150,32508
s7150,23197
s7150,28690
s7150,21317
s7150,9369
s7150,4808
s7150,11176
s7151,1825
s7151,9656
s7151,3975
s7151,1080
s7151,10842
s7151,5689
s7151,30134
s7151,15252
s7151,34578
s7151,6618
s7151,15006
s7151,22063
s7152,23263
s7152,5816
s7152,30148
s7152,9192
s7152,8944
s7152,34054
s7152,24877
s7152,6467
s7152,14072
s7152,11924
s7153,2513
s7153,34078
s7153,16680
s7153,1868
s7153,6349
s7153,10894
s7153,1851
s7153,6344
s7153,29093
s7153,31836
s7154,31801
s7154,2422
s7154,5532
s7154,34907
s7154,4025
s7154,16966
s7154,35266
s7154,26102
s7154,9198
s7154,6108
s7155,16856
s7155,20339
s7155,34254
s7155,13920
s7155,23286
s7155,30172
s7155,4575
s7156,7270
s7156,7271
s7156,23182
s7156,17840
s7156,33704
s7156,35852
s7156,32592
s7156,16761
s7156,35862
s7156,23508
s7156,20995
s7156,29990
s7156,35881
s7156,33068
s7156,30972
s7157,12394
s7157,19682
s7157,26529
s7157,29468
s7157,16348
s7157,26537
s7157,6416
s7157,29456
s7157,15839
s7157,8843
s7158,12079
s7158,23915
s7158,4084
s7158,3908
s7158,36389
s7158,35561
s7158,36416
s7158,12464
s7158,22689
s7158,30294
s7158,35562
s7158,5059
s7158,5713
s7158,12191
s7158,34068
s7159,12946
s7159,35445
s7159,28746
s7159,28648
s7159,24205
s7159,11593
s7159,29287
s7159,32281
s7160,15388
s7160,34229
s7160,3276
s7160,3263
s7160,20671
s7161,1774
s7161,3193
s7161,25885
s7161,1779
s7161,26897
s7161,16957
s7161,29321
s7161,23885
s7161,16987
s7161,13944
s7162,33427
s7162,22477
s7162,3717
s7162,30919
s7162,18576
s7162,24995
s7162,11765
s7162,30534
s7163,27386
s7163,35272
s7163,27201
s7163,24225
s7163,8488
s7163,17049
s7163,8686
s7163,15860
s7163,18449
s7163,28320
s7164,35659
s7164,25005
s7164,8199
s7164,30987
s7164,13946
s7164,16916
s7164,14271
s7164,17218
s7165,19682
s7165,29379
s7165,15768
s7165,10845
s7165,1309
s7165,15826
s7165,27108
s7166,12787
s7166,29807
s7166,1816
s7166,11967
s7166,14521
s7166,456
s7166,24320
s7166,11212
s7166,2834
s7167,33477
s7167,2609
s7167,31237
s7167,5667
s7167,17287
s7167,10925
s7167,8162
s7167,21053
s7168,18449
s7168,35527
s7168,23476
s7169,30611
s7169,31326
s7170,12787
s7170,34231
s7170,31051
s7170,8698
s7170,27311
s7170,7640
s7170,11967
s7170,28642
s7170,3321
s7170,31322
s7171,22445
s7171,13000
s7171,19710
s7171,4668
s7171,24313
s7171,4608
s7171,26314
s7171,31638
s7171,16310
s7171,22184
s7172,10461
s7172,24216
s7172,8232
s7172,34430
s7172,20972
s7172,3143
s7173,17564
s7174,26887
s7174,3144
s7174,18726
s7174,29704
s7174,18495
s7175,20898
s7175,848
s7175,34198
s7175,30655
s7175,29232
s7175,3147
s7175,23608
s7175,24973
s7175,29724
s7175,1771
s7175,27039
s7175,11122
s7176,29477
s7176,16681
s7176,14479
s7176,23763
s7176,26184
s7176,11159
s7176,11326
s7176,7967
s7176,3114
s7176,6572
s7176,5866
s7176,12921
s7176,11356
s7176,26608
s7176,33031
s7176,15491
s7176,31992
s7178,26450
s7179,17992
s7180,17992
s7181,17992
s7182,18060
s7182,6669
s7182,24178
s7182,12040
s7182,2019
s7182,26265
s7182,1704
s7183,10624
s7183,29624
s7183,22508
s7183,29485
s7183,27063
s7183,29378
s7183,27576
s7183,23850
s7184,29716
s7184,20682
s7184,13823
s7184,2833
s7184,27403
s7184,26893
s7184,27465
s7184,32360
s7184,24494
s7184,15
s7185,27364
s7186,34177
s7186,11232
s7186,27794
s7186,34673
s7186,21011
s7186,12637
s7187,2833
s7187,4528
s7187,25890
s7187,32795
s7187,24423
s7187,18403
s7187,27536
s7187,34743
s7187,34674
s7187,25003
s7188,34641
s7188,12482
s7188,32110
s7188,27035
s7188,8646
s7188,21588
s7189,3257
s7189,27855
s7189,27400
s7189,30668
s7189,2911
s7189,8679
s7189,7821
s7189,29170
s7189,17932
s7190,10449
s7190,17222
s7190,1804
s7190,24423
s7190,3904
s7190,2831
s7190,15886
s7190,30614
s7190,1774
s7190,29331
s7191,28311
s7191,32425
s7191,16418
s7192,877
s7192,14649
s7192,23235
s7192,6559
s7192,29808
s7192,12122
s7192,29448
s7192,31951
s7193,877
s7193,14649
s7193,7786
s7193,11537
s7193,11377
s7193,29808
s7193,22189
s7193,32513
s7193,10378
s7193,5139
s7194,16280
s7194,25394
s7194,5387
s7194,6319
s7194,9989
s7194,14495
s7194,25863
s7194,5300
s7194,9591
s7194,29596
s7195,28478
s7195,1073
s7195,5718
s7195,1154
s7195,14004
s7195,18103
s7195,15929
s7195,18530
s7196,15302
s7196,29479
s7196,29076
s7196,2700
s7196,21662
s7196,33196
s7196,14767
s7196,7878
s7197,13239
s7198,34193
s7198,20327
s7198,34845
s7198,7764
s7198,7857
s7198,22882
s7198,16673
s7198,6119
s7198,31520
s7198,11745
s7199,34193
s7199,7857
s7199,22882
s7199,7764
s7199,11745
s7199,22920
s7199,26407
s7199,12610
s7199,6705
s7199,6735
s7200,34365
s7200,7822
s7200,23222
s7200,4071
s7200,33589
s7200,17736
s7200,25554
s7200,7320
s7200,33325
s7200,8168
s7200,33253
s7201,14642
s7202,33571
s7202,1841
s7202,18906
s7202,4791
s7202,20461
s7202,24678
s7203,27671
s7203,34691
s7203,34301
s7203,6599
s7203,19821
s7203,10681
s7203,14420
s7203,34737
s7203,26197
s7203,21280
s7203,33768
s7204,11808
s7204,32393
s7204,15654
s7204,15859
s7204,22949
s7204,26494
s7204,28903
s7204,6596
s7204,13449
s7204,17298
s7205,17445
s7205,3273
s7205,33608
s7205,5625
s7205,17461
s7205,18047
s7205,19891
s7205,5570
s7205,28353
s7205,21776
s7205,1101
s7206,32481
s7206,36277
s7206,543
s7206,9049
s7206,23980
s7206,19699
s7206,36278
s7207,7888
s7207,21643
s7207,30108
s7207,4041
s7207,5011
s7207,19667
s7207,2243
s7207,15709
s7207,26153
s7207,33197
s7207,11815
s7207,28440
s7207,15976
s7207,20925
s7207,1337
s7208,5915
s7208,7037
s7208,6433
s7208,7643
s7208,10043
s7208,6219
s7209,2675
s7209,14571
s7209,17728
s7209,24771
s7209,27815
s7209,20113
s7209,8838
s7209,19428
s7209,5913
s7209,4920
s7211,35319
s7211,27511
s7211,34356
s7211,4299
s7211,6320
s7211,35205
s7211,28137
s7211,19796
s7212,12185
s7212,7450
s7212,18972
s7212,16968
s7212,27160
s7212,13594
s7212,5177
s7212,30366
s7212,27779
s7212,723
s7213,17195
s7213,2933
s7213,34397
s7213,30614
s7213,32258
s7213,21071
s7213,21052
s7213,31225
s7213,9571
s7213,14223
s7214,23763
s7214,3233
s7214,5552
s7214,1153
s7214,33776
s7214,14572
s7214,4302
s7214,4752
s7215,19018
s7215,23743
s7215,15376
s7215,29997
s7216,15396
s7217,36243
s7217,31279
s7217,36067
s7217,13668
s7217,10394
s7217,34257
s7218,29132
s7218,3523
s7218,812
s7218,32592
s7218,12833
s7218,9930
s7218,30049
s7218,33699
s7218,32616
s7218,29988
s7218,3370
s7218,24134
s7218,32594
s7218,18512
s7218,3536
s7218,25539
s7219,17641
s7219,20102
s7219,1938
s7219,56
s7219,13231
s7219,7356
s7219,22449
s7219,6908
s7219,2799
s7220,34937
s7220,7400
s7221,24753
s7221,5789
s7221,28813
s7221,19029
s7221,7222
s7221,24038
s7221,893
s7221,522
s7222,8269
s7224,27056
s7224,2005
s7224,33471
s7224,12006
s7224,25244
s7224,14022
s7224,576
s7224,26552
s7224,1823
s7224,9345
s7225,29733
s7225,14589
s7225,3321
s7225,30257
s7225,25426
s7225,8679
s7226,31749
s7226,27056
s7226,4980
s7226,12776
s7226,26432
s7226,4386
s7226,14022
s7226,2005
s7226,15974
s7226,11137
s7226,18665
s7226,4385
s7226,31748
s7227,7314
s7227,31324
s7227,3659
s7228,7314
s7228,31324
s7228,3659
s7228,8205
s7229,7314
s7229,31324
s7229,8205
s7230,7314
s7230,31324
s7230,3659
s7231,32834
s7231,31324
s7231,8205
s7232,28280
s7232,31324
s7232,8205
s7233,7314
s7233,31324
s7233,3659
s7234,7314
s7234,31324
s7234,3659
s7235,18607
s7235,1114
s7235,28538
s7235,6316
s7235,34574
s7235,5000
s7235,5979
s7235,3353
s7235,3422
s7235,4319
s7235,25367
s7235,33950
s7236,34409
s7236,16698
s7236,28975
s7236,15232
s7236,3149
s7236,29640
s7236,30615
s7236,3264
s7236,16416
s7237,12171
s7237,3228
s7237,9996
s7237,20269
s7237,6312
s7237,860
s7237,35043
s7237,15934
s7237,23231
s7238,28808
s7238,24706
s7238,13861
s7238,11811
s7238,35195
s7238,17495
s7238,10532
s7238,35193
s7238,32509
s7238,28159
s7238,1855
s7239,8208
s7239,11966
s7239,27297
s7239,25890
s7239,2840
s7239,14037
s7239,27012
s7240,31801
s7240,35847
s7240,35846
s7240,18964
s7240,8857
s7240,6206
s7240,35403
s7240,7636
s7240,19591
s7241,9103
s7241,6875
s7241,1589
s7241,33579
s7241,6366
s7241,28567
s7241,20863
s7241,34931
s7241,5277
s7241,15304
s7242,13752
s7242,2330
s7242,9055
s7242,13811
s7242,30424
s7242,20327
s7242,7872
s7242,14109
s7242,7372
s7243,13811
s7243,8720
s7243,1877
s7243,31527
s7243,48
s7243,23500
s7243,36186
s7243,9993
s7244,24165
s7244,18495
s7244,14590
s7244,23609
s7244,20578
s7244,30552
s7244,460
s7244,8690
s7245,18770
s7245,7061
s7246,18882
s7246,10448
s7246,10402
s7246,34252
s7246,4387
s7247,3935
s7247,8265
s7247,3342
s7247,3585
s7247,7343
s7247,22683
s7247,668
s7247,35554
s7247,13120
s7247,33516
s7247,24846
s7248,26951
s7248,29306
s7248,2833
s7248,10458
s7248,5794
s7249,18821
s7250,750
s7250,34827
s7250,1774
s7250,25425
s7250,27593
s7250,32206
s7250,33432
s7250,27294
s7251,24820
s7251,908
s7251,4052
s7251,10228
s7251,7200
s7251,16631
s7251,26222
s7251,20295
s7251,10330
s7253,20148
s7253,10106
s7253,28804
s7253,9516
s7253,7611
s7253,15538
s7253,28156
s7253,21710
s7253,12932
s7253,4804
s7254,21995
s7254,21994
s7254,2542
s7254,21997
s7254,26681
s7254,10711
s7255,10210
s7255,6974
s7255,20390
s7255,27812
s7255,23148
s7255,3764
s7255,7303
s7255,26697
s7256,36261
s7256,2479
s7256,33291
s7256,32882
s7256,35499
s7256,30674
s7256,25675
s7256,24236
s7256,8426
s7257,19984
s7257,16471
s7257,2921
s7257,21910
s7257,1016
s7257,21902
s7257,34489
s7257,24302
s7257,21907
s7257,22240
s7257,31781
s7257,33686
s7257,20608
s7258,23289
s7258,10818
s7258,8608
s7258,29670
s7258,21537
s7258,1293
s7258,11421
s7258,28877
s7258,9822
s7258,21828
s7259,1928
s7259,16756
s7259,27451
s7259,16494
s7259,9339
s7259,20360
s7259,21301
s7259,1211
s7259,20395
s7259,27718
s7260,27498
s7260,26684
s7260,13960
s7260,847
s7260,27384
s7260,3278
s7260,22432
s7260,30989
s7260,27350
s7261,29282
s7261,26803
s7261,32368
s7261,3356
s7261,8433
s7261,29280
s7262,1845
s7262,23899
s7262,14884
s7262,17501
s7262,15162
s7262,22367
s7263,26119
s7263,5016
s7263,14757
s7263,4464
s7263,29937
s7263,6667
s7263,20571
s7263,10920
s7263,4287
s7263,21840
s7264,1520
s7264,4161
s7264,25376
s7264,31786
s7264,24675
s7264,4816
s7265,24259
s7265,23091
s7265,20893
s7265,10079
s7265,34848
s7265,5394
s7265,958
s7265,10364
s7265,16490
s7265,21351
s7266,29232
s7266,30260
s7266,2465
s7266,29979
s7266,31085
s7266,30660
s7266,29524
s7266,17213
s7266,34425
s7266,17336
s7267,3893
s7267,32306
s7267,21566
s7267,23935
s7267,31600
s7267,15409
s7267,30307
s7267,19668
s7267,7671
s7267,24656
s7267,5522
s7267,8014
s7267,32165
s7267,6490
s7268,8773
s7268,6988
s7268,20180
s7268,13487
s7268,15472
s7268,9181
s7268,7893
s7268,22250
s7268,31927
s7268,20377
s7269,18818
s7269,4074
s7269,35566
s7269,35301
s7269,35568
s7269,13095
s7269,16074
s7269,30140
s7269,13929
s7269,35691
s7270,27479
s7270,30755
s7270,23937
s7270,19057
s7270,11041
s7271,6830
s7271,23763
s7271,6816
s7271,842
s7271,26566
s7271,3549
s7271,30947
s7271,34022
s7271,687
s7272,17681
s7272,29479
s7272,11933
s7272,10244
s7272,11898
s7272,2669
s7272,31780
s7272,30083
s7272,7463
s7273,17259
s7275,1825
s7275,22147
s7275,345
s7275,15780
s7275,25062
s7275,33809
s7275,25920
s7275,892
s7275,13159
s7275,8808
s7276,15606
s7276,21429
s7276,21569
s7276,7793
s7276,8155
s7277,14679
s7277,17347
s7277,29687
s7277,6675
s7277,28125
s7278,14679
s7278,17347
s7278,29687
s7278,6675
s7278,28125
s7279,16691
s7279,6675
s7280,29965
s7281,25882
s7281,4253
s7281,30428
s7281,23645
s7282,24753
s7282,5747
s7282,5580
s7282,24731
s7282,16150
s7282,19246
s7282,11179
s7282,27106
s7283,12613
s7283,11322
s7283,15302
s7283,13020
s7283,9722
s7283,121
s7283,29076
s7283,2709
s7283,23419
s7283,29450
s7284,7750
s7284,36178
s7284,30777
s7284,31205
s7284,34985
s7284,36197
s7284,35403
s7284,12960
s7284,12541
s7284,20503
s7285,11745
s7285,6113
s7285,12923
s7285,6116
s7285,33281
s7285,30776
s7285,17199
s7286,10193
s7286,2885
s7287,26086
s7287,20253
s7287,34133
s7287,509
s7287,5875
s7287,15972
s7287,17981
s7287,35171
s7287,17421
s7287,8349
s7287,14666
s7287,5209
s7287,8935
s7287,16310
s7287,35457
s7288,9452
s7288,27558
s7288,20279
s7288,17241
s7288,23096
s7288,29459
s7289,14409
s7289,1502
s7289,28801
s7289,10503
s7289,18401
s7289,8003
s7289,4607
s7290,4396
s7292,584
s7292,1256
s7292,8748
s7292,8701
s7292,9406
s7292,18708
s7293,7436
s7293,15698
s7293,22168
s7293,1630
s7293,26864
s7293,8155
s7293,21321
s7293,9335
s7293,6873
s7295,34937
s7296,1331
s7296,22562
s7296,30408
s7296,668
s7296,5711
s7296,25559
s7296,18879
s7296,9315
s7296,36422
s7297,14797
s7297,8238
s7297,4639
s7297,18029
s7297,9376
s7297,31881
s7297,6833
s7297,4946
s7299,3395
s7299,7421
s7299,15676
s7299,23660
s7299,6083
s7299,26179
s7299,22148
s7299,2531
s7299,26212
s7301,7832
s7302,7832
s7303,20082
s7303,13766
s7303,4304
s7303,9475
s7303,29433
s7303,27182
s7303,31888
s7304,19081
s7304,1124
s7304,5424
s7304,28933
s7304,27696
s7304,7321
s7304,18966
s7304,17850
s7305,22727
s7305,903
s7305,9487
s7305,11164
s7305,16224
s7305,2404
s7305,2866
s7305,15758
s7305,1141
s7306,21235
s7306,20475
s7306,27824
s7306,21509
s7306,259
s7306,35508
s7306,6742
s7306,26733
s7307,34753
s7307,14849
s7307,2034
s7307,30726
s7307,1780
s7307,6302
s7307,35136
s7307,23112
s7307,16749
s7307,11561
s7307,35680
s7308,4786
s7308,8151
s7308,33536
s7308,27690
s7308,18440
s7309,7455
s7309,29369
s7309,8033
s7309,16232
s7309,14166
s7309,12156
s7309,33674
s7309,13816
s7309,15746
s7309,14370
s7309,16227
s7309,33331
s7309,7988
s7309,4957
s7310,23576
s7310,12478
s7310,12919
s7310,30056
s7310,711
s7310,25447
s7310,28215
s7310,23629
s7310,552
s7310,20789
s7310,29221
s7310,12200
s7310,29220
s7311,27100
s7311,23276
s7311,27652
s7311,30741
s7311,9534
s7311,10701
s7311,2958
s7311,8739
s7311,19555
s7311,12708
s7311,13206
s7311,15049
s7311,22856
s7311,10855
s7311,25497
s7312,19567
s7312,15368
s7312,6041
s7312,19267
s7312,32747
s7313,10741
s7313,25364
s7313,20696
s7313,25277
s7313,10411
s7313,16340
s7313,12594
s7314,10741
s7314,25364
s7314,20696
s7314,25277
s7314,10411
s7314,16340
s7314,12594
s7314,35037
s7315,10741
s7315,25364
s7315,20696
s7315,25277
s7315,10411
s7315,16340
s7315,12594
s7315,35037
s7316,11845
s7316,14828
s7316,26260
s7316,1309
s7316,22748
s7316,33152
s7316,32653
s7316,20969
s7316,2673
s7316,20701
s7316,15821
s7317,344
s7317,25939
s7317,12457
s7317,27968
s7317,1506
s7317,33660
s7317,18026
s7317,15956
s7317,22894
s7317,27091
s7319,1957
s7319,11119
s7319,15230
s7319,15387
s7319,21076
s7319,21044
s7319,22430
s7319,24579
s7319,30012
s7319,31457
s7321,372
s7321,1536
s7321,17702
s7321,26476
s7321,3747
s7321,18653
s7321,23656
s7322,8955
s7322,15605
s7322,32980
s7322,17056
s7322,4035
s7323,6482
s7323,6798
s7323,11861
s7323,31828
s7323,30699
s7323,29786
s7323,12276
s7323,2082
s7323,4333
s7323,14843
s7323,18439
s7323,15786
s7324,35086
s7326,2337
s7326,30238
s7326,20395
s7326,25565
s7326,7563
s7326,1889
s7326,11055
s7326,1037
s7326,994
s7326,5418
s7326,30404
s7326,10581
s7326,11893
s7326,34486
s7326,21299
s7326,1275
s7326,998
s7326,16453
s7327,14438
s7327,8480
s7327,24699
s7327,14488
s7327,31934
s7327,24654
s7327,24695
s7327,5856
s7327,34737
s7327,19476
s7328,33565
s7328,25360
s7328,29036
s7328,2171
s7328,3956
s7328,33569
s7328,4295
s7328,7671
s7328,1401
s7328,31135
s7329,12030
s7329,20752
s7329,16230
s7329,34712
s7329,19469
s7329,26538
s7329,13837
s7329,33365
s7329,21650
s7329,2622
s7330,10256
s7330,22548
s7330,16131
s7330,363
s7331,23006
s7331,28084
s7331,10463
s7331,14869
s7331,26545
s7331,28810
s7331,27502
s7331,11185
s7331,11849
s7332,17626
s7332,17759
s7332,34718
s7332,3214
s7332,32526
s7332,20628
s7332,22078
s7332,14118
s7332,6126
s7333,14134
s7333,30763
s7333,26533
s7333,32065
s7333,11173
s7333,15013
s7333,8532
s7333,20056
s7333,5660
s7334,4005
s7334,15266
s7334,9281
s7334,29515
s7334,5955
s7334,20130
s7334,7919
s7334,6737
s7334,479
s7334,12389
s7335,11740
s7335,26150
s7335,11741
s7335,28327
s7335,15879
s7335,16900
s7336,31801
s7336,4317
s7336,31712
s7336,34835
s7336,13379
s7336,1874
s7337,25341
s7337,10347
s7337,6518
s7337,17540
s7337,10875
s7337,19072
s7337,22867
s7337,33233
s7338,26916
s7338,26316
s7338,13387
s7338,17115
s7338,18107
s7338,11147
s7338,8223
s7338,4392
s7338,4186
s7338,27332
s7339,8598
s7339,13634
s7343,2561
s7343,18598
s7343,18707
s7343,28080
s7343,36273
s7343,16952
s7344,19410
s7344,1526
s7344,9036
s7344,24992
s7344,12262
s7344,5196
s7344,10956
s7345,4662
s7345,33472
s7345,18853
s7345,19947
s7345,5864
s7345,34888
s7345,6600
s7345,2368
s7345,14231
s7345,27266
s7346,23414
s7346,30711
s7346,31240
s7346,35552
s7346,32850
s7346,22067
s7346,6622
s7346,27088
s7346,5970
s7346,34701
s7347,20953
s7347,26933
s7347,51
s7347,22221
s7347,8546
s7347,28769
s7347,99
s7348,31801
s7348,6602
s7348,24599
s7349,17943
s7349,35723
s7349,30814
s7349,10219
s7349,13341
s7349,4461
s7349,15363
s7349,22700
s7350,34166
s7351,7291
s7351,1872
s7351,15760
s7351,7142
s7351,34544
s7351,6826
s7351,7521
s7351,6668
s7351,4785
s7351,26425
s7352,22625
s7352,30790
s7352,35788
s7352,23672
s7352,9275
s7352,20139
s7352,3267
s7353,6015
s7353,12205
s7353,23298
s7353,17777
s7353,27115
s7353,10633
s7353,27944
s7353,28322
s7353,3035
s7354,913
s7354,7880
s7354,10782
s7354,17533
s7355,19761
s7355,29411
s7355,6420
s7355,14193
s7355,32113
s7355,32710
s7355,13971
s7355,20084
s7357,10047
s7357,8559
s7357,19096
s7357,23073
s7357,12019
s7357,13279
s7357,18014
s7357,21670
s7358,19081
s7358,5424
s7358,34019
s7358,6636
s7358,28933
s7359,20284
s7360,6390
s7360,32703
s7360,10426
s7360,6028
s7360,19794
s7360,20589
s7361,29387
s7361,31334
s7361,23477
s7361,16987
s7361,24427
s7361,27618
s7361,34648
s7361,23872
s7362,14519
s7362,34628
s7362,17206
s7362,24867
s7362,22432
s7362,28276
s7362,28282
s7362,18146
s7363,5364
s7363,25640
s7363,10543
s7363,11078
s7363,7136
s7363,21188
s7363,6791
s7364,25913
s7364,14272
s7364,26927
s7365,28308
s7365,20984
s7365,25760
s7365,17590
s7365,30019
s7365,3024
s7366,31335
s7366,35280
s7366,23197
s7366,32919
s7366,8383
s7366,20351
s7366,32972
s7366,26137
s7366,2256
s7366,23953
s7367,32422
s7367,4179
s7367,23901
s7367,8201
s7367,27792
s7367,12645
s7367,30014
s7367,29322
s7368,22522
s7368,15448
s7368,13001
s7368,31864
s7368,33332
s7368,28630
s7368,19887
s7368,4118
s7369,15949
s7369,9459
s7369,34700
s7369,14359
s7369,6470
s7369,90
s7369,28014
s7369,15842
s7369,18154
s7369,28441
s7369,22826
s7369,6593
s7369,4998
s7369,14370
s7369,15113
s7369,1461
s7369,14577
s7369,3959
s7369,21623
s7369,1187
s7369,16693
s7370,8562
s7370,27086
s7370,17521
s7370,32922
s7370,28611
s7370,343
s7370,31836
s7370,6567
s7370,22418
s7370,13696
s7370,10652
s7370,9963
s7371,24703
s7371,16151
s7371,14568
s7371,22981
s7371,2708
s7371,12329
s7371,28719
s7371,10898
s7371,15496
s7371,24645
s7372,30711
s7372,9993
s7372,9377
s7372,5970
s7373,13477
s7373,15336
s7373,34794
s7373,34059
s7373,25003
s7374,31893
s7375,7571
s7375,7137
s7375,706
s7375,22208
s7375,24810
s7375,13231
s7376,9652
s7376,11570
s7376,30403
s7376,20247
s7376,10508
s7376,10514
s7376,33299
s7376,30392
s7377,7271
s7377,33704
s7377,32592
s7377,17672
s7377,826
s7377,17563
s7377,35669
s7377,697
s7377,32616
s7377,12814
s7378,24369
s7378,4062
s7378,34698
s7378,14648
s7378,1285
s7378,25899
s7378,10303
s7378,1406
s7378,18848
s7378,7195
s7379,33528
s7379,19686
s7379,35173
s7379,29419
s7379,10345
s7379,14221
s7379,20103
s7379,28852
s7380,20764
s7381,1774
s7381,766
s7381,34599
s7381,30671
s7381,32220
s7381,2389
s7381,21068
s7381,13823
s7381,2833
s7381,8232
s7382,34195
s7382,13383
s7382,28643
s7382,17216
s7382,30984
s7382,2460
s7382,28994
s7382,24873
s7382,34393
s7382,17080
s7382,29290
s7382,5976
s7383,35
s7383,34656
s7383,27795
s7383,18098
s7383,223
s7383,28277
s7384,27041
s7384,34765
s7384,31088
s7384,23701
s7384,1814
s7384,32244
s7384,21589
s7385,26042
s7385,4157
s7385,12966
s7385,6165
s7385,19082
s7385,18790
s7386,2922
s7386,10229
s7386,10400
s7386,22530
s7386,26808
s7386,22505
s7386,30541
s7386,36424
s7386,36412
s7386,18657
s7386,34168
s7387,29387
s7387,32361
s7387,31390
s7387,17554
s7387,3091
s7387,13556
s7387,27388
s7387,3905
s7388,29387
s7388,4173
s7388,1547
s7388,27345
s7388,27793
s7388,783
s7388,12356
s7388,8197
s7388,26414
s7388,23627
s7389,11199
s7389,31659
s7389,24973
s7389,34626
s7389,29978
s7389,21035
s7389,17091
s7389,30261
s7390,4520
s7390,16311
s7390,8260
s7390,22569
s7390,36004
s7390,20438
s7390,14366
s7390,4004
s7390,26962
s7390,16413
s7391,17641
s7391,33301
s7391,17235
s7391,31205
s7391,27074
s7391,12126
s7391,29440
s7391,13260
s7392,18936
s7392,31193
s7392,25496
s7392,25393
s7392,28782
s7392,12679
s7392,17809
s7392,30638
s7392,12389
s7392,31800
s7392,8138
s7392,26663
s7393,3862
s7393,32225
s7394,30469
s7394,31325
s7394,24216
s7394,1804
s7394,18727
s7394,29259
s7394,25425
s7394,31666
s7394,24494
s7395,25760
s7395,25774
s7395,13387
s7395,18584
s7395,4392
s7396,854
s7396,12876
s7396,12370
s7396,6353
s7396,31305
s7396,4755
s7396,12709
s7396,2316
s7397,27431
s7397,25747
s7397,29525
s7398,33595
s7398,17460
s7398,5148
s7398,11079
s7398,20161
s7398,36032
s7399,21079
s7399,2565
s7399,2208
s7399,25704
s7399,5270
s7399,13312
s7399,28217
s7399,24178
s7399,13494
s7399,28982
s7399,31363
s7399,15732
s7400,10780
s7400,9656
s7400,16083
s7400,1080
s7400,12375
s7400,19848
s7400,30743
s7400,14147
s7400,34576
s7400,12994
s7401,27255
s7401,34434
s7401,31458
s7401,31
s7401,27265
s7401,27301
s7401,29329
s7402,27333
s7402,20499
s7402,17060
s7402,30915
s7402,419
s7402,28638
s7402,35945
s7402,22349
s7403,25315
s7403,14528
s7403,23461
s7403,18989
s7403,28836
s7403,20629
s7403,7419
s7403,7068
s7403,22569
s7404,4964
s7404,6568
s7404,7786
s7404,471
s7404,15874
s7404,20513
s7404,34107
s7404,6581
s7404,28149
s7406,4012
s7406,21756
s7406,34208
s7406,28985
s7406,21595
s7406,31937
s7407,21158
s7407,16532
s7407,16262
s7407,25118
s7407,2247
s7408,21012
s7408,8470
s7408,30016
s7408,29933
s7408,32192
s7408,32146
s7409,34842
s7409,5197
s7409,26391
s7410,15233
s7410,957
s7410,6845
s7410,1954
s7410,29567
s7410,24659
s7410,7040
s7411,15161
s7411,15219
s7411,27079
s7411,27075
s7411,35809
s7411,35811
s7411,15220
s7412,21771
s7413,12994
s7415,21064
s7415,22964
s7415,33779
s7415,10154
s7415,1158
s7415,7433
s7415,29016
s7415,5430
s7415,9069
s7415,15542
s7415,951
s7415,4624
s7415,5163
s7416,486
s7416,10901
s7416,8189
s7416,28510
s7416,7939
s7417,28923
s7417,17422
s7417,15266
s7417,10322
s7417,20527
s7417,20159
s7417,23788
s7417,33002
s7417,27587
s7418,9726
s7418,19803
s7418,4005
s7418,9742
s7418,26793
s7418,24373
s7418,15568
s7418,16699
s7418,22677
s7418,6885
s7418,8581
s7419,21872
s7420,30469
s7420,24216
s7420,29259
s7420,16560
s7420,34231
s7420,2912
s7420,32753
s7420,32258
s7421,5102
s7421,8865
s7421,35313
s7421,15201
s7421,7294
s7421,18869
s7421,11123
s7422,19214
s7422,32679
s7422,13359
s7422,23420
s7422,2908
s7422,11722
s7422,25966
s7422,21475
s7422,20285
s7422,21788
s7423,32056
s7423,34351
s7423,2465
s7423,20679
s7423,29724
s7423,1959
s7424,15003
s7424,17916
s7424,13299
s7424,27488
s7424,18029
s7424,23782
s7424,8132
s7424,19393
s7424,6689
s7425,13454
s7425,26503
s7425,27307
s7425,12598
s7425,16973
s7425,26292
s7425,8790
s7425,3391
s7426,650
s7426,4561
s7426,3848
s7426,20828
s7426,12500
s7426,12730
s7426,32690
s7426,868
s7427,22339
s7427,6659
s7427,6927
s7427,15841
s7427,1305
s7427,25497
s7427,27100
s7429,29231
s7429,32259
s7429,3261
s7429,18452
s7429,32084
s7429,21015
s7429,13975
s7429,24924
s7429,31020
s7430,13391
s7430,16491
s7430,25660
s7430,16512
s7430,5367
s7430,11669
s7430,15143
s7430,32863
s7430,10368
s7430,3127
s7431,4306
s7431,31586
s7431,16315
s7431,6918
s7431,34517
s7431,15506
s7431,29050
s7431,11329
s7432,28395
s7432,12457
s7432,7998
s7432,1859
s7432,28124
s7432,5721
s7432,34531
s7432,11353
s7433,6063
s7433,34139
s7433,29674
s7433,8827
s7433,36077
s7433,19690
s7433,926
s7433,19748
s7433,14771
s7434,35356
s7434,23024
s7434,15024
s7434,15023
s7434,11826
s7434,15021
s7434,10316
s7434,26766
s7434,36312
s7434,12693
s7438,1777
s7438,33115
s7438,16414
s7438,15915
s7438,18616
s7438,1705
s7438,25612
s7438,13300
s7440,22762
s7440,31763
s7440,2578
s7440,22107
s7440,7872
s7440,22223
s7440,17474
s7440,13752
s7440,14794
s7440,10892
s7441,18870
s7441,24115
s7441,30346
s7441,7294
s7441,30344
s7441,13340
s7441,18130
s7441,15362
s7441,28253
s7441,13080
s7443,33674
s7443,35163
s7443,19825
s7443,34691
s7443,28270
s7443,33812
s7443,31246
s7443,23223
s7443,15947
s7443,30381
s7444,33674
s7444,35163
s7444,28270
s7444,19023
s7444,15885
s7444,28808
s7444,33812
s7444,26043
s7444,13777
s7444,7872
s7445,32704
s7445,30738
s7445,32655
s7445,8918
s7445,20038
s7445,14496
s7445,80
s7445,18698
s7445,22913
s7446,13260
s7446,31265
s7446,6498
s7446,20711
s7446,35959
s7446,1091
s7446,35556
s7446,19195
s7446,8885
s7446,27595
s7447,29945
s7447,28312
s7448,10786
s7448,8026
s7448,5273
s7448,943
s7448,472
s7448,21256
s7448,26072
s7448,16939
s7448,5380
s7448,9455
s7448,13679
s7448,26070
s7448,26401
s7448,21133
s7448,28941
s7448,26052
s7448,3331
s7448,26381
s7448,2541
s7448,21726
s7448,16143
s7448,34594
s7448,21720
s7448,2566
s7448,25509
s7448,26384
s7449,27462
s7449,15282
s7449,3574
s7449,10418
s7449,28108
s7449,13459
s7449,7337
s7449,28799
s7449,15228
s7449,1360
s7449,30273
s7449,10806
s7451,29232
s7451,20800
s7451,20898
s7451,32039
s7451,31094
s7451,26996
s7451,201
s7451,11122
s7451,27793
s7451,34605
s7452,26463
s7452,18455
s7452,14828
s7452,9640
s7452,9391
s7452,33358
s7452,19027
s7452,7915
s7452,34054
s7453,11899
s7453,19161
s7453,28353
s7453,33191
s7453,2123
s7453,337
s7453,27927
s7453,9312
s7453,13514
s7453,1194
s7453,13860
s7454,20971
s7455,22955
s7455,15570
s7455,18435
s7455,296
s7455,13933
s7455,29465
s7455,4273
s7455,30101
s7455,26198
s7456,16589
s7456,22181
s7456,31079
s7456,22911
s7456,22934
s7456,16899
s7456,27372
s7456,7834
s7456,15278
s7456,17263
s7456,902
s7456,33635
s7456,3751
s7456,28375
s7456,17914
s7457,30187
s7457,9675
s7457,16263
s7457,8610
s7457,14092
s7457,1468
s7457,34541
s7457,8303
s7457,16227
s7457,31841
s7457,20258
s7457,4628
s7459,32265
s7459,18620
s7459,27755
s7459,26956
s7459,2938
s7460,2887
s7461,18775
s7461,25944
s7461,25022
s7461,30178
s7461,17866
s7461,9171
s7461,26019
s7461,22887
s7461,24370
s7461,17859
s7461,29466
s7461,4355
s7461,22870
s7461,4159
s7461,19916
s7461,29098
s7461,24335
s7461,16228
s7461,30103
s7461,9981
s7461,4500
s7462,16605
s7462,19761
s7462,3062
s7462,24363
s7462,21283
s7462,22877
s7462,30148
s7462,28401
s7462,7673
s7462,21766
s7462,30222
s7462,16127
s7462,21629
s7462,15521
s7462,28733
s7463,12438
s7463,29314
s7463,2826
s7463,3099
s7463,25425
s7463,16956
s7463,2439
s7464,5231
s7464,13658
s7464,16381
s7464,13019
s7464,16391
s7464,22244
s7464,26258
s7464,21135
s7464,21517
s7464,1011
s7464,9714
s7464,25684
s7464,2393
s7464,6742
s7464,28587
s7464,5230
s7464,30068
s7464,10104
s7465,2615
s7465,35969
s7465,11101
s7465,17828
s7465,16768
s7465,30893
s7465,23110
s7465,10175
s7465,18048
s7465,3751
s7465,6675
s7465,23227
s7465,28364
s7465,21150
s7465,28057
s7465,10001
s7466,15078
s7466,6884
s7466,29504
s7466,25115
s7467,10241
s7467,28061
s7467,27775
s7467,1513
s7467,9996
s7467,4673
s7469,28891
s7469,22460
s7469,26136
s7469,33262
s7469,6638
s7469,27023
s7469,4419
s7470,30640
s7471,19771
s7471,33406
s7471,19727
s7471,2728
s7471,25549
s7471,28340
s7473,13660
s7473,23306
s7473,31732
s7473,21217
s7473,18700
s7473,6551
s7474,4912
s7474,22346
s7474,27866
s7474,13668
s7474,3611
s7474,8714
s7474,36101
s7475,29093
s7475,3976
s7475,31117
s7475,1952
s7475,1305
s7475,14170
s7475,28529
s7476,27536
s7476,24514
s7476,8446
s7476,3283
s7476,34598
s7476,1980
s7477,17155
s7477,9124
s7477,16891
s7477,10334
s7477,25037
s7477,13144
s7477,28433
s7477,15951
s7477,13772
s7477,30785
s7477,7948
s7478,11154
s7478,25546
s7478,20195
s7478,34944
s7478,21652
s7478,10769
s7479,33825
s7479,3576
s7479,8099
s7479,31163
s7479,10564
s7479,19079
s7479,7338
s7479,27568
s7479,3570
s7479,34916
s7479,33880
s7479,12215
s7479,29605
s7480,15078
s7480,13218
s7480,17972
s7480,22780
s7480,14969
s7480,6360
s7480,13696
s7480,4818
s7480,4273
s7480,11793
s7480,16876
s7480,4819
s7481,20017
s7481,16822
s7481,29695
s7482,16605
s7482,18435
s7482,16607
s7482,20753
s7482,16714
s7482,8801
s7482,11556
s7482,33827
s7482,15842
s7482,21213
s7483,17722
s7483,15036
s7483,15062
s7483,14191
s7483,20335
s7483,10929
s7485,5919
s7485,6387
s7485,12562
s7485,26197
s7485,12052
s7485,7318
s7485,9466
s7485,23003
s7485,34468
s7486,11352
s7487,16038
s7487,10039
s7487,17597
s7487,7673
s7487,31303
s7487,15824
s7487,7973
s7488,23568
s7488,23606
s7488,840
s7489,5686
s7489,9758
s7489,5633
s7489,14448
s7489,24681
s7489,15074
s7490,10045
s7490,23450
s7490,21269
s7490,5680
s7490,10271
s7490,6675
s7490,16691
s7490,5198
s7490,16088
s7491,17241
s7491,5680
s7491,35065
s7491,32518
s7491,1728
s7491,27179
s7491,19090
s7492,17387
s7492,8155
s7492,29366
s7492,10271
s7492,19090
s7492,3409
s7492,10045
s7492,6675
s7492,25261
s7492,5198
s7493,5198
s7493,3409
s7493,19090
s7493,6675
s7493,10045
s7493,17387
s7493,29366
s7493,32070
s7493,12494
s7493,26240
s7493,1728
s7493,31784
s7493,16259
s7494,19090
s7494,25261
s7494,5198
s7494,8155
s7494,10045
s7494,17387
s7494,16691
s7494,3409
s7494,6675
s7494,29366
s7494,10271
s7494,1728
s7495,17387
s7495,8155
s7495,29366
s7495,19090
s7495,35943
s7495,3409
s7495,6675
s7495,10045
s7495,1728
s7495,25261
s7496,32070
s7496,17387
s7496,5680
s7496,21269
s7496,1728
s7496,17241
s7496,14110
s7496,10045
s7496,19090
s7496,35590
s7497,19090
s7497,12259
s7497,5198
s7497,10045
s7497,8190
s7497,17387
s7497,2127
s7498,19037
s7498,17387
s7498,8155
s7498,29366
s7498,1728
s7498,10271
s7498,20532
s7498,27179
s7498,6071
s7498,26240
s7498,10045
s7500,17387
s7500,29366
s7500,8155
s7500,19090
s7500,35943
s7500,3409
s7500,33989
s7500,10045
s7501,19090
s7501,5198
s7501,10045
s7501,8190
s7501,5680
s7501,17387
s7501,16034
s7501,16691
s7501,9057
s7501,3409
s7502,19090
s7502,25261
s7502,5198
s7502,8155
s7502,10045
s7502,17387
s7502,16034
s7502,3409
s7502,6675
s7502,29366
s7502,10271
s7502,1728
s7503,16697
s7503,7030
s7503,2634
s7503,14807
s7504,14849
s7504,14281
s7504,22988
s7504,34952
s7504,345
s7504,23688
s7504,2644
s7504,35133
s7504,9378
s7504,31810
s7506,23740
s7507,29463
s7507,18045
s7507,8808
s7507,28841
s7507,524
s7507,17593
s7507,4014
s7507,22062
s7507,20941
s7507,28513
s7508,33932
s7508,2207
s7508,14306
s7508,3275
s7508,15170
s7508,1133
s7508,13919
s7508,24190
s7508,20791
s7509,28717
s7509,28986
s7509,28463
s7509,31800
s7509,9968
s7509,17953
s7509,33526
s7509,10037
s7510,12201
s7510,29563
s7510,30722
s7510,153
s7510,30472
s7510,32131
s7510,3539
s7510,24446
s7510,31508
s7511,21664
s7511,7083
s7511,19808
s7511,5342
s7511,14023
s7511,19600
s7511,10239
s7513,29764
s7513,6181
s7513,25784
s7513,29167
s7513,8640
s7513,11122
s7513,27039
s7514,30020
s7514,34674
s7516,11845
s7516,8349
s7516,6927
s7516,30419
s7516,35160
s7516,13000
s7516,17422
s7516,19710
s7516,24189
s7516,2513
s7516,6370
s7516,13694
s7516,18152
s7516,9801
s7516,5644
s7516,18627
s7516,19563
s7516,4496
s7516,15753
s7516,16880
s7516,14489
s7516,34193
s7516,26594
s7516,17368
s7516,28062
s7516,13785
s7516,113
s7516,6570
s7516,6228
s7516,22119
s7516,26043
s7516,11416
s7516,15885
s7516,30203
s7516,12185
s7516,31830
s7516,33021
s7516,9486
s7516,16271
s7517,9188
s7517,4883
s7517,24298
s7517,35374
s7517,20324
s7517,6433
s7517,24270
s7517,20700
s7517,33185
s7517,22413
s7518,344
s7518,35270
s7518,26468
s7518,14370
s7518,1506
s7518,10014
s7518,15858
s7518,26453
s7518,6931
s7518,31867
s7519,25275
s7520,25359
s7520,1306
s7520,12961
s7520,6633
s7520,2360
s7521,4328
s7521,30203
s7521,10180
s7521,22592
s7521,32326
s7521,22579
s7521,4291
s7521,18772
s7521,1858
s7522,4689
s7522,22050
s7522,11489
s7522,18774
s7522,9754
s7522,23307
s7523,35525
s7523,12476
s7523,638
s7523,9900
s7523,12730
s7523,3682
s7523,11455
s7523,9651
s7523,29179
s7523,31418
s7523,35793
s7523,12473
s7523,23566
s7523,12163
s7524,22166
s7524,27798
s7524,34084
s7524,13864
s7524,29465
s7524,27664
s7524,29880
s7524,22955
s7524,15514
s7524,26198
s7525,27388
s7525,1804
s7525,16987
s7525,30664
s7525,27007
s7525,29387
s7525,846
s7525,29983
s7526,16328
s7526,24793
s7526,33935
s7526,22807
s7526,16036
s7526,7817
s7527,28182
s7527,34075
s7527,33412
s7527,17910
s7527,23448
s7527,10766
s7527,11727
s7527,23884
s7527,31912
s7527,9961
s7527,7797
s7527,4270
s7527,8006
s7527,22118
s7527,26495
s7528,1098
s7528,20631
s7528,26120
s7528,31691
s7528,35208
s7528,3884
s7528,31293
s7528,6378
s7528,4315
s7530,8401
s7530,14102
s7530,25029
s7530,23651
s7530,6895
s7530,4040
s7530,1182
s7530,16341
s7531,21688
s7531,33942
s7531,28074
s7531,12999
s7531,28076
s7531,32818
s7532,22157
s7532,34370
s7532,3381
s7532,5213
s7532,17417
s7532,15512
s7532,9539
s7532,2963
s7532,19144
s7532,12941
s7533,16562
s7533,29728
s7533,34534
s7533,19741
s7533,27031
s7533,8711
s7533,11226
s7534,14788
s7534,6988
s7534,20107
s7534,32507
s7534,15247
s7534,19007
s7534,13999
s7534,19271
s7534,28238
s7534,7098
s7535,29529
s7535,12462
s7535,32120
s7535,3583
s7535,12478
s7536,14482
s7536,19451
s7536,27808
s7536,22351
s7536,32326
s7536,33215
s7536,1139
s7536,20193
s7536,15678
s7536,22162
s7537,2198
s7537,17440
s7537,27658
s7537,9717
s7537,32678
s7537,27491
s7537,930
s7537,15043
s7538,19537
s7538,25767
s7538,10798
s7538,975
s7538,11613
s7538,1070
s7538,2095
s7539,22612
s7540,11202
s7540,31289
s7540,26253
s7540,23048
s7540,27605
s7540,10141
s7540,9590
s7540,20151
s7540,4865
s7540,24242
s7540,23695
s7540,515
s7540,35141
s7540,24702
s7540,9564
s7540,1865
s7541,27117
s7542,32796
s7542,27756
s7542,3214
s7542,2063
s7542,32526
s7542,5651
s7542,13472
s7542,24789
s7543,32796
s7543,3214
s7543,2063
s7543,32526
s7543,5651
s7543,27756
s7543,21892
s7543,17626
s7543,8541
s7544,704
s7544,21830
s7544,5355
s7544,12546
s7544,24890
s7544,30516
s7544,30362
s7544,15380
s7545,24658
s7545,31813
s7545,15626
s7545,29606
s7545,30365
s7545,17786
s7545,13085
s7545,16965
s7545,10865
s7545,18915
s7546,20188
s7547,5206
s7547,220
s7547,986
s7547,14474
s7547,31370
s7547,15421
s7547,12569
s7547,33198
s7547,10257
s7547,8039
s7548,16618
s7549,21512
s7549,24331
s7549,23685
s7549,24432
s7549,17092
s7549,31257
s7549,27392
s7549,26839
s7549,26054
s7549,27517
s7550,23101
s7550,17849
s7550,9192
s7550,8784
s7550,26617
s7550,8381
s7550,33477
s7550,22869
s7550,16599
s7550,31200
s7550,8953
s7550,36297
s7550,9808
s7550,16538
s7551,27446
s7551,30805
s7551,12478
s7551,29616
s7551,35793
s7551,27324
s7551,9267
s7552,15574
s7552,22849
s7552,18024
s7552,33884
s7552,15286
s7552,10835
s7552,21853
s7552,4275
s7552,25977
s7552,13687
s7553,34159
s7553,18407
s7553,13124
s7553,29656
s7553,30924
s7553,29703
s7554,13752
s7554,1939
s7554,13105
s7554,7723
s7554,23635
s7554,8602
s7554,5395
s7554,28109
s7554,5717
s7554,27223
s7556,19251
s7556,30687
s7556,31911
s7556,28859
s7556,5936
s7556,28060
s7556,8330
s7556,28443
s7556,23859
s7558,1774
s7558,30665
s7558,25885
s7558,31325
s7558,34906
s7558,25424
s7558,27526
s7558,30008
s7559,17264
s7559,34920
s7559,24783
s7559,23672
s7559,35047
s7559,19219
s7559,15101
s7559,1739
s7559,22553
s7559,33581
s7559,33047
s7560,16835
s7560,6139
s7560,28226
s7560,17615
s7560,21946
s7560,23132
s7560,35862
s7560,17827
s7560,18565
s7560,21949
s7561,24263
s7563,9705
s7563,29601
s7563,15956
s7563,33335
s7563,17497
s7563,10846
s7563,35229
s7563,8502
s7563,11696
s7563,33194
s7564,28457
s7565,24753
s7565,8563
s7565,16854
s7565,30148
s7565,15973
s7565,12457
s7565,6575
s7566,24130
s7566,22421
s7566,23832
s7566,32202
s7566,34648
s7566,24519
s7567,28680
s7567,34807
s7567,8350
s7568,21981
s7568,29084
s7568,2718
s7568,1831
s7568,17452
s7568,34098
s7568,10163
s7568,29051
s7569,11743
s7570,17978
s7571,7832
s7572,7832
s7573,7832
s7574,19988
s7575,6364
s7578,20380
s7578,11084
s7578,22640
s7578,9708
s7578,8612
s7578,1013
s7578,25637
s7578,21201
s7579,28690
s7579,7837
s7579,28517
s7579,17316
s7579,8628
s7579,8913
s7579,17225
s7579,17118
s7579,4815
s7579,13819
s7580,21881
s7580,3238
s7580,10200
s7580,2262
s7580,28237
s7580,14374
s7580,8996
s7580,7734
s7580,2068
s7580,926
s7580,21842
s7580,4484
s7580,13795
s7582,24753
s7582,16658
s7582,15072
s7582,33216
s7582,33855
s7582,16393
s7582,15263
s7582,14420
s7582,22984
s7582,9907
s7583,3023
s7583,26913
s7583,34385
s7583,31681
s7583,34289
s7583,32135
s7583,32089
s7583,18617
s7584,8803
s7584,32869
s7584,24232
s7584,2284
s7584,15717
s7584,22279
s7584,14137
s7584,7166
s7585,15045
s7585,7289
s7585,26529
s7585,1380
s7585,20046
s7585,17006
s7585,17460
s7585,14124
s7586,13996
s7586,27899
s7586,28321
s7586,4306
s7586,18032
s7586,22842
s7586,2470
s7586,21245
s7586,22919
s7586,17883
s7586,14111
s7587,35070
s7588,28062
s7588,8565
s7588,6568
s7588,34753
s7588,3897
s7588,30100
s7588,19836
s7588,25648
s7588,20718
s7588,5922
s7589,16831
s7589,21951
s7589,35903
s7589,17128
s7589,17831
s7589,9331
s7589,35995
s7589,35944
s7589,28969
s7589,13598
s7590,14388
s7590,23466
s7590,8117
s7590,28142
s7590,11010
s7590,24791
s7590,18414
s7590,22083
s7590,14443
s7590,22807
s7590,18950
s7590,30912
s7590,10674
s7590,31829
s7590,19055
s7590,11316
s7591,2389
s7591,29387
s7591,10449
s7591,4379
s7591,19022
s7591,10115
s7591,5692
s7591,4528
s7592,26319
s7592,21214
s7592,2772
s7592,5490
s7592,11051
s7592,10595
s7592,20393
s7592,20111
s7592,2996
s7592,13231
s7592,27477
s7593,5638
s7593,63
s7593,220
s7593,25944
s7593,14883
s7593,4464
s7593,5030
s7593,19771
s7594,842
s7594,34065
s7594,2006
s7594,20714
s7594,7431
s7594,6444
s7594,25244
s7594,22203
s7594,12189
s7594,3354
s7594,23594
s7594,3557
s7594,27449
s7594,28668
s7594,8354
s7595,2179
s7595,19900
s7595,16017
s7595,26108
s7595,6871
s7595,4763
s7595,14819
s7596,2179
s7596,6871
s7596,22347
s7596,14819
s7596,897
s7596,19391
s7596,4763
s7597,897
s7597,2179
s7597,4761
s7597,6871
s7597,14819
s7597,16017
s7597,19391
s7597,19900
s7597,22347
s7597,22807
s7598,7564
s7598,28020
s7598,33364
s7598,31245
s7598,19556
s7598,4680
s7598,2547
s7598,15402
s7598,26275
s7598,17587
s7600,7085
s7601,14353
s7602,9973
s7603,9973
s7604,7085
s7605,7085
s7606,14572
s7608,8929
s7609,14572
s7611,7085
s7612,7085
s7613,7085
s7614,15534
s7615,14572
s7616,14572
s7619,18995
s7620,2659
s7620,6228
s7620,8033
s7620,5619
s7620,33038
s7620,7032
s7620,26612
s7620,7643
s7620,34560
s7620,33053
s7621,6482
s7621,28838
s7621,33248
s7621,22536
s7621,11079
s7621,8275
s7621,3213
s7621,28296
s7621,14300
s7621,12258
s7621,4536
s7621,6833
s7622,6127
s7623,91
s7623,2620
s7623,18652
s7623,8040
s7623,33193
s7623,7974
s7623,29404
s7623,25496
s7623,16261
s7623,2114
s7624,2544
s7624,974
s7624,30226
s7624,1543
s7624,33606
s7624,2206
s7624,10731
s7624,19981
s7624,32459
s7624,10732
s7624,24934
s7624,15989
s7624,3981
s7624,22323
s7628,16761
s7628,7732
s7628,9930
s7628,11809
s7628,35852
s7628,5575
s7628,12815
s7628,18835
s7629,9213
s7629,22664
s7629,26192
s7629,26459
s7629,31846
s7629,10284
s7629,8787
s7629,28926
s7629,2508
s7631,5943
s7631,31749
s7631,31690
s7631,30815
s7631,6446
s7631,34193
s7631,31576
s7631,6940
s7632,5943
s7632,31749
s7632,31690
s7632,30815
s7632,6446
s7632,14194
s7632,34193
s7632,35175
s7632,22707
s7632,31576
s7632,22922
s7632,31748
s7633,15378
s7633,33102
s7633,34759
s7633,32247
s7633,2910
s7634,25233
s7634,898
s7634,26161
s7634,19671
s7634,25060
s7635,14882
s7635,14002
s7635,11079
s7635,11011
s7635,26810
s7635,28091
s7635,7872
s7635,26092
s7635,31838
s7635,6667
s7635,14842
s7635,7192
s7635,9755
s7635,10074
s7636,26688
s7636,13898
s7636,28205
s7636,18999
s7637,7464
s7637,32967
s7637,31769
s7637,27957
s7637,36039
s7637,13676
s7637,5878
s7637,5869
s7637,10563
s7637,13890
s7637,73
s7637,4961
s7638,10855
s7638,8126
s7638,29571
s7638,26493
s7638,2352
s7638,28040
s7638,5719
s7638,25937
s7638,15604
s7639,11336
s7639,4590
s7639,22073
s7639,2242
s7639,8817
s7639,4107
s7639,9554
s7639,854
s7639,5559
s7639,30089
s7640,11336
s7640,4590
s7640,22073
s7640,5638
s7640,2242
s7640,8817
s7640,4107
s7640,16605
s7640,5559
s7640,30089
s7641,16111
s7641,16860
s7641,18801
s7641,29440
s7641,894
s7641,17814
s7641,29606
s7641,28814
s7641,13016
s7641,24599
s7641,6049
s7641,22991
s7641,26611
s7641,3982
s7642,35683
s7642,16755
s7642,4440
s7642,20948
s7642,36393
s7642,23252
s7642,35767
s7642,14531
s7642,5442
s7642,16389
s7643,18192
s7643,34120
s7643,19184
s7643,27906
s7643,4983
s7643,33904
s7643,31452
s7643,7008
s7643,22414
s7644,18513
s7644,35635
s7644,14517
s7644,2868
s7644,26580
s7644,35275
s7644,9363
s7644,5763
s7644,16978
s7645,18513
s7645,35635
s7645,14517
s7645,35001
s7645,35275
s7645,9363
s7645,34399
s7645,5087
s7647,853
s7647,7366
s7647,30459
s7647,31684
s7647,3756
s7647,28470
s7647,29054
s7647,4824
s7649,25351
s7650,22124
s7650,18492
s7651,32689
s7651,20845
s7651,10339
s7651,18976
s7652,2248
s7652,35624
s7652,34909
s7652,27019
s7652,26841
s7652,12966
s7652,35303
s7653,22917
s7654,32430
s7654,22659
s7654,28089
s7654,9897
s7654,21867
s7654,8429
s7654,2852
s7654,32845
s7655,23531
s7655,1107
s7656,24915
s7657,25060
s7659,19485
s7659,33046
s7659,8928
s7659,2234
s7659,17371
s7659,12873
s7659,15516
s7659,24033
s7660,12670
s7660,5848
s7660,6746
s7660,14479
s7660,11061
s7660,25766
s7660,35320
s7660,13762
s7660,17656
s7660,10862
s7660,19880
s7661,5824
s7661,25004
s7661,33133
s7661,26968
s7661,18605
s7661,31435
s7661,32374
s7661,27921
s7661,17612
s7662,12425
s7662,24619
s7662,36110
s7662,20189
s7662,19684
s7663,16
s7664,35067
s7664,16848
s7664,15446
s7664,2893
s7664,9508
s7664,7945
s7664,461
s7664,9972
s7664,9145
s7664,17391
s7666,32752
s7666,32225
s7666,24204
s7666,41
s7666,17194
s7666,20684
s7666,24955
s7666,11262
s7667,35163
s7668,29067
s7668,18652
s7668,34808
s7668,11742
s7668,35557
s7668,33540
s7668,29280
s7668,26786
s7668,5916
s7668,18586
s7668,34999
s7668,24210
s7669,22992
s7670,21771
s7670,3273
s7670,11190
s7670,8172
s7670,4334
s7670,11381
s7670,15942
s7670,14286
s7670,11748
s7670,26043
s7671,16820
s7671,4074
s7671,19682
s7671,30142
s7671,16770
s7671,6067
s7672,7390
s7672,10531
s7672,17983
s7672,1453
s7673,9189
s7673,36162
s7673,5330
s7673,17801
s7673,26312
s7673,16066
s7675,6400
s7675,35363
s7676,30441
s7676,10215
s7676,18874
s7676,35571
s7676,13089
s7676,15356
s7677,36183
s7677,15884
s7677,12124
s7677,9007
s7677,36162
s7677,12685
s7677,20503
s7677,35628
s7677,34989
s7677,11979
s7678,21789
s7678,20718
s7678,24235
s7678,5207
s7678,27927
s7678,6501
s7678,17375
s7678,18670
s7678,33349
s7678,33934
s7679,20489
s7679,32917
s7679,19267
s7679,18714
s7679,26648
s7679,18715
s7679,18800
s7679,12867
s7679,32873
s7679,6112
s7679,30765
s7681,24483
s7681,34276
s7681,19450
s7681,32207
s7681,20994
s7681,15915
s7681,4171
s7681,29959
s7682,15082
s7682,32512
s7682,33196
s7682,19673
s7682,6729
s7682,20756
s7682,33440
s7682,26987
s7682,502
s7682,13175
s7683,3197
s7683,18736
s7683,30865
s7683,29200
s7683,33213
s7684,33655
s7685,33221
s7685,24746
s7685,26399
s7685,17403
s7685,5423
s7685,15823
s7685,6499
s7685,1524
s7685,20308
s7685,21211
s7686,20474
s7686,35841
s7686,23358
s7686,35694
s7686,36212
s7686,36206
s7687,284
s7687,15110
s7687,13152
s7687,31920
s7687,36095
s7687,2687
s7687,2238
s7687,9831
s7687,2035
s7687,25411
s7688,32015
s7688,25493
s7688,8899
s7688,26781
s7688,21096
s7688,32248
s7688,24209
s7688,1867
s7689,22432
s7689,13380
s7689,4184
s7689,35520
s7689,2442
s7689,8215
s7689,806
s7689,23909
s7689,45
s7690,21166
s7690,4054
s7690,7062
s7691,12771
s7691,11416
s7691,19914
s7691,11540
s7691,14132
s7691,17495
s7691,12406
s7691,24557
s7691,14743
s7691,8137
s7692,13386
s7692,16414
s7692,17048
s7692,29959
s7692,29746
s7692,34339
s7692,30262
s7692,25879
s7694,28355
s7694,29763
s7694,33559
s7694,27747
s7694,20277
s7695,24395
s7695,7852
s7695,26354
s7695,2146
s7695,24077
s7695,19616
s7695,33355
s7695,23129
s7695,32263
s7695,1792
s7696,35317
s7696,22519
s7696,17959
s7696,10106
s7696,6106
s7696,5200
s7696,27862
s7696,7177
s7696,9466
s7696,27815
s7696,16427
s7697,1380
s7697,14311
s7697,27971
s7697,1309
s7697,9746
s7697,24148
s7697,15828
s7697,2575
s7697,17787
s7698,29570
s7698,6176
s7698,6063
s7699,15763
s7699,34562
s7699,8874
s7699,1389
s7699,26104
s7699,22999
s7699,16272
s7699,29870
s7701,21500
s7701,501
s7701,20609
s7701,876
s7701,18921
s7701,9708
s7701,4115
s7701,7478
s7702,15486
s7702,10755
s7702,9071
s7702,14373
s7702,18636
s7702,2480
s7702,13142
s7702,25974
s7702,26192
s7703,18610
s7703,24070
s7703,30002
s7703,22000
s7703,29979
s7703,19230
s7703,20782
s7703,2385
s7703,30536
s7703,30671
s7704,12207
s7704,10286
s7704,3478
s7704,2019
s7705,17517
s7705,27508
s7705,1685
s7705,21594
s7705,22729
s7705,3239
s7705,14146
s7707,30490
s7707,1804
s7707,20805
s7707,2888
s7707,1547
s7707,12782
s7707,25669
s7707,20681
s7707,8679
s7707,4072
s7707,1960
s7707,771
s7707,8212
s7707,30666
s7707,31323
s7707,26295
s7707,439
s7707,32025
s7708,17048
s7708,29319
s7708,13936
s7708,32207
s7708,16414
s7708,2666
s7710,1858
s7710,27579
s7710,3623
s7710,24702
s7710,3395
s7710,6370
s7710,15294
s7710,27927
s7710,345
s7710,28342
s7710,26190
s7711,7626
s7711,21501
s7711,25758
s7711,16168
s7711,16448
s7711,23038
s7711,11664
s7711,18658
s7711,24309
s7711,1912
s7711,36207
s7711,20096
s7712,35100
s7712,4959
s7712,33609
s7712,1111
s7712,4950
s7712,9503
s7712,22839
s7712,21157
s7712,10085
s7713,28281
s7713,8667
s7713,846
s7713,2847
s7713,33432
s7713,31500
s7713,26952
s7713,21989
s7713,14782
s7713,32244
s7715,12394
s7715,2589
s7715,25975
s7715,30148
s7715,33248
s7715,14090
s7715,29601
s7715,26814
s7715,13701
s7715,14084
s7715,28074
s7716,33519
s7716,10333
s7716,23892
s7716,10061
s7716,10096
s7716,23918
s7716,25200
s7716,3610
s7717,17997
s7717,17679
s7717,14609
s7717,27305
s7717,30905
s7717,31833
s7717,26470
s7717,4496
s7717,299
s7717,14035
s7717,409
s7717,11195
s7718,29309
s7718,1616
s7718,21008
s7718,16958
s7718,32051
s7718,30262
s7719,6999
s7719,28075
s7719,28163
s7719,3448
s7720,30993
s7720,14519
s7720,111
s7720,34410
s7720,5692
s7720,15886
s7720,8256
s7720,28318
s7720,30052
s7720,24514
s7721,21512
s7721,8073
s7721,24398
s7721,26821
s7721,35277
s7721,17170
s7721,30168
s7722,26180
s7723,26180
s7723,2632
s7723,10864
s7723,11771
s7723,36316
s7723,8682
s7723,19962
s7723,6070
s7723,9122
s7723,20763
s7723,9408
s7723,36298
s7723,23303
s7723,35110
s7723,25497
s7723,15426
s7724,36060
s7724,30626
s7724,1729
s7724,30629
s7724,13221
s7724,36066
s7724,15520
s7724,6103
s7725,6482
s7725,14136
s7725,5625
s7725,26454
s7725,31204
s7726,16281
s7726,10234
s7726,33392
s7726,27800
s7726,28782
s7726,4324
s7726,7664
s7726,12426
s7727,30174
s7727,2056
s7727,21575
s7727,24012
s7727,7155
s7727,33952
s7727,15334
s7727,5443
s7728,33158
s7729,12185
s7729,4964
s7729,11589
s7729,28117
s7729,11176
s7729,10725
s7729,24723
s7729,17464
s7729,11746
s7729,7589
s7730,15270
s7730,22816
s7730,32798
s7730,17962
s7730,29885
s7730,1824
s7731,18636
s7731,19066
s7731,31125
s7731,2006
s7731,34079
s7731,12209
s7731,25119
s7731,4022
s7731,3400
s7731,25897
s7732,26456
s7733,14069
s7733,8777
s7733,28813
s7733,21316
s7733,7283
s7733,9495
s7733,34412
s7733,21409
s7733,31068
s7733,6894
s7734,15336
s7734,17585
s7734,13823
s7734,31004
s7734,25747
s7734,20804
s7734,14037
s7734,8201
s7735,21267
s7735,34691
s7735,10892
s7735,14374
s7735,15606
s7735,4809
s7735,22572
s7735,4290
s7735,1641
s7735,7415
s7735,31784
s7736,33564
s7736,8365
s7736,14479
s7736,21875
s7736,2776
s7736,28724
s7736,28460
s7736,5871
s7736,19937
s7736,25235
s7737,18747
s7737,14867
s7737,32166
s7737,32360
s7737,17174
s7737,7305
s7737,27374
s7738,15378
s7738,5924
s7738,35324
s7738,21706
s7738,24802
s7738,6629
s7738,11081
s7738,32369
s7738,26353
s7738,24398
s7739,34917
s7739,25176
s7739,20510
s7739,15918
s7739,6153
s7739,258
s7739,12115
s7739,6149
s7740,30623
s7740,25203
s7740,16918
s7740,13352
s7740,33975
s7740,24122
s7740,30923
s7740,18381
s7740,25780
s7742,33905
s7742,6605
s7742,4774
s7742,8090
s7742,9138
s7742,31161
s7742,21700
s7742,19602
s7742,17825
s7742,5287
s7743,8640
s7743,26996
s7743,18447
s7743,34874
s7743,1548
s7743,29323
s7745,29716
s7745,24160
s7745,25425
s7745,13823
s7745,23459
s7745,29232
s7745,2442
s7745,8687
s7745,23361
s7745,31089
s7746,13100
s7746,16187
s7746,25719
s7746,535
s7746,7457
s7746,34935
s7746,21817
s7746,9398
s7746,28939
s7746,33788
s7746,1022
s7747,34702
s7747,26705
s7747,8304
s7747,546
s7747,33205
s7747,6805
s7747,27092
s7747,33979
s7747,31579
s7748,7832
s7749,7832
s7750,28155
s7750,19890
s7750,21604
s7750,19683
s7750,18022
s7750,29474
s7750,538
s7750,22870
s7750,26108
s7750,21169
s7751,24284
s7751,19775
s7751,9824
s7751,1758
s7751,26716
s7751,20167
s7752,33532
s7752,35175
s7752,5919
s7752,10755
s7752,10800
s7752,15675
s7752,28054
s7752,17976
s7752,27806
s7752,17693
s7753,34373
s7753,14275
s7753,22216
s7753,8873
s7753,28511
s7753,21528
s7753,35147
s7753,34462
s7753,6489
s7753,19480
s7755,26856
s7756,28530
s7756,30758
s7756,27672
s7756,26109
s7756,26148
s7756,28095
s7756,8840
s7756,20621
s7756,28485
s7756,8894
s7757,10892
s7757,5524
s7758,2757
s7758,20299
s7758,10888
s7758,26282
s7759,12390
s7759,15979
s7759,1077
s7759,19534
s7759,27545
s7759,14990
s7759,19406
s7759,31135
s7759,31799
s7759,19486
s7759,3955
s7760,21045
s7760,25747
s7760,11266
s7760,27277
s7761,29697
s7761,32545
s7761,35605
s7761,13079
s7761,35692
s7761,15354
s7761,8750
s7761,23333
s7762,4703
s7762,5245
s7762,35733
s7762,22971
s7762,14075
s7762,6688
s7763,4703
s7763,5245
s7763,35733
s7763,22971
s7763,14075
s7763,6688
s7764,14141
s7764,17979
s7764,9791
s7764,14427
s7764,14750
s7764,17550
s7764,33566
s7764,23423
s7764,19080
s7764,14101
s7765,33900
s7765,25952
s7765,6555
s7765,16887
s7765,28629
s7765,30319
s7765,22603
s7765,26191
s7765,14470
s7765,23376
s7765,31404
s7765,35865
s7765,29631
s7765,34025
s7765,19615
s7766,14487
s7766,1484
s7766,2526
s7766,8068
s7766,24901
s7766,29896
s7766,3900
s7766,12878
s7766,17767
s7766,28131
s7766,5221
s7766,9456
s7766,21659
s7766,8382
s7767,22786
s7767,30153
s7767,1466
s7767,17706
s7767,29950
s7767,23702
s7767,27956
s7767,28720
s7767,14844
s7767,18314
s7768,2942
s7768,27807
s7768,7665
s7768,34333
s7768,5715
s7768,29009
s7768,1852
s7768,22603
s7768,17620
s7768,9934
s7768,32995
s7768,12822
s7768,33628
s7768,4481
s7768,21324
s7769,10684
s7769,2351
s7769,28029
s7769,22546
s7769,24624
s7769,15857
s7769,26416
s7769,2768
s7769,3779
s7769,17767
s7769,8891
s7769,11309
s7769,12878
s7770,27022
s7770,29374
s7770,11647
s7770,354
s7770,16192
s7770,14423
s7770,17549
s7770,17550
s7770,11818
s7770,26527
s7770,22466
s7770,4953
s7771,14128
s7771,5154
s7771,29614
s7771,27961
s7771,11142
s7771,9064
s7771,28560
s7771,8057
s7771,17767
s7771,11403
s7771,27975
s7771,21590
s7772,9357
s7772,2961
s7772,28816
s7772,23304
s7772,7464
s7772,23200
s7772,19648
s7772,25390
s7772,14101
s7772,394
s7772,2147
s7772,5912
s7772,21621
s7773,4634
s7773,6388
s7773,22056
s7773,23703
s7773,1582
s7773,15857
s7773,27898
s7773,23077
s7773,3779
s7773,17767
s7773,15287
s7773,25372
s7773,16255
s7773,8382
s7773,14101
s7774,1132
s7774,10032
s7774,12576
s7774,24094
s7774,4886
s7774,27898
s7774,14732
s7774,10560
s7774,26191
s7775,1132
s7775,10032
s7775,12576
s7775,24094
s7775,4886
s7775,31948
s7775,27898
s7775,10560
s7775,26191
s7776,1132
s7776,10032
s7776,12576
s7776,24094
s7776,4886
s7776,27898
s7777,1132
s7777,10032
s7777,12576
s7777,24094
s7777,4886
s7777,31948
s7777,27898
s7777,10560
s7777,26191
s7777,27992
s7778,2156
s7778,6651
s7778,15792
s7778,6474
s7778,3621
s7778,11309
s7778,30509
s7778,13149
s7778,10146
s7778,14445
s7779,2156
s7779,6651
s7779,15792
s7779,6474
s7779,3621
s7779,5212
s7779,30509
s7779,13149
s7780,1132
s7780,10032
s7780,12576
s7780,24094
s7780,4886
s7780,31948
s7780,27898
s7780,10560
s7780,26191
s7780,14732
s7780,17378
s7780,27992
s7780,8382
s7780,31965
s7781,1132
s7781,24094
s7781,12576
s7781,10032
s7781,4886
s7781,31948
s7781,26191
s7781,10560
s7781,14732
s7781,31965
s7781,17377
s7782,1132
s7782,24094
s7782,12576
s7782,10032
s7782,4886
s7782,31948
s7782,27898
s7782,26191
s7782,10560
s7782,14732
s7782,31965
s7782,17377
s7783,14436
s7783,10040
s7783,18004
s7783,8161
s7783,22793
s7783,7538
s7783,34466
s7783,17415
s7783,9285
s7783,4833
s7783,32995
s7783,9176
s7784,15906
s7784,24100
s7784,4424
s7784,14427
s7784,5631
s7784,5464
s7784,14470
s7784,26191
s7784,11859
s7784,12770
s7784,33900
s7784,25952
s7784,28629
s7784,30319
s7784,8852
s7785,27992
s7785,1586
s7785,26647
s7785,15116
s7785,13771
s7785,26642
s7785,2481
s7785,13286
s7785,31230
s7785,7670
s7785,32995
s7786,5631
s7786,24100
s7786,31869
s7786,15906
s7786,14427
s7786,8064
s7786,3465
s7786,26191
s7786,14470
s7786,24118
s7786,7670
s7786,828
s7786,8032
s7786,32531
s7786,17914
s7787,2156
s7787,6651
s7787,15792
s7787,6474
s7787,3621
s7787,30509
s7787,13149
s7788,2156
s7788,15792
s7788,6651
s7788,3621
s7788,6474
s7788,30509
s7788,13149
s7789,2156
s7789,6651
s7789,15792
s7789,6474
s7789,3621
s7789,30509
s7789,13149
s7790,5784
s7790,9401
s7790,18733
s7790,31503
s7790,2960
s7792,3386
s7792,29274
s7792,28642
s7792,32122
s7792,22439
s7792,29982
s7793,6292
s7794,28062
s7794,9288
s7794,19118
s7794,15789
s7794,1305
s7794,10778
s7794,33041
s7794,2028
s7794,31918
s7794,15549
s7794,17864
s7794,33804
s7794,22223
s7794,31705
s7795,17868
s7795,6074
s7795,5774
s7795,28800
s7795,20749
s7797,34120
s7797,27760
s7797,14175
s7798,19942
s7798,33388
s7798,28386
s7798,10000
s7798,1741
s7798,6573
s7798,19047
s7798,13812
s7798,17434
s7798,31161
s7799,26450
s7800,3960
s7801,11956
s7801,11028
s7801,10726
s7801,16719
s7801,21822
s7801,20400
s7801,34488
s7801,9703
s7802,2389
s7802,20682
s7802,24121
s7802,7640
s7802,25425
s7802,18727
s7802,10458
s7802,30920
s7803,15856
s7803,29601
s7803,34193
s7803,12457
s7803,33374
s7803,1659
s7803,21376
s7803,34736
s7803,9989
s7803,28803
s7803,6599
s7803,4964
s7804,8644
s7804,18431
s7804,31465
s7804,26295
s7804,27484
s7804,34802
s7804,21013
s7804,34384
s7805,28042
s7805,4911
s7805,595
s7805,22614
s7805,36245
s7805,26144
s7805,4316
s7805,24539
s7805,7279
s7806,17325
s7806,8733
s7806,27130
s7806,25198
s7806,31463
s7806,13567
s7807,22517
s7807,32274
s7809,2996
s7809,2088
s7809,20319
s7809,13231
s7809,26319
s7809,6747
s7809,24813
s7810,7450
s7810,25315
s7810,22028
s7810,16538
s7810,11473
s7810,11272
s7810,14757
s7810,7914
s7810,15028
s7810,1999
s7811,10173
s7811,6086
s7811,12404
s7811,32471
s7811,14178
s7811,26010
s7812,24786
s7812,14092
s7812,7322
s7812,14549
s7812,28447
s7812,14869
s7812,7853
s7812,6543
s7812,24718
s7812,12873
s7812,31580
s7814,34398
s7814,2819
s7814,27295
s7814,31093
s7814,32256
s7814,34263
s7814,29181
s7814,17579
s7814,18735
s7815,20697
s7815,31850
s7815,20432
s7815,4807
s7815,7876
s7815,18284
s7815,313
s7815,1352
s7815,29203
s7815,27186
s7815,8591
s7816,9366
s7816,3209
s7816,17110
s7816,32114
s7817,9066
s7817,2570
s7817,1218
s7817,5339
s7817,6656
s7817,33554
s7817,6349
s7817,4331
s7817,6502
s7817,33632
s7817,15762
s7817,11162
s7817,15712
s7817,32927
s7817,7792
s7817,4468
s7817,30778
s7817,28471
s7817,18286
s7817,4640
s7817,26106
s7817,25433
s7817,8337
s7817,32391
s7817,31904
s7817,2172
s7817,5005
s7817,4477
s7817,29478
s7817,4134
s7817,7024
s7817,16056
s7817,17964
s7817,22650
s7818,2601
s7818,28822
s7818,8176
s7818,4287
s7818,34048
s7818,22015
s7818,2508
s7818,2403
s7818,28539
s7818,31273
s7818,30224
s7820,18939
s7820,32522
s7820,30942
s7820,25006
s7820,13363
s7820,3673
s7820,22002
s7821,28395
s7821,5647
s7821,15540
s7821,10858
s7821,24634
s7821,33162
s7821,21504
s7821,10834
s7821,16221
s7822,17585
s7822,3211
s7822,33443
s7822,23459
s7822,4259
s7822,3292
s7822,18749
s7822,24925
s7824,13811
s7824,36241
s7824,14599
s7824,34966
s7824,12828
s7824,29693
s7824,900
s7824,35411
s7824,7750
s7825,43
s7825,17283
s7825,32282
s7825,15886
s7825,24426
s7825,34436
s7825,18746
s7825,26893
s7825,23627
s7826,34604
s7826,1789
s7826,8692
s7826,27531
s7826,34424
s7826,21057
s7827,15676
s7827,29886
s7827,32798
s7827,11102
s7827,13785
s7827,14289
s7827,915
s7827,9159
s7827,32316
s7827,14453
s7827,13214
s7827,2381
s7827,16557
s7827,11822
s7827,1922
s7827,23357
s7827,27763
s7827,25678
s7827,19833
s7827,21399
s7827,7713
s7827,33576
s7827,9301
s7827,13445
s7827,15481
s7827,2689
s7828,21017
s7828,27376
s7828,8728
s7828,29259
s7828,18727
s7828,27700
s7828,32359
s7828,33964
s7829,11089
s7829,24521
s7829,24528
s7830,32633
s7830,30281
s7830,21614
s7830,14665
s7830,34022
s7830,33065
s7830,3866
s7831,20669
s7831,29562
s7831,12428
s7831,27352
s7831,30824
s7831,29983
s7831,806
s7832,13087
s7832,14317
s7832,15408
s7832,14919
s7832,19382
s7832,18208
s7832,6232
s7832,30333
s7832,18324
s7832,18249
s7833,32029
s7833,23611
s7833,34671
s7833,34157
s7833,32959
s7833,29307
s7833,7293
s7833,11146
s7834,34241
s7834,4262
s7834,11691
s7834,29353
s7834,11449
s7834,30497
s7836,25748
s7836,30015
s7836,28647
s7836,31551
s7836,23619
s7836,30263
s7837,20816
s7837,1802
s7837,12919
s7837,20823
s7837,9900
s7837,8868
s7837,29220
s7837,27538
s7837,871
s7838,29387
s7838,3304
s7838,25783
s7838,20800
s7838,2839
s7838,21075
s7838,21071
s7838,27028
s7838,30614
s7838,806
s7838,36102
s7838,3167
s7839,30168
s7839,15371
s7839,5833
s7839,2865
s7839,3378
s7839,27590
s7839,786
s7839,11300
s7839,26366
s7840,14077
s7840,24288
s7840,29339
s7840,15260
s7840,2472
s7840,6995
s7840,35201
s7840,28547
s7840,8340
s7840,9290
s7841,1947
s7841,9030
s7841,1301
s7841,6597
s7841,20872
s7841,6417
s7841,16473
s7841,24958
s7841,19584
s7841,9894
s7842,22858
s7842,33668
s7842,20164
s7842,31735
s7842,16459
s7842,17543
s7842,7634
s7842,10195
s7842,28760
s7842,4695
s7842,10
s7843,401
s7843,226
s7843,13693
s7843,6793
s7843,20450
s7843,392
s7843,13984
s7843,14615
s7843,4958
s7843,13699
s7843,22912
s7843,30151
s7843,15896
s7843,30636
s7843,22988
s7844,8192
s7844,11313
s7844,29830
s7844,14350
s7844,7866
s7844,4399
s7844,11419
s7844,8196
s7844,29408
s7844,2705
s7844,28373
s7845,26036
s7845,5118
s7845,19246
s7845,5919
s7845,7740
s7845,14834
s7845,4592
s7845,8941
s7845,3968
s7845,12408
s7846,30598
s7846,23873
s7846,27274
s7846,18584
s7846,27364
s7846,8154
s7846,2397
s7846,1776
s7846,34244
s7846,8710
s7847,33363
s7848,5077
s7848,14481
s7848,12016
s7848,11311
s7848,15573
s7848,22084
s7848,7374
s7848,17479
s7848,35681
s7848,24371
s7849,5600
s7849,20548
s7849,25453
s7849,11783
s7849,21780
s7849,33611
s7850,1800
s7850,13283
s7850,27523
s7851,27809
s7852,31335
s7852,8966
s7852,5058
s7853,30495
s7853,2432
s7853,36243
s7853,36097
s7853,3020
s7854,6575
s7854,4980
s7854,16945
s7854,12603
s7854,12667
s7854,8128
s7854,21770
s7855,28447
s7855,9697
s7855,6308
s7855,19459
s7855,26688
s7855,32855
s7855,28926
s7855,11871
s7855,22475
s7856,26454
s7856,16599
s7856,21754
s7856,2757
s7856,12676
s7856,10302
s7856,22078
s7856,6891
s7856,5744
s7856,11787
s7857,1493
s7857,18697
s7857,21741
s7857,21624
s7857,30179
s7857,20528
s7857,4469
s7857,31898
s7857,30184
s7857,27185
s7858,23295
s7858,1350
s7858,18192
s7858,30708
s7858,30397
s7858,31649
s7858,4551
s7858,35083
s7859,27913
s7860,26505
s7860,30194
s7860,11891
s7860,3234
s7860,33318
s7860,7326
s7860,945
s7860,31851
s7860,7075
s7860,26439
s7860,17245
s7860,23095
s7860,15478
s7860,272
s7861,11745
s7861,20490
s7861,12923
s7861,20477
s7861,35604
s7861,17199
s7861,32483
s7861,34017
s7861,35049
s7861,11714
s7862,6090
s7862,18944
s7862,1982
s7862,3084
s7863,18957
s7863,29333
s7863,32775
s7863,32530
s7863,26822
s7863,5769
s7863,796
s7863,17171
s7863,26799
s7863,18687
s7864,27661
s7864,16861
s7864,18057
s7864,12424
s7864,10207
s7864,19519
s7864,15344
s7864,15953
s7864,31048
s7864,11314
s7865,28330
s7865,4116
s7865,11273
s7865,8801
s7865,13489
s7865,3913
s7865,32711
s7865,28815
s7865,8053
s7866,19525
s7866,17422
s7866,17495
s7866,22955
s7866,17488
s7866,7914
s7866,9074
s7866,28053
s7866,36255
s7866,14572
s7866,22279
s7867,27950
s7867,28621
s7867,9686
s7867,30231
s7867,26257
s7869,28395
s7869,854
s7869,6
s7869,5339
s7869,15777
s7869,8883
s7869,4758
s7869,33963
s7870,30660
s7870,29289
s7870,32088
s7870,17069
s7870,34630
s7870,34197
s7870,30595
s7870,199
s7870,34813
s7870,17936
s7871,22161
s7871,14989
s7871,343
s7871,8061
s7871,23927
s7871,7875
s7871,1646
s7871,5841
s7871,15999
s7871,6831
s7872,20449
s7872,18442
s7872,3287
s7872,4030
s7873,31012
s7873,17576
s7873,31088
s7873,17577
s7874,8232
s7874,34628
s7874,22480
s7874,29180
s7874,28304
s7874,21070
s7874,30046
s7874,27793
s7875,25783
s7875,25425
s7875,26295
s7875,14521
s7875,32426
s7875,21989
s7875,32058
s7875,27401
s7876,11294
s7876,25510
s7876,20890
s7877,26692
s7878,3963
s7878,14143
s7878,21432
s7878,14219
s7878,14103
s7878,14097
s7878,21813
s7878,11140
s7878,4747
s7878,18639
s7879,14647
s7879,11876
s7879,5198
s7879,22586
s7879,33800
s7879,19044
s7879,28375
s7879,28475
s7880,32461
s7880,32656
s7880,5080
s7880,5333
s7880,5072
s7880,33125
s7880,15550
s7880,15320
s7880,4269
s7881,32461
s7881,32656
s7881,5080
s7881,5333
s7881,5072
s7881,33758
s7881,15550
s7881,19513
s7881,15820
s7881,32464
s7882,32461
s7882,32656
s7882,5080
s7882,5333
s7882,5072
s7882,33758
s7882,23829
s7882,13024
s7882,13147
s7883,32461
s7883,32656
s7883,5080
s7883,5333
s7883,8773
s7883,4863
s7883,33758
s7883,22923
s7884,32461
s7884,32656
s7884,5080
s7884,28061
s7884,33679
s7884,29275
s7884,5072
s7884,33758
s7885,21097
s7885,20940
s7885,21209
s7885,5078
s7885,10749
s7885,27461
s7885,35459
s7885,5900
s7885,30579
s7886,12128
s7886,3836
s7886,23566
s7886,637
s7886,24073
s7886,602
s7886,17260
s7886,29345
s7886,12152
s7886,34245
s7889,14624
s7889,11165
s7889,23693
s7889,25878
s7889,27484
s7889,35659
s7889,27483
s7889,29700
s7890,4853
s7890,13876
s7890,15415
s7890,30151
s7890,33586
s7890,35195
s7890,5556
s7890,1632
s7890,35074
s7890,29689
s7891,4726
s7891,21618
s7891,5338
s7891,31848
s7891,26006
s7891,21619
s7892,31193
s7892,11521
s7892,28330
s7892,21749
s7892,29370
s7892,8053
s7892,33404
s7893,17176
s7893,18557
s7895,22706
s7895,15683
s7895,29026
s7895,31108
s7895,22233
s7895,27414
s7895,26056
s7895,9470
s7895,9809
s7895,5858
s7896,22073
s7896,9288
s7896,15858
s7896,11889
s7896,10421
s7896,15790
s7896,21770
s7896,22941
s7896,16295
s7896,33521
s7897,21591
s7897,26283
s7897,27925
s7897,15241
s7897,5262
s7897,4920
s7897,8625
s7898,5108
s7898,9261
s7898,30238
s7898,13883
s7898,1916
s7898,35427
s7898,23149
s7898,21111
s7898,2795
s7898,1889
s7898,16364
s7898,25356
s7899,367
s7899,21068
s7899,31327
s7899,18742
s7900,11175
s7900,20377
s7900,31269
s7900,9181
s7900,10373
s7900,16886
s7900,26346
s7901,13811
s7901,2422
s7901,10889
s7901,4317
s7901,21142
s7901,11168
s7901,23766
s7901,732
s7902,14813
s7902,17972
s7902,30906
s7902,21635
s7902,28082
s7902,6567
s7902,31905
s7902,22616
s7902,23237
s7903,208
s7903,4208
s7903,20800
s7903,34628
s7903,23864
s7903,3551
s7903,2442
s7903,11689
s7903,23869
s7903,31053
s7904,16605
s7904,28062
s7904,15421
s7904,12578
s7904,28296
s7904,26109
s7904,6568
s7904,8836
s7904,27803
s7904,35911
s7904,14292
s7904,19931
s7904,17469
s7904,14637
s7904,33568
s7905,29092
s7905,22075
s7905,15270
s7905,25383
s7905,16710
s7905,24670
s7905,28967
s7906,32844
s7906,28727
s7906,32961
s7906,32441
s7906,30158
s7906,9054
s7906,26152
s7906,17643
s7906,22977
s7906,2754
s7907,22369
s7907,23253
s7907,23166
s7907,35868
s7907,23171
s7907,35748
s7907,12824
s7907,33692
s7907,31032
s7908,7973
s7908,15824
s7908,35160
s7908,21987
s7908,15750
s7908,30161
s7908,5873
s7908,22413
s7908,17411
s7908,10906
s7909,29011
s7910,29011
s7911,846
s7911,13277
s7911,3021
s7911,10116
s7911,26295
s7911,25869
s7911,29232
s7911,1975
s7911,18742
s7911,4868
s7911,34249
s7911,17173
s7913,29601
s7913,6884
s7913,23095
s7913,18888
s7913,16265
s7913,14963
s7913,4814
s7913,25402
s7913,27802
s7913,19059
s7913,25672
s7913,8775
s7913,14081
s7914,8232
s7914,10461
s7914,29983
s7914,13225
s7914,15
s7914,24494
s7914,3501
s7914,14520
s7916,3935
s7916,36403
s7916,17907
s7916,24474
s7916,19593
s7916,3815
s7916,10090
s7916,5725
s7917,23774
s7917,6732
s7917,27989
s7917,23883
s7917,26220
s7917,12632
s7917,26486
s7917,11365
s7917,15823
s7917,9682
s7918,17074
s7918,31674
s7918,31139
s7918,11967
s7918,25681
s7918,3160
s7919,20812
s7919,29563
s7919,455
s7919,27834
s7919,29768
s7919,27063
s7920,29256
s7921,3395
s7921,21584
s7921,14000
s7921,21861
s7921,14710
s7921,18627
s7921,14784
s7921,17215
s7922,2441
s7922,32425
s7922,28308
s7922,25873
s7922,4256
s7922,31388
s7922,32139
s7922,3146
s7923,28261
s7923,800
s7923,2934
s7923,32720
s7923,32283
s7924,3261
s7924,31461
s7924,32029
s7924,34249
s7924,27252
s7924,27039
s7924,20058
s7924,29764
s7924,16913
s7924,18445
s7925,23575
s7925,12919
s7925,3583
s7925,23548
s7925,27786
s7925,3682
s7925,12730
s7925,20789
s7925,12473
s7925,1381
s7926,28200
s7926,25773
s7926,31629
s7926,2869
s7926,32756
s7926,18781
s7926,2397
s7926,32270
s7927,34777
s7927,2391
s7927,29746
s7927,13386
s7927,25612
s7927,27904
s7927,11734
s7928,646
s7928,24796
s7928,23566
s7928,13059
s7928,8674
s7928,29300
s7928,868
s7928,9275
s7928,130
s7928,35793
s7929,32895
s7929,4358
s7929,19859
s7929,5153
s7929,29018
s7929,13831
s7929,4627
s7929,10781
s7929,11847
s7930,31457
s7930,28975
s7930,16698
s7930,29194
s7930,15230
s7930,27357
s7932,30993
s7932,32029
s7932,29295
s7932,29764
s7932,34059
s7932,4192
s7933,27317
s7933,34881
s7933,27348
s7933,18958
s7933,249
s7933,12350
s7933,27320
s7933,13225
s7934,24745
s7934,10250
s7934,15811
s7934,9998
s7934,10335
s7935,16677
s7935,14658
s7935,20136
s7935,4993
s7935,26720
s7935,8586
s7935,4062
s7935,24369
s7935,7565
s7935,22282
s7936,720
s7936,18652
s7936,10953
s7936,23039
s7936,8804
s7936,24832
s7936,23970
s7936,11606
s7936,24314
s7937,8644
s7937,24502
s7937,21029
s7937,14512
s7937,1348
s7937,2415
s7937,7313
s7937,29738
s7937,1807
s7937,14514
s7937,3503
s7938,14512
s7938,31465
s7938,8644
s7938,23700
s7939,20679
s7939,23611
s7939,24941
s7939,21009
s7939,23290
s7939,30993
s7939,4184
s7940,2655
s7940,1063
s7940,3725
s7940,2871
s7940,2821
s7940,11244
s7940,24165
s7940,5771
s7941,18368
s7941,21090
s7941,3140
s7941,8765
s7941,3501
s7941,21059
s7941,24491
s7941,34831
s7941,24971
s7941,26838
s7942,31855
s7942,311
s7943,8221
s7944,1818
s7944,34605
s7944,32029
s7945,1774
s7945,12640
s7945,1779
s7945,29231
s7945,30525
s7945,27527
s7945,25681
s7945,27526
s7946,20416
s7946,27823
s7946,21313
s7946,21699
s7946,23514
s7946,13389
s7946,1271
s7946,17367
s7946,26488
s7946,14607
s7947,30082
s7947,16565
s7947,21669
s7947,34855
s7947,5854
s7947,22163
s7947,17693
s7947,20453
s7948,27446
s7948,28216
s7948,3852
s7948,9900
s7948,637
s7948,23606
s7949,28553
s7949,28347
s7950,9804
s7950,33564
s7950,26119
s7950,14482
s7950,6884
s7950,4608
s7950,2635
s7950,29036
s7950,3645
s7950,27158
s7950,17494
s7950,22541
s7950,2253
s7950,14997
s7950,22716
s7950,23061
s7950,8271
s7950,31922
s7950,8005
s7950,28739
s7950,20431
s7950,8283
s7950,19142
s7950,26202
s7951,19120
s7951,34368
s7951,6595
s7951,11571
s7951,22933
s7951,24377
s7951,17795
s7951,2641
s7951,10253
s7951,35108
s7951,14428
s7952,17681
s7952,6228
s7952,29463
s7952,17030
s7952,14710
s7952,9579
s7952,21655
s7952,7556
s7952,18039
s7952,10084
s7952,20172
s7952,9073
s7952,21328
s7952,30182
s7952,25451
s7952,93
s7952,29791
s7952,11889
s7952,3825
s7953,9836
s7953,23761
s7953,9461
s7953,24882
s7953,13761
s7953,31839
s7953,25125
s7953,31856
s7954,17927
s7954,6926
s7954,7705
s7954,17526
s7954,11946
s7954,16332
s7954,14723
s7954,3932
s7954,33776
s7954,30097
s7955,34815
s7955,31563
s7955,19245
s7955,2781
s7955,33417
s7955,21499
s7955,35667
s7955,34772
s7955,6711
s7955,25909
s7956,2513
s7956,15931
s7956,30584
s7956,30710
s7956,27815
s7956,21692
s7956,20034
s7956,6073
s7956,5437
s7956,7809
s7956,18772
s7956,28158
s7956,14173
s7956,17658
s7956,21541
s7956,7379
s7957,31198
s7957,3248
s7957,5919
s7957,19854
s7957,11782
s7957,3475
s7957,9996
s7957,19701
s7957,17548
s7957,33032
s7958,19682
s7958,3969
s7958,27416
s7958,5509
s7958,16051
s7958,9656
s7958,22401
s7958,30937
s7958,21606
s7958,3869
s7958,10947
s7958,2195
s7959,19187
s7959,11472
s7959,33445
s7959,18855
s7959,15547
s7959,9562
s7959,3097
s7959,25564
s7959,4302
s7959,14055
s7960,30102
s7960,4357
s7960,21856
s7960,10859
s7960,3646
s7960,518
s7960,32796
s7960,5198
s7960,21600
s7961,22780
s7961,21845
s7961,18152
s7961,6322
s7961,2531
s7961,4853
s7961,1468
s7961,3395
s7961,4645
s7961,14482
s7961,21655
s7961,20718
s7961,15900
s7961,9568
s7962,24591
s7962,7829
s7962,7055
s7962,29875
s7962,14220
s7962,19208
s7962,9466
s7962,15007
s7962,33399
s7962,13905
s7962,19710
s7962,19605
s7962,9012
s7962,27735
s7962,26866
s7962,25436
s7962,33839
s7962,12554
s7962,16329
s7962,20467
s7963,7829
s7963,24591
s7963,7055
s7963,25987
s7963,30097
s7963,18993
s7963,22086
s7963,14878
s7963,9742
s7963,25863
s7963,8372
s7963,17758
s7963,19710
s7963,26043
s7963,14220
s7964,5199
s7964,2669
s7964,10920
s7964,35423
s7964,17473
s7964,28428
s7964,9184
s7964,17858
s7964,35193
s7964,14874
s7964,23518
s7965,22302
s7965,15532
s7965,15415
s7965,3969
s7965,19187
s7965,35195
s7965,19118
s7965,7992
s7965,22907
s7965,28467
s7966,28598
s7967,24753
s7967,28717
s7967,6562
s7967,31800
s7967,31816
s7967,34181
s7967,6695
s7967,28463
s7967,18035
s7967,2138
s7968,14557
s7968,20478
s7968,2738
s7968,17013
s7968,8465
s7968,16767
s7968,36157
s7969,12584
s7969,596
s7969,13075
s7969,13086
s7969,13073
s7969,31543
s7969,35689
s7969,5810
s7969,32541
s7969,17096
s7970,6211
s7970,24786
s7970,16605
s7970,8128
s7970,22865
s7970,15507
s7970,36251
s7970,1309
s7971,29611
s7972,29611
s7973,29611
s7974,29611
s7975,29611
s7976,29611
s7977,29611
s7978,29611
s7979,29611
s7980,29611
s7981,33519
s7981,18879
s7981,26364
s7981,33830
s7981,36152
s7982,3579
s7982,878
s7982,10861
s7983,18188
s7983,8827
s7983,24769
s7983,15433
s7983,6918
s7983,6843
s7983,4478
s7983,9591
s7984,30068
s7984,21517
s7984,16499
s7984,7047
s7985,34857
s7985,24293
s7985,34662
s7985,31700
s7985,9359
s7985,2532
s7985,35579
s7985,1048
s7985,10310
s7985,35941
s7986,6
s7986,29090
s7986,4964
s7986,28783
s7986,14792
s7986,4728
s7986,27504
s7986,32363
s7986,28723
s7986,14154
s7987,29862
s7987,18188
s7987,7178
s7987,18647
s7987,6357
s7987,15694
s7987,7887
s7987,10258
s7987,14455
s7987,35240
s7987,21498
s7988,29862
s7988,18188
s7988,18647
s7988,7178
s7988,6357
s7988,5278
s7988,14837
s7988,7887
s7988,10258
s7988,14455
s7988,21498
s7988,20536
s7989,12121
s7989,3189
s7989,17306
s7989,26129
s7989,13438
s7989,19852
s7989,23946
s7990,8277
s7990,32341
s7990,16186
s7990,5670
s7990,34543
s7990,23976
s7990,2370
s7990,19086
s7991,22296
s7991,25456
s7991,19771
s7991,9461
s7991,28446
s7991,8404
s7991,11190
s7991,15412
s7991,20363
s7991,19490
s7993,4184
s7993,2465
s7993,31085
s7993,29764
s7993,34287
s7993,18592
s7993,21014
s7994,9276
s7994,28452
s7994,33942
s7994,10669
s7994,6562
s7994,12666
s7994,9022
s7994,28894
s7994,11744
s7994,17857
s7994,6956
s7994,26018
s7994,28662
s7994,11925
s7994,34027
s7995,17283
s7995,24130
s7995,29720
s7995,30490
s7995,8232
s7995,34628
s7995,33313
s7995,14501
s7995,8726
s7995,26890
s7996,9841
s7996,197
s7996,26916
s7996,17060
s7996,32258
s7996,33321
s7996,1977
s7996,26789
s7996,10461
s7996,3161
s7997,208
s7997,12945
s7997,1804
s7997,23627
s7997,12605
s7997,25425
s7997,3211
s7997,15
s7997,33432
s7997,7278
s7997,7701
s7997,34638
s7997,31020
s7998,7655
s7998,13023
s7998,18966
s7998,1306
s7998,4778
s7998,17801
s7998,18917
s7998,35609
s7998,10976
s7998,14225
s7999,29812
s7999,9058
s7999,6300
s7999,17439
s7999,8836
s7999,16331
s7999,31244
s7999,6399
s7999,1592
s7999,15567
s8000,27281
s8000,14519
s8000,23360
s8000,30260
s8000,8208
s8000,17585
s8000,1815
s8000,28788
s8000,32031
s8000,27018
s8001,20502
s8001,27878
s8001,22571
s8001,19927
s8001,33821
s8002,16658
s8002,16047
s8002,14742
s8002,10775
s8002,24334
s8002,4938
s8002,4742
s8002,16423
s8002,31944
s8002,5877
s8003,4012
s8003,21756
s8003,34208
s8003,28985
s8003,21595
s8003,2171
s8004,28396
s8004,16535
s8004,27170
s8004,21647
s8004,9186
s8004,28436
s8004,11410
s8004,17756
s8004,35202
s8004,14090
s8004,12310
s8005,24065
s8005,1617
s8005,27352
s8005,27254
s8005,25783
s8005,4867
s8005,13698
s8005,32735
s8006,10033
s8006,21458
s8006,7955
s8006,5577
s8006,17405
s8006,129
s8007,17405
s8007,5577
s8007,17603
s8007,129
s8007,4827
s8007,19139
s8007,26605
s8008,17405
s8008,5577
s8008,10033
s8008,129
s8008,4827
s8008,27724
s8008,8932
s8008,6071
s8008,4826
s8009,3279
s8009,15336
s8009,32075
s8009,29728
s8009,24205
s8009,12845
s8009,9325
s8009,2399
s8010,4853
s8010,15731
s8010,17030
s8010,27448
s8010,18937
s8010,17994
s8010,22607
s8010,31758
s8010,20509
s8010,1104
s8010,10873
s8011,15316
s8011,14010
s8011,17346
s8011,33938
s8011,8460
s8011,15925
s8011,27769
s8011,19487
s8011,19574
s8011,15938
s8011,35195
s8011,14166
s8012,23117
s8013,19177
s8013,25008
s8013,1821
s8013,30659
s8013,31105
s8013,773
s8013,29639
s8013,34429
s8014,1971
s8014,24402
s8014,253
s8014,34216
s8014,33449
s8014,31284
s8014,5740
s8014,16980
s8015,16587
s8015,11086
s8015,7015
s8015,20105
s8015,2051
s8015,10512
s8015,34725
s8015,29199
s8016,8994
s8016,16656
s8016,34562
s8016,1389
s8016,8874
s8016,15803
s8016,18645
s8017,34648
s8017,32426
s8017,18447
s8017,11122
s8017,29912
s8017,2946
s8017,20673
s8017,24517
s8018,15892
s8018,7667
s8018,33450
s8018,6615
s8018,28430
s8018,24886
s8018,17009
s8018,21682
s8019,8165
s8019,392
s8019,30148
s8019,20940
s8019,5538
s8019,27199
s8019,21754
s8019,18455
s8021,26300
s8021,17274
s8021,8749
s8021,8305
s8021,1221
s8021,13245
s8021,4515
s8021,1208
s8022,5448
s8022,5629
s8022,21911
s8022,27451
s8022,16469
s8022,3564
s8022,10375
s8022,28501
s8023,20893
s8023,10375
s8023,5629
s8023,5484
s8023,16502
s8023,10819
s8023,15640
s8023,14814
s8023,20354
s8023,16497
s8023,7206
s8023,16752
s8023,31736
s8023,8525
s8023,16211
s8023,13978
s8023,25551
s8023,11867
s8023,5494
s8024,32220
s8024,34239
s8024,26890
s8024,1815
s8024,2436
s8024,15886
s8024,29723
s8024,35520
s8024,21075
s8024,27321
s8025,27205
s8025,2651
s8025,5791
s8025,25737
s8025,3664
s8025,9626
s8025,33430
s8025,26565
s8025,28262
s8025,8186
s8025,8475
s8026,16642
s8026,15697
s8026,14680
s8026,5432
s8026,9336
s8026,26305
s8027,23273
s8027,22213
s8027,6751
s8027,21198
s8027,3361
s8027,12723
s8027,13582
s8027,26727
s8027,19577
s8028,5981
s8028,12278
s8028,16901
s8028,12515
s8028,22734
s8028,4898
s8028,27508
s8028,19863
s8028,35216
s8028,26045
s8029,9000
s8029,10241
s8029,1699
s8029,21279
s8029,9996
s8029,10129
s8029,1741
s8029,28673
s8029,4935
s8029,8819
s8029,9012
s8029,2621
s8030,8773
s8030,33781
s8030,28717
s8030,5691
s8030,26550
s8030,22857
s8030,29280
s8030,23192
s8031,27753
s8031,28910
s8031,28523
s8031,7090
s8032,28910
s8033,13811
s8033,15885
s8033,10422
s8033,9993
s8033,10293
s8033,35272
s8034,7553
s8034,16226
s8034,1694
s8034,36170
s8034,28973
s8036,9940
s8036,30138
s8036,4889
s8036,7147
s8036,24535
s8036,8066
s8036,8838
s8036,28516
s8036,32769
s8036,13691
s8037,14489
s8037,1461
s8037,345
s8037,14461
s8037,24313
s8037,278
s8037,1658
s8038,1196
s8038,23170
s8038,14289
s8038,29431
s8038,29812
s8038,4853
s8038,30139
s8038,8950
s8038,17537
s8038,31870
s8038,14710
s8039,4328
s8039,9071
s8039,13712
s8039,15827
s8039,20253
s8039,24269
s8039,14104
s8039,28399
s8039,28157
s8039,4709
s8040,30650
s8040,35183
s8040,33532
s8040,26814
s8040,6908
s8040,1644
s8040,21770
s8040,5122
s8040,24932
s8040,17657
s8041,28414
s8042,18497
s8042,22820
s8042,3976
s8042,5309
s8042,28784
s8042,2167
s8042,9298
s8042,17052
s8043,18435
s8043,11875
s8043,14571
s8043,26596
s8043,17980
s8043,8299
s8043,10845
s8043,33674
s8043,10072
s8044,8349
s8044,29862
s8044,33209
s8044,9564
s8044,3272
s8044,6501
s8044,5250
s8044,7879
s8044,8834
s8044,28413
s8046,13151
s8046,2724
s8046,14799
s8046,11770
s8046,12365
s8046,15259
s8046,4897
s8046,22843
s8046,31859
s8047,31945
s8047,28357
s8047,33324
s8047,5839
s8047,7443
s8047,14500
s8047,2680
s8047,11405
s8048,197
s8048,3556
s8048,2890
s8048,3551
s8048,27593
s8048,29657
s8048,32282
s8048,21045
s8050,3012
s8050,20469
s8050,22219
s8050,32749
s8050,33308
s8050,9766
s8050,32101
s8050,3590
s8050,22040
s8051,20401
s8051,8753
s8051,13497
s8051,6752
s8051,20504
s8051,6767
s8051,3336
s8051,33864
s8051,7477
s8051,5398
s8051,27986
s8051,24593
s8051,15765
s8051,27721
s8051,23726
s8051,7476
s8052,977
s8052,35319
s8052,9677
s8052,8839
s8052,16102
s8052,33109
s8052,26663
s8052,26086
s8053,977
s8053,35319
s8053,9677
s8053,8839
s8053,16102
s8053,33109
s8053,26663
s8053,26086
s8054,14147
s8054,26426
s8054,27162
s8054,1398
s8054,14438
s8054,20625
s8054,26005
s8054,22312
s8055,33221
s8055,19768
s8055,9635
s8055,18900
s8055,21474
s8055,15855
s8055,31844
s8055,30585
s8056,13791
s8056,8562
s8056,17641
s8056,10778
s8056,1658
s8056,15942
s8056,26164
s8056,27180
s8057,10321
s8057,4718
s8057,1430
s8057,13741
s8057,22104
s8057,33539
s8057,9170
s8057,24218
s8059,29707
s8059,28913
s8060,2570
s8060,12609
s8060,8349
s8060,5535
s8060,18044
s8060,28862
s8060,6296
s8060,20133
s8060,14970
s8060,31528
s8060,7089
s8060,21610
s8060,18275
s8060,33454
s8060,4660
s8060,31529
s8060,18363
s8060,15818
s8060,7864
s8060,35098
s8061,29672
s8061,3436
s8061,7071
s8061,33813
s8061,16132
s8061,17412
s8061,15136
s8061,8386
s8061,31558
s8061,1721
s8063,35943
s8063,22692
s8063,15906
s8063,26599
s8063,1433
s8063,22576
s8063,16234
s8063,7652
s8063,17524
s8064,33784
s8064,21838
s8064,13446
s8064,8907
s8064,26149
s8064,3872
s8064,20073
s8065,2267
s8065,19679
s8065,9051
s8065,15744
s8065,21097
s8065,20326
s8065,26511
s8065,24679
s8065,34818
s8065,19559
s8065,13955
s8065,7468
s8066,19676
s8066,29890
s8066,3459
s8066,28606
s8066,14300
s8066,35069
s8066,17047
s8066,18361
s8066,31303
s8066,9206
s8066,29828
s8068,33464
s8068,18435
s8068,14092
s8068,33209
s8068,33827
s8068,5016
s8068,28825
s8068,13706
s8068,14071
s8068,33161
s8068,9074
s8068,4302
s8068,4943
s8068,9486
s8069,30539
s8069,14000
s8069,12130
s8069,4812
s8069,19184
s8069,20791
s8069,19773
s8069,17488
s8069,19710
s8069,18372
s8069,24753
s8069,15802
s8070,5850
s8071,15852
s8071,19565
s8071,27683
s8071,3567
s8072,21635
s8072,22864
s8072,27170
s8072,19710
s8072,15842
s8072,4818
s8072,31713
s8072,4337
s8072,26125
s8072,14189
s8073,14092
s8073,34364
s8073,30299
s8073,3223
s8073,27166
s8073,14717
s8073,11921
s8073,12565
s8073,3188
s8073,9785
s8074,7299
s8074,16984
s8074,8355
s8074,7823
s8074,30599
s8074,20134
s8074,5026
s8074,27093
s8074,726
s8075,2776
s8075,5339
s8075,889
s8075,33013
s8075,6000
s8075,7667
s8075,28446
s8075,33812
s8075,1196
s8075,7766
s8076,2776
s8076,5339
s8076,1196
s8076,7766
s8076,31867
s8076,23210
s8076,7667
s8076,6000
s8076,22105
s8076,9744
s8076,27995
s8076,12870
s8076,889
s8077,7766
s8077,32461
s8077,27995
s8077,1196
s8078,13319
s8078,27096
s8078,1244
s8078,4117
s8078,5368
s8078,9248
s8078,7424
s8078,9708
s8078,28866
s8078,32494
s8079,29209
s8079,5520
s8079,7059
s8079,30677
s8079,19856
s8079,12278
s8079,33967
s8079,30421
s8079,16884
s8080,6401
s8080,14432
s8080,7751
s8080,24775
s8080,5914
s8080,5984
s8080,20524
s8080,8182
s8080,10851
s8080,16297
s8081,33214
s8081,19187
s8081,15432
s8081,15853
s8081,32921
s8081,15305
s8081,9530
s8083,21600
s8083,5526
s8083,296
s8083,7283
s8083,15669
s8083,25546
s8083,2265
s8083,20497
s8083,8777
s8083,2689
s8083,12036
s8083,17747
s8083,19103
s8083,10849
s8083,4016
s8083,35023
s8083,25037
s8083,15341
s8083,16102
s8083,16232
s8083,33373
s8083,26143
s8083,22183
s8083,469
s8083,1650
s8083,16897
s8084,737
s8084,22088
s8084,11894
s8084,20952
s8084,11838
s8084,24276
s8084,33455
s8084,6011
s8085,13794
s8085,3976
s8085,28984
s8085,29468
s8085,2737
s8085,7822
s8085,26461
s8085,11438
s8085,3227
s8085,27546
s8085,11531
s8085,33677
s8086,4100
s8086,28666
s8086,11200
s8086,1257
s8086,21433
s8086,19217
s8086,3737
s8087,24759
s8088,35140
s8088,15676
s8088,21875
s8088,28082
s8088,345
s8088,17488
s8088,2083
s8088,20498
s8088,9523
s8088,20044
s8088,28353
s8089,17221
s8089,18081
s8089,637
s8089,20932
s8089,3265
s8090,30977
s8090,10841
s8090,2563
s8091,32137
s8092,20841
s8092,793
s8092,32238
s8092,16978
s8092,35275
s8092,34401
s8092,27588
s8092,3015
s8093,14746
s8094,33040
s8094,17515
s8094,18648
s8094,22394
s8094,1996
s8094,3075
s8094,14234
s8094,19170
s8094,10673
s8094,14711
s8095,29503
s8095,24147
s8095,13894
s8095,23241
s8095,2550
s8095,22054
s8095,16307
s8096,17365
s8096,15302
s8096,8038
s8096,4686
s8096,3969
s8096,22775
s8096,14438
s8096,31576
s8096,31245
s8096,9232
s8098,34234
s8098,26145
s8098,4512
s8098,28893
s8098,8831
s8098,28154
s8098,6670
s8099,27310
s8099,34246
s8099,30504
s8099,26891
s8099,1822
s8099,30986
s8099,34279
s8099,27276
s8099,8213
s8099,27441
s8100,14168
s8100,17518
s8100,27495
s8100,12778
s8100,14163
s8100,4144
s8101,1861
s8101,24706
s8101,21295
s8101,11845
s8101,4453
s8101,4752
s8101,6941
s8102,35140
s8102,20753
s8102,9055
s8102,27086
s8102,9804
s8102,18646
s8102,33778
s8102,33573
s8102,19828
s8103,2506
s8103,14365
s8103,2063
s8103,4882
s8103,13409
s8103,3214
s8104,26162
s8104,32789
s8104,4286
s8104,25926
s8104,11463
s8104,26551
s8104,3800
s8104,15745
s8106,4299
s8106,12377
s8106,35020
s8106,25620
s8106,30199
s8106,15679
s8106,15771
s8106,15861
s8106,15707
s8106,18994
s8106,16537
s8107,8275
s8107,5079
s8107,3050
s8107,34736
s8107,28446
s8107,26125
s8107,14996
s8107,28964
s8107,28466
s8107,35199
s8108,25795
s8108,25815
s8108,15185
s8108,30836
s8108,35814
s8108,14900
s8108,13309
s8108,18327
s8109,16371
s8109,6813
s8109,23287
s8109,13827
s8109,6763
s8109,29159
s8109,25702
s8109,33089
s8109,27244
s8109,10545
s8111,22848
s8111,11259
s8111,13002
s8111,16033
s8111,24363
s8111,22536
s8111,14184
s8111,31915
s8112,30125
s8112,7751
s8112,9984
s8112,18042
s8112,20135
s8112,15740
s8112,29810
s8112,25585
s8113,26693
s8113,9445
s8113,6784
s8113,1076
s8113,11887
s8113,11615
s8113,14652
s8113,2760
s8113,19703
s8114,15378
s8114,25652
s8114,24400
s8114,33124
s8115,31624
s8115,29587
s8115,30036
s8115,2272
s8116,20955
s8116,28867
s8116,9005
s8116,13227
s8117,23101
s8117,22196
s8117,18652
s8117,29460
s8117,29036
s8117,33606
s8117,12389
s8117,1246
s8117,21316
s8117,18974
s8118,14317
s8118,25815
s8118,15345
s8118,5753
s8118,18491
s8118,6254
s8118,18342
s8118,19366
s8119,9548
s8119,5178
s8119,13164
s8119,18986
s8119,1952
s8119,22555
s8119,4295
s8119,16859
s8119,9537
s8119,9400
s8119,34579
s8119,18116
s8119,12511
s8120,34181
s8120,12654
s8120,23259
s8120,7191
s8120,10110
s8120,12007
s8120,15955
s8120,1494
s8120,15648
s8120,23787
s8121,419
s8121,32746
s8121,11963
s8121,18533
s8121,10114
s8121,3196
s8121,12942
s8121,6180
s8121,24158
s8121,18532
s8122,31457
s8122,28975
s8122,16698
s8122,29194
s8122,15230
s8122,27357
s8123,31457
s8123,28975
s8123,16698
s8123,29194
s8123,15230
s8123,27357
s8124,25592
s8124,5922
s8124,9491
s8124,22307
s8124,1839
s8124,30044
s8124,377
s8124,10166
s8125,27855
s8125,27501
s8125,30633
s8125,2833
s8125,31051
s8125,34390
s8125,27361
s8125,30989
s8126,20248
s8126,10272
s8126,16771
s8126,6879
s8127,15980
s8127,22780
s8127,6570
s8127,4283
s8127,30424
s8127,21738
s8127,9801
s8127,3497
s8127,15529
s8127,17971
s8128,28716
s8128,5326
s8128,30742
s8128,16746
s8128,5867
s8128,24332
s8128,26813
s8128,36006
s8129,4645
s8129,17368
s8129,18045
s8129,14130
s8129,25863
s8129,10845
s8129,29431
s8129,10242
s8129,21688
s8129,17047
s8131,23660
s8131,35140
s8131,9376
s8131,12361
s8131,21619
s8131,11670
s8131,14417
s8131,11432
s8131,9835
s8131,14839
s8131,33562
s8132,33436
s8132,16674
s8132,35115
s8132,28264
s8132,6128
s8132,13980
s8132,30487
s8133,27110
s8134,32326
s8135,32344
s8137,30469
s8137,11592
s8137,34646
s8137,8497
s8137,30668
s8137,34261
s8137,26946
s8137,32046
s8138,24116
s8138,18591
s8138,32954
s8138,6095
s8138,12846
s8138,29242
s8139,15878
s8139,12620
s8139,904
s8139,33404
s8139,29225
s8139,14198
s8139,19122
s8139,14612
s8139,9161
s8140,15937
s8140,6528
s8140,13329
s8140,28822
s8140,25250
s8140,16238
s8140,16059
s8140,11160
s8140,14368
s8140,11071
s8141,26105
s8141,7523
s8141,21845
s8141,2769
s8141,33395
s8141,28069
s8141,21461
s8141,2246
s8141,78
s8141,30557
s8142,17870
s8142,26478
s8142,15213
s8142,15217
s8142,26307
s8143,22620
s8143,30775
s8143,19654
s8143,31281
s8143,10574
s8143,6142
s8143,12959
s8143,32562
s8144,32796
s8144,18049
s8144,4801
s8144,15706
s8144,33376
s8144,8826
s8144,17252
s8145,2389
s8145,750
s8145,851
s8145,1804
s8145,1547
s8145,23460
s8145,30018
s8145,32257
s8146,27032
s8146,2833
s8146,27281
s8146,34534
s8146,2467
s8146,27583
s8146,27286
s8146,29627
s8146,8499
s8146,10486
s8146,29930
s8147,33827
s8147,2513
s8147,7372
s8147,33006
s8147,6370
s8147,22759
s8147,14668
s8147,20332
s8147,23097
s8147,8270
s8148,6832
s8148,14816
s8148,11097
s8148,4936
s8148,23720
s8148,22845
s8148,14122
s8148,16203
s8148,14121
s8149,25422
s8149,8840
s8149,19118
s8149,21266
s8149,4333
s8149,33204
s8149,26124
s8149,3750
s8149,6224
s8149,24932
s8149,25863
s8149,31708
s8150,24862
s8150,28016
s8150,7314
s8150,34627
s8150,32659
s8150,34061
s8150,20796
s8150,26908
s8151,16019
s8151,16009
s8151,10442
s8151,15032
s8152,33776
s8152,23366
s8152,11641
s8152,4747
s8152,24841
s8152,28838
s8152,18993
s8152,35039
s8152,1110
s8153,12392
s8153,11331
s8153,4581
s8153,28717
s8153,10140
s8153,11641
s8153,18993
s8153,4675
s8153,12393
s8154,23577
s8154,8768
s8154,21832
s8154,12500
s8154,30056
s8154,25447
s8154,29616
s8154,23998
s8154,27246
s8154,29553
s8155,23750
s8155,14914
s8155,6246
s8155,11535
s8157,1774
s8157,20669
s8157,3969
s8157,30973
s8157,31096
s8157,8504
s8157,34290
s8158,24662
s8158,10354
s8158,23063
s8158,25917
s8158,20
s8158,16331
s8159,6322
s8159,29875
s8159,20913
s8159,18043
s8159,26033
s8159,36194
s8159,19187
s8159,23473
s8159,14045
s8159,23246
s8159,25078
s8160,25679
s8160,8055
s8160,21571
s8160,23051
s8160,19421
s8160,17844
s8160,17965
s8160,10086
s8160,10881
s8160,18025
s8161,16544
s8161,9429
s8161,16301
s8161,23051
s8161,19421
s8161,7896
s8161,22987
s8161,14573
s8161,27693
s8161,14161
s8161,17965
s8162,17554
s8162,846
s8162,851
s8162,3167
s8162,27377
s8162,27253
s8162,34625
s8162,8491
s8162,1330
s8162,23901
s8164,11429
s8164,19212
s8164,4573
s8164,28291
s8164,26734
s8164,8549
s8165,35302
s8165,19083
s8165,19590
s8166,2337
s8166,30238
s8166,106
s8166,7175
s8166,1891
s8166,7437
s8166,21299
s8166,21111
s8166,10529
s8166,31150
s8167,3078
s8167,24712
s8167,6693
s8167,18625
s8167,7827
s8167,21587
s8167,9126
s8167,23634
s8167,6285
s8167,6561
s8168,6411
s8168,29479
s8168,23744
s8168,12620
s8168,2757
s8168,13906
s8168,5016
s8168,6927
s8168,14275
s8168,22846
s8169,34371
s8170,14795
s8170,29510
s8170,7926
s8170,5610
s8170,26855
s8170,22097
s8170,17527
s8170,11560
s8170,7031
s8170,22876
s8171,12330
s8171,8645
s8171,26970
s8171,17204
s8171,12353
s8171,34766
s8171,2413
s8171,31227
s8172,2389
s8172,766
s8172,4528
s8172,17153
s8172,36106
s8172,20973
s8172,3491
s8172,8797
s8172,29528
s8172,23613
s8173,29721
s8173,26999
s8175,33827
s8175,23263
s8175,3273
s8175,7657
s8175,19131
s8175,35255
s8175,8171
s8175,18778
s8175,8833
s8175,32771
s8175,33664
s8175,19932
s8178,478
s8178,2023
s8178,12722
s8178,11014
s8178,7770
s8178,21115
s8180,14092
s8180,9152
s8180,1693
s8180,15295
s8180,33406
s8180,35255
s8180,7178
s8180,6446
s8180,22794
s8180,7643
s8180,322
s8181,29106
s8181,6385
s8181,2989
s8181,5773
s8182,29402
s8182,14020
s8182,7302
s8182,28515
s8182,11069
s8182,4358
s8182,16293
s8182,20129
s8182,18192
s8182,11649
s8183,20448
s8183,7066
s8183,5945
s8183,31716
s8183,1090
s8184,32899
s8184,32891
s8184,5655
s8184,11350
s8184,7829
s8184,18647
s8184,13851
s8184,29953
s8184,28197
s8185,14194
s8185,2265
s8185,7450
s8185,24681
s8185,31193
s8185,7509
s8185,11082
s8185,33477
s8185,15551
s8186,27219
s8186,31409
s8186,16052
s8186,1033
s8186,16715
s8186,10727
s8186,34315
s8186,27714
s8186,27994
s8186,5402
s8187,17151
s8187,11716
s8187,15198
s8187,32539
s8187,32199
s8187,12588
s8187,35779
s8187,31485
s8188,22811
s8188,2628
s8188,21785
s8188,22848
s8188,7992
s8188,29502
s8188,15789
s8188,2508
s8188,24951
s8188,35071
s8188,30712
s8188,28049
s8188,16332
s8189,29093
s8189,22575
s8189,6228
s8189,15050
s8189,15316
s8189,27172
s8189,26607
s8189,13501
s8189,4681
s8189,2571
s8190,2244
s8190,28707
s8190,8824
s8190,10774
s8190,12934
s8190,12913
s8191,14489
s8191,27148
s8191,19572
s8191,16277
s8191,4283
s8191,7658
s8191,3507
s8191,31853
s8191,33288
s8191,10210
s8193,1798
s8193,27523
s8193,29367
s8193,12729
s8193,10457
s8193,615
s8193,23546
s8193,1801
s8193,639
s8193,28215
s8194,14209
s8194,19190
s8195,36334
s8195,21724
s8195,5104
s8195,34526
s8195,16451
s8195,17015
s8195,2219
s8195,15458
s8195,36337
s8195,33433
s8195,22635
s8196,18775
s8196,14553
s8196,17461
s8196,6314
s8196,17866
s8196,14450
s8196,32999
s8196,22075
s8196,8459
s8197,35100
s8197,2589
s8197,22264
s8197,21439
s8197,5554
s8197,22759
s8197,8844
s8197,19733
s8197,14109
s8198,23095
s8198,31124
s8198,33812
s8198,2709
s8198,5149
s8198,4711
s8198,475
s8198,17797
s8198,7754
s8198,5504
s8199,9675
s8199,4752
s8199,25496
s8199,22891
s8199,25864
s8199,14293
s8199,25420
s8201,13706
s8201,16315
s8201,16671
s8201,25253
s8201,17980
s8201,18354
s8201,14632
s8201,5898
s8201,34132
s8201,33523
s8201,31648
s8201,13889
s8201,34363
s8201,12374
s8202,13807
s8202,15442
s8202,13131
s8202,10174
s8202,19234
s8202,16990
s8202,35088
s8202,24888
s8202,5928
s8202,13751
s8204,75
s8204,20489
s8204,20749
s8204,6144
s8204,26102
s8204,17865
s8205,23435
s8205,13829
s8205,5658
s8205,33895
s8205,3709
s8206,12670
s8206,14280
s8207,12653
s8207,35637
s8207,2989
s8207,33291
s8207,13593
s8207,6604
s8209,10791
s8210,3961
s8211,33661
s8211,4299
s8211,15581
s8211,26460
s8212,24307
s8212,20421
s8212,19796
s8212,8813
s8212,3411
s8212,5172
s8212,14083
s8212,33294
s8213,9797
s8213,18154
s8213,20317
s8213,19163
s8213,14154
s8213,11837
s8213,9384
s8213,12568
s8213,26481
s8213,9785
s8214,19710
s8214,9459
s8214,28717
s8214,24189
s8214,15276
s8214,22936
s8214,26824
s8214,23773
s8214,14450
s8215,7832
s8217,6538
s8218,8365
s8218,11186
s8218,23263
s8218,27671
s8218,14816
s8218,10260
s8218,15541
s8218,10784
s8218,22824
s8218,33623
s8219,6406
s8219,25401
s8219,10723
s8219,25988
s8219,32005
s8219,26701
s8219,8163
s8219,34706
s8220,14813
s8220,11416
s8220,14489
s8220,14710
s8220,28298
s8220,5647
s8220,26474
s8220,15577
s8220,31246
s8220,8909
s8220,342
s8220,6489
s8220,5465
s8220,322
s8221,5206
s8221,14130
s8221,10845
s8221,14151
s8221,12881
s8221,29451
s8221,11523
s8221,5689
s8221,8169
s8222,15292
s8222,28981
s8222,3989
s8222,19153
s8222,14159
s8222,15163
s8222,8538
s8223,3174
s8223,34453
s8223,8038
s8223,28984
s8223,7919
s8223,13800
s8223,1687
s8223,30744
s8223,28083
s8223,15292
s8224,15486
s8224,33021
s8224,24413
s8224,5436
s8224,24729
s8224,21875
s8224,19478
s8224,36293
s8224,14274
s8224,11746
s8225,36033
s8225,1868
s8225,15538
s8225,5080
s8225,33768
s8225,24693
s8225,32837
s8225,14449
s8226,29186
s8226,31424
s8226,1334
s8226,31423
s8226,30517
s8226,18897
s8226,17580
s8226,25105
s8227,34687
s8227,14813
s8227,15614
s8227,6870
s8227,15942
s8227,14414
s8227,16551
s8227,16880
s8227,13631
s8227,15800
s8227,2487
s8227,34465
s8227,34691
s8228,6135
s8228,399
s8228,18759
s8228,36053
s8228,33415
s8228,3571
s8228,817
s8228,3575
s8228,17789
s8229,22073
s8229,12549
s8229,23694
s8229,19453
s8229,26538
s8229,16045
s8229,28604
s8229,28122
s8229,20625
s8229,16620
s8229,33721
s8229,19110
s8230,13791
s8230,23763
s8230,30166
s8230,4167
s8230,1300
s8230,28346
s8230,28876
s8230,6594
s8230,13137
s8230,28107
s8231,17221
s8231,20851
s8231,29236
s8231,20815
s8231,20789
s8231,8670
s8232,6288
s8233,8950
s8233,20303
s8233,7097
s8233,22984
s8233,8935
s8233,5538
s8233,10500
s8233,14795
s8233,10010
s8233,6811
s8234,11798
s8234,30702
s8234,14229
s8234,32449
s8234,33508
s8234,13893
s8234,23216
s8234,13868
s8235,29825
s8235,33350
s8235,28899
s8235,36271
s8235,29676
s8235,32696
s8235,31787
s8235,32548
s8237,29093
s8237,30127
s8237,28808
s8237,23407
s8237,17981
s8237,1270
s8237,6499
s8237,3094
s8237,13157
s8237,4950
s8237,721
s8238,14057
s8238,17467
s8238,15793
s8238,27111
s8238,15831
s8238,9521
s8238,28896
s8238,18286
s8238,18842
s8239,34680
s8240,23237
s8240,10029
s8240,10500
s8240,28405
s8240,10867
s8240,23226
s8241,635
s8241,23568
s8241,29533
s8241,1743
s8241,653
s8241,656
s8241,3637
s8241,27519
s8241,28214
s8242,34917
s8242,15326
s8242,12772
s8242,24737
s8242,3443
s8242,26490
s8242,10493
s8242,17779
s8242,2375
s8243,5186
s8243,24052
s8243,20904
s8243,10022
s8243,7601
s8243,2241
s8243,17393
s8243,24546
s8243,979
s8244,7378
s8244,21626
s8244,22580
s8244,20724
s8245,23803
s8245,11446
s8245,3164
s8245,655
s8245,3269
s8245,30042
s8245,10490
s8245,29298
s8245,1346
s8245,20885
s8246,1301
s8246,12289
s8246,12674
s8246,16641
s8246,10773
s8246,9704
s8246,1008
s8246,9628
s8246,28609
s8246,20396
s8246,14535
s8246,1215
s8246,4914
s8247,24154
s8247,36372
s8247,19419
s8247,16390
s8247,9273
s8247,1424
s8247,27560
s8247,32339
s8247,11597
s8247,16167
s8247,10546
s8248,12310
s8248,29488
s8248,19556
s8248,32460
s8248,32302
s8248,15744
s8248,3749
s8248,14070
s8249,13849
s8249,2667
s8249,11769
s8249,16305
s8249,6979
s8249,1458
s8249,4798
s8249,10254
s8249,5147
s8249,11012
s8250,31895
s8250,9278
s8250,2487
s8250,17288
s8250,34036
s8250,15417
s8250,28270
s8250,13806
s8250,5126
s8250,14701
s8250,33148
s8251,21282
s8252,3945
s8252,6308
s8252,17972
s8252,33674
s8252,21333
s8252,28822
s8252,7089
s8252,15708
s8252,33822
s8252,5128
s8253,33248
s8253,6344
s8253,6691
s8253,7846
s8253,17766
s8253,22812
s8253,14491
s8253,11074
s8253,5617
s8253,33287
s8254,6830
s8254,21333
s8254,26063
s8254,13932
s8254,22170
s8254,31845
s8254,33331
s8254,28405
s8255,28531
s8255,12457
s8255,15949
s8255,26119
s8255,18497
s8255,7648
s8255,29537
s8255,22968
s8255,22873
s8255,29885
s8256,18087
s8256,11446
s8256,665
s8256,18089
s8256,30042
s8256,23916
s8257,28527
s8257,10406
s8257,24591
s8257,27181
s8257,31292
s8257,6508
s8257,4668
s8257,24382
s8257,6817
s8257,3330
s8258,25808
s8258,26644
s8258,12899
s8258,6248
s8258,13086
s8258,35469
s8259,24753
s8259,9801
s8259,29093
s8259,5619
s8259,6833
s8259,6733
s8259,6375
s8259,27515
s8260,4638
s8260,28546
s8260,10083
s8260,22998
s8260,3706
s8260,31369
s8260,2534
s8260,7991
s8260,2287
s8260,19191
s8260,22889
s8260,33815
s8260,15963
s8261,14258
s8261,31702
s8261,15020
s8261,36120
s8261,2189
s8261,10586
s8261,15921
s8261,34951
s8262,31834
s8262,23399
s8262,10755
s8262,14604
s8262,468
s8262,4672
s8262,15546
s8262,4384
s8262,2096
s8262,15266
s8263,28387
s8264,13752
s8264,14130
s8264,17488
s8264,14755
s8264,29012
s8264,12692
s8264,18828
s8264,23240
s8265,31461
s8265,11593
s8265,16917
s8265,34425
s8265,1622
s8266,26989
s8266,25282
s8266,31311
s8266,8476
s8266,20469
s8266,33436
s8267,15280
s8267,17491
s8267,10849
s8267,7797
s8267,31814
s8267,19918
s8267,4325
s8267,26398
s8267,16246
s8268,20794
s8268,17585
s8268,3488
s8268,24863
s8268,24516
s8268,1456
s8268,13460
s8268,16914
s8268,30055
s8270,11322
s8270,10323
s8270,26190
s8270,23396
s8270,2563
s8270,25250
s8270,29450
s8271,33662
s8271,17999
s8272,20605
s8272,28470
s8272,5021
s8272,17644
s8272,16690
s8272,32924
s8272,21585
s8272,15541
s8273,19525
s8273,22073
s8273,13791
s8273,21652
s8273,21785
s8273,27673
s8273,34453
s8273,2675
s8273,986
s8273,17971
s8274,26260
s8274,6788
s8275,1125
s8275,29843
s8275,12691
s8275,7063
s8275,14857
s8275,11527
s8275,17954
s8277,10589
s8277,31197
s8277,10259
s8277,13432
s8277,32385
s8277,4538
s8277,4780
s8278,29132
s8278,35669
s8278,24174
s8278,35885
s8278,12801
s8278,17103
s8278,16278
s8278,10525
s8278,2684
s8278,27109
s8278,33263
s8278,61
s8280,1350
s8280,3026
s8280,22304
s8280,22662
s8280,6221
s8280,18769
s8280,25995
s8280,35254
s8280,33633
s8281,34659
s8281,27894
s8281,3633
s8281,22218
s8282,16265
s8282,16607
s8282,3478
s8282,33895
s8282,19484
s8282,23209
s8282,14504
s8283,15817
s8283,28360
s8283,22264
s8283,20441
s8283,1865
s8283,14553
s8284,35319
s8284,19674
s8284,1387
s8284,9838
s8284,10534
s8284,16393
s8284,35227
s8285,15885
s8285,30203
s8285,15121
s8285,5079
s8285,20575
s8285,7944
s8285,17993
s8285,14157
s8285,22945
s8285,15514
s8286,27516
s8286,16000
s8286,15567
s8286,35242
s8286,2900
s8286,12361
s8286,6567
s8286,12161
s8286,30792
s8286,11174
s8287,21756
s8287,2709
s8287,27734
s8287,2257
s8287,24660
s8287,3944
s8287,5500
s8287,9147
s8287,9078
s8287,24379
s8287,3974
s8287,34294
s8287,36282
s8289,14484
s8289,15045
s8289,3897
s8289,2502
s8289,15421
s8289,20989
s8289,28710
s8289,23128
s8290,82
s8290,16855
s8290,5182
s8290,19604
s8290,14115
s8290,32855
s8291,4943
s8291,9566
s8291,28045
s8291,4143
s8291,33164
s8291,4318
s8291,30128
s8291,13629
s8291,7925
s8291,15677
s8291,32933
s8292,19766
s8292,13955
s8292,6575
s8292,14311
s8292,3956
s8292,9186
s8292,2753
s8292,21582
s8292,18597
s8293,18159
s8293,25355
s8293,35135
s8293,10713
s8293,26168
s8293,6720
s8293,8526
s8294,26515
s8294,1995
s8294,12417
s8294,26170
s8294,8279
s8294,8976
s8294,30468
s8294,16601
s8294,7664
s8294,24842
s8294,25569
s8294,31109
s8294,19919
s8294,5637
s8294,1676
s8294,16748
s8296,14894
s8296,2313
s8296,6968
s8296,16275
s8296,10305
s8297,21652
s8297,6411
s8297,1825
s8297,22579
s8297,13786
s8297,22584
s8297,4226
s8297,10004
s8297,8283
s8297,15248
s8297,17364
s8297,32072
s8298,27462
s8298,25470
s8298,18759
s8298,10980
s8298,33869
s8298,7929
s8298,17361
s8298,23888
s8298,34915
s8298,25461
s8299,4495
s8299,30596
s8299,24721
s8299,12177
s8299,23933
s8299,18623
s8299,2128
s8299,16901
s8299,31768
s8300,25751
s8300,17342
s8300,26117
s8300,22773
s8300,11373
s8300,35726
s8300,11473
s8300,17735
s8301,11866
s8301,10991
s8301,2805
s8301,10297
s8301,27225
s8301,28536
s8301,16439
s8301,10145
s8301,33123
s8301,17273
s8301,32262
s8301,10992
s8302,4148
s8302,11701
s8302,8562
s8302,20760
s8302,7376
s8302,29862
s8302,31975
s8302,34541
s8302,31804
s8302,21213
s8302,14812
s8302,9488
s8302,9337
s8302,4910
s8302,28352
s8303,33549
s8303,25228
s8303,19313
s8303,29889
s8303,12271
s8303,11410
s8303,22885
s8303,27194
s8303,16024
s8303,8835
s8303,31560
s8304,26619
s8304,6142
s8304,30775
s8304,10574
s8304,22620
s8304,25674
s8304,20490
s8304,10572
s8304,31016
s8304,32172
s8305,15739
s8305,9515
s8305,28168
s8305,28838
s8305,18840
s8305,12185
s8305,9520
s8305,7625
s8305,29455
s8305,12458
s8306,21560
s8306,31796
s8306,18633
s8306,14286
s8306,15420
s8306,33204
s8306,889
s8307,18714
s8307,10572
s8307,13034
s8307,35327
s8307,35462
s8308,13811
s8308,15161
s8308,6914
s8308,19978
s8308,19633
s8308,22742
s8308,23760
s8308,16519
s8308,34958
s8308,33222
s8310,26688
s8310,17525
s8310,21080
s8310,5913
s8310,26776
s8310,28952
s8310,8402
s8310,13811
s8310,31184
s8310,28779
s8310,19974
s8310,22891
s8310,25515
s8310,7993
s8311,6803
s8311,9386
s8311,14079
s8311,30675
s8311,20531
s8312,33015
s8312,30801
s8312,14013
s8312,12506
s8312,7949
s8312,20855
s8312,7660
s8312,6662
s8312,20688
s8312,1172
s8313,19103
s8313,3645
s8313,26044
s8313,15682
s8313,27979
s8313,15681
s8313,24702
s8313,22864
s8313,35123
s8313,19821
s8314,16352
s8315,24753
s8315,15697
s8315,34364
s8315,8128
s8315,27199
s8315,6
s8315,17980
s8315,25322
s8315,22892
s8315,15483
s8316,29835
s8316,29058
s8316,20202
s8316,8006
s8316,2176
s8316,20897
s8318,7162
s8318,33832
s8318,710
s8318,32292
s8318,27169
s8318,33951
s8318,19724
s8318,3439
s8318,35261
s8318,24739
s8320,11150
s8320,10847
s8320,1273
s8320,11500
s8320,7776
s8320,24394
s8320,19831
s8320,26506
s8320,7157
s8320,8343
s8321,7450
s8321,28767
s8321,6575
s8321,31749
s8321,31919
s8321,28531
s8321,35727
s8321,15597
s8321,11410
s8321,11739
s8323,12254
s8323,13563
s8323,18419
s8323,5022
s8323,19477
s8323,1268
s8323,414
s8323,21555
s8323,34475
s8323,18548
s8324,36050
s8324,35326
s8324,7644
s8324,15675
s8325,14059
s8325,20046
s8325,17678
s8325,19115
s8325,9292
s8325,2599
s8325,3712
s8325,19727
s8325,23349
s8326,14959
s8326,34736
s8326,14057
s8326,7944
s8326,17488
s8326,9153
s8326,16141
s8326,33778
s8326,17795
s8326,28353
s8326,18635
s8326,912
s8326,16050
s8326,15611
s8326,7083
s8327,30317
s8327,23816
s8327,9371
s8327,144
s8327,141
s8327,757
s8327,7915
s8328,30317
s8328,17265
s8328,23816
s8328,9371
s8328,144
s8328,141
s8328,757
s8328,23555
s8328,27440
s8329,30317
s8329,23816
s8329,9371
s8329,144
s8329,141
s8329,757
s8330,30317
s8330,23816
s8330,17265
s8330,9371
s8330,144
s8330,757
s8330,27440
s8330,23555
s8331,36246
s8331,24109
s8331,25852
s8331,3690
s8331,30347
s8331,16788
s8331,35824
s8331,32193
s8331,25263
s8332,21839
s8332,26135
s8333,1774
s8333,36127
s8333,24507
s8333,26952
s8333,34261
s8333,20638
s8333,25426
s8333,13225
s8333,32098
s8333,28771
s8334,4024
s8334,14092
s8334,6940
s8334,21809
s8334,16229
s8334,23807
s8334,28437
s8334,24282
s8334,5718
s8334,14063
s8334,21576
s8334,29479
s8334,7079
s8334,22296
s8334,6793
s8335,20440
s8335,15266
s8335,26079
s8335,21750
s8335,24539
s8335,13799
s8335,11337
s8335,28408
s8335,24699
s8335,33364
s8335,14090
s8335,14180
s8335,13768
s8335,24649
s8335,8243
s8335,28079
s8335,15832
s8336,30424
s8336,14557
s8336,5206
s8336,33629
s8336,6521
s8336,7914
s8336,9282
s8336,14214
s8336,5745
s8336,9277
s8337,10528
s8337,29649
s8337,14720
s8337,28526
s8337,1854
s8337,34688
s8338,29843
s8338,2126
s8338,11066
s8338,3847
s8338,1457
s8338,24951
s8338,30481
s8338,7977
s8338,1666
s8338,7706
s8339,12171
s8339,14016
s8339,5738
s8339,30591
s8339,30577
s8339,2569
s8339,21473
s8339,24951
s8339,16311
s8339,15100
s8339,27516
s8340,25338
s8340,5239
s8340,16045
s8340,16172
s8340,17028
s8342,9801
s8342,34753
s8342,5016
s8342,25238
s8342,15078
s8342,690
s8342,1525
s8342,2495
s8342,6659
s8342,23237
s8342,31271
s8342,21875
s8342,5470
s8342,7410
s8342,1828
s8342,3428
s8342,17765
s8342,19172
s8342,32827
s8342,35091
s8342,3232
s8342,28846
s8342,4783
s8342,30566
s8342,6347
s8342,5849
s8342,19573
s8342,18889
s8342,9519
s8342,24564
s8342,28299
s8342,32935
s8342,7988
s8342,33284
s8343,24940
s8343,29041
s8343,16194
s8343,35146
s8343,24950
s8344,9711
s8344,16169
s8344,3873
s8344,20610
s8344,25353
s8344,26245
s8344,24008
s8344,3874
s8345,14092
s8345,28196
s8345,226
s8345,24284
s8345,18637
s8345,1703
s8345,15295
s8345,17397
s8345,33221
s8345,22170
s8345,13863
s8346,26044
s8346,13161
s8346,15777
s8346,20537
s8346,15264
s8346,17299
s8346,7912
s8346,8374
s8347,26819
s8347,25156
s8347,29918
s8347,30030
s8347,31431
s8347,26420
s8348,30143
s8348,34118
s8348,11942
s8348,24899
s8350,34674
s8352,24753
s8352,29869
s8352,12997
s8352,14020
s8352,34511
s8352,18773
s8352,20129
s8352,15163
s8352,7956
s8353,12613
s8353,25425
s8353,21047
s8353,5949
s8353,1767
s8353,10469
s8353,8650
s8353,2972
s8354,7832
s8355,33478
s8355,20752
s8355,29076
s8355,27420
s8355,22569
s8355,3954
s8355,14190
s8356,17972
s8357,12549
s8357,6575
s8357,2131
s8357,34463
s8357,19760
s8357,33623
s8357,15878
s8357,6884
s8357,16535
s8358,31169
s8358,14058
s8358,4427
s8358,15556
s8358,11835
s8358,9735
s8358,21791
s8358,3921
s8358,28528
s8358,12679
s8359,27718
s8359,24085
s8359,12722
s8359,13028
s8359,10620
s8359,11040
s8359,26264
s8359,13108
s8359,19538
s8359,21258
s8360,26205
s8360,32366
s8360,28614
s8360,8403
s8360,21274
s8360,13686
s8361,7089
s8361,12876
s8361,29601
s8361,29902
s8361,12987
s8361,5619
s8361,4480
s8361,31554
s8361,4577
s8361,15824
s8362,12159
s8362,19960
s8362,19846
s8362,28082
s8362,28278
s8362,31871
s8362,7940
s8362,29328
s8362,34700
s8362,24586
s8363,22073
s8363,30087
s8363,15579
s8363,22540
s8363,33202
s8363,26063
s8363,33778
s8363,9182
s8363,26112
s8363,33597
s8364,9077
s8364,30079
s8364,30955
s8364,13909
s8364,10569
s8364,3227
s8364,24730
s8364,10523
s8365,16864
s8365,3227
s8365,24730
s8365,10569
s8365,9077
s8365,30955
s8365,292
s8365,17227
s8365,30317
s8365,14555
s8366,28182
s8366,14833
s8366,15980
s8366,20160
s8366,14755
s8366,10681
s8366,28342
s8366,33412
s8366,8879
s8366,31775
s8367,21658
s8367,28173
s8367,10779
s8367,32773
s8367,1395
s8367,7838
s8367,7590
s8367,10289
s8367,26812
s8367,4347
s8368,20045
s8368,9655
s8368,725
s8368,23075
s8368,23193
s8368,16147
s8368,14569
s8368,21455
s8368,32702
s8368,23107
s8368,19845
s8368,15682
s8369,23127
s8370,22677
s8370,15266
s8370,1254
s8370,12417
s8370,25360
s8370,13131
s8370,34567
s8370,24638
s8370,15837
s8370,2697
s8370,8059
s8370,16646
s8370,28052
s8370,2369
s8370,28603
s8370,22926
s8370,32303
s8370,26663
s8372,13967
s8373,21333
s8373,9726
s8373,17494
s8373,1830
s8373,20752
s8373,15339
s8373,12995
s8373,21148
s8373,20541
s8373,18058
s8373,24155
s8374,9803
s8374,15325
s8374,29421
s8374,7922
s8374,16234
s8375,26989
s8375,25214
s8375,28962
s8375,24025
s8375,13392
s8376,19359
s8376,5525
s8376,29653
s8376,1868
s8376,27650
s8376,1922
s8376,23648
s8376,6486
s8376,2511
s8376,14279
s8376,6815
s8377,19504
s8378,6885
s8378,11322
s8378,12620
s8378,12030
s8378,33404
s8378,8381
s8378,14828
s8378,2676
s8378,6689
s8378,10284
s8378,22824
s8379,14816
s8379,19437
s8379,19147
s8379,22708
s8379,17453
s8379,25709
s8379,27178
s8379,7576
s8379,10041
s8379,21679
s8380,12587
s8380,30348
s8380,29696
s8380,32544
s8380,18132
s8381,17641
s8381,29664
s8381,9107
s8381,30947
s8381,9137
s8381,20537
s8381,35174
s8381,6575
s8382,31958
s8382,17651
s8382,727
s8382,11548
s8382,36043
s8382,6575
s8382,34736
s8382,11029
s8382,17733
s8382,2675
s8382,25949
s8382,18599
s8382,18646
s8382,21379
s8382,25497
s8382,34116
s8382,33902
s8383,31399
s8384,19910
s8384,4980
s8384,17918
s8384,23396
s8384,18415
s8384,4286
s8385,25994
s8385,3222
s8385,13470
s8385,20171
s8385,5170
s8385,33755
s8385,15867
s8385,30578
s8385,16895
s8385,5470
s8386,14526
s8386,5930
s8386,544
s8386,14370
s8386,14636
s8386,8313
s8386,22664
s8386,31074
s8387,10991
s8387,11878
s8387,2805
s8387,26333
s8387,26288
s8387,27225
s8387,10992
s8387,17273
s8387,10297
s8387,26342
s8387,5257
s8387,11045
s8387,34548
s8387,27220
s8388,10194
s8390,4587
s8390,15294
s8390,8143
s8390,19552
s8390,9976
s8390,10904
s8390,34115
s8390,29310
s8392,3091
s8392,430
s8392,17608
s8392,4528
s8393,549
s8393,14305
s8393,17248
s8393,11690
s8393,29410
s8394,1461
s8394,7796
s8394,17401
s8394,3395
s8394,15676
s8394,23660
s8394,10892
s8394,14765
s8394,19185
s8394,24702
s8394,26179
s8394,337
s8394,26212
s8394,15945
s8395,35220
s8395,26858
s8395,20112
s8395,3053
s8395,30906
s8395,11540
s8395,30577
s8395,6397
s8395,15405
s8395,33594
s8396,14696
s8396,20627
s8396,27170
s8396,28236
s8396,21520
s8396,5041
s8396,28182
s8396,944
s8396,14092
s8396,4016
s8396,26185
s8396,26119
s8397,34178
s8397,21799
s8397,30215
s8397,34182
s8397,33233
s8397,12318
s8397,34868
s8397,22191
s8397,5968
s8398,6482
s8398,6798
s8398,6870
s8398,9104
s8398,15823
s8398,4606
s8398,25375
s8398,14735
s8398,15144
s8398,21735
s8398,11076
s8399,6884
s8399,15070
s8399,27184
s8399,25360
s8399,3231
s8399,2985
s8399,571
s8399,15676
s8399,20560
s8399,22963
s8399,4005
s8400,5966
s8400,4295
s8400,7850
s8400,10202
s8400,23535
s8400,8239
s8400,28653
s8400,2721
s8400,4691
s8400,9832
s8402,5079
s8402,9169
s8402,9156
s8402,14104
s8402,5879
s8402,4093
s8402,28090
s8402,15515
s8402,15527
s8402,12402
s8402,15847
s8402,15291
s8402,33759
s8403,13205
s8403,17715
s8403,32844
s8403,15246
s8403,7774
s8403,22070
s8403,11650
s8403,11155
s8403,23275
s8403,20939
s8405,9441
s8405,13160
s8405,19982
s8405,34612
s8405,30147
s8405,5600
s8405,15826
s8405,4096
s8405,4329
s8405,8795
s8405,25517
s8405,13020
s8406,9441
s8406,13160
s8406,19982
s8406,34612
s8406,30147
s8406,5600
s8406,15826
s8406,4096
s8406,6562
s8406,4329
s8406,8795
s8406,25517
s8407,23220
s8407,15065
s8407,16898
s8407,3969
s8407,28689
s8407,22415
s8407,34463
s8407,25467
s8407,32961
s8409,15022
s8409,10823
s8409,26758
s8409,29137
s8409,14363
s8409,12694
s8409,12267
s8409,21354
s8410,31801
s8410,20749
s8410,2738
s8410,18430
s8410,24599
s8410,2422
s8411,26423
s8411,35190
s8411,20088
s8412,7832
s8413,14260
s8413,11846
s8414,2776
s8414,2700
s8414,5638
s8414,31991
s8414,22092
s8414,33751
s8414,26332
s8414,35217
s8414,16384
s8414,34556
s8415,17641
s8415,19187
s8415,5538
s8415,13020
s8415,11660
s8415,15538
s8415,21265
s8415,16615
s8415,22076
s8415,3920
s8416,17641
s8416,19187
s8416,5538
s8416,13020
s8416,13905
s8416,11660
s8416,12374
s8416,23694
s8416,12416
s8416,18974
s8416,27493
s8416,25088
s8417,17641
s8417,19187
s8417,5538
s8417,13020
s8417,13905
s8417,21838
s8417,12374
s8417,23694
s8417,12416
s8417,18974
s8417,25088
s8418,26450
s8419,23334
s8419,8751
s8419,10217
s8419,31343
s8419,22699
s8419,13081
s8419,18127
s8419,32184
s8419,16096
s8419,5092
s8421,11336
s8421,10321
s8421,14696
s8421,18045
s8421,31823
s8421,28446
s8421,34920
s8421,31836
s8421,11648
s8421,24702
s8421,33342
s8421,27746
s8422,30596
s8422,8700
s8422,13718
s8422,15565
s8422,15943
s8422,31358
s8422,2511
s8422,7073
s8423,2683
s8423,7858
s8423,30152
s8423,2894
s8423,9286
s8423,20767
s8423,11068
s8423,7943
s8423,20342
s8425,28576
s8425,3430
s8425,24009
s8425,5657
s8425,16474
s8425,13962
s8425,24256
s8425,16758
s8425,13017
s8425,10788
s8425,21132
s8425,27476
s8425,2219
s8425,20609
s8426,21365
s8426,9162
s8426,36013
s8426,5964
s8426,34771
s8426,21234
s8426,8779
s8427,36255
s8427,9530
s8427,62
s8427,6495
s8427,21154
s8427,30127
s8427,6392
s8428,11881
s8428,21621
s8428,4953
s8428,15850
s8428,10740
s8428,12385
s8428,5519
s8428,19203
s8428,29023
s8430,4402
s8430,16418
s8430,24308
s8431,14484
s8431,1825
s8431,6308
s8431,27579
s8431,17910
s8431,23448
s8431,10766
s8431,11727
s8431,23884
s8431,31912
s8431,9961
s8431,7797
s8431,4270
s8431,8006
s8431,22118
s8431,26495
s8433,33486
s8433,20408
s8433,16144
s8433,2776
s8433,9875
s8433,24053
s8433,1081
s8433,10802
s8434,19575
s8434,26985
s8434,11346
s8434,25227
s8434,28410
s8434,28068
s8434,13885
s8435,19575
s8435,26985
s8435,11346
s8435,27995
s8435,25227
s8435,27677
s8435,32298
s8435,24150
s8436,28457
s8436,28399
s8436,11641
s8436,18180
s8436,35126
s8436,3753
s8436,28453
s8436,28058
s8436,15514
s8436,15726
s8438,8028
s8438,20072
s8438,10759
s8439,33383
s8439,12519
s8439,5227
s8439,4724
s8439,15070
s8439,3478
s8442,20627
s8442,17681
s8442,12613
s8442,23763
s8442,22161
s8442,10210
s8442,23393
s8442,13807
s8442,9574
s8442,28052
s8442,25467
s8442,33614
s8442,23454
s8442,30372
s8442,22438
s8443,31870
s8443,15768
s8443,14794
s8443,27308
s8443,3645
s8443,9153
s8443,4745
s8443,7879
s8443,7095
s8443,17381
s8443,23347
s8443,2304
s8443,26151
s8443,25549
s8443,26679
s8444,21584
s8444,9459
s8444,32922
s8445,704
s8445,30516
s8445,5355
s8445,1575
s8445,10196
s8445,8194
s8445,30362
s8445,15380
s8445,35880
s8445,6079
s8445,11658
s8446,35140
s8446,21652
s8446,10244
s8446,22864
s8446,31871
s8446,27671
s8446,29601
s8446,9066
s8446,19857
s8446,24289
s8447,31871
s8447,9781
s8447,32314
s8447,13134
s8447,14165
s8447,25425
s8447,31954
s8447,3978
s8447,19453
s8447,14869
s8448,29015
s8448,3011
s8448,19920
s8448,24736
s8448,28780
s8449,11336
s8449,24786
s8449,21179
s8449,1045
s8449,27897
s8449,11197
s8449,27492
s8449,15279
s8449,1227
s8449,12882
s8450,16605
s8450,8365
s8450,29465
s8450,15747
s8450,33776
s8450,14164
s8450,35182
s8450,28391
s8450,31713
s8450,15780
s8450,13031
s8452,20043
s8452,9808
s8452,10337
s8452,20718
s8452,26185
s8452,24931
s8452,15900
s8452,9089
s8452,17421
s8452,15421
s8452,22540
s8453,11416
s8453,9837
s8453,26044
s8453,23399
s8453,23366
s8453,6656
s8453,31171
s8453,34549
s8453,14830
s8454,33598
s8454,3969
s8454,31749
s8454,25402
s8454,9796
s8454,9638
s8454,10401
s8454,20918
s8454,22888
s8455,31894
s8455,18005
s8455,4170
s8455,14636
s8455,9742
s8455,12667
s8455,18646
s8455,28626
s8455,26615
s8455,12656
s8455,35177
s8456,20718
s8456,6470
s8456,33567
s8456,20327
s8456,27616
s8456,22457
s8456,25711
s8456,2294
s8456,15273
s8456,5403
s8456,23118
s8456,18022
s8456,14694
s8456,28348
s8456,11895
s8456,17252
s8456,14284
s8456,15053
s8456,2448
s8457,10266
s8457,3777
s8457,22536
s8457,854
s8457,26612
s8457,29207
s8457,18137
s8457,147
s8457,23551
s8457,3045
s8458,12998
s8458,21756
s8458,13324
s8458,8036
s8458,14959
s8458,29379
s8458,19471
s8458,4747
s8458,29015
s8458,2757
s8458,855
s8458,8012
s8458,26497
s8458,3231
s8458,17611
s8458,23471
s8458,4686
s8458,8013
s8459,29067
s8459,4601
s8459,10244
s8459,27661
s8459,3976
s8459,28813
s8459,20791
s8459,4950
s8459,12391
s8459,25318
s8460,1979
s8460,18585
s8460,12646
s8460,30981
s8460,14548
s8460,29636
s8460,26895
s8460,12357
s8461,27446
s8461,9852
s8461,9275
s8461,12478
s8461,35785
s8461,29517
s8461,27246
s8461,20773
s8461,20843
s8462,33564
s8462,19580
s8462,9174
s8462,25088
s8462,26532
s8462,4687
s8462,2259
s8462,22860
s8462,6309
s8462,16567
s8464,17151
s8464,31343
s8464,13925
s8464,35603
s8464,5101
s8464,35690
s8464,30444
s8464,16446
s8464,12046
s8464,7294
s8465,14474
s8465,4964
s8465,15697
s8465,27299
s8465,15100
s8465,15874
s8465,11464
s8465,6
s8466,16607
s8466,20452
s8466,3978
s8466,23399
s8466,14090
s8466,955
s8466,15668
s8466,36042
s8466,9476
s8467,2381
s8467,4977
s8467,17693
s8467,23009
s8467,14821
s8467,15273
s8467,26434
s8467,14785
s8467,25497
s8467,33021
s8467,15739
s8467,9663
s8467,16777
s8467,26093
s8467,28334
s8467,15762
s8467,10901
s8467,18360
s8467,28211
s8467,27509
s8467,4844
s8467,6996
s8467,15559
s8467,22792
s8467,4960
s8467,33026
s8467,6743
s8467,28602
s8467,23674
s8467,32993
s8467,18797
s8467,23118
s8467,7869
s8467,26525
s8467,15804
s8467,28299
s8467,15000
s8467,26624
s8467,9176
s8468,32102
s8468,27211
s8468,18820
s8468,35322
s8468,13931
s8468,32199
s8468,18318
s8468,18788
s8469,3108
s8470,35163
s8470,13920
s8470,33109
s8470,4775
s8470,14116
s8470,7365
s8470,18772
s8470,32608
s8471,11816
s8472,29372
s8473,7162
s8473,13261
s8473,20469
s8473,3012
s8473,33832
s8474,22073
s8474,7639
s8474,6693
s8474,15973
s8474,21857
s8474,8132
s8474,33009
s8474,34776
s8474,23126
s8474,2174
s8475,14977
s8477,7641
s8478,10973
s8479,25519
s8479,21513
s8479,14936
s8481,14158
s8481,17918
s8481,9533
s8481,1392
s8482,3836
s8482,25295
s8482,615
s8482,10626
s8482,3565
s8482,13355
s8482,23560
s8483,2597
s8483,10953
s8483,6835
s8483,7197
s8483,29554
s8483,11937
s8483,14650
s8483,1479
s8483,14803
s8483,11916
s8483,26712
s8483,35505
s8483,32418
s8483,1904
s8483,4972
s8483,4119
s8483,22043
s8483,6962
s8483,18914
s8483,31175
s8483,34719
s8483,16925
s8483,11941
s8483,1537
s8483,16701
s8483,10879
s8483,11515
s8483,843
s8483,873
s8484,8953
s8484,15082
s8484,21775
s8484,14508
s8484,9394
s8484,6697
s8485,17790
s8485,17354
s8485,8975
s8485,23731
s8485,8301
s8485,23424
s8485,31518
s8485,27594
s8485,23113
s8486,12256
s8486,3827
s8486,27523
s8486,18384
s8486,35528
s8486,1802
s8486,36244
s8487,24189
s8487,21759
s8487,7881
s8487,4752
s8487,14275
s8487,19850
s8487,1703
s8487,27133
s8487,7815
s8487,30583
s8488,29411
s8488,22288
s8488,8944
s8488,15074
s8488,12872
s8488,24272
s8488,25412
s8488,22133
s8488,11742
s8488,13764
s8488,10909
s8489,15565
s8489,33663
s8489,26139
s8489,3819
s8489,27409
s8489,8021
s8490,22677
s8490,17952
s8490,8033
s8490,16242
s8490,15676
s8490,4024
s8490,9502
s8490,35214
s8490,8557
s8491,2501
s8491,35912
s8491,19539
s8491,26302
s8492,23115
s8492,17705
s8492,28762
s8492,5926
s8493,19427
s8493,23362
s8493,5199
s8493,1578
s8493,7628
s8493,10777
s8493,33636
s8493,4358
s8493,24931
s8493,22088
s8493,17350
s8494,12030
s8494,28447
s8494,30078
s8494,7894
s8494,2696
s8494,11524
s8494,32322
s8494,24218
s8495,15878
s8495,63
s8495,22941
s8495,1693
s8495,28082
s8495,11589
s8495,1681
s8495,21708
s8495,4314
s8496,24753
s8496,29880
s8496,6940
s8496,35067
s8496,4998
s8496,26464
s8496,7407
s8497,20712
s8497,10234
s8497,14743
s8497,9945
s8497,23176
s8497,8945
s8497,22937
s8497,16045
s8497,1199
s8497,24168
s8498,6360
s8498,8167
s8498,15106
s8498,30620
s8498,23401
s8498,33855
s8498,9357
s8498,32701
s8498,20533
s8498,18849
s8499,28395
s8499,9288
s8499,21688
s8499,2295
s8499,11178
s8499,26196
s8499,14215
s8499,30369
s8500,22166
s8500,24189
s8500,17813
s8500,17507
s8500,16116
s8502,26063
s8502,17992
s8502,33288
s8502,14882
s8502,9990
s8502,12394
s8502,7402
s8502,24688
s8502,18936
s8502,9579
s8502,4502
s8502,12299
s8505,846
s8505,2653
s8505,26795
s8505,19911
s8505,2833
s8506,16271
s8506,11472
s8506,10421
s8506,29903
s8506,5148
s8506,6321
s8506,20280
s8506,14092
s8507,31563
s8507,10772
s8507,34815
s8507,27213
s8507,34772
s8507,33417
s8507,19807
s8507,9602
s8507,19548
s8507,22259
s8507,10827
s8507,26392
s8507,970
s8508,4718
s8508,25361
s8508,19187
s8508,3883
s8508,19796
s8508,28433
s8509,12017
s8509,5574
s8509,10602
s8509,13028
s8509,5434
s8509,29759
s8509,21904
s8509,5597
s8509,20357
s8509,962
s8509,25641
s8510,12711
s8510,26565
s8510,27948
s8510,27510
s8510,11442
s8510,17948
s8510,3172
s8511,18420
s8511,13628
s8511,21553
s8511,24933
s8511,24906
s8511,1998
s8511,30373
s8511,31701
s8511,1061
s8511,32804
s8512,15045
s8512,2131
s8512,16898
s8512,3062
s8512,22299
s8512,16303
s8512,4676
s8512,27579
s8512,15736
s8512,8018
s8513,11186
s8513,3174
s8513,5339
s8513,4883
s8513,3649
s8513,14312
s8513,33955
s8514,23284
s8514,30507
s8514,4853
s8514,14841
s8514,21845
s8514,18830
s8514,8101
s8514,4480
s8514,2034
s8514,21952
s8515,14262
s8515,20879
s8515,36269
s8515,1043
s8515,14268
s8515,30453
s8515,26762
s8515,21388
s8516,13811
s8516,1704
s8516,11350
s8516,4354
s8516,20769
s8516,20662
s8516,35161
s8516,1444
s8516,17441
s8516,22717
s8516,20269
s8518,4337
s8518,22742
s8518,10337
s8518,34084
s8518,17678
s8518,25391
s8518,24564
s8518,33221
s8518,23635
s8518,11097
s8519,23763
s8520,23763
s8521,1423
s8521,4430
s8521,33947
s8521,19851
s8521,9976
s8521,35295
s8523,26007
s8523,34301
s8523,20193
s8523,22124
s8523,32904
s8523,26084
s8523,35911
s8523,2065
s8523,33911
s8523,22569
s8524,5299
s8524,7672
s8524,14679
s8524,15849
s8524,12453
s8524,28379
s8524,7180
s8524,16044
s8524,6887
s8526,8365
s8526,15856
s8526,20383
s8526,34542
s8526,28476
s8526,15858
s8526,22941
s8526,27453
s8526,14099
s8526,15664
s8526,1138
s8526,11252
s8527,22073
s8527,12040
s8527,16535
s8527,5600
s8527,26627
s8527,13757
s8527,14151
s8527,30402
s8527,26607
s8527,5689
s8528,11976
s8528,15301
s8528,21468
s8528,9297
s8528,26073
s8528,33014
s8528,35234
s8528,15713
s8528,15751
s8528,1507
s8529,18081
s8529,18087
s8529,28919
s8530,7662
s8530,15950
s8530,28325
s8530,17228
s8530,13435
s8530,29452
s8530,18029
s8530,25888
s8530,22896
s8531,13131
s8532,12030
s8532,29505
s8532,14948
s8532,21560
s8532,31116
s8532,26677
s8532,918
s8532,25464
s8532,35457
s8532,25521
s8533,27170
s8533,9941
s8533,3044
s8533,28710
s8533,31845
s8533,23089
s8533,14291
s8533,12132
s8533,32870
s8533,4938
s8533,1121
s8534,24570
s8535,14833
s8535,20860
s8535,6857
s8535,16876
s8535,25038
s8535,9461
s8535,11739
s8535,15596
s8535,23306
s8535,1160
s8535,31959
s8535,33196
s8535,1428
s8536,18840
s8536,9462
s8536,8404
s8536,28135
s8536,4314
s8536,22946
s8536,33837
s8536,34129
s8537,31871
s8537,28330
s8537,21716
s8537,6701
s8537,21311
s8538,24753
s8538,9441
s8538,31297
s8538,15003
s8538,9958
s8538,1265
s8538,10180
s8538,17845
s8538,31956
s8538,5334
s8539,14524
s8540,16047
s8540,12665
s8540,14091
s8540,2686
s8540,12026
s8540,29831
s8540,24272
s8540,22278
s8540,24678
s8540,28559
s8540,21343
s8540,31203
s8541,13811
s8541,14850
s8541,14448
s8541,8156
s8541,28298
s8541,26538
s8541,22703
s8541,28689
s8541,7499
s8542,28563
s8543,17445
s8543,11416
s8543,9995
s8543,15800
s8543,4669
s8543,24709
s8543,17968
s8543,6083
s8543,4539
s8543,36002
s8543,24334
s8543,25031
s8544,31427
s8544,26784
s8544,6168
s8544,3015
s8544,26355
s8544,6621
s8544,11126
s8545,33098
s8545,9670
s8545,32750
s8545,31259
s8545,32241
s8546,10027
s8547,545
s8547,25396
s8547,16922
s8547,20211
s8547,6409
s8547,25399
s8547,10383
s8547,33200
s8548,8842
s8548,10092
s8549,25389
s8549,22928
s8549,8953
s8549,8744
s8549,26432
s8549,17473
s8549,15815
s8549,22921
s8549,1176
s8549,5556
s8551,23681
s8551,3327
s8551,1800
s8551,29399
s8552,17693
s8553,29000
s8553,25315
s8553,36014
s8553,5705
s8553,13955
s8553,29055
s8553,14093
s8553,3984
s8553,31862
s8553,29358
s8554,9758
s8554,1118
s8554,3953
s8554,7974
s8554,4752
s8554,27015
s8554,21712
s8554,15586
s8554,10093
s8554,7075
s8555,344
s8555,17495
s8555,12690
s8555,10406
s8555,15010
s8555,19222
s8555,4423
s8555,26453
s8555,16035
s8555,862
s8556,18596
s8556,6779
s8556,4544
s8556,11635
s8556,15176
s8556,20003
s8556,4097
s8556,35068
s8556,20880
s8556,28737
s8557,9905
s8557,7585
s8557,3733
s8557,405
s8557,31430
s8557,13459
s8557,31411
s8557,22805
s8557,20534
s8557,25933
s8558,21785
s8558,28342
s8558,1525
s8558,15844
s8558,4608
s8558,14301
s8558,28130
s8558,9033
s8558,24610
s8558,22574
s8558,16332
s8558,31975
s8558,18326
s8558,18601
s8558,33393
s8559,2860
s8559,27420
s8559,17376
s8559,12459
s8559,9576
s8559,20257
s8559,3844
s8559,29891
s8559,16639
s8559,34905
s8560,12879
s8560,1409
s8560,4879
s8560,25673
s8560,32793
s8560,523
s8560,11838
s8560,34331
s8560,14369
s8560,35184
s8561,18981
s8561,31511
s8561,14178
s8561,4220
s8561,11333
s8561,6632
s8561,34141
s8561,35391
s8563,10295
s8563,13227
s8563,25525
s8563,9346
s8563,3498
s8563,13618
s8563,35433
s8563,30651
s8563,12728
s8563,12135
s8564,21477
s8564,22199
s8564,35005
s8564,13596
s8564,10730
s8564,20982
s8564,16706
s8564,23968
s8564,25407
s8564,20561
s8565,26688
s8565,31582
s8565,28383
s8565,8315
s8565,28363
s8565,16538
s8565,8424
s8565,15690
s8565,21347
s8566,21340
s8567,7695
s8567,30201
s8567,19916
s8567,22060
s8567,3474
s8567,4880
s8567,20034
s8568,1694
s8568,14178
s8568,35046
s8568,31511
s8568,24835
s8568,17584
s8568,34006
s8568,19794
s8569,1159
s8569,6389
s8569,12769
s8569,8793
s8569,25619
s8569,30558
s8569,25898
s8569,22951
s8569,6654
s8570,6115
s8570,35307
s8570,14473
s8570,20490
s8570,12868
s8570,10572
s8570,29622
s8570,18765
s8570,10573
s8571,21996
s8572,26898
s8572,21375
s8572,3308
s8572,33427
s8572,2438
s8572,18616
s8572,32053
s8572,24157
s8573,33139
s8573,29593
s8575,33100
s8575,25738
s8575,32368
s8575,32948
s8575,10420
s8575,25690
s8575,33180
s8575,24196
s8575,34186
s8575,31300
s8575,24208
s8575,31261
s8575,6640
s8575,33118
s8575,31256
s8575,15379
s8575,11973
s8575,26293
s8575,24626
s8575,24403
s8575,17176
s8575,6781
s8575,29936
s8575,32945
s8575,24213
s8575,3379
s8575,25230
s8576,15357
s8576,29177
s8576,16826
s8576,13729
s8576,32197
s8576,31340
s8577,32624
s8577,36214
s8577,32182
s8577,23356
s8577,33818
s8577,19786
s8579,33095
s8579,5815
s8579,212
s8579,26825
s8579,31241
s8580,5034
s8580,31614
s8580,26674
s8580,24170
s8580,34382
s8580,6642
s8580,14367
s8580,18494
s8580,27541
s8580,21084
s8581,6336
s8581,33567
s8581,5600
s8581,13218
s8581,14713
s8581,33056
s8581,17292
s8581,21635
s8581,2700
s8581,4012
s8581,32567
s8581,27161
s8581,6708
s8581,32532
s8581,27671
s8581,36043
s8581,20446
s8581,29450
s8582,22187
s8582,28161
s8582,32796
s8582,1474
s8582,26108
s8582,4710
s8582,6295
s8582,28706
s8582,5651
s8582,22807
s8583,7974
s8583,9186
s8583,718
s8583,25228
s8583,20130
s8583,29674
s8583,33538
s8583,15492
s8584,7974
s8584,9186
s8584,718
s8584,25224
s8584,20130
s8584,24298
s8584,29806
s8584,753
s8584,29878
s8584,16320
s8584,4789
s8585,20178
s8585,36203
s8585,34925
s8585,18966
s8585,20031
s8585,9172
s8585,33385
s8585,22985
s8585,27696
s8586,23575
s8586,18976
s8586,23629
s8586,27522
s8586,20703
s8586,23317
s8586,649
s8586,663
s8587,9482
s8587,25648
s8587,7550
s8587,19453
s8587,3959
s8587,11812
s8587,14625
s8587,4734
s8588,14167
s8588,20021
s8589,19655
s8589,36174
s8589,34995
s8589,6055
s8589,32728
s8589,35051
s8589,35477
s8589,6037
s8589,17131
s8589,8855
s8590,34925
s8590,16820
s8590,19011
s8590,5755
s8591,34502
s8591,6201
s8591,32041
s8591,34219
s8591,8731
s8591,18683
s8591,22390
s8591,17086
s8592,26996
s8592,31085
s8592,34198
s8592,29295
s8592,34351
s8593,20080
s8593,6039
s8593,12109
s8593,12843
s8593,15214
s8593,31913
s8594,29762
s8594,14252
s8594,25529
s8595,11556
s8595,20718
s8595,28808
s8595,20327
s8595,25711
s8595,27616
s8595,22457
s8595,17252
s8595,2448
s8595,14702
s8595,25370
s8595,33218
s8595,6213
s8595,7418
s8595,11895
s8595,26512
s8596,6793
s8596,6429
s8596,6922
s8596,35254
s8596,27514
s8596,35072
s8596,19468
s8596,5768
s8597,1587
s8597,7812
s8597,30412
s8597,10009
s8597,14444
s8599,26036
s8599,35100
s8599,15777
s8599,31975
s8599,4453
s8599,3044
s8599,14459
s8599,6367
s8599,22556
s8599,4133
s8599,1390
s8599,21192
s8599,22988
s8599,28911
s8599,16695
s8600,22062
s8600,28377
s8600,8897
s8600,30723
s8600,33340
s8600,12421
s8600,33896
s8601,25239
s8601,34338
s8601,6018
s8601,32216
s8601,29474
s8601,27756
s8601,14707
s8601,26108
s8601,27963
s8603,28091
s8603,7408
s8603,2588
s8603,33782
s8603,28269
s8603,12672
s8604,26688
s8604,16045
s8604,23104
s8604,33013
s8604,15514
s8604,16538
s8604,28183
s8604,12064
s8604,8424
s8604,34715
s8607,32062
s8607,5784
s8607,17041
s8607,1984
s8607,25760
s8607,20975
s8607,26310
s8608,12578
s8608,13891
s8608,9516
s8608,32681
s8608,24900
s8608,27565
s8608,15575
s8608,26182
s8608,6964
s8608,16740
s8609,16869
s8609,1134
s8609,31957
s8609,27730
s8609,2485
s8609,24669
s8609,33562
s8609,14217
s8611,20290
s8611,341
s8611,21427
s8611,27242
s8611,32899
s8611,29448
s8611,1759
s8611,15889
s8611,16316
s8611,6447
s8612,18746
s8612,24506
s8612,18544
s8612,34219
s8612,27536
s8612,32057
s8612,24226
s8612,21071
s8613,17941
s8613,30030
s8613,32264
s8613,5769
s8613,35509
s8613,26669
s8613,35011
s8613,29774
s8614,11716
s8614,35833
s8614,8864
s8614,31536
s8614,35311
s8614,31396
s8614,10212
s8615,10321
s8615,10322
s8615,16083
s8615,18020
s8615,28383
s8615,17745
s8615,26515
s8615,14070
s8615,9340
s8615,32330
s8615,26273
s8615,30904
s8616,8817
s8616,12030
s8616,30065
s8616,24469
s8616,1599
s8616,2944
s8616,27125
s8616,14704
s8616,20093
s8616,31199
s8616,16061
s8616,23824
s8616,33527
s8616,30070
s8617,15878
s8617,27736
s8617,23763
s8617,26086
s8617,6666
s8617,17397
s8617,6870
s8617,6819
s8618,34903
s8618,21785
s8618,28767
s8618,30316
s8618,16362
s8618,24569
s8618,9251
s8618,11046
s8618,28179
s8619,471
s8619,2313
s8619,2569
s8619,10681
s8619,22148
s8619,27669
s8619,29373
s8619,10334
s8622,17952
s8622,10905
s8622,10655
s8622,22831
s8622,27725
s8622,28422
s8622,5961
s8622,33774
s8622,2983
s8622,28103
s8622,34561
s8622,4234
s8623,10905
s8623,6326
s8623,12617
s8623,22831
s8623,21207
s8623,21233
s8623,16387
s8623,33229
s8624,22831
s8624,30698
s8624,32304
s8624,5961
s8624,2983
s8624,33774
s8624,3798
s8624,15814
s8624,14446
s8625,22831
s8625,29786
s8625,4339
s8625,4715
s8625,3417
s8625,13701
s8625,23355
s8625,20516
s8625,29444
s8625,24538
s8626,22831
s8626,14220
s8626,10075
s8626,19223
s8626,36075
s8626,24267
s8626,9811
s8626,4627
s8626,7494
s8627,22831
s8627,14220
s8627,32774
s8627,14240
s8627,31783
s8627,11847
s8627,14804
s8627,14551
s8627,6462
s8628,22820
s8628,4686
s8628,20531
s8628,11390
s8628,28782
s8628,18174
s8628,30164
s8628,18391
s8628,16981
s8628,11417
s8629,19403
s8629,24494
s8629,2417
s8629,31500
s8629,7305
s8629,16956
s8629,18744
s8629,17710
s8629,24216
s8629,18727
s8630,2389
s8630,30490
s8630,13823
s8630,30008
s8630,11231
s8630,33432
s8630,29259
s8630,2400
s8630,23608
s8630,12782
s8630,27000
s8630,2437
s8630,1975
s8630,26893
s8630,32025
s8631,21045
s8631,32386
s8631,26796
s8631,27192
s8631,28644
s8631,34652
s8631,26848
s8632,4765
s8634,18549
s8634,25321
s8634,22297
s8634,10312
s8634,25512
s8635,9106
s8635,19024
s8635,12100
s8635,7907
s8635,17729
s8635,7552
s8635,9913
s8635,9318
s8636,15864
s8636,11637
s8636,18197
s8636,14968
s8636,28399
s8636,8340
s8636,1311
s8636,31979
s8636,14701
s8637,6926
s8637,10007
s8637,34845
s8637,2027
s8637,14030
s8637,31715
s8637,24564
s8637,8979
s8637,24060
s8637,14832
s8637,19929
s8638,5003
s8638,8565
s8638,9550
s8638,15739
s8638,12613
s8638,20160
s8638,915
s8638,22970
s8638,408
s8638,8129
s8639,34109
s8639,915
s8639,17548
s8639,15055
s8639,26616
s8639,4634
s8639,6461
s8639,6003
s8639,33918
s8639,1094
s8640,15388
s8640,26928
s8640,30611
s8640,27201
s8640,34425
s8640,35553
s8640,31327
s8640,34875
s8641,5072
s8642,3993
s8642,4283
s8642,20383
s8642,31335
s8642,26119
s8642,29093
s8642,22351
s8642,17795
s8642,29601
s8642,22928
s8642,23095
s8642,28082
s8642,18778
s8642,20382
s8643,22920
s8643,16880
s8643,12172
s8643,11288
s8643,15878
s8643,12365
s8643,27417
s8643,14859
s8644,31989
s8645,18840
s8645,22915
s8645,23959
s8645,7401
s8645,28026
s8645,19023
s8645,30792
s8645,35018
s8645,26357
s8645,14131
s8645,10308
s8645,13790
s8645,15419
s8645,18377
s8645,22839
s8645,26773
s8645,12410
s8645,9949
s8645,35081
s8645,27674
s8645,30807
s8645,28997
s8645,8832
s8645,6355
s8645,11180
s8645,11779
s8646,17284
s8646,17535
s8646,35998
s8646,2353
s8646,33084
s8646,21869
s8647,19820
s8648,34625
s8648,24116
s8648,34249
s8648,23861
s8648,26904
s8648,14592
s8648,428
s8648,23890
s8649,5649
s8649,17522
s8649,7919
s8649,16282
s8649,7801
s8649,7599
s8649,17645
s8649,24470
s8650,7421
s8650,32859
s8650,11747
s8650,15823
s8652,23235
s8652,33933
s8653,27279
s8653,28746
s8653,32958
s8653,34730
s8653,32289
s8653,31087
s8653,11593
s8653,230
s8653,20672
s8653,2660
s8653,23890
s8653,29655
s8654,23743
s8654,27049
s8654,24331
s8654,24492
s8654,10158
s8654,30679
s8654,19018
s8654,5987
s8655,28767
s8655,3976
s8655,28321
s8655,28932
s8655,24311
s8655,32783
s8655,33470
s8656,19606
s8656,35255
s8656,34106
s8656,11464
s8656,9110
s8656,4731
s8656,27104
s8656,25673
s8656,28332
s8656,8811
s8658,6299
s8658,29423
s8658,12593
s8658,9572
s8658,13403
s8658,33386
s8658,16890
s8658,31884
s8658,31128
s8658,21632
s8659,30075
s8659,18700
s8659,14956
s8659,15554
s8659,20550
s8659,8943
s8659,18013
s8659,2133
s8659,28885
s8659,1462
s8659,26090
s8660,14059
s8660,15130
s8660,20168
s8660,9079
s8660,26197
s8660,17866
s8660,19221
s8660,26091
s8660,11884
s8662,32999
s8662,11272
s8662,6538
s8662,34373
s8662,2609
s8662,9492
s8662,27432
s8662,4316
s8662,25516
s8663,27279
s8663,33321
s8663,12345
s8663,14605
s8663,33442
s8663,34823
s8663,14585
s8663,22510
s8664,18384
s8664,655
s8664,8675
s8664,1802
s8664,653
s8664,20703
s8664,35537
s8664,24031
s8664,22623
s8664,32694
s8664,23800
s8665,11336
s8665,34453
s8665,2531
s8665,14414
s8665,1853
s8665,22540
s8665,13706
s8665,29418
s8665,7658
s8665,36030
s8665,6347
s8666,31681
s8666,30974
s8666,31054
s8666,255
s8666,20676
s8666,26874
s8666,4198
s8666,1983
s8667,23575
s8667,3583
s8667,12473
s8668,24753
s8668,33609
s8668,33214
s8668,22088
s8668,14154
s8668,4802
s8668,15902
s8668,346
s8668,6864
s8668,5181
s8669,24284
s8669,13020
s8669,31834
s8669,31812
s8669,15756
s8669,33364
s8669,28985
s8669,28603
s8669,3977
s8669,31245
s8669,24323
s8670,22966
s8670,11138
s8670,23228
s8670,28119
s8670,4583
s8670,22747
s8670,17914
s8670,29833
s8670,16622
s8670,7856
s8670,10465
s8670,36122
s8670,88
s8671,8349
s8671,22146
s8671,10755
s8671,4957
s8671,9209
s8671,30065
s8671,3549
s8671,36260
s8671,31124
s8671,35203
s8672,29642
s8672,29229
s8672,19928
s8672,34247
s8672,24990
s8672,18618
s8673,27025
s8673,35988
s8673,15336
s8673,32257
s8673,18678
s8673,29979
s8675,12994
s8675,11521
s8675,21047
s8675,13025
s8675,22824
s8675,7919
s8675,31171
s8675,8367
s8675,24497
s8675,32758
s8675,25425
s8675,19774
s8676,25985
s8676,19940
s8676,16303
s8676,16393
s8676,12174
s8676,22053
s8676,13690
s8676,20033
s8677,2510
s8677,33387
s8677,35149
s8677,2181
s8677,26117
s8677,32999
s8677,13139
s8677,34568
s8677,32892
s8677,21813
s8678,9973
s8679,9675
s8679,36293
s8679,9838
s8679,36263
s8679,3883
s8679,14468
s8679,30118
s8679,14714
s8679,15603
s8680,34597
s8680,28768
s8680,2822
s8680,4756
s8681,28828
s8681,3195
s8681,26941
s8681,36100
s8681,27904
s8681,19509
s8681,29746
s8681,32207
s8682,8640
s8682,3260
s8682,35553
s8682,24980
s8682,23836
s8682,34640
s8682,34262
s8682,27639
s8682,31027
s8682,5977
s8683,36014
s8683,32840
s8683,1565
s8683,5725
s8683,36404
s8683,8265
s8683,34029
s8683,33519
s8684,17585
s8684,27297
s8684,21021
s8684,30623
s8684,28279
s8684,12725
s8684,34296
s8684,32428
s8685,16100
s8685,14922
s8685,29697
s8685,31348
s8685,14923
s8685,31347
s8685,32545
s8686,6948
s8686,10748
s8686,24652
s8686,29034
s8686,9753
s8686,30965
s8686,25677
s8686,9584
s8686,15910
s8686,35789
s8686,16843
s8686,9578
s8687,30465
s8687,30549
s8687,3552
s8687,22441
s8687,1332
s8687,12211
s8687,17093
s8688,24847
s8688,27331
s8688,20331
s8688,25425
s8688,11967
s8688,33355
s8688,28721
s8688,17203
s8689,24216
s8689,17060
s8689,27333
s8689,27342
s8689,27598
s8689,32089
s8689,3028
s8690,29093
s8690,2513
s8690,16880
s8690,7944
s8690,20383
s8690,6106
s8690,15729
s8690,17026
s8690,28328
s8690,925
s8690,34367
s8690,7420
s8691,13939
s8691,6395
s8691,33289
s8691,22841
s8691,19411
s8691,32164
s8692,5003
s8692,14833
s8692,14472
s8692,4161
s8692,13137
s8692,26776
s8692,13492
s8692,34569
s8692,9570
s8692,33891
s8693,4012
s8693,33170
s8694,22065
s8694,16315
s8694,4308
s8694,1160
s8694,19765
s8695,15161
s8695,14488
s8695,15783
s8695,8458
s8695,20383
s8695,30011
s8695,32196
s8695,22022
s8695,24052
s8695,2081
s8695,21574
s8695,17123
s8695,29110
s8695,31751
s8696,30633
s8696,31387
s8696,14519
s8696,7305
s8696,23870
s8696,29723
s8696,34829
s8696,21075
s8697,9758
s8697,8038
s8697,26515
s8697,24832
s8697,33567
s8697,14949
s8697,4012
s8697,33478
s8697,7946
s8697,9186
s8697,24752
s8697,27303
s8697,26009
s8697,19669
s8698,1226
s8698,22928
s8698,33147
s8698,33056
s8698,5170
s8698,26179
s8698,31785
s8698,8061
s8698,20937
s8699,24015
s8699,3832
s8699,29559
s8699,32811
s8699,622
s8699,9649
s8699,186
s8699,35799
s8700,16359
s8700,12939
s8704,36020
s8704,35089
s8704,9745
s8704,16087
s8704,30827
s8704,1173
s8704,15937
s8704,1417
s8704,35124
s8704,15931
s8705,5864
s8705,8979
s8705,9466
s8705,5581
s8705,4815
s8705,34303
s8705,11169
s8705,15129
s8706,13017
s8706,23074
s8706,10082
s8706,3937
s8706,36370
s8706,13276
s8706,34484
s8706,20384
s8706,4557
s8706,16373
s8707,10270
s8707,16342
s8707,13547
s8707,27712
s8707,30747
s8707,11588
s8707,33036
s8707,23536
s8707,23119
s8707,33584
s8709,15697
s8709,26133
s8709,18023
s8709,1004
s8709,21493
s8709,25149
s8709,20305
s8709,16520
s8709,25629
s8709,19582
s8710,12181
s8710,36267
s8710,3746
s8710,10205
s8710,36312
s8710,12695
s8710,19461
s8710,15019
s8711,21882
s8711,13043
s8711,1212
s8711,18026
s8711,16876
s8711,9515
s8711,1521
s8711,2255
s8711,33822
s8711,28689
s8712,19967
s8712,18968
s8712,33816
s8712,26840
s8712,32176
s8712,32666
s8712,30535
s8712,34980
s8712,14259
s8713,6364
s8714,3091
s8714,13834
s8714,19160
s8714,7305
s8714,26295
s8714,3592
s8714,456
s8715,8155
s8715,5577
s8715,29366
s8715,19038
s8715,7120
s8715,22966
s8715,16088
s8715,33913
s8715,10271
s8716,12051
s8716,13882
s8716,21442
s8716,26096
s8716,26133
s8716,25712
s8716,6398
s8716,30601
s8716,8985
s8716,1833
s8716,3432
s8716,24885
s8717,4312
s8717,29193
s8717,1992
s8717,8773
s8717,33198
s8717,17316
s8717,6399
s8717,17653
s8717,11153
s8717,30475
s8717,28778
s8718,36311
s8718,3032
s8718,32535
s8718,16933
s8718,32534
s8718,4517
s8719,28717
s8719,20158
s8720,12971
s8720,32175
s8720,19352
s8720,36179
s8720,12124
s8720,34985
s8720,35048
s8720,20099
s8720,19416
s8721,30431
s8721,34224
s8721,4089
s8721,22563
s8721,36384
s8721,34146
s8721,33517
s8721,10098
s8721,5293
s8722,6395
s8722,13911
s8722,9040
s8722,18388
s8722,18367
s8722,11543
s8723,12394
s8723,23092
s8723,8547
s8723,15534
s8723,14154
s8723,23396
s8723,35074
s8723,27650
s8723,23130
s8723,1704
s8723,31316
s8725,20472
s8725,6899
s8725,23321
s8725,26518
s8725,8761
s8725,14719
s8725,28833
s8725,31114
s8725,6321
s8725,33468
s8726,8524
s8726,24655
s8726,18911
s8726,33447
s8726,31270
s8726,422
s8726,8328
s8727,10048
s8727,7503
s8727,20118
s8727,21751
s8727,6002
s8727,11787
s8727,13804
s8727,23470
s8727,20114
s8727,9997
s8727,7724
s8727,5946
s8727,31860
s8727,475
s8730,26169
s8730,19825
s8730,8404
s8730,32297
s8730,2607
s8730,4956
s8730,13474
s8730,23046
s8730,8920
s8730,28295
s8731,2111
s8731,17350
s8731,23197
s8731,33032
s8731,22685
s8731,20047
s8731,1513
s8731,16262
s8731,8468
s8731,27927
s8732,3999
s8732,24189
s8732,296
s8732,1663
s8732,5858
s8732,315
s8732,8984
s8732,4610
s8732,21342
s8732,22162
s8732,26553
s8732,8135
s8733,30686
s8733,25246
s8733,1808
s8733,30643
s8733,24638
s8733,5283
s8733,21270
s8733,507
s8733,32154
s8733,19930
s8734,20529
s8734,4358
s8734,4329
s8734,15569
s8734,9586
s8734,11104
s8734,7741
s8734,25587
s8734,7074
s8734,3955
s8735,22737
s8736,36235
s8736,12457
s8736,2595
s8736,19467
s8736,22952
s8736,12419
s8736,32333
s8736,21543
s8736,5628
s8737,33277
s8737,35046
s8737,26752
s8737,15888
s8737,1637
s8737,35405
s8738,11514
s8741,8953
s8742,1225
s8743,35163
s8743,18005
s8743,17849
s8743,29379
s8743,20568
s8743,32930
s8743,10928
s8743,23908
s8743,31365
s8743,3706
s8744,5311
s8744,9160
s8744,4273
s8744,13996
s8744,23644
s8744,7752
s8746,11284
s8746,13746
s8746,26522
s8746,28897
s8746,16670
s8746,19518
s8746,8314
s8746,8757
s8746,25792
s8746,34233
s8748,8838
s8749,16551
s8749,4999
s8749,5646
s8749,3853
s8749,26514
s8749,22674
s8749,21309
s8750,36438
s8750,3311
s8750,36432
s8750,3855
s8750,20809
s8750,12143
s8750,12145
s8750,4108
s8750,11114
s8750,22498
s8751,14846
s8751,15746
s8751,17955
s8751,7298
s8751,11152
s8751,30807
s8751,19179
s8751,32856
s8752,36026
s8752,17388
s8752,8838
s8752,15612
s8752,16277
s8752,15296
s8752,26690
s8752,21027
s8752,3228
s8752,22995
s8753,2177
s8753,18413
s8753,33609
s8753,7667
s8753,10860
s8753,28449
s8753,10497
s8753,31936
s8753,4945
s8753,7298
s8753,17873
s8753,6883
s8753,5568
s8753,10912
s8754,74
s8754,23657
s8754,8134
s8754,11855
s8754,484
s8754,17752
s8754,9129
s8754,12187
s8755,22955
s8755,5339
s8755,32896
s8755,6290
s8755,15710
s8755,36114
s8755,35033
s8755,6569
s8755,28092
s8758,24753
s8758,22928
s8758,20753
s8758,21333
s8758,31809
s8758,14563
s8758,22955
s8758,10860
s8758,15937
s8758,23762
s8758,24676
s8758,34753
s8758,35215
s8759,2424
s8759,374
s8759,7390
s8760,5911
s8761,4899
s8761,14741
s8761,16080
s8761,19222
s8761,9903
s8761,29951
s8761,15747
s8761,5907
s8761,20046
s8761,16781
s8761,9196
s8761,28519
s8761,28360
s8762,14521
s8762,7622
s8762,14351
s8762,24446
s8762,27063
s8762,30488
s8762,31389
s8762,24020
s8763,26933
s8763,18349
s8763,3301
s8763,17576
s8763,12735
s8763,27256
s8763,20901
s8763,1546
s8763,14605
s8763,31099
s8763,17854
s8765,17972
s8765,8349
s8765,11282
s8765,7827
s8765,19842
s8765,14708
s8765,15434
s8765,21601
s8765,22882
s8765,5625
s8765,4308
s8765,13531
s8765,33609
s8766,24268
s8766,16062
s8766,22540
s8766,19845
s8766,30747
s8766,5558
s8766,4671
s8766,2313
s8766,23765
s8766,6472
s8766,18827
s8766,23193
s8767,34669
s8767,3294
s8767,21809
s8767,29601
s8767,7667
s8767,22945
s8767,33553
s8767,28153
s8767,35200
s8767,35085
s8768,13205
s8768,29601
s8768,35175
s8768,30127
s8768,26539
s8768,35423
s8768,22945
s8768,32226
s8768,25088
s8768,15737
s8769,21420
s8769,11084
s8769,8610
s8769,7477
s8769,1914
s8769,24360
s8769,34487
s8769,21896
s8769,11599
s8769,3130
s8769,2215
s8769,8529
s8769,9704
s8770,2833
s8770,3386
s8770,38
s8770,23290
s8770,26405
s8770,31321
s8770,25890
s8770,27374
s8770,27031
s8770,27388
s8770,29930
s8770,30046
s8770,30260
s8770,34628
s8770,3287
s8770,34434
s8770,31088
s8771,13823
s8771,12946
s8771,17222
s8771,1804
s8771,18408
s8771,27593
s8771,32257
s8771,1975
s8772,12336
s8772,34039
s8772,16974
s8772,11969
s8772,16076
s8772,11994
s8772,11995
s8772,24493
s8772,32211
s8773,8493
s8773,32220
s8773,4497
s8773,24522
s8773,18654
s8773,2653
s8773,15886
s8773,32037
s8773,715
s8773,2833
s8774,2466
s8774,31326
s8774,23611
s8774,3365
s8774,3190
s8775,27208
s8775,617
s8775,30498
s8775,30735
s8775,23544
s8775,25534
s8775,18086
s8775,23574
s8775,30957
s8775,20829
s8776,34794
s8776,23676
s8776,797
s8776,599
s8776,28954
s8776,26911
s8776,27933
s8777,7289
s8777,30417
s8777,6489
s8777,36040
s8777,28091
s8777,7644
s8777,9591
s8777,29077
s8777,15299
s8777,36002
s8777,18566
s8778,32356
s8778,32240
s8778,3015
s8778,31608
s8778,13426
s8779,32240
s8779,32356
s8779,24975
s8779,2882
s8779,2867
s8780,32240
s8780,26749
s8780,5819
s8780,32188
s8781,15906
s8781,13713
s8781,1433
s8781,22576
s8781,26708
s8781,4714
s8782,15906
s8782,15607
s8782,1433
s8782,22576
s8782,26121
s8782,4714
s8783,12366
s8783,19775
s8783,15878
s8783,16880
s8783,3453
s8783,34117
s8783,31695
s8783,14466
s8783,278
s8783,12172
s8783,11288
s8784,9342
s8784,1587
s8784,29877
s8784,12083
s8785,9342
s8785,1587
s8785,29877
s8785,12083
s8786,29312
s8786,8471
s8786,17937
s8786,22391
s8786,17935
s8787,19770
s8787,14678
s8787,15589
s8787,36063
s8787,6810
s8787,31985
s8787,1335
s8787,1648
s8788,4673
s8788,2027
s8788,26413
s8788,26862
s8788,33924
s8788,24357
s8788,8188
s8788,22154
s8788,19059
s8788,28061
s8788,21676
s8789,18985
s8789,34863
s8789,24296
s8789,11736
s8789,12619
s8789,16841
s8789,24295
s8789,30208
s8789,1888
s8789,18689
s8790,15781
s8790,29851
s8790,27698
s8790,7681
s8790,28875
s8790,858
s8790,13473
s8790,4097
s8790,22009
s8790,16197
s8791,344
s8791,15858
s8791,9828
s8791,24714
s8791,18935
s8791,13217
s8791,28354
s8791,7804
s8791,22771
s8791,5954
s8792,5930
s8792,26063
s8792,26044
s8792,9517
s8792,15240
s8792,21840
s8792,6913
s8792,28024
s8792,17409
s8793,27078
s8793,5892
s8793,13811
s8793,12961
s8793,24123
s8794,8349
s8794,27899
s8794,30160
s8794,17537
s8794,8118
s8794,34114
s8794,12174
s8794,4667
s8794,4839
s8794,34080
s8795,24562
s8795,12321
s8795,32806
s8795,645
s8795,627
s8795,13047
s8795,1576
s8795,1799
s8795,23544
s8795,11111
s8795,3267
s8796,23214
s8796,9723
s8796,4327
s8796,1587
s8796,22795
s8797,12059
s8797,26317
s8797,3742
s8797,22504
s8797,30250
s8797,22495
s8797,3343
s8797,23983
s8797,29160
s8797,9928
s8797,30252
s8797,672
s8797,34207
s8797,23895
s8797,4382
s8797,3362
s8797,30058
s8797,9843
s8798,22862
s8798,15087
s8798,6504
s8798,6591
s8798,22300
s8798,27724
s8798,18835
s8799,419
s8799,23676
s8799,16956
s8799,29723
s8799,2392
s8799,27624
s8799,18727
s8799,9360
s8799,23866
s8799,34739
s8800,29764
s8800,31092
s8800,29235
s8800,6181
s8800,27365
s8800,27039
s8800,32957
s8800,24515
s8801,29634
s8801,10496
s8801,3553
s8801,22509
s8801,30736
s8801,29551
s8801,35024
s8801,14521
s8801,12789
s8802,1367
s8802,29354
s8802,35511
s8802,1326
s8802,21094
s8802,600
s8803,21635
s8803,13996
s8803,28396
s8803,2690
s8803,4752
s8803,9429
s8803,8836
s8803,15682
s8803,8404
s8803,6229
s8805,15045
s8805,35319
s8805,9801
s8805,220
s8805,1693
s8805,4299
s8805,8379
s8806,33326
s8806,7055
s8806,6100
s8806,17397
s8806,29085
s8806,22778
s8806,31642
s8806,28270
s8806,18058
s8807,34521
s8807,29906
s8807,27126
s8807,21045
s8807,22479
s8807,20970
s8807,2426
s8807,6205
